crosswalk_id,district,address,crosswalk_type,latitude,longitude,has_pedestrian_light,has_audio_signal,has_push_button,is_raised_crosswalk,has_traffic_safety_detail,accessibility_score,route_recommendation_tier,support_evidence,nearest_audio_signal_id,nearest_audio_signal_distance_m,nearest_push_button_id,nearest_push_button_distance_m,data_reference_date,coordinate_note
06-0000004501,동작구,동작구 신대방동 344-95도,일단(화살표없음),37.4952587,126.9273124,Y,Y,Y,Y,Y,8,preferred,"보행등, 음향신호기, 보행자작동신호기, 고원식횡단보도, 교통안전시설 상세",24-0000006183,10.5,29-0000000309,4.1,2026-03-20,source_columns_swapped_and_normalized
06-0000006558,동작구,동작구 흑석동 340-10 도,일단(화살표없음),37.50565558,126.9610051,Y,Y,Y,Y,Y,8,preferred,"보행등, 음향신호기, 보행자작동신호기, 고원식횡단보도, 교통안전시설 상세",,,29-0000001162,10.3,2026-03-20,source_columns_swapped_and_normalized
06-0000019001,동작구,동작구 대방동 466-55도,이단(화살표있음),37.51096375,126.9268394,Y,Y,Y,Y,Y,8,preferred,"보행등, 음향신호기, 보행자작동신호기, 고원식횡단보도, 교통안전시설 상세",,,29-0000000351,3.7,2026-03-20,source_columns_swapped_and_normalized
06-0000019002,동작구,동작구 대방동 466-55도,이단(화살표있음),37.51092738,126.9265078,Y,Y,Y,Y,Y,8,preferred,"보행등, 음향신호기, 보행자작동신호기, 고원식횡단보도, 교통안전시설 상세",,,29-0000000349,2.2,2026-03-20,source_columns_swapped_and_normalized
06-0000048046,동작구,동작구 흑석동 340-10 도,이단(화살표있음),37.50550666,126.9609593,Y,Y,Y,Y,Y,8,preferred,"보행등, 음향신호기, 보행자작동신호기, 고원식횡단보도, 교통안전시설 상세",,,29-0000001162,25.3,2026-03-20,source_columns_swapped_and_normalized
06-0000003010,동작구,동작구 사당동 712-14도,이단(화살표있음),37.48392922,126.9725143,Y,Y,Y,N,Y,7,preferred,"보행등, 음향신호기, 보행자작동신호기, 교통안전시설 상세",24-0000002173,5.6,29-0000000320,5.9,2026-03-20,source_columns_swapped_and_normalized
06-0000003951,동작구,동작구 사당동 산32-82 도,이단(화살표있음),37.48126427,126.9659855,Y,Y,Y,N,Y,7,preferred,"보행등, 음향신호기, 보행자작동신호기, 교통안전시설 상세",,,29-0000000347,6.4,2026-03-20,source_columns_swapped_and_normalized
06-0000004393,동작구,동작구 신대방동 700-2도,이단(화살표있음),37.48755531,126.9085169,Y,Y,Y,N,Y,7,preferred,"보행등, 음향신호기, 보행자작동신호기, 교통안전시설 상세",24-0000000085,9.3,29-0000000316,6.6,2026-03-20,source_columns_swapped_and_normalized
06-0000004394,동작구,동작구 신대방동 700-2도,이단(화살표있음),37.48709883,126.9099609,Y,Y,Y,N,Y,7,preferred,"보행등, 음향신호기, 보행자작동신호기, 교통안전시설 상세",24-0000002208,3.2,29-0000000312,4.0,2026-03-20,source_columns_swapped_and_normalized
06-0000004866,동작구,동작구 신대방동 700도,이단(화살표있음),37.48812851,126.9075348,Y,Y,Y,N,Y,7,preferred,"보행등, 음향신호기, 보행자작동신호기, 교통안전시설 상세",24-0000002443,11.0,29-0000000105,7.2,2026-03-20,source_columns_swapped_and_normalized
06-0000006006,동작구,동작구 상도동 201-38 도,이단(화살표있음),37.50074721,126.9416068,Y,Y,Y,N,Y,7,preferred,"보행등, 음향신호기, 보행자작동신호기, 교통안전시설 상세",,,29-0000000088,8.5,2026-03-20,source_columns_swapped_and_normalized
06-0000006152,동작구,동작구 상도동 26-20도,이단(화살표있음),37.50519133,126.9445181,Y,Y,Y,N,Y,7,preferred,"보행등, 음향신호기, 보행자작동신호기, 교통안전시설 상세",24-0000004151,5.4,29-0000000318,6.0,2026-03-20,source_columns_swapped_and_normalized
06-0000006275,동작구,동작구 상도1동 512-10 도,이단(화살표있음),37.49532674,126.9563965,Y,Y,Y,N,Y,7,preferred,"보행등, 음향신호기, 보행자작동신호기, 교통안전시설 상세",24-0000007239,2.4,29-0000000098,3.4,2026-03-20,source_columns_swapped_and_normalized
06-0000006277,동작구,동작구 상도1동 512-9 도,이단(화살표있음),37.49525418,126.9568921,Y,Y,Y,N,Y,7,preferred,"보행등, 음향신호기, 보행자작동신호기, 교통안전시설 상세",24-0000007241,2.2,29-0000000099,1.5,2026-03-20,source_columns_swapped_and_normalized
06-0000006581,동작구,동작구 상도동 159-19도,이단(화살표있음),37.50179022,126.9456459,Y,Y,Y,N,Y,7,preferred,"보행등, 음향신호기, 보행자작동신호기, 교통안전시설 상세",24-0000002399,27.2,29-0000000313,29.2,2026-03-20,source_columns_swapped_and_normalized
06-0000006585,동작구,동작구 상도동 210-6 도,이단(화살표있음),37.49826962,126.943655,Y,Y,Y,N,Y,7,preferred,"보행등, 음향신호기, 보행자작동신호기, 교통안전시설 상세",,,29-0000000094,7.2,2026-03-20,source_columns_swapped_and_normalized
06-0000006588,동작구,동작구 상도동 210-452구,이단(화살표있음),37.49983535,126.9428592,Y,Y,Y,N,Y,7,preferred,"보행등, 음향신호기, 보행자작동신호기, 교통안전시설 상세",24-0000008749,5.6,29-0000000092,4.6,2026-03-20,source_columns_swapped_and_normalized
06-0000006727,동작구,동작구 상도1동 528-1도,이단(화살표있음),37.50470939,126.9506394,Y,Y,Y,N,Y,7,preferred,"보행등, 음향신호기, 보행자작동신호기, 교통안전시설 상세",,,29-0000000339,6.1,2026-03-20,source_columns_swapped_and_normalized
06-0000006884,동작구,동작구 노량진동 232-17도,이단(화살표있음),37.51005306,126.9401916,Y,Y,Y,N,Y,7,preferred,"보행등, 음향신호기, 보행자작동신호기, 교통안전시설 상세",24-0000002398,8.3,29-0000000354,11.1,2026-03-20,source_columns_swapped_and_normalized
06-0000019178,동작구,동작구 노량진동 230-44도,이단(화살표있음),37.50789294,126.9400687,Y,Y,Y,N,Y,7,preferred,"보행등, 음향신호기, 보행자작동신호기, 교통안전시설 상세",24-0000008742,9.6,29-0000000345,8.4,2026-03-20,source_columns_swapped_and_normalized
06-0000019354,동작구,동작구 상도1동 512-5 도,이단(화살표있음),37.49499667,126.958627,Y,Y,Y,N,Y,7,preferred,"보행등, 음향신호기, 보행자작동신호기, 교통안전시설 상세",24-0000007341,1.8,29-0000000101,3.8,2026-03-20,source_columns_swapped_and_normalized
06-0000019356,동작구,동작구 상도1동 512-5 도,이단(화살표있음),37.4949086,126.9592123,Y,Y,Y,N,Y,7,preferred,"보행등, 음향신호기, 보행자작동신호기, 교통안전시설 상세",24-0000007343,2.7,29-0000000103,3.6,2026-03-20,source_columns_swapped_and_normalized
06-0000023035,동작구,동작구 상도동 201-167구,이단(화살표있음),37.50054937,126.9418542,Y,Y,Y,N,Y,7,preferred,"보행등, 음향신호기, 보행자작동신호기, 교통안전시설 상세",,,29-0000000091,4.6,2026-03-20,source_columns_swapped_and_normalized
06-0000024729,동작구,동작구 상도동 439 도,이단(화살표있음),37.50128539,126.9536162,Y,Y,Y,N,Y,7,preferred,"보행등, 음향신호기, 보행자작동신호기, 교통안전시설 상세",24-0000011075,9.4,29-0000001403,9.0,2026-03-20,source_columns_swapped_and_normalized
06-0000031741,동작구,동작구 상도동 29-133도,일단(화살표없음),37.50508399,126.944412,Y,Y,Y,N,Y,7,preferred,"보행등, 음향신호기, 보행자작동신호기, 교통안전시설 상세",24-0000004151,11.7,29-0000000318,13.4,2026-03-20,source_columns_swapped_and_normalized
06-0000031765,동작구,동작구 상도동 373-111 도,이단(화살표있음),37.50400043,126.9393323,Y,Y,Y,N,Y,7,preferred,"보행등, 음향신호기, 보행자작동신호기, 교통안전시설 상세",24-0000011922,7.0,29-0000001179,6.9,2026-03-20,source_columns_swapped_and_normalized
06-0000032157,동작구,동작구 신대방동 산112-5도,이단(화살표있음),37.49503545,126.9274009,Y,Y,Y,N,Y,7,preferred,"보행등, 음향신호기, 보행자작동신호기, 교통안전시설 상세",24-0000006182,11.3,29-0000000310,14.6,2026-03-20,source_columns_swapped_and_normalized
06-0000037867,동작구,동작구 사당동 169-20도,일단(화살표없음),37.48340221,126.9744862,Y,Y,Y,N,Y,7,preferred,"보행등, 음향신호기, 보행자작동신호기, 교통안전시설 상세",24-0000011063,10.6,29-0000001389,10.3,2026-03-20,source_columns_swapped_and_normalized
06-0000037869,동작구,동작구 사당동 708-529도,이단(화살표있음),37.48323725,126.9747399,Y,Y,Y,N,Y,7,preferred,"보행등, 음향신호기, 보행자작동신호기, 교통안전시설 상세",24-0000009476,6.1,29-0000001389,29.3,2026-03-20,source_columns_swapped_and_normalized
06-0000050752,동작구,동작구 상도동 157-50도,이단(화살표있음),37.50171889,126.9458929,Y,Y,Y,N,Y,7,preferred,"보행등, 음향신호기, 보행자작동신호기, 교통안전시설 상세",24-0000003448,29.8,29-0000000314,29.0,2026-03-20,source_columns_swapped_and_normalized
06-0000004338,동작구,동작구 신대방동 395-61도,이단(화살표있음),37.49283138,126.9239549,Y,Y,N,Y,Y,6,preferred,"보행등, 음향신호기, 고원식횡단보도, 교통안전시설 상세",,,,,2026-03-20,source_columns_swapped_and_normalized
06-0000006157,동작구,동작구 상도동 23-67 도,일단(화살표없음),37.50530039,126.944605,N,Y,Y,N,Y,6,preferred,"음향신호기, 보행자작동신호기, 교통안전시설 상세",24-0000004152,15.1,29-0000000317,12.1,2026-03-20,source_columns_swapped_and_normalized
06-0000006730,동작구,동작구 상도1동 508-1도,이단(화살표있음),37.5065943,126.9511915,Y,Y,N,Y,Y,6,preferred,"보행등, 음향신호기, 고원식횡단보도, 교통안전시설 상세",,,,,2026-03-20,source_columns_swapped_and_normalized
06-0000019355,동작구,동작구 상도1동 512-4 도,이단(화살표있음),37.49505017,126.9589106,N,Y,Y,N,Y,6,preferred,"음향신호기, 보행자작동신호기, 교통안전시설 상세",24-0000007342,23.7,29-0000000102,25.8,2026-03-20,source_columns_swapped_and_normalized
06-0000024728,동작구,동작구 상도동 431 대,이단(화살표있음),37.50118089,126.9537776,N,Y,Y,N,Y,6,preferred,"음향신호기, 보행자작동신호기, 교통안전시설 상세",24-0000011410,6.4,29-0000001403,15.4,2026-03-20,source_columns_swapped_and_normalized
06-0000027291,동작구,동작구 본동 467-82도,일단(화살표없음),37.50851483,126.9491218,Y,Y,N,Y,Y,6,preferred,"보행등, 음향신호기, 고원식횡단보도, 교통안전시설 상세",,,,,2026-03-20,source_columns_swapped_and_normalized
06-0000027866,동작구,동작구 신대방동 719-4 도,일단(화살표없음),37.48753838,126.9083027,N,Y,Y,N,Y,6,preferred,"음향신호기, 보행자작동신호기, 교통안전시설 상세",24-0000000085,10.5,29-0000000316,12.4,2026-03-20,source_columns_swapped_and_normalized
06-0000029136,동작구,동작구 상도동 527-2 도,일단(화살표없음),37.50532037,126.944323,N,Y,Y,N,Y,6,preferred,"음향신호기, 보행자작동신호기, 교통안전시설 상세",24-0000004152,11.0,29-0000000317,13.6,2026-03-20,source_columns_swapped_and_normalized
06-0000029641,동작구,동작구 상도동 521-5 도,일단(화살표있음),37.50068817,126.9448013,Y,Y,N,Y,Y,6,preferred,"보행등, 음향신호기, 고원식횡단보도, 교통안전시설 상세",,,,,2026-03-20,source_columns_swapped_and_normalized
06-0000029643,동작구,동작구 상도동 521-17 도,일단(화살표없음),37.50140219,126.9452927,N,Y,Y,N,Y,6,preferred,"음향신호기, 보행자작동신호기, 교통안전시설 상세",24-0000002399,26.5,29-0000000313,24.3,2026-03-20,source_columns_swapped_and_normalized
06-0000037586,동작구,동작구 상도1동 512-9 도,이단(화살표있음),37.49538384,126.956701,N,Y,Y,N,Y,6,preferred,"음향신호기, 보행자작동신호기, 교통안전시설 상세",24-0000007240,17.8,29-0000000096,20.2,2026-03-20,source_columns_swapped_and_normalized
06-0000038791,동작구,동작구 상도1동 531-5 도,일단(화살표없음),37.49726144,126.9503109,Y,Y,N,Y,Y,6,preferred,"보행등, 음향신호기, 고원식횡단보도, 교통안전시설 상세",24-0000014885,8.6,,,2026-03-20,source_columns_swapped_and_normalized
06-0000040995,동작구,동작구 상도동 373-110 도,일단(화살표없음),37.50415251,126.939379,N,Y,Y,N,Y,6,preferred,"음향신호기, 보행자작동신호기, 교통안전시설 상세",24-0000011923,9.5,29-0000001178,8.7,2026-03-20,source_columns_swapped_and_normalized
06-0000041076,동작구,동작구 사당동 252 도,일단(화살표없음),37.48393855,126.972677,N,Y,Y,N,Y,6,preferred,"음향신호기, 보행자작동신호기, 교통안전시설 상세",24-0000002174,19.4,29-0000000320,18.1,2026-03-20,source_columns_swapped_and_normalized
06-0000044830,동작구,동작구 신대방동 701-6도,일단(화살표없음),37.48716806,126.9100699,N,Y,Y,N,Y,6,preferred,"음향신호기, 보행자작동신호기, 교통안전시설 상세",24-0000002208,12.3,29-0000000312,13.4,2026-03-20,source_columns_swapped_and_normalized
06-0000044831,동작구,동작구 신대방동 700-2도,일단(화살표없음),37.48700466,126.910057,N,Y,Y,N,Y,6,preferred,"음향신호기, 보행자작동신호기, 교통안전시설 상세",24-0000002208,10.3,29-0000000312,9.5,2026-03-20,source_columns_swapped_and_normalized
06-0000044832,동작구,동작구 신대방동 700-2도,일단(화살표없음),37.48765993,126.9084849,N,Y,Y,N,Y,6,preferred,"음향신호기, 보행자작동신호기, 교통안전시설 상세",24-0000000084,9.0,29-0000000315,9.9,2026-03-20,source_columns_swapped_and_normalized
06-0000045216,동작구,동작구 사당동 252 도,일단(화살표없음),37.48411994,126.9724824,N,Y,Y,N,Y,6,preferred,"음향신호기, 보행자작동신호기, 교통안전시설 상세",24-0000002174,7.7,29-0000000319,8.7,2026-03-20,source_columns_swapped_and_normalized
06-0000046428,동작구,동작구 상도동 26-20도,일단(화살표없음),37.50405215,126.9391788,N,Y,Y,N,Y,6,preferred,"음향신호기, 보행자작동신호기, 교통안전시설 상세",24-0000011922,7.7,29-0000001179,8.0,2026-03-20,source_columns_swapped_and_normalized
06-0000049295,동작구,동작구 신대방동 700도,일단(화살표없음),37.48824168,126.9075087,N,Y,Y,N,Y,6,preferred,"음향신호기, 보행자작동신호기, 교통안전시설 상세",24-0000007118,8.5,29-0000000104,10.0,2026-03-20,source_columns_swapped_and_normalized
06-0000050748,동작구,동작구 상도동 904 대,일단(화살표없음),37.50061622,126.9453082,Y,Y,N,Y,Y,6,preferred,"보행등, 음향신호기, 고원식횡단보도, 교통안전시설 상세",,,,,2026-03-20,source_columns_swapped_and_normalized
06-0000050750,동작구,동작구 상도동 904 대,일단(화살표없음),37.5013954,126.9458255,N,Y,Y,N,Y,6,preferred,"음향신호기, 보행자작동신호기, 교통안전시설 상세",24-0000003448,14.6,29-0000000314,14.4,2026-03-20,source_columns_swapped_and_normalized
06-0000053914,동작구,동작구 사당동 708-529도,대각선횡단보도,37.48323861,126.9745123,Y,Y,Y,N,N,6,preferred,"보행등, 음향신호기, 보행자작동신호기",24-0000009476,17.6,29-0000001389,25.7,2026-03-20,source_columns_swapped_and_normalized
06-0000055932,동작구,동작구 상도동 26-20도,이단(화살표있음),37.50520089,126.9441862,Y,Y,Y,N,N,6,preferred,"보행등, 음향신호기, 보행자작동신호기",24-0000004152,27.8,29-0000000317,29.7,2026-03-20,source_columns_swapped_and_normalized
06-0000000512,동작구,동작구 상도동 439 도,일단(화살표있음),37.49759653,126.9527327,Y,Y,N,N,Y,5,recommended,"보행등, 음향신호기, 교통안전시설 상세",24-0000011347,11.3,,,2026-03-20,source_columns_swapped_and_normalized
06-0000002953,동작구,동작구 신대방동 377-5도,이단(화살표있음),37.49819267,126.9202694,Y,Y,N,N,Y,5,recommended,"보행등, 음향신호기, 교통안전시설 상세",24-0000003388,7.4,,,2026-03-20,source_columns_swapped_and_normalized
06-0000002960,동작구,동작구 신대방동 378-10 도,일단(화살표없음),37.49835467,126.920434,Y,Y,N,N,Y,5,recommended,"보행등, 음향신호기, 교통안전시설 상세",24-0000002457,2.6,,,2026-03-20,source_columns_swapped_and_normalized
06-0000003002,동작구,동작구 사당동 323-1 도,이단(화살표있음),37.48393737,126.9773602,Y,Y,N,N,Y,5,recommended,"보행등, 음향신호기, 교통안전시설 상세",24-0000008283,14.9,,,2026-03-20,source_columns_swapped_and_normalized
06-0000003004,동작구,동작구 사당동 708-857 천,이단(화살표있음),37.48596274,126.9751957,Y,Y,N,N,Y,5,recommended,"보행등, 음향신호기, 교통안전시설 상세",,,,,2026-03-20,source_columns_swapped_and_normalized
06-0000003007,동작구,동작구 사당동 254-1도,일단(화살표없음),37.48314131,126.9740901,Y,Y,N,N,Y,5,recommended,"보행등, 음향신호기, 교통안전시설 상세",24-0000002168,20.2,,,2026-03-20,source_columns_swapped_and_normalized
06-0000003012,동작구,동작구 사당동 219-8도,이단(화살표있음),37.48586717,126.9689325,Y,Y,N,N,Y,5,recommended,"보행등, 음향신호기, 교통안전시설 상세",24-0000002163,8.5,,,2026-03-20,source_columns_swapped_and_normalized
06-0000003013,동작구,동작구 사당동 226-5 도,이단(화살표있음),37.48583741,126.9687026,Y,Y,N,N,Y,5,recommended,"보행등, 음향신호기, 교통안전시설 상세",24-0000009473,7.5,,,2026-03-20,source_columns_swapped_and_normalized
06-0000003014,동작구,동작구 사당동 211-1도,이단(화살표있음),37.48685088,126.967708,Y,Y,N,N,Y,5,recommended,"보행등, 음향신호기, 교통안전시설 상세",24-0000000668,4.0,,,2026-03-20,source_columns_swapped_and_normalized
06-0000003134,동작구,동작구 사당동 1129도,이단(화살표있음),37.47657471,126.9774702,Y,Y,N,N,Y,5,recommended,"보행등, 음향신호기, 교통안전시설 상세",24-0000014235,11.8,,,2026-03-20,source_columns_swapped_and_normalized
06-0000003514,동작구,동작구 사당동 144-4도,이단(화살표있음),37.48525459,126.9818704,Y,Y,N,N,Y,5,recommended,"보행등, 음향신호기, 교통안전시설 상세",24-0000005791,9.6,,,2026-03-20,source_columns_swapped_and_normalized
06-0000003856,동작구,동작구 신대방동 441-11천,이단(화살표있음),37.49022956,126.9226388,Y,Y,N,N,Y,5,recommended,"보행등, 음향신호기, 교통안전시설 상세",24-0000013828,25.3,,,2026-03-20,source_columns_swapped_and_normalized
06-0000003955,동작구,동작구 동작동 55-3도,이단(화살표있음),37.49387649,126.9826021,Y,Y,N,N,Y,5,recommended,"보행등, 음향신호기, 교통안전시설 상세",24-0000015097,8.6,,,2026-03-20,source_columns_swapped_and_normalized
06-0000004065,동작구,동작구 사당동 79-49도,일단(화살표없음),37.49081645,126.9824053,N,Y,N,Y,Y,5,recommended,"음향신호기, 고원식횡단보도, 교통안전시설 상세",24-0000005803,4.3,,,2026-03-20,source_columns_swapped_and_normalized
06-0000004071,동작구,동작구 사당동 1129도,일단(화살표없음),37.47674848,126.9776263,Y,Y,N,N,Y,5,recommended,"보행등, 음향신호기, 교통안전시설 상세",24-0000014234,15.0,,,2026-03-20,source_columns_swapped_and_normalized
06-0000004090,동작구,동작구 사당동 164-74임,이단(화살표있음),37.48691434,126.9739781,Y,Y,N,N,Y,5,recommended,"보행등, 음향신호기, 교통안전시설 상세",24-0000009756,6.0,,,2026-03-20,source_columns_swapped_and_normalized
06-0000004208,동작구,동작구 사당동 164-72도,이단(화살표있음),37.48688165,126.9741911,Y,Y,N,N,Y,5,recommended,"보행등, 음향신호기, 교통안전시설 상세",24-0000009759,5.8,,,2026-03-20,source_columns_swapped_and_normalized
06-0000004321,동작구,동작구 신대방동 395-61도,이단(화살표있음),37.49274711,126.9231988,Y,Y,N,N,Y,5,recommended,"보행등, 음향신호기, 교통안전시설 상세",,,,,2026-03-20,source_columns_swapped_and_normalized
06-0000004412,동작구,동작구 상도동 210-6 도,이단(화살표있음),37.49739563,126.9432062,Y,Y,N,N,Y,5,recommended,"보행등, 음향신호기, 교통안전시설 상세",24-0000011391,6.9,,,2026-03-20,source_columns_swapped_and_normalized
06-0000004509,동작구,동작구 신대방동 395-61도,이단(화살표있음),37.49290749,126.9234036,Y,Y,N,N,Y,5,recommended,"보행등, 음향신호기, 교통안전시설 상세",,,,,2026-03-20,source_columns_swapped_and_normalized
06-0000004510,동작구,동작구 신대방동 395-61도,일단(화살표없음),37.49302532,126.9233367,Y,Y,N,N,Y,5,recommended,"보행등, 음향신호기, 교통안전시설 상세",,,,,2026-03-20,source_columns_swapped_and_normalized
06-0000004752,동작구,동작구 동작동 86-3도,이단(화살표있음),37.49899836,126.984545,Y,Y,N,N,Y,5,recommended,"보행등, 음향신호기, 교통안전시설 상세",,,,,2026-03-20,source_columns_swapped_and_normalized
06-0000004860,동작구,동작구 신대방동 699도,이단(화살표있음),37.48866116,126.9062416,Y,Y,N,N,Y,5,recommended,"보행등, 음향신호기, 교통안전시설 상세",24-0000003478,16.1,,,2026-03-20,source_columns_swapped_and_normalized
06-0000004863,동작구,동작구 신대방동 699도,이단(화살표있음),37.48898765,126.9065102,Y,Y,N,N,Y,5,recommended,"보행등, 음향신호기, 교통안전시설 상세",24-0000002436,16.5,,,2026-03-20,source_columns_swapped_and_normalized
06-0000004865,동작구,동작구 신대방동 700도,이단(화살표있음),37.48863299,126.9066901,Y,Y,N,N,Y,5,recommended,"보행등, 음향신호기, 교통안전시설 상세",24-0000009433,4.2,,,2026-03-20,source_columns_swapped_and_normalized
06-0000004869,동작구,동작구 상도1동 517 도,이단(화살표있음),37.49764674,126.9524029,Y,Y,N,N,Y,5,recommended,"보행등, 음향신호기, 교통안전시설 상세",24-0000011343,13.1,,,2026-03-20,source_columns_swapped_and_normalized
06-0000004889,동작구,동작구 노량진동 152-7도,일단(화살표있음),37.51354592,126.9467006,Y,Y,N,N,Y,5,recommended,"보행등, 음향신호기, 교통안전시설 상세",,,,,2026-03-20,source_columns_swapped_and_normalized
06-0000005061,동작구,동작구 대방동 64-5도,이단(화살표있음),37.51318408,126.9291497,Y,Y,N,N,Y,5,recommended,"보행등, 음향신호기, 교통안전시설 상세",24-0000002362,6.4,,,2026-03-20,source_columns_swapped_and_normalized
06-0000005065,동작구,동작구 대방동 54-2도,이단(화살표있음),37.513217,126.9315671,Y,Y,N,N,Y,5,recommended,"보행등, 음향신호기, 교통안전시설 상세",24-0000005388,14.7,,,2026-03-20,source_columns_swapped_and_normalized
06-0000005067,동작구,동작구 대방동 49-2도,일단(화살표없음),37.51284165,126.9320081,Y,Y,N,N,Y,5,recommended,"보행등, 음향신호기, 교통안전시설 상세",24-0000005387,5.4,,,2026-03-20,source_columns_swapped_and_normalized
06-0000005586,동작구,동작구 대방동 466-49도,이단(화살표있음),37.50006586,126.9203796,Y,Y,N,N,Y,5,recommended,"보행등, 음향신호기, 교통안전시설 상세",24-0000004153,17.9,,,2026-03-20,source_columns_swapped_and_normalized
06-0000005588,동작구,동작구 대방동 466-51도,이단(화살표있음),37.49988379,126.9205485,Y,Y,N,N,Y,5,recommended,"보행등, 음향신호기, 교통안전시설 상세",24-0000002434,7.6,,,2026-03-20,source_columns_swapped_and_normalized
06-0000005594,동작구,동작구 대방동 466-59도,이단(화살표있음),37.49981805,126.9226486,Y,Y,N,N,Y,5,recommended,"보행등, 음향신호기, 교통안전시설 상세",24-0000007122,4.8,,,2026-03-20,source_columns_swapped_and_normalized
06-0000005595,동작구,동작구 대방동 466-59도,일단(화살표없음),37.49991948,126.922535,Y,Y,N,N,Y,5,recommended,"보행등, 음향신호기, 교통안전시설 상세",24-0000007121,15.0,,,2026-03-20,source_columns_swapped_and_normalized
06-0000005600,동작구,동작구 상도1동 390-2도,이단(화살표있음),37.50128554,126.9492314,Y,Y,N,N,Y,5,recommended,"보행등, 음향신호기, 교통안전시설 상세",24-0000014298,9.6,,,2026-03-20,source_columns_swapped_and_normalized
06-0000005605,동작구,동작구 상도1동 518-1 도,이단(화살표있음),37.49877961,126.9514142,Y,Y,N,N,Y,5,recommended,"보행등, 음향신호기, 교통안전시설 상세",24-0000014297,11.9,,,2026-03-20,source_columns_swapped_and_normalized
06-0000005611,동작구,동작구 신대방동 551-8도,이단(화살표있음),37.49278465,126.9097454,Y,Y,N,N,Y,5,recommended,"보행등, 음향신호기, 교통안전시설 상세",24-0000002388,11.9,,,2026-03-20,source_columns_swapped_and_normalized
06-0000005881,동작구,동작구 흑석동 330-8 도,이단(화살표있음),37.49901684,126.959854,Y,Y,N,N,Y,5,recommended,"보행등, 음향신호기, 교통안전시설 상세",,,,,2026-03-20,source_columns_swapped_and_normalized
06-0000005934,동작구,동작구 대방동 466-43도,이단(화살표있음),37.5040347,126.9221894,Y,Y,N,N,Y,5,recommended,"보행등, 음향신호기, 교통안전시설 상세",24-0000002409,4.7,,,2026-03-20,source_columns_swapped_and_normalized
06-0000005961,동작구,동작구 신대방동 492-123도,일단(화살표없음),37.49640661,126.9143107,Y,Y,N,N,Y,5,recommended,"보행등, 음향신호기, 교통안전시설 상세",24-0000003435,6.6,,,2026-03-20,source_columns_swapped_and_normalized
06-0000005972,동작구,동작구 신대방동 500-8도,이단(화살표있음),37.49684328,126.9164556,Y,Y,N,N,Y,5,recommended,"보행등, 음향신호기, 교통안전시설 상세",24-0000003988,1.1,,,2026-03-20,source_columns_swapped_and_normalized
06-0000005980,동작구,동작구 상도동 7-61도,이단(화살표있음),37.50494727,126.9533879,Y,Y,N,N,Y,5,recommended,"보행등, 음향신호기, 교통안전시설 상세",24-0000009480,25.7,,,2026-03-20,source_columns_swapped_and_normalized
06-0000006018,동작구,동작구 신대방동 370-1대,일단(화살표있음),37.49729212,126.9190627,Y,Y,N,N,Y,5,recommended,"보행등, 음향신호기, 교통안전시설 상세",24-0000004014,21.2,,,2026-03-20,source_columns_swapped_and_normalized
06-0000006021,동작구,동작구 대방동 503-2도,이단(화살표있음),37.50894151,126.9288496,Y,Y,N,N,Y,5,recommended,"보행등, 음향신호기, 교통안전시설 상세",,,,,2026-03-20,source_columns_swapped_and_normalized
06-0000006022,동작구,동작구 대방동 503-2도,이단(화살표있음),37.50884123,126.9289822,Y,Y,N,N,Y,5,recommended,"보행등, 음향신호기, 교통안전시설 상세",,,,,2026-03-20,source_columns_swapped_and_normalized
06-0000006085,동작구,동작구 대방동 408-2천,일단(화살표없음),37.4988476,126.9254427,Y,Y,N,N,Y,5,recommended,"보행등, 음향신호기, 교통안전시설 상세",,,,,2026-03-20,source_columns_swapped_and_normalized
06-0000006086,동작구,동작구 대방동 408-2천,일단(화살표없음),37.49917078,126.9265241,Y,Y,N,N,Y,5,recommended,"보행등, 음향신호기, 교통안전시설 상세",,,,,2026-03-20,source_columns_swapped_and_normalized
06-0000006087,동작구,동작구 대방동 408-2천,일단(화살표있음),37.49924238,126.9266304,Y,Y,N,N,Y,5,recommended,"보행등, 음향신호기, 교통안전시설 상세",,,,,2026-03-20,source_columns_swapped_and_normalized
06-0000006089,동작구,동작구 대방동 466-60도,일단(화살표없음),37.49969099,126.9240765,Y,Y,N,N,Y,5,recommended,"보행등, 음향신호기, 교통안전시설 상세",24-0000002470,17.9,,,2026-03-20,source_columns_swapped_and_normalized
06-0000006090,동작구,동작구 대방동 466-60도,이단(화살표있음),37.49979172,126.9239452,Y,Y,N,N,Y,5,recommended,"보행등, 음향신호기, 교통안전시설 상세",24-0000002470,4.8,,,2026-03-20,source_columns_swapped_and_normalized
06-0000006093,동작구,동작구 대방동 466-60도,이단(화살표있음),37.49975968,126.9254291,Y,Y,N,N,Y,5,recommended,"보행등, 음향신호기, 교통안전시설 상세",24-0000011924,7.9,,,2026-03-20,source_columns_swapped_and_normalized
06-0000006128,동작구,동작구 대방동 503-2도,이단(화살표있음),37.50904009,126.9241806,Y,Y,N,N,Y,5,recommended,"보행등, 음향신호기, 교통안전시설 상세",,,,,2026-03-20,source_columns_swapped_and_normalized
06-0000006143,동작구,동작구 상도동 187-2도,이단(화살표있음),37.50212729,126.9346448,Y,Y,N,N,Y,5,recommended,"보행등, 음향신호기, 교통안전시설 상세",24-0000002390,7.4,,,2026-03-20,source_columns_swapped_and_normalized
06-0000006155,동작구,동작구 상도동 26-20도,이단(화살표있음),37.50482718,126.9460336,Y,Y,N,N,Y,5,recommended,"보행등, 음향신호기, 교통안전시설 상세",24-0000014300,3.7,,,2026-03-20,source_columns_swapped_and_normalized
06-0000006158,동작구,동작구 상도동 26-20도,이단(화살표있음),37.50465165,126.9461383,Y,Y,N,N,Y,5,recommended,"보행등, 음향신호기, 교통안전시설 상세",24-0000014300,18.3,,,2026-03-20,source_columns_swapped_and_normalized
06-0000006163,동작구,동작구 상도1동 676-3도,이단(화살표있음),37.50339371,126.9475391,Y,Y,N,N,Y,5,recommended,"보행등, 음향신호기, 교통안전시설 상세",24-0000002395,8.5,,,2026-03-20,source_columns_swapped_and_normalized
06-0000006166,동작구,동작구 상도1동 747-2도,이단(화살표있음),37.50298994,126.947443,Y,Y,N,N,Y,5,recommended,"보행등, 음향신호기, 교통안전시설 상세",24-0000002394,8.5,,,2026-03-20,source_columns_swapped_and_normalized
06-0000006194,동작구,동작구 신대방동 551-8도,이단(화살표있음),37.49413598,126.9107374,Y,Y,N,N,Y,5,recommended,"보행등, 음향신호기, 교통안전시설 상세",24-0000006257,14.2,,,2026-03-20,source_columns_swapped_and_normalized
06-0000006271,동작구,동작구 상도1동 514 도,이단(화살표있음),37.49562051,126.954191,Y,Y,N,N,Y,5,recommended,"보행등, 음향신호기, 교통안전시설 상세",24-0000004159,13.7,,,2026-03-20,source_columns_swapped_and_normalized
06-0000006272,동작구,동작구 상도1동 514 도,이단(화살표있음),37.49557835,126.9545781,Y,Y,N,N,Y,5,recommended,"보행등, 음향신호기, 교통안전시설 상세",24-0000004161,6.3,,,2026-03-20,source_columns_swapped_and_normalized
06-0000006356,동작구,동작구 흑석동 4 도,이단(화살표있음),37.50848437,126.9636745,Y,Y,N,N,Y,5,recommended,"보행등, 음향신호기, 교통안전시설 상세",,,,,2026-03-20,source_columns_swapped_and_normalized
06-0000006359,동작구,동작구 흑석동 114-15 도,이단(화살표있음),37.50940388,126.9631845,Y,Y,N,N,Y,5,recommended,"보행등, 음향신호기, 교통안전시설 상세",24-0000014289,18.2,,,2026-03-20,source_columns_swapped_and_normalized
06-0000006360,동작구,동작구 흑석동 116-13체,일단(화살표없음),37.5096476,126.96317,N,Y,N,Y,Y,5,recommended,"음향신호기, 고원식횡단보도, 교통안전시설 상세",24-0000014290,8.0,,,2026-03-20,source_columns_swapped_and_normalized
06-0000006441,동작구,동작구 대방동 406-10도,일단(화살표없음),37.49979725,126.9281528,Y,Y,N,N,Y,5,recommended,"보행등, 음향신호기, 교통안전시설 상세",,,,,2026-03-20,source_columns_swapped_and_normalized
06-0000006442,동작구,동작구 대방동 335-52대,이단(화살표있음),37.49946786,126.9282205,Y,Y,N,N,Y,5,recommended,"보행등, 음향신호기, 교통안전시설 상세",24-0000002400,8.4,,,2026-03-20,source_columns_swapped_and_normalized
06-0000006443,동작구,동작구 대방동 406-10도,이단(화살표있음),37.49968788,126.9285411,Y,Y,N,N,Y,5,recommended,"보행등, 음향신호기, 교통안전시설 상세",24-0000002402,5.0,,,2026-03-20,source_columns_swapped_and_normalized
06-0000006448,동작구,동작구 신대방동 345-6도,일단(화살표없음),37.49847861,126.9279881,Y,Y,N,N,Y,5,recommended,"보행등, 음향신호기, 교통안전시설 상세",24-0000011401,7.0,,,2026-03-20,source_columns_swapped_and_normalized
06-0000006449,동작구,동작구 신대방동 345-6도,이단(화살표있음),37.49833066,126.928122,Y,Y,N,N,Y,5,recommended,"보행등, 음향신호기, 교통안전시설 상세",24-0000000705,11.3,,,2026-03-20,source_columns_swapped_and_normalized
06-0000006452,동작구,동작구 상도동 326도,이단(화살표있음),37.49973828,126.9305368,Y,Y,N,N,Y,5,recommended,"보행등, 음향신호기, 교통안전시설 상세",,,,,2026-03-20,source_columns_swapped_and_normalized
06-0000006453,동작구,동작구 상도동 345-12도,이단(화살표있음),37.50035127,126.9317904,Y,Y,N,N,Y,5,recommended,"보행등, 음향신호기, 교통안전시설 상세",24-0000014306,6.8,,,2026-03-20,source_columns_swapped_and_normalized
06-0000006454,동작구,동작구 상도동 345-12도,이단(화살표있음),37.50034495,126.9320289,Y,Y,N,N,Y,5,recommended,"보행등, 음향신호기, 교통안전시설 상세",24-0000014306,14.7,,,2026-03-20,source_columns_swapped_and_normalized
06-0000006497,동작구,동작구 본동 46도,이단(화살표있음),37.51322837,126.9564971,Y,Y,N,N,Y,5,recommended,"보행등, 음향신호기, 교통안전시설 상세",24-0000014291,0.4,,,2026-03-20,source_columns_swapped_and_normalized
06-0000006499,동작구,동작구 본동 475-1도,이단(화살표없음),37.5138365,126.9558571,Y,Y,N,N,Y,5,recommended,"보행등, 음향신호기, 교통안전시설 상세",24-0000011957,2.9,,,2026-03-20,source_columns_swapped_and_normalized
06-0000006506,동작구,동작구 상도동 26-20도,이단(화살표있음),37.50479786,126.9389853,Y,Y,N,N,Y,5,recommended,"보행등, 음향신호기, 교통안전시설 상세",24-0000014302,11.0,,,2026-03-20,source_columns_swapped_and_normalized
06-0000006510,동작구,동작구 상도동 26-20도,일단(화살표있음),37.50469337,126.9392644,Y,Y,N,N,Y,5,recommended,"보행등, 음향신호기, 교통안전시설 상세",24-0000011414,8.1,,,2026-03-20,source_columns_swapped_and_normalized
06-0000006512,동작구,동작구 상도동 26-20도,이단(화살표있음),37.50502922,126.9396352,Y,Y,N,N,Y,5,recommended,"보행등, 음향신호기, 교통안전시설 상세",24-0000011413,10.7,,,2026-03-20,source_columns_swapped_and_normalized
06-0000006517,동작구,동작구 상도동 산15-40 도,이단(화살표있음),37.50527589,126.9414482,Y,Y,N,N,Y,5,recommended,"보행등, 음향신호기, 교통안전시설 상세",24-0000011416,11.1,,,2026-03-20,source_columns_swapped_and_normalized
06-0000006535,동작구,동작구 본동 165-1도,일단(화살표없음),37.51250671,126.9521512,Y,Y,N,N,Y,5,recommended,"보행등, 음향신호기, 교통안전시설 상세",24-0000009454,8.5,,,2026-03-20,source_columns_swapped_and_normalized
06-0000006541,동작구,동작구 본동 457-283도,일단(화살표있음),37.50857949,126.9514628,Y,Y,N,N,Y,5,recommended,"보행등, 음향신호기, 교통안전시설 상세",,,,,2026-03-20,source_columns_swapped_and_normalized
06-0000006568,동작구,동작구 상도동 26-20도,이단(화살표있음),37.50406935,126.937761,Y,Y,N,N,Y,5,recommended,"보행등, 음향신호기, 교통안전시설 상세",24-0000003443,9.2,,,2026-03-20,source_columns_swapped_and_normalized
06-0000006569,동작구,동작구 상도동 365-19 도,이단(화살표있음),37.50430266,126.9378087,Y,Y,N,N,Y,5,recommended,"보행등, 음향신호기, 교통안전시설 상세",24-0000002404,3.4,,,2026-03-20,source_columns_swapped_and_normalized
06-0000006583,동작구,동작구 상도동 210-352도,이단(화살표있음),37.49913147,126.9441271,Y,Y,N,N,Y,5,recommended,"보행등, 음향신호기, 교통안전시설 상세",24-0000006432,21.5,,,2026-03-20,source_columns_swapped_and_normalized
06-0000006584,동작구,동작구 상도동 208-4도,이단(화살표있음),37.49890736,126.9439449,Y,Y,N,N,Y,5,recommended,"보행등, 음향신호기, 교통안전시설 상세",,,,,2026-03-20,source_columns_swapped_and_normalized
06-0000006587,동작구,동작구 상도동 208-4도,이단(화살표있음),37.49912691,126.9438534,Y,Y,N,N,Y,5,recommended,"보행등, 음향신호기, 교통안전시설 상세",,,,,2026-03-20,source_columns_swapped_and_normalized
06-0000006688,동작구,동작구 상도동 26-20도,이단(화살표있음),37.50516654,126.9416339,Y,Y,N,N,Y,5,recommended,"보행등, 음향신호기, 교통안전시설 상세",24-0000011419,8.0,,,2026-03-20,source_columns_swapped_and_normalized
06-0000006692,동작구,동작구 상도동 329-3도,이단(화살표있음),37.50591001,126.9413607,Y,Y,N,N,Y,5,recommended,"보행등, 음향신호기, 교통안전시설 상세",,,,,2026-03-20,source_columns_swapped_and_normalized
06-0000006710,동작구,동작구 흑석동 130-3도,이단(화살표있음),37.50949802,126.9628247,Y,Y,N,N,Y,5,recommended,"보행등, 음향신호기, 교통안전시설 상세",24-0000014289,15.3,,,2026-03-20,source_columns_swapped_and_normalized
06-0000006713,동작구,동작구 흑석동 163-17도,일단(화살표없음),37.5087625,126.9617606,Y,Y,N,N,Y,5,recommended,"보행등, 음향신호기, 교통안전시설 상세",,,,,2026-03-20,source_columns_swapped_and_normalized
06-0000006723,동작구,동작구 상도1동 676-3도,이단(화살표있음),37.50325107,126.9478655,Y,Y,N,N,Y,5,recommended,"보행등, 음향신호기, 교통안전시설 상세",24-0000009477,18.6,,,2026-03-20,source_columns_swapped_and_normalized
06-0000006724,동작구,동작구 상도1동 676-3도,이단(화살표없음),37.50312285,126.9480982,Y,Y,N,N,Y,5,recommended,"보행등, 음향신호기, 교통안전시설 상세",24-0000009478,10.0,,,2026-03-20,source_columns_swapped_and_normalized
06-0000006725,동작구,동작구 상도1동 528-1도,이단(화살표있음),37.50412996,126.9495521,Y,Y,N,N,Y,5,recommended,"보행등, 음향신호기, 교통안전시설 상세",24-0000002403,11.5,,,2026-03-20,source_columns_swapped_and_normalized
06-0000010180,동작구,동작구 대방동 68-49구,이단(화살표있음),37.5127527,126.9318855,Y,Y,N,N,Y,5,recommended,"보행등, 음향신호기, 교통안전시설 상세",24-0000005387,9.5,,,2026-03-20,source_columns_swapped_and_normalized
06-0000010644,동작구,동작구 본동 258-49도,일단(화살표없음),37.51353768,126.9556824,Y,Y,N,N,Y,5,recommended,"보행등, 음향신호기, 교통안전시설 상세",24-0000011959,5.6,,,2026-03-20,source_columns_swapped_and_normalized
06-0000010645,동작구,동작구 본동 258-49도,일단(화살표없음),37.51363162,126.9557697,Y,Y,N,N,Y,5,recommended,"보행등, 음향신호기, 교통안전시설 상세",24-0000011958,8.8,,,2026-03-20,source_columns_swapped_and_normalized
06-0000011700,동작구,동작구 대방동 4-1도,이단(화살표있음),37.50579636,126.9334706,Y,Y,N,N,Y,5,recommended,"보행등, 음향신호기, 교통안전시설 상세",,,,,2026-03-20,source_columns_swapped_and_normalized
06-0000016829,동작구,동작구 사당동 144-4도,이단(화살표있음),37.48437989,126.9793208,Y,Y,N,N,Y,5,recommended,"보행등, 음향신호기, 교통안전시설 상세",24-0000014284,10.3,,,2026-03-20,source_columns_swapped_and_normalized
06-0000018018,동작구,동작구 신대방동 395-61도,이단(화살표있음),37.49253362,126.9248572,Y,Y,N,N,Y,5,recommended,"보행등, 음향신호기, 교통안전시설 상세",24-0000004998,8.4,,,2026-03-20,source_columns_swapped_and_normalized
06-0000018019,동작구,동작구 신대방동 395-61도,이단(화살표있음),37.49272739,126.9247002,Y,Y,N,N,Y,5,recommended,"보행등, 음향신호기, 교통안전시설 상세",24-0000004994,7.2,,,2026-03-20,source_columns_swapped_and_normalized
06-0000018315,동작구,동작구 사당동 708-820 천,이단(화살표있음),37.48940189,126.9716793,Y,Y,N,N,Y,5,recommended,"보행등, 음향신호기, 교통안전시설 상세",,,,,2026-03-20,source_columns_swapped_and_normalized
06-0000018957,동작구,동작구 상도동 124 도,이단(화살표있음),37.49234514,126.9565146,Y,Y,N,N,Y,5,recommended,"보행등, 음향신호기, 교통안전시설 상세",24-0000004160,16.5,,,2026-03-20,source_columns_swapped_and_normalized
06-0000019089,동작구,동작구 노량진동 324-2도,일단(화살표없음),37.5085013,126.9489439,Y,Y,N,N,Y,5,recommended,"보행등, 음향신호기, 교통안전시설 상세",,,,,2026-03-20,source_columns_swapped_and_normalized
06-0000019357,동작구,동작구 상도1동 512-2 도,이단(화살표있음),37.49470485,126.9606706,Y,Y,N,N,Y,5,recommended,"보행등, 음향신호기, 교통안전시설 상세",24-0000014296,7.2,,,2026-03-20,source_columns_swapped_and_normalized
06-0000022423,동작구,동작구 상도동 211-457대,일단(화살표없음),37.49914184,126.9443067,Y,Y,N,N,Y,5,recommended,"보행등, 음향신호기, 교통안전시설 상세",24-0000002164,21.9,,,2026-03-20,source_columns_swapped_and_normalized
06-0000022497,동작구,동작구 신대방동 349-35도,일단(화살표없음),37.49814551,126.9267166,Y,Y,N,N,Y,5,recommended,"보행등, 음향신호기, 교통안전시설 상세",,,,,2026-03-20,source_columns_swapped_and_normalized
06-0000024288,동작구,동작구 상도동 431 대,이단(화살표있음),37.49812537,126.9535017,Y,Y,N,N,Y,5,recommended,"보행등, 음향신호기, 교통안전시설 상세",,,,,2026-03-20,source_columns_swapped_and_normalized
06-0000024289,동작구,동작구 상도동 439 도,이단(화살표있음),37.49822956,126.9533413,Y,Y,N,N,Y,5,recommended,"보행등, 음향신호기, 교통안전시설 상세",,,,,2026-03-20,source_columns_swapped_and_normalized
06-0000024732,동작구,동작구 상도동 7-185 대,일단(화살표없음),37.50488158,126.953557,Y,Y,N,N,Y,5,recommended,"보행등, 음향신호기, 교통안전시설 상세",24-0000009480,13.7,,,2026-03-20,source_columns_swapped_and_normalized
06-0000024800,동작구,동작구 대방동 466-43도,이단(화살표있음),37.50391463,126.9219869,Y,Y,N,N,Y,5,recommended,"보행등, 음향신호기, 교통안전시설 상세",24-0000000879,2.6,,,2026-03-20,source_columns_swapped_and_normalized
06-0000024805,동작구,동작구 대방동 466-51도,이단(화살표있음),37.49868561,126.9203648,Y,Y,N,N,Y,5,recommended,"보행등, 음향신호기, 교통안전시설 상세",24-0000002438,7.6,,,2026-03-20,source_columns_swapped_and_normalized
06-0000024815,동작구,동작구 신대방동 492-26도,이단(화살표있음),37.49534353,126.9115915,Y,Y,N,N,Y,5,recommended,"보행등, 음향신호기, 교통안전시설 상세",24-0000003726,1.8,,,2026-03-20,source_columns_swapped_and_normalized
06-0000024833,동작구,동작구 신대방동 591-82도,이단(화살표있음),37.4904906,126.9079144,Y,Y,N,N,Y,5,recommended,"보행등, 음향신호기, 교통안전시설 상세",24-0000002392,3.1,,,2026-03-20,source_columns_swapped_and_normalized
06-0000024842,동작구,동작구 신대방동 699-3도,이단(화살표없음),37.48672523,126.9046566,Y,Y,N,N,Y,5,recommended,"보행등, 음향신호기, 교통안전시설 상세",24-0000003741,7.4,,,2026-03-20,source_columns_swapped_and_normalized
06-0000024843,동작구,동작구 신대방동 699-3도,이단(화살표있음),37.48665892,126.9047802,Y,Y,N,N,Y,5,recommended,"보행등, 음향신호기, 교통안전시설 상세",24-0000003742,3.7,,,2026-03-20,source_columns_swapped_and_normalized
06-0000024983,동작구,동작구 상도동 439 도,이단(화살표있음),37.49782432,126.9531938,Y,Y,N,N,Y,5,recommended,"보행등, 음향신호기, 교통안전시설 상세",,,,,2026-03-20,source_columns_swapped_and_normalized
06-0000025075,동작구,동작구 상도1동 752-2도,이단(화살표있음),37.50296027,126.9478858,Y,Y,N,N,Y,5,recommended,"보행등, 음향신호기, 교통안전시설 상세",24-0000009460,4.7,,,2026-03-20,source_columns_swapped_and_normalized
06-0000025076,동작구,동작구 상도1동 742-3도,이단(화살표없음),37.50272519,126.9478754,Y,Y,N,N,Y,5,recommended,"보행등, 음향신호기, 교통안전시설 상세",24-0000013820,8.8,,,2026-03-20,source_columns_swapped_and_normalized
06-0000026878,동작구,동작구 상도동 210-352도,일단(화살표없음),37.4989611,126.9441622,Y,Y,N,N,Y,5,recommended,"보행등, 음향신호기, 교통안전시설 상세",,,,,2026-03-20,source_columns_swapped_and_normalized
06-0000027275,동작구,동작구 흑석동 43-112도,일단(화살표없음),37.50701775,126.9661755,N,Y,N,Y,Y,5,recommended,"음향신호기, 고원식횡단보도, 교통안전시설 상세",24-0000014286,23.2,,,2026-03-20,source_columns_swapped_and_normalized
06-0000027277,동작구,동작구 흑석동 25-21도,이단(화살표있음),37.50668769,126.966889,Y,Y,N,N,Y,5,recommended,"보행등, 음향신호기, 교통안전시설 상세",24-0000014288,5.6,,,2026-03-20,source_columns_swapped_and_normalized
06-0000027283,동작구,동작구 흑석동 79-319 도,일단(화살표없음),37.50082495,126.9603419,Y,Y,N,N,Y,5,recommended,"보행등, 음향신호기, 교통안전시설 상세",,,,,2026-03-20,source_columns_swapped_and_normalized
06-0000028131,동작구,동작구 신대방동 370-1대,일단(화살표없음),37.49731518,126.9191636,Y,Y,N,N,Y,5,recommended,"보행등, 음향신호기, 교통안전시설 상세",24-0000004014,29.7,,,2026-03-20,source_columns_swapped_and_normalized
06-0000028473,동작구,동작구 신대방동 349-35도,일단(화살표없음),37.49818545,126.9269234,Y,Y,N,N,Y,5,recommended,"보행등, 음향신호기, 교통안전시설 상세",,,,,2026-03-20,source_columns_swapped_and_normalized
06-0000029258,동작구,동작구 신대방동 395-61도,이단(화살표있음),37.49266429,126.9251023,Y,Y,N,N,Y,5,recommended,"보행등, 음향신호기, 교통안전시설 상세",24-0000004997,9.5,,,2026-03-20,source_columns_swapped_and_normalized
06-0000029662,동작구,동작구 흑석동 105-2도,이단(화살표있음),37.50873688,126.9615902,Y,Y,N,N,Y,5,recommended,"보행등, 음향신호기, 교통안전시설 상세",,,,,2026-03-20,source_columns_swapped_and_normalized
06-0000029677,동작구,동작구 대방동 503대,일단(화살표있음),37.50896477,126.9290044,Y,Y,N,N,Y,5,recommended,"보행등, 음향신호기, 교통안전시설 상세",,,,,2026-03-20,source_columns_swapped_and_normalized
06-0000031413,동작구,동작구 사당동 134-1도,이단(화살표있음),37.48791435,126.9821594,Y,Y,N,N,Y,5,recommended,"보행등, 음향신호기, 교통안전시설 상세",24-0000008755,4.6,,,2026-03-20,source_columns_swapped_and_normalized
06-0000031434,동작구,동작구 사당동 79-49도,이단(화살표있음),37.49066134,126.982573,Y,Y,N,N,Y,5,recommended,"보행등, 음향신호기, 교통안전시설 상세",24-0000008756,16.1,,,2026-03-20,source_columns_swapped_and_normalized
06-0000031449,동작구,동작구 사당동 79-49도,이단(화살표있음),37.49101482,126.9825347,Y,Y,N,N,Y,5,recommended,"보행등, 음향신호기, 교통안전시설 상세",24-0000005805,6.0,,,2026-03-20,source_columns_swapped_and_normalized
06-0000031461,동작구,동작구 동작동 55-3도,이단(화살표있음),37.49351139,126.9826388,Y,Y,N,N,Y,5,recommended,"보행등, 음향신호기, 교통안전시설 상세",24-0000009126,16.9,,,2026-03-20,source_columns_swapped_and_normalized
06-0000031463,동작구,동작구 동작동,이단(화살표없음),37.49387104,126.982838,Y,Y,N,N,Y,5,recommended,"보행등, 음향신호기, 교통안전시설 상세",24-0000005814,8.9,,,2026-03-20,source_columns_swapped_and_normalized
06-0000031467,동작구,동작구 동작동,이단(화살표있음),37.49725844,126.9831482,Y,Y,N,N,Y,5,recommended,"보행등, 음향신호기, 교통안전시설 상세",24-0000005820,2.4,,,2026-03-20,source_columns_swapped_and_normalized
06-0000031593,동작구,동작구 대방동 54-14도,이단(화살표있음),37.51309174,126.9315653,Y,Y,N,N,Y,5,recommended,"보행등, 음향신호기, 교통안전시설 상세",24-0000005388,7.8,,,2026-03-20,source_columns_swapped_and_normalized
06-0000031594,동작구,동작구 대방동 48-3도,이단(화살표있음),37.513247,126.9321699,Y,Y,N,N,Y,5,recommended,"보행등, 음향신호기, 교통안전시설 상세",24-0000007955,17.0,,,2026-03-20,source_columns_swapped_and_normalized
06-0000031595,동작구,동작구 대방동 48-3도,이단(화살표있음),37.51311437,126.9321676,Y,Y,N,N,Y,5,recommended,"보행등, 음향신호기, 교통안전시설 상세",24-0000007955,5.5,,,2026-03-20,source_columns_swapped_and_normalized
06-0000031608,동작구,동작구 노량진동 40-12 도,이단(화살표없음),37.51339935,126.9386389,Y,Y,N,N,Y,5,recommended,"보행등, 음향신호기, 교통안전시설 상세",24-0000005857,10.4,,,2026-03-20,source_columns_swapped_and_normalized
06-0000031610,동작구,동작구 노량진동 40-12 도,이단(화살표있음),37.51348674,126.9400454,Y,Y,N,N,Y,5,recommended,"보행등, 음향신호기, 교통안전시설 상세",24-0000009438,8.7,,,2026-03-20,source_columns_swapped_and_normalized
06-0000031619,동작구,동작구 노량진동 60-11도,이단(화살표있음),37.51333547,126.9402054,Y,Y,N,N,Y,5,recommended,"보행등, 음향신호기, 교통안전시설 상세",24-0000009438,14.2,,,2026-03-20,source_columns_swapped_and_normalized
06-0000031620,동작구,동작구 노량진동 113-1도,이단(화살표있음),37.51377592,126.9440201,Y,Y,N,N,Y,5,recommended,"보행등, 음향신호기, 교통안전시설 상세",24-0000009445,7.3,,,2026-03-20,source_columns_swapped_and_normalized
06-0000031621,동작구,동작구 노량진동 113-1도,이단(화살표있음),37.51364743,126.9440288,Y,Y,N,N,Y,5,recommended,"보행등, 음향신호기, 교통안전시설 상세",24-0000009444,2.4,,,2026-03-20,source_columns_swapped_and_normalized
06-0000031622,동작구,동작구 노량진동 150-2도,이단(화살표있음),37.51383847,126.944512,Y,Y,N,N,Y,5,recommended,"보행등, 음향신호기, 교통안전시설 상세",24-0000009448,3.0,,,2026-03-20,source_columns_swapped_and_normalized
06-0000031623,동작구,동작구 노량진동 148-1도,이단(화살표있음),37.5137048,126.9445266,Y,Y,N,N,Y,5,recommended,"보행등, 음향신호기, 교통안전시설 상세",24-0000007957,1.1,,,2026-03-20,source_columns_swapped_and_normalized
06-0000031632,동작구,동작구 노량진동 186-1도,이단(화살표있음),37.51281052,126.949495,Y,Y,N,N,Y,5,recommended,"보행등, 음향신호기, 교통안전시설 상세",24-0000009450,14.1,,,2026-03-20,source_columns_swapped_and_normalized
06-0000031633,동작구,동작구 노량진동 186-1도,이단(화살표있음),37.51268169,126.9494587,Y,Y,N,N,Y,5,recommended,"보행등, 음향신호기, 교통안전시설 상세",24-0000009450,9.2,,,2026-03-20,source_columns_swapped_and_normalized
06-0000031635,동작구,동작구 본동 344-3도,이단(화살표있음),37.51275948,126.9507512,Y,Y,N,N,Y,5,recommended,"보행등, 음향신호기, 교통안전시설 상세",24-0000013819,4.2,,,2026-03-20,source_columns_swapped_and_normalized
06-0000031636,동작구,동작구 본동 344-3도,이단(화살표있음),37.51263334,126.9507491,Y,Y,N,N,Y,5,recommended,"보행등, 음향신호기, 교통안전시설 상세",24-0000009452,4.6,,,2026-03-20,source_columns_swapped_and_normalized
06-0000032158,동작구,동작구 신대방동 342-57도,일단(화살표없음),37.49680467,126.9276746,N,Y,N,Y,Y,5,recommended,"음향신호기, 고원식횡단보도, 교통안전시설 상세",24-0000014308,2.3,,,2026-03-20,source_columns_swapped_and_normalized
06-0000033634,동작구,동작구 상도동 439 도,이단(화살표있음),37.50291275,126.9542361,Y,Y,N,N,Y,5,recommended,"보행등, 음향신호기, 교통안전시설 상세",24-0000009752,2.1,,,2026-03-20,source_columns_swapped_and_normalized
06-0000034854,동작구,동작구 대방동 466-51도,이단(화살표있음),37.49971868,126.920331,Y,Y,N,N,Y,5,recommended,"보행등, 음향신호기, 교통안전시설 상세",24-0000009430,17.4,,,2026-03-20,source_columns_swapped_and_normalized
06-0000035309,동작구,동작구 흑석동 335-4 도,이단(화살표있음),37.50548436,126.9661443,Y,Y,N,N,Y,5,recommended,"보행등, 음향신호기, 교통안전시설 상세",,,,,2026-03-20,source_columns_swapped_and_normalized
06-0000035430,동작구,동작구 흑석동 11-4 도,이단(화살표있음),37.50702019,126.9665957,Y,Y,N,N,Y,5,recommended,"보행등, 음향신호기, 교통안전시설 상세",24-0000014286,13.9,,,2026-03-20,source_columns_swapped_and_normalized
06-0000035443,동작구,동작구 상도동 187-2도,이단(화살표있음),37.5031308,126.936261,Y,Y,N,N,Y,5,recommended,"보행등, 음향신호기, 교통안전시설 상세",24-0000006962,6.0,,,2026-03-20,source_columns_swapped_and_normalized
06-0000035495,동작구,동작구 신대방동 342-57도,이단(화살표있음),37.49671667,126.9277791,Y,Y,N,N,Y,5,recommended,"보행등, 음향신호기, 교통안전시설 상세",24-0000014309,8.2,,,2026-03-20,source_columns_swapped_and_normalized
06-0000035580,동작구,동작구 노량진동 114-3도,이단(화살표있음),37.51354369,126.9442986,Y,Y,N,N,Y,5,recommended,"보행등, 음향신호기, 교통안전시설 상세",24-0000009447,14.0,,,2026-03-20,source_columns_swapped_and_normalized
06-0000037130,동작구,동작구 상도동 439 도,이단(화살표있음),37.49967741,126.9537022,Y,Y,N,N,Y,5,recommended,"보행등, 음향신호기, 교통안전시설 상세",,,,,2026-03-20,source_columns_swapped_and_normalized
06-0000037587,동작구,동작구 상도동 103-3도,이단(화살표있음),37.49482861,126.9609165,Y,Y,N,N,Y,5,recommended,"보행등, 음향신호기, 교통안전시설 상세",24-0000014295,24.1,,,2026-03-20,source_columns_swapped_and_normalized
06-0000037665,동작구,동작구 본동 475-1도,이단(화살표있음),37.51342457,126.9566462,Y,Y,N,N,Y,5,recommended,"보행등, 음향신호기, 교통안전시설 상세",24-0000014293,1.7,,,2026-03-20,source_columns_swapped_and_normalized
06-0000037872,동작구,동작구 사당동 323-6도,이단(화살표있음),37.48373082,126.9772049,Y,Y,N,N,Y,5,recommended,"보행등, 음향신호기, 교통안전시설 상세",24-0000008286,7.7,,,2026-03-20,source_columns_swapped_and_normalized
06-0000038747,동작구,동작구 대방동 406-10도,이단(화살표있음),37.49970436,126.9279639,Y,Y,N,N,Y,5,recommended,"보행등, 음향신호기, 교통안전시설 상세",24-0000002400,28.3,,,2026-03-20,source_columns_swapped_and_normalized
06-0000038785,동작구,동작구 상도1동 517 도,이단(화살표있음),37.49739406,126.9523419,Y,Y,N,N,Y,5,recommended,"보행등, 음향신호기, 교통안전시설 상세",24-0000011342,7.5,,,2026-03-20,source_columns_swapped_and_normalized
06-0000038787,동작구,동작구 상도1동 531-5 도,일단(화살표없음),37.49739019,126.9520903,N,Y,N,Y,Y,5,recommended,"음향신호기, 고원식횡단보도, 교통안전시설 상세",24-0000011343,26.9,,,2026-03-20,source_columns_swapped_and_normalized
06-0000038790,동작구,동작구 상도동 531-5 도,일단(화살표없음),37.49716064,126.9503388,Y,Y,N,N,Y,5,recommended,"보행등, 음향신호기, 교통안전시설 상세",24-0000014886,7.0,,,2026-03-20,source_columns_swapped_and_normalized
06-0000038792,동작구,동작구 상도동 533-1 도,일단(화살표없음),37.49722819,126.9501536,Y,Y,N,N,Y,5,recommended,"보행등, 음향신호기, 교통안전시설 상세",24-0000014887,6.4,,,2026-03-20,source_columns_swapped_and_normalized
06-0000038794,동작구,동작구 상도동 531-5 도,일단(화살표없음),37.49712493,126.9502039,Y,Y,N,N,Y,5,recommended,"보행등, 음향신호기, 교통안전시설 상세",24-0000014886,7.2,,,2026-03-20,source_columns_swapped_and_normalized
06-0000039131,동작구,동작구 상도1동 517 도,이단(화살표있음),37.49735339,126.9526612,Y,Y,N,N,Y,5,recommended,"보행등, 음향신호기, 교통안전시설 상세",24-0000011341,15.8,,,2026-03-20,source_columns_swapped_and_normalized
06-0000039258,동작구,동작구 동작동 55-3도,이단(화살표있음),37.49376881,126.9824795,Y,Y,N,N,Y,5,recommended,"보행등, 음향신호기, 교통안전시설 상세",24-0000015098,5.2,,,2026-03-20,source_columns_swapped_and_normalized
06-0000039321,동작구,동작구 흑석동 339-5 도,일단(화살표없음),37.50167118,126.9600461,Y,N,Y,Y,Y,5,recommended,"보행등, 보행자작동신호기, 고원식횡단보도, 교통안전시설 상세",,,29-0000001400,22.3,2026-03-20,source_columns_swapped_and_normalized
06-0000039473,동작구,동작구 상도동 370-11 도,이단(화살표있음),37.50525775,126.9394265,Y,Y,N,N,Y,5,recommended,"보행등, 음향신호기, 교통안전시설 상세",24-0000014305,11.4,,,2026-03-20,source_columns_swapped_and_normalized
06-0000040040,동작구,동작구 흑석동 7-61도,이단(화살표있음),37.50495712,126.9536708,Y,Y,N,N,Y,5,recommended,"보행등, 음향신호기, 교통안전시설 상세",24-0000009480,0.8,,,2026-03-20,source_columns_swapped_and_normalized
06-0000040200,동작구,동작구 사당동 169-14도,일단(화살표없음),37.4852688,126.9731952,Y,Y,N,N,Y,5,recommended,"보행등, 음향신호기, 교통안전시설 상세",,,,,2026-03-20,source_columns_swapped_and_normalized
06-0000040201,동작구,동작구 사당동 169-14도,이단(화살표있음),37.48519895,126.9733114,Y,Y,N,N,Y,5,recommended,"보행등, 음향신호기, 교통안전시설 상세",,,,,2026-03-20,source_columns_swapped_and_normalized
06-0000041029,동작구,동작구 사당동 1129도,이단(화살표없음),37.47652222,126.9813781,Y,Y,N,N,Y,5,recommended,"보행등, 음향신호기, 교통안전시설 상세",24-0000008722,11.9,,,2026-03-20,source_columns_swapped_and_normalized
06-0000041030,동작구,동작구 사당동 1129도,이단(화살표있음),37.47665278,126.981391,Y,Y,N,N,Y,5,recommended,"보행등, 음향신호기, 교통안전시설 상세",24-0000008721,17.6,,,2026-03-20,source_columns_swapped_and_normalized
06-0000041458,동작구,동작구 흑석동 27-91도,이단(화살표있음),37.50617864,126.9688329,Y,Y,N,N,Y,5,recommended,"보행등, 음향신호기, 교통안전시설 상세",24-0000011656,7.8,,,2026-03-20,source_columns_swapped_and_normalized
06-0000041460,동작구,동작구 노량진동 67-3도,이단(화살표있음),37.51364188,126.9426439,Y,Y,N,N,Y,5,recommended,"보행등, 음향신호기, 교통안전시설 상세",24-0000013815,7.9,,,2026-03-20,source_columns_swapped_and_normalized
06-0000042048,동작구,동작구 노량진동 239-2 도,이단(화살표있음),37.51149569,126.9402079,Y,Y,N,N,Y,5,recommended,"보행등, 음향신호기, 교통안전시설 상세",24-0000014203,10.3,,,2026-03-20,source_columns_swapped_and_normalized
06-0000043750,동작구,동작구 사당동 산25-33도,이단(화살표있음),37.48470748,126.9709398,Y,Y,N,N,Y,5,recommended,"보행등, 음향신호기, 교통안전시설 상세",24-0000011932,5.8,,,2026-03-20,source_columns_swapped_and_normalized
06-0000044515,동작구,동작구 노량진동 27-1도,이단(화살표있음),37.51326996,126.9364016,Y,Y,N,N,Y,5,recommended,"보행등, 음향신호기, 교통안전시설 상세",24-0000014282,7.0,,,2026-03-20,source_columns_swapped_and_normalized
06-0000044678,동작구,동작구 노량진동 40-12 도,이단(화살표있음),37.51348746,126.9386249,Y,Y,N,N,Y,5,recommended,"보행등, 음향신호기, 교통안전시설 상세",24-0000009435,4.6,,,2026-03-20,source_columns_swapped_and_normalized
06-0000044679,동작구,동작구 노량진동 40-12 도,이단(화살표있음),37.51331022,126.9386489,Y,Y,N,N,Y,5,recommended,"보행등, 음향신호기, 교통안전시설 상세",24-0000005857,2.0,,,2026-03-20,source_columns_swapped_and_normalized
06-0000044853,동작구,동작구 사당동 1129도,이단(화살표있음),37.4759372,126.9731987,Y,Y,N,N,Y,5,recommended,"보행등, 음향신호기, 교통안전시설 상세",24-0000012317,16.2,,,2026-03-20,source_columns_swapped_and_normalized
06-0000045215,동작구,동작구 사당동 235-55도,일단(화살표없음),37.48194278,126.9666014,Y,Y,N,N,Y,5,recommended,"보행등, 음향신호기, 교통안전시설 상세",,,,,2026-03-20,source_columns_swapped_and_normalized
06-0000045997,동작구,동작구 상도동 439 도,이단(화살표있음),37.50102635,126.9536894,Y,Y,N,N,Y,5,recommended,"보행등, 음향신호기, 교통안전시설 상세",24-0000011411,9.4,,,2026-03-20,source_columns_swapped_and_normalized
06-0000046041,동작구,동작구 사당동 1112도,이단(화살표있음),37.48283052,126.9818631,Y,Y,N,N,Y,5,recommended,"보행등, 음향신호기, 교통안전시설 상세",24-0000005784,4.2,,,2026-03-20,source_columns_swapped_and_normalized
06-0000046042,동작구,동작구 사당동 1112도,이단(화살표있음),37.48020456,126.9817182,Y,Y,N,N,Y,5,recommended,"보행등, 음향신호기, 교통안전시설 상세",24-0000011257,6.5,,,2026-03-20,source_columns_swapped_and_normalized
06-0000046448,동작구,동작구 상도동 26-75 도,이단(화살표있음),37.50489726,126.9463665,Y,Y,N,N,Y,5,recommended,"보행등, 음향신호기, 교통안전시설 상세",24-0000014301,30.0,,,2026-03-20,source_columns_swapped_and_normalized
06-0000046449,동작구,동작구 흑석동 86-191 도,이단(화살표없음),37.50352064,126.9609144,Y,Y,N,N,Y,5,recommended,"보행등, 음향신호기, 교통안전시설 상세",,,,,2026-03-20,source_columns_swapped_and_normalized
06-0000047460,동작구,동작구 흑석동 341-11 도,이단(화살표있음),37.50887499,126.9615809,Y,Y,N,N,Y,5,recommended,"보행등, 음향신호기, 교통안전시설 상세",,,,,2026-03-20,source_columns_swapped_and_normalized
06-0000047470,동작구,동작구 흑석동 114-3 종,일단(화살표없음),37.50956528,126.9632632,N,Y,N,Y,Y,5,recommended,"음향신호기, 고원식횡단보도, 교통안전시설 상세",24-0000014290,4.7,,,2026-03-20,source_columns_swapped_and_normalized
06-0000048034,동작구,동작구 흑석동 130-3도,이단(화살표있음),37.50889412,126.961783,Y,Y,N,N,Y,5,recommended,"보행등, 음향신호기, 교통안전시설 상세",,,,,2026-03-20,source_columns_swapped_and_normalized
06-0000048035,동작구,동작구 흑석동 341-11 도,일단(화살표있음),37.5095709,126.9601485,Y,Y,N,N,Y,5,recommended,"보행등, 음향신호기, 교통안전시설 상세",,,,,2026-03-20,source_columns_swapped_and_normalized
06-0000048036,동작구,동작구 흑석동 341-11 도,일단(화살표없음),37.5095506,126.9599522,Y,Y,N,N,Y,5,recommended,"보행등, 음향신호기, 교통안전시설 상세",,,,,2026-03-20,source_columns_swapped_and_normalized
06-0000048037,동작구,동작구 흑석동 341-11 도,이단(화살표있음),37.50969862,126.9600994,Y,Y,N,N,Y,5,recommended,"보행등, 음향신호기, 교통안전시설 상세",,,,,2026-03-20,source_columns_swapped_and_normalized
06-0000048038,동작구,동작구 흑석동 341-11 도,일단(화살표없음),37.50966038,126.9599258,Y,Y,N,N,Y,5,recommended,"보행등, 음향신호기, 교통안전시설 상세",,,,,2026-03-20,source_columns_swapped_and_normalized
06-0000048048,동작구,동작구 흑석동 340-10 도,일단(화살표있음),37.50402157,126.9607787,Y,Y,N,N,Y,5,recommended,"보행등, 음향신호기, 교통안전시설 상세",,,,,2026-03-20,source_columns_swapped_and_normalized
06-0000048049,동작구,동작구 흑석동 340-0 대,일단(화살표없음),37.50395555,126.9606827,Y,Y,N,N,Y,5,recommended,"보행등, 음향신호기, 교통안전시설 상세",,,,,2026-03-20,source_columns_swapped_and_normalized
06-0000048080,동작구,동작구 노량진동 60-11도,이단(화살표있음),37.51350127,126.9403334,Y,Y,N,N,Y,5,recommended,"보행등, 음향신호기, 교통안전시설 상세",24-0000009436,9.1,,,2026-03-20,source_columns_swapped_and_normalized
06-0000048118,동작구,동작구 사당동 173-9대,일단(화살표없음),37.48950173,126.9716707,Y,Y,N,N,Y,5,recommended,"보행등, 음향신호기, 교통안전시설 상세",,,,,2026-03-20,source_columns_swapped_and_normalized
06-0000048862,동작구,동작구 사당동 254-1도,이단(화살표있음),37.48323105,126.974287,Y,Y,N,N,Y,5,recommended,"보행등, 음향신호기, 교통안전시설 상세",,,,,2026-03-20,source_columns_swapped_and_normalized
06-0000049113,동작구,동작구 상도동 34-3 도,이단(화살표있음),37.50469323,126.9463674,Y,Y,N,N,Y,5,recommended,"보행등, 음향신호기, 교통안전시설 상세",,,,,2026-03-20,source_columns_swapped_and_normalized
06-0000049139,동작구,동작구 노량진동 230-44도,이단(화살표있음),37.50674532,126.9398281,Y,Y,N,N,Y,5,recommended,"보행등, 음향신호기, 교통안전시설 상세",24-0000014889,9.3,,,2026-03-20,source_columns_swapped_and_normalized
06-0000049198,동작구,동작구 신대방동 344-201도,일단(화살표없음),37.49701754,126.927726,N,Y,N,Y,Y,5,recommended,"음향신호기, 고원식횡단보도, 교통안전시설 상세",24-0000014308,22.7,,,2026-03-20,source_columns_swapped_and_normalized
06-0000049199,동작구,동작구 사당동 221도,이단(화살표없음),37.48512326,126.9699259,Y,Y,N,N,Y,5,recommended,"보행등, 음향신호기, 교통안전시설 상세",24-0000002177,20.4,,,2026-03-20,source_columns_swapped_and_normalized
06-0000049350,동작구,동작구 대방동 466-43도,이단(화살표있음),37.50419464,126.9220543,Y,Y,N,N,Y,5,recommended,"보행등, 음향신호기, 교통안전시설 상세",24-0000003874,11.2,,,2026-03-20,source_columns_swapped_and_normalized
06-0000049508,동작구,동작구 흑석동 257-7대,이단(화살표있음),37.49961197,126.9604376,Y,Y,N,N,Y,5,recommended,"보행등, 음향신호기, 교통안전시설 상세",,,,,2026-03-20,source_columns_swapped_and_normalized
06-0000049509,동작구,동작구 흑석동 239-88대,일단(화살표없음),37.49919469,126.9598842,Y,Y,N,N,Y,5,recommended,"보행등, 음향신호기, 교통안전시설 상세",,,,,2026-03-20,source_columns_swapped_and_normalized
06-0000049510,동작구,동작구 흑석동 258-3대,이단(화살표있음),37.49922109,126.9600567,Y,Y,N,N,Y,5,recommended,"보행등, 음향신호기, 교통안전시설 상세",,,,,2026-03-20,source_columns_swapped_and_normalized
06-0000049511,동작구,동작구 흑석동 330-9 도,일단(화살표없음),37.49908246,126.9599754,Y,Y,N,N,Y,5,recommended,"보행등, 음향신호기, 교통안전시설 상세",,,,,2026-03-20,source_columns_swapped_and_normalized
06-0000049512,동작구,동작구 흑석동 257-7대,일단(화살표없음),37.49951996,126.9604971,Y,Y,N,N,Y,5,recommended,"보행등, 음향신호기, 교통안전시설 상세",,,,,2026-03-20,source_columns_swapped_and_normalized
06-0000050747,동작구,동작구 상도동 521-3 도,이단(화살표있음),37.50056826,126.9449103,Y,Y,N,N,Y,5,recommended,"보행등, 음향신호기, 교통안전시설 상세",,,,,2026-03-20,source_columns_swapped_and_normalized
06-0000050749,동작구,동작구 상도동 904-1 도,이단(화살표있음),37.50070398,126.9452901,Y,Y,N,N,Y,5,recommended,"보행등, 음향신호기, 교통안전시설 상세",,,,,2026-03-20,source_columns_swapped_and_normalized
06-0000050753,동작구,동작구 상도동 159-19도,이단(화살표있음),37.50176832,126.9458025,Y,Y,N,N,Y,5,recommended,"보행등, 음향신호기, 교통안전시설 상세",,,,,2026-03-20,source_columns_swapped_and_normalized
06-0000052009,동작구,동작구 상도동 904-1 도,일단(화살표없음),37.50137585,126.9457204,N,Y,Y,N,N,5,recommended,"음향신호기, 보행자작동신호기",24-0000003448,12.9,29-0000000314,13.4,2026-03-20,source_columns_swapped_and_normalized
06-0000052010,동작구,동작구 상도동 521-3 도,이단(화살표있음),37.50079158,126.9450786,Y,Y,N,Y,N,5,recommended,"보행등, 음향신호기, 고원식횡단보도",,,,,2026-03-20,source_columns_swapped_and_normalized
06-0000052011,동작구,동작구 상도동 904-1 도,이단(화살표있음),37.50053323,126.9451033,Y,Y,N,Y,N,5,recommended,"보행등, 음향신호기, 고원식횡단보도",,,,,2026-03-20,source_columns_swapped_and_normalized
06-0000003112,동작구,동작구 사당동 1112도,이단(화살표없음),37.48000102,126.9816039,N,Y,N,N,Y,4,recommended,"음향신호기, 교통안전시설 상세",24-0000011257,29.3,,,2026-03-20,source_columns_swapped_and_normalized
06-0000003515,동작구,동작구 사당동 144-4도,이단(화살표있음),37.48495925,126.9818581,N,Y,N,N,Y,4,recommended,"음향신호기, 교통안전시설 상세",24-0000005790,24.1,,,2026-03-20,source_columns_swapped_and_normalized
06-0000003520,동작구,동작구 사당동 1112도,이단(화살표없음),37.48294588,126.9817657,N,Y,N,N,Y,4,recommended,"음향신호기, 교통안전시설 상세",24-0000005786,3.3,,,2026-03-20,source_columns_swapped_and_normalized
06-0000003521,동작구,동작구 사당동 1112도,이단(화살표없음),37.4831756,126.9817811,N,Y,N,N,Y,4,recommended,"음향신호기, 교통안전시설 상세",24-0000005786,28.8,,,2026-03-20,source_columns_swapped_and_normalized
06-0000003775,동작구,동작구 사당동 1112도,이단(화살표없음),37.48270541,126.9817589,N,Y,N,N,Y,4,recommended,"음향신호기, 교통안전시설 상세",24-0000005784,18.2,,,2026-03-20,source_columns_swapped_and_normalized
06-0000003779,동작구,동작구 사당동 1112도,일단(화살표없음),37.4805389,126.9816272,N,Y,N,N,Y,4,recommended,"음향신호기, 교통안전시설 상세",24-0000005773,22.3,,,2026-03-20,source_columns_swapped_and_normalized
06-0000004066,동작구,동작구 사당동 38-12도,일단(화살표없음),37.49125056,126.9824111,N,Y,N,N,Y,4,recommended,"음향신호기, 교통안전시설 상세",24-0000005804,16.2,,,2026-03-20,source_columns_swapped_and_normalized
06-0000004395,동작구,동작구 신대방동 700-4도,이단(화살표있음),37.48712787,126.9111683,Y,N,Y,N,Y,4,recommended,"보행등, 보행자작동신호기, 교통안전시설 상세",,,29-0000000321,2.8,2026-03-20,source_columns_swapped_and_normalized
06-0000004396,동작구,동작구 신대방동 700-4도,이단(화살표있음),37.4875394,126.9125004,Y,N,Y,N,Y,4,recommended,"보행등, 보행자작동신호기, 교통안전시설 상세",,,29-0000000107,2.7,2026-03-20,source_columns_swapped_and_normalized
06-0000004397,동작구,동작구 신대방동 643-1 천,이단(화살표있음),37.48751695,126.9127324,Y,N,Y,N,Y,4,recommended,"보행등, 보행자작동신호기, 교통안전시설 상세",,,29-0000000108,7.4,2026-03-20,source_columns_swapped_and_normalized
06-0000004864,동작구,동작구 신대방동 699도,일단(화살표없음),37.48900636,126.9068257,N,Y,N,N,Y,4,recommended,"음향신호기, 교통안전시설 상세",24-0000002436,13.6,,,2026-03-20,source_columns_swapped_and_normalized
06-0000004874,동작구,동작구 노량진동 40-12 도,일단(화살표없음),37.51324545,126.9384179,N,Y,N,N,Y,4,recommended,"음향신호기, 교통안전시설 상세",24-0000005857,19.6,,,2026-03-20,source_columns_swapped_and_normalized
06-0000004892,동작구,동작구 노량진동 114-12도,일단(화살표없음),37.51348056,126.9443794,N,Y,N,N,Y,4,recommended,"음향신호기, 교통안전시설 상세",24-0000009446,19.4,,,2026-03-20,source_columns_swapped_and_normalized
06-0000004912,동작구,동작구 노량진동 113-1도,일단(화살표없음),37.5135685,126.9436876,N,Y,N,N,Y,4,recommended,"음향신호기, 교통안전시설 상세",24-0000009444,30.0,,,2026-03-20,source_columns_swapped_and_normalized
06-0000005074,동작구,동작구 노량진동 27-5도,일단(화살표없음),37.51314393,126.9366425,N,Y,N,N,Y,4,recommended,"음향신호기, 교통안전시설 상세",24-0000014282,26.1,,,2026-03-20,source_columns_swapped_and_normalized
06-0000005599,동작구,동작구 상도1동 794-1도,일단(화살표없음),37.50127744,126.9489892,N,Y,N,N,Y,4,recommended,"음향신호기, 교통안전시설 상세",24-0000014298,14.6,,,2026-03-20,source_columns_swapped_and_normalized
06-0000005601,동작구,동작구 상도1동 390-2도,일단(화살표없음),37.50146152,126.9493261,N,Y,N,N,Y,4,recommended,"음향신호기, 교통안전시설 상세",24-0000014299,4.1,,,2026-03-20,source_columns_swapped_and_normalized
06-0000006094,동작구,동작구 대방동 466-60도,일단(화살표없음),37.49966336,126.9252972,N,Y,N,N,Y,4,recommended,"음향신호기, 교통안전시설 상세",24-0000011924,19.3,,,2026-03-20,source_columns_swapped_and_normalized
06-0000006108,동작구,동작구 대방동 466-1도,이단(화살표없음),37.51240798,126.9256405,N,Y,N,N,Y,4,recommended,"음향신호기, 교통안전시설 상세",24-0000000079,17.1,,,2026-03-20,source_columns_swapped_and_normalized
06-0000006118,동작구,동작구 대방동 466-55도,이단(화살표있음),37.51098715,126.9265754,N,N,Y,Y,Y,4,recommended,"보행자작동신호기, 고원식횡단보도, 교통안전시설 상세",,,29-0000000349,7.8,2026-03-20,source_columns_swapped_and_normalized
06-0000006144,동작구,동작구 상도동 187-2도,일단(화살표없음),37.50230559,126.9347581,N,Y,N,N,Y,4,recommended,"음향신호기, 교통안전시설 상세",24-0000002390,16.6,,,2026-03-20,source_columns_swapped_and_normalized
06-0000006159,동작구,동작구 상도동 22-206 도,일단(화살표없음),37.50491894,126.9461691,N,Y,N,N,Y,4,recommended,"음향신호기, 교통안전시설 상세",24-0000014301,12.8,,,2026-03-20,source_columns_swapped_and_normalized
06-0000006162,동작구,동작구 상도1동 691-1도,일단(화살표없음),37.50356765,126.9475464,N,Y,N,N,Y,4,recommended,"음향신호기, 교통안전시설 상세",24-0000002396,17.7,,,2026-03-20,source_columns_swapped_and_normalized
06-0000006424,동작구,동작구 대방동 466-41도,일단(화살표없음),37.50626457,126.9230155,N,Y,N,N,Y,4,recommended,"음향신호기, 교통안전시설 상세",24-0000002482,27.1,,,2026-03-20,source_columns_swapped_and_normalized
06-0000006505,동작구,동작구 상도동 26-20도,일단(화살표없음),37.50515077,126.9391941,N,Y,N,N,Y,4,recommended,"음향신호기, 교통안전시설 상세",24-0000014303,27.8,,,2026-03-20,source_columns_swapped_and_normalized
06-0000006507,동작구,동작구 상도동 26-20도,일단(화살표없음),37.50442194,126.9381614,N,Y,N,N,Y,4,recommended,"음향신호기, 교통안전시설 상세",24-0000003442,27.7,,,2026-03-20,source_columns_swapped_and_normalized
06-0000006509,동작구,동작구 상도동 26-20도,이단(화살표있음),37.50455448,126.9389424,N,Y,N,N,Y,4,recommended,"음향신호기, 교통안전시설 상세",24-0000011415,23.5,,,2026-03-20,source_columns_swapped_and_normalized
06-0000006514,동작구,동작구 상도동 26-20도,일단(화살표없음),37.50525747,126.9397209,N,Y,N,N,Y,4,recommended,"음향신호기, 교통안전시설 상세",24-0000011412,6.0,,,2026-03-20,source_columns_swapped_and_normalized
06-0000006528,동작구,동작구 흑석동 34-1 도,일단(화살표없음),37.50612123,126.9686014,N,Y,N,N,Y,4,recommended,"음향신호기, 교통안전시설 상세",24-0000011656,16.2,,,2026-03-20,source_columns_swapped_and_normalized
06-0000006564,동작구,동작구 상도동 187-2도,일단(화살표없음),37.50311274,126.9364187,N,Y,N,N,Y,4,recommended,"음향신호기, 교통안전시설 상세",24-0000006962,17.1,,,2026-03-20,source_columns_swapped_and_normalized
06-0000006567,동작구,동작구 상도동 26-20도,일단(화살표없음),37.50392069,126.9377016,N,Y,N,N,Y,4,recommended,"음향신호기, 교통안전시설 상세",24-0000003443,24.6,,,2026-03-20,source_columns_swapped_and_normalized
06-0000006689,동작구,동작구 상도동 26-20도,일단(화살표없음),37.50505975,126.9417672,N,Y,N,N,Y,4,recommended,"음향신호기, 교통안전시설 상세",24-0000011419,16.7,,,2026-03-20,source_columns_swapped_and_normalized
06-0000006728,동작구,동작구 상도1동 528-1도,이단(화살표있음),37.50483842,126.9521045,Y,N,Y,N,Y,4,recommended,"보행등, 보행자작동신호기, 교통안전시설 상세",,,29-0000000337,3.3,2026-03-20,source_columns_swapped_and_normalized
06-0000006883,동작구,동작구 노량진동 49-1도,일단(화살표없음),37.51179197,126.9400954,N,Y,N,N,Y,4,recommended,"음향신호기, 교통안전시설 상세",24-0000014203,27.5,,,2026-03-20,source_columns_swapped_and_normalized
06-0000006886,동작구,동작구 흑석동 10-5도,일단(화살표없음),37.50705762,126.9668835,N,Y,N,N,Y,4,recommended,"음향신호기, 교통안전시설 상세",24-0000014285,22.6,,,2026-03-20,source_columns_swapped_and_normalized
06-0000016830,동작구,동작구 사당동 708-345 도,일단(화살표없음),37.48426883,126.9795775,N,Y,N,N,Y,4,recommended,"음향신호기, 교통안전시설 상세",24-0000014284,25.2,,,2026-03-20,source_columns_swapped_and_normalized
06-0000018865,동작구,동작구 상도동 184-2도,이단(화살표있음),37.50274959,126.9399165,Y,N,Y,N,Y,4,recommended,"보행등, 보행자작동신호기, 교통안전시설 상세",,,29-0000001158,8.9,2026-03-20,source_columns_swapped_and_normalized
06-0000019134,동작구,동작구 신대방동 425-20도,일단(화살표없음),37.49272528,126.9254264,N,Y,N,N,Y,4,recommended,"음향신호기, 교통안전시설 상세",24-0000004996,28.6,,,2026-03-20,source_columns_swapped_and_normalized
06-0000019358,동작구,동작구 상도동 산49-120도,일단(화살표없음),37.49458515,126.9607968,N,Y,N,N,Y,4,recommended,"음향신호기, 교통안전시설 상세",24-0000014296,22.3,,,2026-03-20,source_columns_swapped_and_normalized
06-0000022422,동작구,동작구 상도동 211-456도,일단(화살표없음),37.49939965,126.9444956,N,Y,N,N,Y,4,recommended,"음향신호기, 교통안전시설 상세",24-0000002164,18.2,,,2026-03-20,source_columns_swapped_and_normalized
06-0000023160,동작구,동작구 상도동 210-6 도,일단(화살표없음),37.49744052,126.9433363,N,Y,N,N,Y,4,recommended,"음향신호기, 교통안전시설 상세",24-0000011391,8.6,,,2026-03-20,source_columns_swapped_and_normalized
06-0000023387,동작구,동작구 상도동 210-6 도,일단(화살표없음),37.49756861,126.9431886,N,Y,N,N,Y,4,recommended,"음향신호기, 교통안전시설 상세",24-0000011390,10.9,,,2026-03-20,source_columns_swapped_and_normalized
06-0000023605,동작구,동작구 흑석동 233-5 도,이단(화살표있음),37.50612815,126.961053,N,N,Y,Y,Y,4,recommended,"보행자작동신호기, 고원식횡단보도, 교통안전시설 상세",,,29-0000001444,22.4,2026-03-20,source_columns_swapped_and_normalized
06-0000024189,동작구,동작구 흑석동 86-181 도,이단(화살표있음),37.50624351,126.9612044,Y,N,Y,N,Y,4,recommended,"보행등, 보행자작동신호기, 교통안전시설 상세",,,29-0000001444,5.2,2026-03-20,source_columns_swapped_and_normalized
06-0000025905,동작구,동작구 노량진동 231-185 도,일단(화살표없음),37.50989682,126.9403064,N,Y,N,N,Y,4,recommended,"음향신호기, 교통안전시설 상세",24-0000002397,25.5,,,2026-03-20,source_columns_swapped_and_normalized
06-0000026621,동작구,동작구 신대방동 500-8도,일단(화살표없음),37.49686124,126.9167892,N,Y,N,N,Y,4,recommended,"음향신호기, 교통안전시설 상세",24-0000003988,28.4,,,2026-03-20,source_columns_swapped_and_normalized
06-0000028165,동작구,동작구 사당동 105-21도,일단(화살표없음),37.48779146,126.9754169,Y,N,Y,N,Y,4,recommended,"보행등, 보행자작동신호기, 교통안전시설 상세",,,29-0000001160,8.1,2026-03-20,source_columns_swapped_and_normalized
06-0000029922,동작구,동작구 사당동 318-10 답,일단(화살표없음),37.48312064,126.9745796,N,Y,N,N,Y,4,recommended,"음향신호기, 교통안전시설 상세",24-0000009476,13.4,,,2026-03-20,source_columns_swapped_and_normalized
06-0000031406,동작구,동작구 사당동 144-4도,이단(화살표없음),37.48543741,126.9818661,N,Y,N,N,Y,4,recommended,"음향신호기, 교통안전시설 상세",24-0000012767,7.8,,,2026-03-20,source_columns_swapped_and_normalized
06-0000031617,동작구,동작구 노량진동 60-11도,이단(화살표없음),37.51329254,126.9400403,N,Y,N,N,Y,4,recommended,"음향신호기, 교통안전시설 상세",24-0000011539,12.2,,,2026-03-20,source_columns_swapped_and_normalized
06-0000031618,동작구,동작구 노량진동 63-12도,일단(화살표없음),37.51333078,126.9403705,N,Y,N,N,Y,4,recommended,"음향신호기, 교통안전시설 상세",24-0000009436,10.3,,,2026-03-20,source_columns_swapped_and_normalized
06-0000032119,동작구,동작구 대방동 466-33도,일단(화살표없음),37.50956251,126.9243407,N,Y,N,N,Y,4,recommended,"음향신호기, 교통안전시설 상세",24-0000002393,14.8,,,2026-03-20,source_columns_swapped_and_normalized
06-0000036075,동작구,동작구 사당동 708-651도,일단(화살표없음),37.48683362,126.9678921,N,Y,N,N,Y,4,recommended,"음향신호기, 교통안전시설 상세",24-0000000668,20.1,,,2026-03-20,source_columns_swapped_and_normalized
06-0000037531,동작구,동작구 상도동 121-101 도,일단(화살표없음),37.49247245,126.9563283,N,Y,N,N,Y,4,recommended,"음향신호기, 교통안전시설 상세",24-0000004160,12.0,,,2026-03-20,source_columns_swapped_and_normalized
06-0000037868,동작구,동작구 사당동 708-529도,일단(화살표없음),37.48312922,126.9744054,N,Y,N,N,Y,4,recommended,"음향신호기, 교통안전시설 상세",24-0000009476,27.1,,,2026-03-20,source_columns_swapped_and_normalized
06-0000038793,동작구,동작구 상도동 533-0 대,이단(화살표없음),37.49734829,126.9499134,N,Y,N,N,Y,4,recommended,"음향신호기, 교통안전시설 상세",24-0000014887,18.7,,,2026-03-20,source_columns_swapped_and_normalized
06-0000039014,동작구,동작구 사당동 1043-16도,이단(화살표있음),37.47693462,126.9812097,N,Y,N,N,Y,4,recommended,"음향신호기, 교통안전시설 상세",24-0000008720,21.0,,,2026-03-20,source_columns_swapped_and_normalized
06-0000039320,동작구,동작구 흑석동 253-79임,이단(화살표있음),37.50176488,126.960191,Y,N,Y,N,Y,4,recommended,"보행등, 보행자작동신호기, 교통안전시설 상세",,,29-0000001400,6.1,2026-03-20,source_columns_swapped_and_normalized
06-0000040024,동작구,동작구 사당동 산32-61임,이단(화살표있음),37.48407275,126.9671849,Y,N,Y,N,Y,4,recommended,"보행등, 보행자작동신호기, 교통안전시설 상세",,,29-0000001469,20.2,2026-03-20,source_columns_swapped_and_normalized
06-0000040199,동작구,동작구 대방동 466-59도,일단(화살표없음),37.49972288,126.922521,N,Y,N,N,Y,4,recommended,"음향신호기, 교통안전시설 상세",24-0000007122,17.5,,,2026-03-20,source_columns_swapped_and_normalized
06-0000040998,동작구,동작구 상도1동 257-1도,일단(화살표없음),37.49862436,126.9513045,N,Y,N,N,Y,4,recommended,"음향신호기, 교통안전시설 상세",24-0000014297,15.5,,,2026-03-20,source_columns_swapped_and_normalized
06-0000041073,동작구,동작구 사당동 708-530도,일단(화살표없음),37.48468358,126.970685,N,Y,N,N,Y,4,recommended,"음향신호기, 교통안전시설 상세",24-0000011932,27.1,,,2026-03-20,source_columns_swapped_and_normalized
06-0000044967,동작구,동작구 흑석동 79-289도,일단(화살표없음),37.50181693,126.9603094,N,N,Y,Y,Y,4,recommended,"보행자작동신호기, 고원식횡단보도, 교통안전시설 상세",,,29-0000001400,6.0,2026-03-20,source_columns_swapped_and_normalized
06-0000045318,동작구,동작구 동작동 97-7도,일단(화살표없음),37.49722083,126.9830355,N,Y,N,N,Y,4,recommended,"음향신호기, 교통안전시설 상세",24-0000005820,12.4,,,2026-03-20,source_columns_swapped_and_normalized
06-0000049240,동작구,동작구 신대방동 345-6도,일단(화살표없음),37.4967953,126.9279296,N,Y,N,N,Y,4,recommended,"음향신호기, 교통안전시설 상세",24-0000014309,10.3,,,2026-03-20,source_columns_swapped_and_normalized
06-0000049373,동작구,동작구 대방동 335-33도,일단(화살표없음),37.49958474,126.9287516,N,Y,N,N,Y,4,recommended,"음향신호기, 교통안전시설 상세",24-0000002402,16.9,,,2026-03-20,source_columns_swapped_and_normalized
06-0000049392,동작구,동작구 상도1동 676-3도,일단(화살표없음),37.50349404,126.9480837,N,Y,N,N,Y,4,recommended,"음향신호기, 교통안전시설 상세",24-0000011955,29.9,,,2026-03-20,source_columns_swapped_and_normalized
06-0000049688,동작구,동작구 신대방동 699-4도,일단(화살표없음),37.48639224,126.9046911,N,Y,N,N,Y,4,recommended,"음향신호기, 교통안전시설 상세",24-0000003742,27.7,,,2026-03-20,source_columns_swapped_and_normalized
06-0000051203,동작구,동작구 대방동 408-2천,일단(화살표없음),37.49873569,126.925125,Y,Y,N,N,N,4,recommended,"보행등, 음향신호기",,,,,2026-03-20,source_columns_swapped_and_normalized
06-0000052850,동작구,동작구 대방동 466-55도,일단(화살표없음),37.51110699,126.9280778,Y,Y,N,N,N,4,recommended,"보행등, 음향신호기",,,,,2026-03-20,source_columns_swapped_and_normalized
06-0000052853,동작구,동작구 노량진동 215-179도,일단(화살표없음),37.50955619,126.9455987,Y,Y,N,N,N,4,recommended,"보행등, 음향신호기",,,,,2026-03-20,source_columns_swapped_and_normalized
06-0000053619,동작구,동작구 대방동 466-60도,일단(화살표없음),37.49988739,126.9240752,Y,Y,N,N,N,4,recommended,"보행등, 음향신호기",24-0000002471,6.3,,,2026-03-20,source_columns_swapped_and_normalized
06-0000055555,동작구,동작구 상도동 181-62 도,이단(화살표있음),37.50346382,126.9395706,Y,Y,N,N,N,4,recommended,"보행등, 음향신호기",,,,,2026-03-20,source_columns_swapped_and_normalized
06-0000055557,동작구,동작구 상도동 181-15 대,일단(화살표없음),37.50363401,126.9396286,Y,Y,N,N,N,4,recommended,"보행등, 음향신호기",,,,,2026-03-20,source_columns_swapped_and_normalized
06-0000055925,동작구,동작구 상도동 373도,이단(화살표있음),37.5051136,126.9412942,Y,Y,N,N,N,4,recommended,"보행등, 음향신호기",24-0000011416,24.7,,,2026-03-20,source_columns_swapped_and_normalized
06-0000055926,동작구,동작구 상도동 329-3도,일단(화살표없음),37.50579855,126.9412909,Y,Y,N,N,N,4,recommended,"보행등, 음향신호기",,,,,2026-03-20,source_columns_swapped_and_normalized
06-0000003952,동작구,동작구 사당동 236-23 학,일단(화살표없음),37.48123589,126.9658541,N,N,Y,N,Y,3,recommended,"보행자작동신호기, 교통안전시설 상세",,,29-0000000346,17.8,2026-03-20,source_columns_swapped_and_normalized
06-0000005984,동작구,동작구 흑석동 204-172 도,이단(화살표있음),37.50646921,126.9571677,Y,N,N,Y,Y,3,recommended,"보행등, 고원식횡단보도, 교통안전시설 상세",,,,,2026-03-20,source_columns_swapped_and_normalized
06-0000006007,동작구,동작구 상도동 201-38 도,일단(화살표없음),37.50055759,126.9415896,N,N,Y,N,Y,3,recommended,"보행자작동신호기, 교통안전시설 상세",,,29-0000000091,19.0,2026-03-20,source_columns_swapped_and_normalized
06-0000006586,동작구,동작구 상도동 210-361 구,일단(화살표없음),37.49834216,126.9437865,N,N,Y,N,Y,3,recommended,"보행자작동신호기, 교통안전시설 상세",,,29-0000000094,7.5,2026-03-20,source_columns_swapped_and_normalized
06-0000023150,동작구,동작구 흑석동 340-10 도,일단(화살표없음),37.50559076,126.9608881,N,N,Y,N,Y,3,recommended,"보행자작동신호기, 교통안전시설 상세",,,29-0000001161,17.4,2026-03-20,source_columns_swapped_and_normalized
06-0000023585,동작구,동작구 흑석동 221-1도,이단(화살표있음),37.50684943,126.9585461,Y,N,N,Y,Y,3,recommended,"보행등, 고원식횡단보도, 교통안전시설 상세",,,,,2026-03-20,source_columns_swapped_and_normalized
06-0000025140,동작구,동작구 상도1동 528-1도,일단(화살표없음),37.50487389,126.9520132,N,N,Y,N,Y,3,recommended,"보행자작동신호기, 교통안전시설 상세",,,29-0000000337,11.4,2026-03-20,source_columns_swapped_and_normalized
06-0000025141,동작구,동작구 상도1동 528-1도,일단(화살표없음),37.50477305,126.9519467,N,N,Y,N,Y,3,recommended,"보행자작동신호기, 교통안전시설 상세",,,29-0000000337,19.0,2026-03-20,source_columns_swapped_and_normalized
06-0000025144,동작구,동작구 신대방동 700-4도,일단(화살표없음),37.48765273,126.9124818,N,N,Y,N,Y,3,recommended,"보행자작동신호기, 교통안전시설 상세",,,29-0000000988,2.0,2026-03-20,source_columns_swapped_and_normalized
06-0000025145,동작구,동작구 신대방동 700-4도,일단(화살표없음),37.48767509,126.9125656,N,N,Y,N,Y,3,recommended,"보행자작동신호기, 교통안전시설 상세",,,29-0000000110,4.0,2026-03-20,source_columns_swapped_and_normalized
06-0000025146,동작구,동작구 신대방동 618-37임,일단(화살표없음),37.48767462,126.9126843,N,N,Y,N,Y,3,recommended,"보행자작동신호기, 교통안전시설 상세",,,29-0000000110,12.3,2026-03-20,source_columns_swapped_and_normalized
06-0000027307,동작구,동작구 흑석동 86-181 도,일단(화살표없음),37.50634047,126.961375,N,N,Y,N,Y,3,recommended,"보행자작동신호기, 교통안전시설 상세",,,29-0000001444,14.8,2026-03-20,source_columns_swapped_and_normalized
06-0000027308,동작구,동작구 대방동 466-55도,일단(화살표없음),37.51089645,126.9267413,N,N,Y,N,Y,3,recommended,"보행자작동신호기, 교통안전시설 상세",,,29-0000000351,8.8,2026-03-20,source_columns_swapped_and_normalized
06-0000027452,동작구,동작구 상도1동 528-1도,일단(화살표없음),37.50487166,126.9504932,N,N,Y,N,Y,3,recommended,"보행자작동신호기, 교통안전시설 상세",,,29-0000000338,15.2,2026-03-20,source_columns_swapped_and_normalized
06-0000029320,동작구,동작구 사당동 105-20 도,일단(화살표없음),37.48765576,126.9753831,N,N,Y,N,Y,3,recommended,"보행자작동신호기, 교통안전시설 상세",,,29-0000001160,20.8,2026-03-20,source_columns_swapped_and_normalized
06-0000029321,동작구,동작구 사당동 105-18도,일단(화살표없음),37.48795966,126.9757517,N,N,Y,N,Y,3,recommended,"보행자작동신호기, 교통안전시설 상세",,,29-0000001160,27.1,2026-03-20,source_columns_swapped_and_normalized
06-0000039771,동작구,동작구 흑석동 336-7 도,이단(화살표있음),37.50437621,126.9653124,Y,N,N,Y,Y,3,recommended,"보행등, 고원식횡단보도, 교통안전시설 상세",,,,,2026-03-20,source_columns_swapped_and_normalized
06-0000044829,동작구,동작구 신대방동 700-4도,일단(화살표없음),37.48710567,126.911482,N,N,Y,N,Y,3,recommended,"보행자작동신호기, 교통안전시설 상세",,,29-0000000321,27.8,2026-03-20,source_columns_swapped_and_normalized
06-0000045218,동작구,동작구 상도동 201-174도,일단(화살표없음),37.50047937,126.9421295,N,N,Y,N,Y,3,recommended,"보행자작동신호기, 교통안전시설 상세",,,29-0000000091,29.5,2026-03-20,source_columns_swapped_and_normalized
06-0000046432,동작구,동작구 사당동 산32-61임,일단(화살표없음),37.48414689,126.9672745,N,N,Y,N,Y,3,recommended,"보행자작동신호기, 교통안전시설 상세",,,29-0000001469,10.1,2026-03-20,source_columns_swapped_and_normalized
06-0000050751,동작구,동작구 상도동 904-1 도,일단(화살표없음),37.50167378,126.9459768,N,N,Y,N,Y,3,recommended,"보행자작동신호기, 교통안전시설 상세",,,29-0000000314,29.9,2026-03-20,source_columns_swapped_and_normalized
06-0000052012,동작구,동작구 상도동 211-496 대,일단(화살표없음),37.49950219,126.94453,N,Y,N,N,N,3,recommended,음향신호기,24-0000002164,27.0,,,2026-03-20,source_columns_swapped_and_normalized
06-0000054117,동작구,동작구 대방동 466-60도,일단(화살표없음),37.49985672,126.925308,N,Y,N,N,N,3,recommended,음향신호기,24-0000005132,15.0,,,2026-03-20,source_columns_swapped_and_normalized
06-0000054317,동작구,동작구 사당동 221도,일단(화살표없음),37.48506742,126.9697789,N,Y,N,N,N,3,recommended,음향신호기,24-0000002177,15.6,,,2026-03-20,source_columns_swapped_and_normalized
06-0000003719,동작구,동작구 사당동 산32-59 도,이단(화살표있음),37.48502424,126.9677115,Y,N,N,N,Y,2,basic,"보행등, 교통안전시설 상세",,,,,2026-03-20,source_columns_swapped_and_normalized
06-0000003777,동작구,동작구 사당동 1112도,일단(화살표없음),37.48165874,126.9817035,N,N,N,Y,Y,2,basic,"고원식횡단보도, 교통안전시설 상세",,,,,2026-03-20,source_columns_swapped_and_normalized
06-0000003875,동작구,동작구 상도동 210-6 도,이단(화살표있음),37.49550273,126.9427467,Y,N,N,N,Y,2,basic,"보행등, 교통안전시설 상세",,,,,2026-03-20,source_columns_swapped_and_normalized
06-0000003923,동작구,동작구 신대방동 378-10 도,일단(화살표없음),37.49781198,126.9220158,N,N,N,Y,Y,2,basic,"고원식횡단보도, 교통안전시설 상세",,,,,2026-03-20,source_columns_swapped_and_normalized
06-0000004063,동작구,동작구 사당동 87-8도,일단(화살표없음),37.48843323,126.9821062,N,N,N,Y,Y,2,basic,"고원식횡단보도, 교통안전시설 상세",,,,,2026-03-20,source_columns_swapped_and_normalized
06-0000005974,동작구,동작구 신대방동 722 공,이단(화살표있음),37.49692895,126.9175871,Y,N,N,N,Y,2,basic,"보행등, 교통안전시설 상세",,,,,2026-03-20,source_columns_swapped_and_normalized
06-0000006005,동작구,동작구 상도동 201-38 도,이단(화살표있음),37.50134066,126.941111,Y,N,N,N,Y,2,basic,"보행등, 교통안전시설 상세",,,,,2026-03-20,source_columns_swapped_and_normalized
06-0000006008,동작구,동작구 신대방동 378-10 도,일단(화살표없음),37.49766913,126.9224055,N,N,N,Y,Y,2,basic,"고원식횡단보도, 교통안전시설 상세",,,,,2026-03-20,source_columns_swapped_and_normalized
06-0000006010,동작구,동작구 신대방동 378-10 도,일단(화살표없음),37.49765948,126.9219889,N,N,N,Y,Y,2,basic,"고원식횡단보도, 교통안전시설 상세",,,,,2026-03-20,source_columns_swapped_and_normalized
06-0000006025,동작구,동작구 대방동 17-5도,이단(화살표있음),37.50873876,126.932069,Y,N,N,N,Y,2,basic,"보행등, 교통안전시설 상세",,,,,2026-03-20,source_columns_swapped_and_normalized
06-0000006026,동작구,동작구 대방동 17-5도,이단(화살표있음),37.50860927,126.9322355,Y,N,N,N,Y,2,basic,"보행등, 교통안전시설 상세",,,,,2026-03-20,source_columns_swapped_and_normalized
06-0000006027,동작구,동작구 대방동 17-5도,이단(화살표있음),37.50888617,126.9322031,Y,N,N,N,Y,2,basic,"보행등, 교통안전시설 상세",,,,,2026-03-20,source_columns_swapped_and_normalized
06-0000006081,동작구,동작구 신대방동 355-29 도,일단(화살표없음),37.49830378,126.9240442,Y,N,N,N,Y,2,basic,"보행등, 교통안전시설 상세",,,,,2026-03-20,source_columns_swapped_and_normalized
06-0000006082,동작구,동작구 대방동 408-2천,일단(화살표없음),37.49834167,126.9239796,Y,N,N,N,Y,2,basic,"보행등, 교통안전시설 상세",,,,,2026-03-20,source_columns_swapped_and_normalized
06-0000006096,동작구,동작구 대방동 406-10도,일단(화살표없음),37.49982902,126.9266396,N,N,N,Y,Y,2,basic,"고원식횡단보도, 교통안전시설 상세",,,,,2026-03-20,source_columns_swapped_and_normalized
06-0000006129,동작구,동작구 대방동 503-2도,이단(화살표있음),37.50880324,126.9251366,Y,N,N,N,Y,2,basic,"보행등, 교통안전시설 상세",,,,,2026-03-20,source_columns_swapped_and_normalized
06-0000006146,동작구,동작구 상도동 414-2도,이단(화살표있음),37.5067214,126.9478378,Y,N,N,N,Y,2,basic,"보행등, 교통안전시설 상세",,,,,2026-03-20,source_columns_swapped_and_normalized
06-0000006447,동작구,동작구 신대방동 355-26천,일단(화살표없음),37.49889273,126.9283113,N,N,N,Y,Y,2,basic,"고원식횡단보도, 교통안전시설 상세",,,,,2026-03-20,source_columns_swapped_and_normalized
06-0000006519,동작구,동작구 대방동 23-2도,이단(화살표있음),37.51141704,126.9320057,Y,N,N,N,Y,2,basic,"보행등, 교통안전시설 상세",,,,,2026-03-20,source_columns_swapped_and_normalized
06-0000006520,동작구,동작구 대방동 37-1도,일단(화살표없음),37.5115456,126.9318848,Y,N,N,N,Y,2,basic,"보행등, 교통안전시설 상세",,,,,2026-03-20,source_columns_swapped_and_normalized
06-0000006530,동작구,동작구 상도동 329도,이단(화살표있음),37.50814876,126.9435591,Y,N,N,N,Y,2,basic,"보행등, 교통안전시설 상세",,,,,2026-03-20,source_columns_swapped_and_normalized
06-0000006550,동작구,동작구 흑석동 221-1도,이단(화살표있음),37.50715656,126.9592846,N,N,N,Y,Y,2,basic,"고원식횡단보도, 교통안전시설 상세",,,,,2026-03-20,source_columns_swapped_and_normalized
06-0000006551,동작구,동작구 흑석동 86-181 도,이단(화살표있음),37.50759887,126.9606928,Y,N,N,N,Y,2,basic,"보행등, 교통안전시설 상세",,,,,2026-03-20,source_columns_swapped_and_normalized
06-0000006553,동작구,동작구 흑석동 86-181 도,이단(화살표있음),37.50777401,126.9613049,Y,N,N,N,Y,2,basic,"보행등, 교통안전시설 상세",,,,,2026-03-20,source_columns_swapped_and_normalized
06-0000006554,동작구,동작구 흑석동 99-3도,이단(화살표있음),37.50744656,126.9619777,Y,N,N,N,Y,2,basic,"보행등, 교통안전시설 상세",,,,,2026-03-20,source_columns_swapped_and_normalized
06-0000006557,동작구,동작구 흑석동 86-181 도,이단(화살표있음),37.50668528,126.9615757,Y,N,N,N,Y,2,basic,"보행등, 교통안전시설 상세",,,,,2026-03-20,source_columns_swapped_and_normalized
06-0000006560,동작구,동작구 흑석동 340-10 도,이단(화살표있음),37.50457991,126.960781,Y,N,N,N,Y,2,basic,"보행등, 교통안전시설 상세",,,,,2026-03-20,source_columns_swapped_and_normalized
06-0000006690,동작구,동작구 상도동 329-3도,일단(화살표없음),37.50583379,126.9411077,Y,N,N,N,Y,2,basic,"보행등, 교통안전시설 상세",,,,,2026-03-20,source_columns_swapped_and_normalized
06-0000006729,동작구,동작구 상도1동 500-1도,일단(화살표없음),37.50591876,126.9521664,Y,N,N,N,Y,2,basic,"보행등, 교통안전시설 상세",,,,,2026-03-20,source_columns_swapped_and_normalized
06-0000006731,동작구,동작구 상도동 329도,이단(화살표있음),37.50714793,126.9479229,Y,N,N,N,Y,2,basic,"보행등, 교통안전시설 상세",,,,,2026-03-20,source_columns_swapped_and_normalized
06-0000006732,동작구,동작구 노량진동 215-334도,이단(화살표있음),37.50729844,126.9481103,Y,N,N,N,Y,2,basic,"보행등, 교통안전시설 상세",,,,,2026-03-20,source_columns_swapped_and_normalized
06-0000006733,동작구,동작구 노량진동 324-2도,일단(화살표없음),37.50726289,126.9482493,Y,N,N,N,Y,2,basic,"보행등, 교통안전시설 상세",,,,,2026-03-20,source_columns_swapped_and_normalized
06-0000015357,동작구,동작구 사당동 105-21도,이단(화살표있음),37.48739464,126.9749365,Y,N,N,N,Y,2,basic,"보행등, 교통안전시설 상세",,,,,2026-03-20,source_columns_swapped_and_normalized
06-0000018802,동작구,동작구 사당동 134-1도,일단(화살표없음),37.48750742,126.9820198,N,N,N,Y,Y,2,basic,"고원식횡단보도, 교통안전시설 상세",,,,,2026-03-20,source_columns_swapped_and_normalized
06-0000018804,동작구,동작구 사당동 708-500천,일단(화살표없음),37.48652671,126.9819583,N,N,N,Y,Y,2,basic,"고원식횡단보도, 교통안전시설 상세",,,,,2026-03-20,source_columns_swapped_and_normalized
06-0000018809,동작구,동작구 사당동 708-559도,일단(화살표없음),37.48870505,126.9821584,N,N,N,Y,Y,2,basic,"고원식횡단보도, 교통안전시설 상세",,,,,2026-03-20,source_columns_swapped_and_normalized
06-0000018863,동작구,동작구 상도동 215-38구,일단(화살표없음),37.49537636,126.9428372,Y,N,N,N,Y,2,basic,"보행등, 교통안전시설 상세",,,,,2026-03-20,source_columns_swapped_and_normalized
06-0000018864,동작구,동작구 상도동 215-44구,이단(화살표있음),37.49544211,126.9425815,Y,N,N,N,Y,2,basic,"보행등, 교통안전시설 상세",,,,,2026-03-20,source_columns_swapped_and_normalized
06-0000019520,동작구,동작구 상도1동 508-1도,이단(화살표있음),37.50732208,126.9517657,Y,N,N,N,Y,2,basic,"보행등, 교통안전시설 상세",,,,,2026-03-20,source_columns_swapped_and_normalized
06-0000021416,동작구,동작구 대방동 407-9 도,일단(화살표없음),37.49826168,126.9209053,N,N,N,Y,Y,2,basic,"고원식횡단보도, 교통안전시설 상세",,,,,2026-03-20,source_columns_swapped_and_normalized
06-0000023152,동작구,동작구 흑석동 224-8 도,이단(화살표있음),37.50760344,126.9611744,Y,N,N,N,Y,2,basic,"보행등, 교통안전시설 상세",,,,,2026-03-20,source_columns_swapped_and_normalized
06-0000023153,동작구,동작구 흑석동 86-181 도,이단(화살표있음),37.50777849,126.9610363,Y,N,N,N,Y,2,basic,"보행등, 교통안전시설 상세",,,,,2026-03-20,source_columns_swapped_and_normalized
06-0000023188,동작구,동작구 동작동 89-6천,일단(화살표없음),37.4978169,126.9835229,N,N,N,Y,Y,2,basic,"고원식횡단보도, 교통안전시설 상세",,,,,2026-03-20,source_columns_swapped_and_normalized
06-0000024187,동작구,동작구 상도동 521-5 도,이단(화살표있음),37.50122529,126.9413788,Y,N,N,N,Y,2,basic,"보행등, 교통안전시설 상세",,,,,2026-03-20,source_columns_swapped_and_normalized
06-0000024190,동작구,동작구 대방동 335-53도,이단(화살표있음),37.49966774,126.9294768,Y,N,N,N,Y,2,basic,"보행등, 교통안전시설 상세",,,,,2026-03-20,source_columns_swapped_and_normalized
06-0000029317,동작구,동작구 사당동 105-20 도,일단(화살표없음),37.48739323,126.9750815,Y,N,N,N,Y,2,basic,"보행등, 교통안전시설 상세",,,,,2026-03-20,source_columns_swapped_and_normalized
06-0000029678,동작구,동작구 신대방동 724 대,일단(화살표없음),37.4982305,126.9267895,N,N,N,Y,Y,2,basic,"고원식횡단보도, 교통안전시설 상세",,,,,2026-03-20,source_columns_swapped_and_normalized
06-0000030184,동작구,동작구 대방동 466-10 도,일단(화살표없음),37.50023149,126.9265653,N,N,N,Y,Y,2,basic,"고원식횡단보도, 교통안전시설 상세",,,,,2026-03-20,source_columns_swapped_and_normalized
06-0000032159,동작구,동작구 신대방동 345-2도,일단(화살표없음),37.49756384,126.9278381,N,N,N,Y,Y,2,basic,"고원식횡단보도, 교통안전시설 상세",,,,,2026-03-20,source_columns_swapped_and_normalized
06-0000032160,동작구,동작구 신대방동 343-77 도,일단(화살표없음),37.49635586,126.92757,N,N,N,Y,Y,2,basic,"고원식횡단보도, 교통안전시설 상세",,,,,2026-03-20,source_columns_swapped_and_normalized
06-0000033628,동작구,동작구 흑석동 224-8 도,이단(화살표있음),37.50753719,126.9609586,Y,N,N,N,Y,2,basic,"보행등, 교통안전시설 상세",,,,,2026-03-20,source_columns_swapped_and_normalized
06-0000034498,동작구,동작구 상도동 521-5 도,일단(화살표있음),37.50079188,126.9442546,Y,N,N,N,Y,2,basic,"보행등, 교통안전시설 상세",,,,,2026-03-20,source_columns_swapped_and_normalized
06-0000034504,동작구,동작구 대방동 466-10 도,일단(화살표없음),37.50015214,126.9280085,N,N,N,Y,Y,2,basic,"고원식횡단보도, 교통안전시설 상세",,,,,2026-03-20,source_columns_swapped_and_normalized
06-0000035306,동작구,동작구 흑석동 335-4 도,이단(화살표있음),37.50609791,126.9665431,Y,N,N,N,Y,2,basic,"보행등, 교통안전시설 상세",,,,,2026-03-20,source_columns_swapped_and_normalized
06-0000035307,동작구,동작구 흑석동 335-4 도,일단(화살표없음),37.50624825,126.9664489,N,N,N,Y,Y,2,basic,"고원식횡단보도, 교통안전시설 상세",,,,,2026-03-20,source_columns_swapped_and_normalized
06-0000035414,동작구,동작구 본동 258-68수,일단(화살표있음),37.51386824,126.9519086,Y,N,N,N,Y,2,basic,"보행등, 교통안전시설 상세",,,,,2026-03-20,source_columns_swapped_and_normalized
06-0000035416,동작구,동작구 본동 258-40수,일단(화살표있음),37.51453546,126.9511354,Y,N,N,N,Y,2,basic,"보행등, 교통안전시설 상세",,,,,2026-03-20,source_columns_swapped_and_normalized
06-0000035435,동작구,동작구 본동 258-68수,이단(화살표있음),37.5137944,126.952026,Y,N,N,N,Y,2,basic,"보행등, 교통안전시설 상세",,,,,2026-03-20,source_columns_swapped_and_normalized
06-0000038789,동작구,동작구 상도1동 531-5 도,일단(화살표없음),37.49710504,126.9507147,N,N,N,Y,Y,2,basic,"고원식횡단보도, 교통안전시설 상세",,,,,2026-03-20,source_columns_swapped_and_normalized
06-0000039319,동작구,동작구 흑석동 253-79임,이단(화살표있음),37.50129782,126.9601145,Y,N,N,N,Y,2,basic,"보행등, 교통안전시설 상세",,,,,2026-03-20,source_columns_swapped_and_normalized
06-0000039894,동작구,동작구 사당동 105-21도,이단(화살표있음),37.4875508,126.974947,Y,N,N,N,Y,2,basic,"보행등, 교통안전시설 상세",,,,,2026-03-20,source_columns_swapped_and_normalized
06-0000039895,동작구,동작구 사당동 105-21도,이단(화살표있음),37.48756602,126.9751496,Y,N,N,N,Y,2,basic,"보행등, 교통안전시설 상세",,,,,2026-03-20,source_columns_swapped_and_normalized
06-0000040141,동작구,동작구 흑석동 86-181 도,이단(화살표있음),37.50742492,126.9617037,Y,N,N,N,Y,2,basic,"보행등, 교통안전시설 상세",,,,,2026-03-20,source_columns_swapped_and_normalized
06-0000040142,동작구,동작구 흑석동 99-3도,이단(화살표있음),37.50727174,126.9617927,Y,N,N,N,Y,2,basic,"보행등, 교통안전시설 상세",,,,,2026-03-20,source_columns_swapped_and_normalized
06-0000043760,동작구,동작구 상도동 354-7도,이단(화살표있음),37.50131794,126.9333472,Y,N,N,N,Y,2,basic,"보행등, 교통안전시설 상세",,,,,2026-03-20,source_columns_swapped_and_normalized
06-0000044549,동작구,동작구 상도동 산65-163임,이단(화살표있음),37.49528696,126.9427184,Y,N,N,N,Y,2,basic,"보행등, 교통안전시설 상세",,,,,2026-03-20,source_columns_swapped_and_normalized
06-0000045209,동작구,동작구 신대방동 378-10 도,일단(화살표없음),37.49783077,126.9223676,N,N,N,Y,Y,2,basic,"고원식횡단보도, 교통안전시설 상세",,,,,2026-03-20,source_columns_swapped_and_normalized
06-0000045219,동작구,동작구 대방동 466-70대,일단(화살표없음),37.50996783,126.9255932,N,N,N,Y,Y,2,basic,"고원식횡단보도, 교통안전시설 상세",,,,,2026-03-20,source_columns_swapped_and_normalized
06-0000048047,동작구,동작구 흑석동 340-10 도,이단(화살표있음),37.50441103,126.9607774,Y,N,N,N,Y,2,basic,"보행등, 교통안전시설 상세",,,,,2026-03-20,source_columns_swapped_and_normalized
06-0000048355,동작구,동작구 사당동 1157-2 도,일단(화살표없음),37.48875076,126.9738074,N,N,N,Y,Y,2,basic,"고원식횡단보도, 교통안전시설 상세",,,,,2026-03-20,source_columns_swapped_and_normalized
06-0000048357,동작구,동작구 사당동 1157-2 도,일단(화살표없음),37.48860174,126.9739522,N,N,N,Y,Y,2,basic,"고원식횡단보도, 교통안전시설 상세",,,,,2026-03-20,source_columns_swapped_and_normalized
06-0000049507,동작구,동작구 흑석동 257-49대,일단(화살표없음),37.50051635,126.9605466,N,N,N,Y,Y,2,basic,"고원식횡단보도, 교통안전시설 상세",,,,,2026-03-20,source_columns_swapped_and_normalized
06-0000000164,동작구,동작구 동작동 66-29도,일단(화살표없음),37.49476896,126.982524,N,N,N,N,Y,1,basic,교통안전시설 상세,,,,,2026-03-20,source_columns_swapped_and_normalized
06-0000002073,동작구,동작구 사당동 708-1108 천,일단(화살표없음),37.48863388,126.9634967,N,N,N,N,Y,1,basic,교통안전시설 상세,,,,,2026-03-20,source_columns_swapped_and_normalized
06-0000002840,동작구,동작구 신대방동 378-10 도,일단(화살표없음),37.49790157,126.922617,N,N,N,N,Y,1,basic,교통안전시설 상세,,,,,2026-03-20,source_columns_swapped_and_normalized
06-0000002961,동작구,동작구 신대방동 378-10 도,일단(화살표없음),37.49810084,126.9209315,N,N,N,N,Y,1,basic,교통안전시설 상세,,,,,2026-03-20,source_columns_swapped_and_normalized
06-0000002962,동작구,동작구 신대방동 378-10 도,일단(화살표없음),37.49813324,126.9210422,N,N,N,N,Y,1,basic,교통안전시설 상세,,,,,2026-03-20,source_columns_swapped_and_normalized
06-0000002990,동작구,동작구 사당동 708-1110천,일단(화살표없음),37.48789397,126.9646878,N,N,N,N,Y,1,basic,교통안전시설 상세,,,,,2026-03-20,source_columns_swapped_and_normalized
06-0000003221,동작구,동작구 사당동 708-535 도,이단(화살표있음),37.48784526,126.9644728,N,N,N,N,Y,1,basic,교통안전시설 상세,,,,,2026-03-20,source_columns_swapped_and_normalized
06-0000003222,동작구,동작구 사당동 708-1108 천,일단(화살표없음),37.48850732,126.963713,N,N,N,N,Y,1,basic,교통안전시설 상세,,,,,2026-03-20,source_columns_swapped_and_normalized
06-0000003522,동작구,동작구 사당동 708-517도,일단(화살표없음),37.48429991,126.9818485,N,N,N,N,Y,1,basic,교통안전시설 상세,,,,,2026-03-20,source_columns_swapped_and_normalized
06-0000003527,동작구,동작구 사당동 1129도,일단(화살표없음),37.47580428,126.9719092,N,N,N,N,Y,1,basic,교통안전시설 상세,,,,,2026-03-20,source_columns_swapped_and_normalized
06-0000003699,동작구,동작구 사당동 1129도,일단(화살표없음),37.47677685,126.9783759,N,N,N,N,Y,1,basic,교통안전시설 상세,,,,,2026-03-20,source_columns_swapped_and_normalized
06-0000003701,동작구,동작구 사당동 1129도,일단(화살표없음),37.47679717,126.9800067,N,N,N,N,Y,1,basic,교통안전시설 상세,,,,,2026-03-20,source_columns_swapped_and_normalized
06-0000003702,동작구,동작구 사당동 1112도,이단(화살표있음),37.47721304,126.981417,N,N,N,N,Y,1,basic,교통안전시설 상세,,,,,2026-03-20,source_columns_swapped_and_normalized
06-0000003714,동작구,동작구 사당동 708-535 도,이단(화살표있음),37.48930154,126.9627565,N,N,N,N,Y,1,basic,교통안전시설 상세,,,,,2026-03-20,source_columns_swapped_and_normalized
06-0000003717,동작구,동작구 사당동 235-54도,일단(화살표없음),37.4827649,126.9669047,N,N,N,N,Y,1,basic,교통안전시설 상세,,,,,2026-03-20,source_columns_swapped_and_normalized
06-0000003718,동작구,동작구 사당동 105대,일단(화살표없음),37.49022722,126.9763664,N,N,N,N,Y,1,basic,교통안전시설 상세,,,,,2026-03-20,source_columns_swapped_and_normalized
06-0000003720,동작구,동작구 사당동 59-1도,일단(화살표없음),37.49244625,126.9767511,N,N,N,N,Y,1,basic,교통안전시설 상세,,,,,2026-03-20,source_columns_swapped_and_normalized
06-0000003784,동작구,동작구 사당동 1112도,이단(화살표없음),37.47828783,126.9815068,N,N,N,N,Y,1,basic,교통안전시설 상세,,,,,2026-03-20,source_columns_swapped_and_normalized
06-0000003804,동작구,동작구 사당동 708-529도,일단(화살표없음),37.48212912,126.9728804,N,N,N,N,Y,1,basic,교통안전시설 상세,,,,,2026-03-20,source_columns_swapped_and_normalized
06-0000003924,동작구,동작구 신대방동 378-10 도,일단(화살표없음),37.49791817,126.9224813,N,N,N,N,Y,1,basic,교통안전시설 상세,,,,,2026-03-20,source_columns_swapped_and_normalized
06-0000003944,동작구,동작구 사당동 708-745천,일단(화살표없음),37.48159391,126.966291,N,N,N,N,Y,1,basic,교통안전시설 상세,,,,,2026-03-20,source_columns_swapped_and_normalized
06-0000003948,동작구,동작구 사당동 708-743도,이단(화살표있음),37.48256227,126.9667824,N,N,N,N,Y,1,basic,교통안전시설 상세,,,,,2026-03-20,source_columns_swapped_and_normalized
06-0000003949,동작구,동작구 사당동 235-55도,일단(화살표없음),37.48199621,126.9665509,N,N,N,N,Y,1,basic,교통안전시설 상세,,,,,2026-03-20,source_columns_swapped_and_normalized
06-0000003950,동작구,동작구 사당동 235-55도,일단(화살표없음),37.48188507,126.9666438,N,N,N,N,Y,1,basic,교통안전시설 상세,,,,,2026-03-20,source_columns_swapped_and_normalized
06-0000003953,동작구,동작구 사당동 산32-82 도,일단(화살표없음),37.48102844,126.9656008,N,N,N,N,Y,1,basic,교통안전시설 상세,,,,,2026-03-20,source_columns_swapped_and_normalized
06-0000003956,동작구,동작구 동작동 산18-4임,일단(화살표없음),37.49513089,126.9825158,N,N,N,N,Y,1,basic,교통안전시설 상세,,,,,2026-03-20,source_columns_swapped_and_normalized
06-0000003960,동작구,동작구 사당동 산25-33도,일단(화살표없음),37.48516927,126.9700874,N,N,N,N,Y,1,basic,교통안전시설 상세,,,,,2026-03-20,source_columns_swapped_and_normalized
06-0000003961,동작구,동작구 사당동 1131-8도,일단(화살표없음),37.48445693,126.9719817,N,N,N,N,Y,1,basic,교통안전시설 상세,,,,,2026-03-20,source_columns_swapped_and_normalized
06-0000003962,동작구,동작구 사당동 169-14도,이단(화살표있음),37.48634813,126.9723983,N,N,N,N,Y,1,basic,교통안전시설 상세,,,,,2026-03-20,source_columns_swapped_and_normalized
06-0000004007,동작구,동작구 신대방동 699-4도,일단(화살표없음),37.48533083,126.9038102,N,N,N,N,Y,1,basic,교통안전시설 상세,,,,,2026-03-20,source_columns_swapped_and_normalized
06-0000004009,동작구,동작구 신대방동 699-3도,일단(화살표없음),37.48700059,126.905196,N,N,N,N,Y,1,basic,교통안전시설 상세,,,,,2026-03-20,source_columns_swapped_and_normalized
06-0000004010,동작구,동작구 신대방동 719-4 도,일단(화살표없음),37.48745491,126.9055964,N,N,N,N,Y,1,basic,교통안전시설 상세,,,,,2026-03-20,source_columns_swapped_and_normalized
06-0000004047,동작구,동작구 사당동 산32-95 도,이단(화살표있음),37.48500339,126.9675739,N,N,N,N,Y,1,basic,교통안전시설 상세,,,,,2026-03-20,source_columns_swapped_and_normalized
06-0000004048,동작구,동작구 사당동 산32-59 도,이단(화살표있음),37.48575996,126.9665315,N,N,N,N,Y,1,basic,교통안전시설 상세,,,,,2026-03-20,source_columns_swapped_and_normalized
06-0000004050,동작구,동작구 사당동 708-533도,이단(화살표있음),37.48636054,126.9657347,N,N,N,N,Y,1,basic,교통안전시설 상세,,,,,2026-03-20,source_columns_swapped_and_normalized
06-0000004052,동작구,동작구 사당동 708-535 도,이단(화살표없음),37.48766605,126.9647578,N,N,N,N,Y,1,basic,교통안전시설 상세,,,,,2026-03-20,source_columns_swapped_and_normalized
06-0000004073,동작구,동작구 사당동 1129도,일단(화살표없음),37.47670209,126.9769408,N,N,N,N,Y,1,basic,교통안전시설 상세,,,,,2026-03-20,source_columns_swapped_and_normalized
06-0000004075,동작구,동작구 사당동 1129도,일단(화살표없음),37.47654706,126.9755028,N,N,N,N,Y,1,basic,교통안전시설 상세,,,,,2026-03-20,source_columns_swapped_and_normalized
06-0000004076,동작구,동작구 사당동 1129도,일단(화살표없음),37.47645574,126.9749023,N,N,N,N,Y,1,basic,교통안전시설 상세,,,,,2026-03-20,source_columns_swapped_and_normalized
06-0000004078,동작구,동작구 사당동 1129도,일단(화살표없음),37.47636236,126.9744038,N,N,N,N,Y,1,basic,교통안전시설 상세,,,,,2026-03-20,source_columns_swapped_and_normalized
06-0000004080,동작구,동작구 사당동 105대,이단(화살표있음),37.48863909,126.9764715,N,N,N,N,Y,1,basic,교통안전시설 상세,,,,,2026-03-20,source_columns_swapped_and_normalized
06-0000004082,동작구,동작구 사당동 105대,이단(화살표있음),37.48861326,126.9766707,N,N,N,N,Y,1,basic,교통안전시설 상세,,,,,2026-03-20,source_columns_swapped_and_normalized
06-0000004083,동작구,동작구 사당동 105대,일단(화살표없음),37.48861392,126.976859,N,N,N,N,Y,1,basic,교통안전시설 상세,,,,,2026-03-20,source_columns_swapped_and_normalized
06-0000004084,동작구,동작구 사당동 105대,이단(화살표없음),37.48877065,126.9764709,N,N,N,N,Y,1,basic,교통안전시설 상세,,,,,2026-03-20,source_columns_swapped_and_normalized
06-0000004085,동작구,동작구 사당동 105-6도,일단(화살표없음),37.48980334,126.9766164,N,N,N,N,Y,1,basic,교통안전시설 상세,,,,,2026-03-20,source_columns_swapped_and_normalized
06-0000004205,동작구,동작구 사당동 56-9 도,일단(화살표없음),37.49266528,126.9768834,N,N,N,N,Y,1,basic,교통안전시설 상세,,,,,2026-03-20,source_columns_swapped_and_normalized
06-0000004206,동작구,동작구 사당동 169-25도,이단(화살표있음),37.48846323,126.972533,N,N,N,N,Y,1,basic,교통안전시설 상세,,,,,2026-03-20,source_columns_swapped_and_normalized
06-0000004213,동작구,동작구 신대방동 395-61도,이단(화살표있음),37.4917056,126.9229592,N,N,N,N,Y,1,basic,교통안전시설 상세,,,,,2026-03-20,source_columns_swapped_and_normalized
06-0000004215,동작구,동작구 사당동 169-18도,이단(화살표있음),37.48392589,126.9739981,N,N,N,N,Y,1,basic,교통안전시설 상세,,,,,2026-03-20,source_columns_swapped_and_normalized
06-0000004217,동작구,동작구 신대방동 395-61도,이단(화살표있음),37.49179396,126.9231976,N,N,N,N,Y,1,basic,교통안전시설 상세,,,,,2026-03-20,source_columns_swapped_and_normalized
06-0000004258,동작구,동작구 신대방동 395-61도,이단(화살표있음),37.49145159,126.9246242,N,N,N,N,Y,1,basic,교통안전시설 상세,,,,,2026-03-20,source_columns_swapped_and_normalized
06-0000004284,동작구,동작구 신대방동 395-61도,이단(화살표있음),37.49155797,126.9248195,N,N,N,N,Y,1,basic,교통안전시설 상세,,,,,2026-03-20,source_columns_swapped_and_normalized
06-0000004295,동작구,동작구 신대방동 395-61도,이단(화살표있음),37.49162281,126.9244586,N,N,N,N,Y,1,basic,교통안전시설 상세,,,,,2026-03-20,source_columns_swapped_and_normalized
06-0000004308,동작구,동작구 상도동 111-58 도,일단(화살표없음),37.49379584,126.9603288,N,N,N,N,Y,1,basic,교통안전시설 상세,,,,,2026-03-20,source_columns_swapped_and_normalized
06-0000004309,동작구,동작구 상도동 407-3도,이단(화살표있음),37.49374576,126.9602297,N,N,N,N,Y,1,basic,교통안전시설 상세,,,,,2026-03-20,source_columns_swapped_and_normalized
06-0000004333,동작구,동작구 신대방동 395-61도,이단(화살표있음),37.49173889,126.9247,N,N,N,N,Y,1,basic,교통안전시설 상세,,,,,2026-03-20,source_columns_swapped_and_normalized
06-0000004503,동작구,동작구 신대방동 344-78대,일단(화살표없음),37.49590246,126.9274656,N,N,N,N,Y,1,basic,교통안전시설 상세,,,,,2026-03-20,source_columns_swapped_and_normalized
06-0000004506,동작구,동작구 대방동 466-51도,일단(화살표없음),37.49975809,126.9209616,N,N,N,N,Y,1,basic,교통안전시설 상세,,,,,2026-03-20,source_columns_swapped_and_normalized
06-0000004508,동작구,동작구 신대방동 395-61도,일단(화살표없음),37.49292528,126.9240727,N,N,N,N,Y,1,basic,교통안전시설 상세,,,,,2026-03-20,source_columns_swapped_and_normalized
06-0000004511,동작구,동작구 신대방동 395-61도,일단(화살표없음),37.49294363,126.9231658,N,N,N,N,Y,1,basic,교통안전시설 상세,,,,,2026-03-20,source_columns_swapped_and_normalized
06-0000004759,동작구,동작구 대방동 498-1도,이단(화살표있음),37.51470957,126.9272858,N,N,N,N,Y,1,basic,교통안전시설 상세,,,,,2026-03-20,source_columns_swapped_and_normalized
06-0000004760,동작구,동작구 대방동 87-1도,이단(화살표있음),37.51444742,126.9271592,N,N,N,N,Y,1,basic,교통안전시설 상세,,,,,2026-03-20,source_columns_swapped_and_normalized
06-0000004880,동작구,동작구 노량진동 62-13도,일단(화살표없음),37.51346209,126.9420089,N,N,N,N,Y,1,basic,교통안전시설 상세,,,,,2026-03-20,source_columns_swapped_and_normalized
06-0000004881,동작구,동작구 노량진동 60-11도,일단(화살표없음),37.51340248,126.941381,N,N,N,N,Y,1,basic,교통안전시설 상세,,,,,2026-03-20,source_columns_swapped_and_normalized
06-0000004890,동작구,동작구 노량진동 147-20도,일단(화살표없음),37.51330967,126.946462,N,N,N,N,Y,1,basic,교통안전시설 상세,,,,,2026-03-20,source_columns_swapped_and_normalized
06-0000005064,동작구,동작구 대방동 54-2도,일단(화살표없음),37.51330529,126.9310384,N,N,N,N,Y,1,basic,교통안전시설 상세,,,,,2026-03-20,source_columns_swapped_and_normalized
06-0000005066,동작구,동작구 대방동 51-14도,이단(화살표없음),37.51332484,126.9318664,N,N,N,N,Y,1,basic,교통안전시설 상세,,,,,2026-03-20,source_columns_swapped_and_normalized
06-0000005596,동작구,동작구 대방동 466-59도,일단(화살표없음),37.49994711,126.9214053,N,N,N,N,Y,1,basic,교통안전시설 상세,,,,,2026-03-20,source_columns_swapped_and_normalized
06-0000005602,동작구,동작구 상도1동 752-2도,일단(화살표없음),37.50190871,126.9489271,N,N,N,N,Y,1,basic,교통안전시설 상세,,,,,2026-03-20,source_columns_swapped_and_normalized
06-0000005603,동작구,동작구 상도1동 751-1도,일단(화살표없음),37.50230731,126.9480938,N,N,N,N,Y,1,basic,교통안전시설 상세,,,,,2026-03-20,source_columns_swapped_and_normalized
06-0000005604,동작구,동작구 상도1동 752-2도,일단(화살표없음),37.50249339,126.9484157,N,N,N,N,Y,1,basic,교통안전시설 상세,,,,,2026-03-20,source_columns_swapped_and_normalized
06-0000005606,동작구,동작구 상도1동 518-1 도,일단(화살표없음),37.49945287,126.951071,N,N,N,N,Y,1,basic,교통안전시설 상세,,,,,2026-03-20,source_columns_swapped_and_normalized
06-0000005607,동작구,동작구 상도1동 250도,일단(화살표없음),37.50014311,126.9504786,N,N,N,N,Y,1,basic,교통안전시설 상세,,,,,2026-03-20,source_columns_swapped_and_normalized
06-0000005608,동작구,동작구 상도1동 250도,일단(화살표없음),37.50080271,126.9498964,N,N,N,N,Y,1,basic,교통안전시설 상세,,,,,2026-03-20,source_columns_swapped_and_normalized
06-0000005609,동작구,동작구 상도1동 518-1 도,일단(화살표없음),37.4988052,126.9516335,N,N,N,N,Y,1,basic,교통안전시설 상세,,,,,2026-03-20,source_columns_swapped_and_normalized
06-0000005610,동작구,동작구 상도1동 518-1 도,일단(화살표없음),37.49835023,126.952031,N,N,N,N,Y,1,basic,교통안전시설 상세,,,,,2026-03-20,source_columns_swapped_and_normalized
06-0000005613,동작구,동작구 신대방동 551-8도,일단(화살표없음),37.49217449,126.9094303,N,N,N,N,Y,1,basic,교통안전시설 상세,,,,,2026-03-20,source_columns_swapped_and_normalized
06-0000005882,동작구,동작구 흑석동 86-213 도,이단(화살표있음),37.50264365,126.9606248,N,N,N,N,Y,1,basic,교통안전시설 상세,,,,,2026-03-20,source_columns_swapped_and_normalized
06-0000005936,동작구,동작구 대방동 466-10 도,일단(화살표없음),37.50395505,126.9226216,N,N,N,N,Y,1,basic,교통안전시설 상세,,,,,2026-03-20,source_columns_swapped_and_normalized
06-0000005937,동작구,동작구 대방동 466-10 도,일단(화살표있음),37.50401806,126.9228655,N,N,N,N,Y,1,basic,교통안전시설 상세,,,,,2026-03-20,source_columns_swapped_and_normalized
06-0000005938,동작구,동작구 대방동 466-43도,일단(화살표없음),37.50409078,126.9227505,N,N,N,N,Y,1,basic,교통안전시설 상세,,,,,2026-03-20,source_columns_swapped_and_normalized
06-0000005962,동작구,동작구 신대방동 470-10대,이단(화살표있음),37.49565978,126.914444,N,N,N,N,Y,1,basic,교통안전시설 상세,,,,,2026-03-20,source_columns_swapped_and_normalized
06-0000005963,동작구,동작구 신대방동 470-10대,일단(화살표없음),37.49572263,126.9143543,N,N,N,N,Y,1,basic,교통안전시설 상세,,,,,2026-03-20,source_columns_swapped_and_normalized
06-0000005964,동작구,동작구 신대방동 470-8대,일단(화살표없음),37.49575693,126.914506,N,N,N,N,Y,1,basic,교통안전시설 상세,,,,,2026-03-20,source_columns_swapped_and_normalized
06-0000005965,동작구,동작구 신대방동 492-209도,이단(화살표있음),37.4945671,126.9146682,N,N,N,N,Y,1,basic,교통안전시설 상세,,,,,2026-03-20,source_columns_swapped_and_normalized
06-0000005966,동작구,동작구 신대방동 460-37 도,이단(화살표있음),37.49434018,126.9165965,N,N,N,N,Y,1,basic,교통안전시설 상세,,,,,2026-03-20,source_columns_swapped_and_normalized
06-0000005967,동작구,동작구 신대방동 460-37 도,이단(화살표있음),37.494183,126.9163776,N,N,N,N,Y,1,basic,교통안전시설 상세,,,,,2026-03-20,source_columns_swapped_and_normalized
06-0000005968,동작구,동작구 신대방동 460-37 도,이단(화살표있음),37.49362107,126.9161235,N,N,N,N,Y,1,basic,교통안전시설 상세,,,,,2026-03-20,source_columns_swapped_and_normalized
06-0000005969,동작구,동작구 신대방동 460-30 도,이단(화살표있음),37.49365197,126.9149844,N,N,N,N,Y,1,basic,교통안전시설 상세,,,,,2026-03-20,source_columns_swapped_and_normalized
06-0000005970,동작구,동작구 신대방동 460-30 도,이단(화살표있음),37.4937591,126.9148076,N,N,N,N,Y,1,basic,교통안전시설 상세,,,,,2026-03-20,source_columns_swapped_and_normalized
06-0000005981,동작구,동작구 흑석동 211-32대,이단(화살표있음),37.5062509,126.9551671,N,N,N,N,Y,1,basic,교통안전시설 상세,,,,,2026-03-20,source_columns_swapped_and_normalized
06-0000005982,동작구,동작구 흑석동 204-141도,이단(화살표있음),37.50618811,126.9552302,N,N,N,N,Y,1,basic,교통안전시설 상세,,,,,2026-03-20,source_columns_swapped_and_normalized
06-0000005985,동작구,동작구 흑석동 204-172 도,일단(화살표없음),37.50638347,126.957085,N,N,N,N,Y,1,basic,교통안전시설 상세,,,,,2026-03-20,source_columns_swapped_and_normalized
06-0000006009,동작구,동작구 신대방동 378-12도,일단(화살표없음),37.49761349,126.9222743,N,N,N,N,Y,1,basic,교통안전시설 상세,,,,,2026-03-20,source_columns_swapped_and_normalized
06-0000006013,동작구,동작구 신대방동 375-25도,일단(화살표없음),37.49768092,126.920956,N,N,N,N,Y,1,basic,교통안전시설 상세,,,,,2026-03-20,source_columns_swapped_and_normalized
06-0000006014,동작구,동작구 신대방동 375-50 도,이단(화살표있음),37.49761264,126.9208482,N,N,N,N,Y,1,basic,교통안전시설 상세,,,,,2026-03-20,source_columns_swapped_and_normalized
06-0000006015,동작구,동작구 신대방동 375-50 도,일단(화살표없음),37.49755559,126.9207741,N,N,N,N,Y,1,basic,교통안전시설 상세,,,,,2026-03-20,source_columns_swapped_and_normalized
06-0000006016,동작구,동작구 신대방동 375-32도,이단(화살표없음),37.49765581,126.9199699,N,N,N,N,Y,1,basic,교통안전시설 상세,,,,,2026-03-20,source_columns_swapped_and_normalized
06-0000006017,동작구,동작구 신대방동 375-32도,일단(화살표없음),37.49753391,126.9197695,N,N,N,N,Y,1,basic,교통안전시설 상세,,,,,2026-03-20,source_columns_swapped_and_normalized
06-0000006023,동작구,동작구 대방동 503-2도,이단(화살표있음),37.50788857,126.9301566,N,N,N,N,Y,1,basic,교통안전시설 상세,,,,,2026-03-20,source_columns_swapped_and_normalized
06-0000006024,동작구,동작구 대방동 68-11도,일단(화살표없음),37.50799508,126.9306969,N,N,N,N,Y,1,basic,교통안전시설 상세,,,,,2026-03-20,source_columns_swapped_and_normalized
06-0000006083,동작구,동작구 대방동 407-28도,일단(화살표없음),37.49843548,126.9240529,N,N,N,N,Y,1,basic,교통안전시설 상세,,,,,2026-03-20,source_columns_swapped_and_normalized
06-0000006084,동작구,동작구 대방동 407-28도,일단(화살표없음),37.49886843,126.9253165,N,N,N,N,Y,1,basic,교통안전시설 상세,,,,,2026-03-20,source_columns_swapped_and_normalized
06-0000006095,동작구,동작구 대방동 406-10도,일단(화살표없음),37.49963526,126.9266581,N,N,N,N,Y,1,basic,교통안전시설 상세,,,,,2026-03-20,source_columns_swapped_and_normalized
06-0000006098,동작구,동작구 대방동 466-10 도,일단(화살표없음),37.50023012,126.9278188,N,N,N,N,Y,1,basic,교통안전시설 상세,,,,,2026-03-20,source_columns_swapped_and_normalized
06-0000006099,동작구,동작구 대방동 466-10 도,일단(화살표없음),37.50026035,126.9253894,N,N,N,N,Y,1,basic,교통안전시설 상세,,,,,2026-03-20,source_columns_swapped_and_normalized
06-0000006100,동작구,동작구 대방동 466-10 도,일단(화살표없음),37.50022262,126.9253229,N,N,N,N,Y,1,basic,교통안전시설 상세,,,,,2026-03-20,source_columns_swapped_and_normalized
06-0000006101,동작구,동작구 대방동 466-10 도,일단(화살표없음),37.50029242,126.9240102,N,N,N,N,Y,1,basic,교통안전시설 상세,,,,,2026-03-20,source_columns_swapped_and_normalized
06-0000006114,동작구,동작구 대방동 466-2도,일단(화살표없음),37.5119372,126.9265039,N,N,N,N,Y,1,basic,교통안전시설 상세,,,,,2026-03-20,source_columns_swapped_and_normalized
06-0000006115,동작구,동작구 대방동 466-2도,일단(화살표없음),37.51195351,126.9269354,N,N,N,N,Y,1,basic,교통안전시설 상세,,,,,2026-03-20,source_columns_swapped_and_normalized
06-0000006116,동작구,동작구 대방동 466-2도,일단(화살표없음),37.51207255,126.9276429,N,N,N,N,Y,1,basic,교통안전시설 상세,,,,,2026-03-20,source_columns_swapped_and_normalized
06-0000006117,동작구,동작구 대방동 466-55도,일단(화살표없음),37.51108376,126.9273123,N,N,N,N,Y,1,basic,교통안전시설 상세,,,,,2026-03-20,source_columns_swapped_and_normalized
06-0000006119,동작구,동작구 대방동 466-31도,일단(화살표없음),37.51093311,126.9260382,N,N,N,N,Y,1,basic,교통안전시설 상세,,,,,2026-03-20,source_columns_swapped_and_normalized
06-0000006121,동작구,동작구 대방동 466-31도,일단(화살표없음),37.51110229,126.9250451,N,N,N,N,Y,1,basic,교통안전시설 상세,,,,,2026-03-20,source_columns_swapped_and_normalized
06-0000006130,동작구,동작구 대방동 501-4도,이단(화살표있음),37.50844253,126.9262193,N,N,N,N,Y,1,basic,교통안전시설 상세,,,,,2026-03-20,source_columns_swapped_and_normalized
06-0000006137,동작구,동작구 동작동 326-3 공,일단(화살표없음),37.50364484,126.9764743,N,N,N,N,Y,1,basic,교통안전시설 상세,,,,,2026-03-20,source_columns_swapped_and_normalized
06-0000006142,동작구,동작구 상도동 188-42 구,일단(화살표없음),37.50189601,126.9344552,N,N,N,N,Y,1,basic,교통안전시설 상세,,,,,2026-03-20,source_columns_swapped_and_normalized
06-0000006145,동작구,동작구 상도동 329도,이단(화살표있음),37.50760584,126.9472848,N,N,N,N,Y,1,basic,교통안전시설 상세,,,,,2026-03-20,source_columns_swapped_and_normalized
06-0000006147,동작구,동작구 상도동 329-9도,일단(화살표없음),37.50626617,126.9473697,N,N,N,N,Y,1,basic,교통안전시설 상세,,,,,2026-03-20,source_columns_swapped_and_normalized
06-0000006148,동작구,동작구 상도동 17-1도,이단(화살표있음),37.50556348,126.9468894,N,N,N,N,Y,1,basic,교통안전시설 상세,,,,,2026-03-20,source_columns_swapped_and_normalized
06-0000006167,동작구,동작구 상도동 157-50도,이단(화살표있음),37.50337605,126.9450239,N,N,N,N,Y,1,basic,교통안전시설 상세,,,,,2026-03-20,source_columns_swapped_and_normalized
06-0000006168,동작구,동작구 상도동 29-8 도,이단(화살표있음),37.50395358,126.9455359,N,N,N,N,Y,1,basic,교통안전시설 상세,,,,,2026-03-20,source_columns_swapped_and_normalized
06-0000006261,동작구,동작구 상도동 124 도,일단(화살표없음),37.49310121,126.9565676,N,N,N,N,Y,1,basic,교통안전시설 상세,,,,,2026-03-20,source_columns_swapped_and_normalized
06-0000006262,동작구,동작구 상도동 121-101 도,일단(화살표없음),37.4932537,126.9559641,N,N,N,N,Y,1,basic,교통안전시설 상세,,,,,2026-03-20,source_columns_swapped_and_normalized
06-0000006263,동작구,동작구 상도동 121-121도,일단(화살표없음),37.49379817,126.9559828,N,N,N,N,Y,1,basic,교통안전시설 상세,,,,,2026-03-20,source_columns_swapped_and_normalized
06-0000006265,동작구,동작구 상도1동 514-11 도,일단(화살표없음),37.49416833,126.9551884,N,N,N,N,Y,1,basic,교통안전시설 상세,,,,,2026-03-20,source_columns_swapped_and_normalized
06-0000006266,동작구,동작구 상도1동 512-16 도,일단(화살표없음),37.4943587,126.9555083,N,N,N,N,Y,1,basic,교통안전시설 상세,,,,,2026-03-20,source_columns_swapped_and_normalized
06-0000006268,동작구,동작구 상도1동 517 도,일단(화살표없음),37.49711435,126.9531253,N,N,N,N,Y,1,basic,교통안전시설 상세,,,,,2026-03-20,source_columns_swapped_and_normalized
06-0000006269,동작구,동작구 상도1동 516-2 도,일단(화살표없음),37.49641623,126.9532307,N,N,N,N,Y,1,basic,교통안전시설 상세,,,,,2026-03-20,source_columns_swapped_and_normalized
06-0000006270,동작구,동작구 상도1동 514 도,일단(화살표없음),37.49603136,126.9535882,N,N,N,N,Y,1,basic,교통안전시설 상세,,,,,2026-03-20,source_columns_swapped_and_normalized
06-0000006273,동작구,동작구 상도1동 514 도,일단(화살표없음),37.49520072,126.954326,N,N,N,N,Y,1,basic,교통안전시설 상세,,,,,2026-03-20,source_columns_swapped_and_normalized
06-0000006274,동작구,동작구 상도1동 513-7 도,일단(화살표없음),37.49498502,126.954977,N,N,N,N,Y,1,basic,교통안전시설 상세,,,,,2026-03-20,source_columns_swapped_and_normalized
06-0000006357,동작구,동작구 흑석동 103-4 도,일단(화살표없음),37.50811323,126.9629699,N,N,N,N,Y,1,basic,교통안전시설 상세,,,,,2026-03-20,source_columns_swapped_and_normalized
06-0000006425,동작구,동작구 대방동 466-56도,이단(화살표있음),37.50554773,126.9242253,N,N,N,N,Y,1,basic,교통안전시설 상세,,,,,2026-03-20,source_columns_swapped_and_normalized
06-0000006426,동작구,동작구 대방동 466-56도,이단(화살표있음),37.50543831,126.9241988,N,N,N,N,Y,1,basic,교통안전시설 상세,,,,,2026-03-20,source_columns_swapped_and_normalized
06-0000006427,동작구,동작구 대방동 466-56도,이단(화살표있음),37.50556125,126.9243898,N,N,N,N,Y,1,basic,교통안전시설 상세,,,,,2026-03-20,source_columns_swapped_and_normalized
06-0000006428,동작구,동작구 대방동 466-56도,이단(화살표있음),37.50543488,126.9243574,N,N,N,N,Y,1,basic,교통안전시설 상세,,,,,2026-03-20,source_columns_swapped_and_normalized
06-0000006429,동작구,동작구 대방동 466-56도,이단(화살표있음),37.50625876,126.9261159,N,N,N,N,Y,1,basic,교통안전시설 상세,,,,,2026-03-20,source_columns_swapped_and_normalized
06-0000006430,동작구,동작구 대방동 466-67도,이단(화살표있음),37.50642745,126.9262547,N,N,N,N,Y,1,basic,교통안전시설 상세,,,,,2026-03-20,source_columns_swapped_and_normalized
06-0000006431,동작구,동작구 대방동 466-10 도,일단(화살표없음),37.50285865,126.9254178,N,N,N,N,Y,1,basic,교통안전시설 상세,,,,,2026-03-20,source_columns_swapped_and_normalized
06-0000006432,동작구,동작구 대방동 466-10 도,일단(화살표없음),37.50277048,126.925296,N,N,N,N,Y,1,basic,교통안전시설 상세,,,,,2026-03-20,source_columns_swapped_and_normalized
06-0000006433,동작구,동작구 대방동 466-10 도,일단(화살표없음),37.50275317,126.9255242,N,N,N,N,Y,1,basic,교통안전시설 상세,,,,,2026-03-20,source_columns_swapped_and_normalized
06-0000006434,동작구,동작구 대방동 466-10 도,일단(화살표없음),37.50350645,126.925435,N,N,N,N,Y,1,basic,교통안전시설 상세,,,,,2026-03-20,source_columns_swapped_and_normalized
06-0000006435,동작구,동작구 대방동 466-10 도,일단(화살표없음),37.50390205,126.9254463,N,N,N,N,Y,1,basic,교통안전시설 상세,,,,,2026-03-20,source_columns_swapped_and_normalized
06-0000006436,동작구,동작구 대방동 466-10 도,일단(화살표없음),37.50445946,126.925337,N,N,N,N,Y,1,basic,교통안전시설 상세,,,,,2026-03-20,source_columns_swapped_and_normalized
06-0000006437,동작구,동작구 대방동 466-10 도,일단(화살표없음),37.50494885,126.9247007,N,N,N,N,Y,1,basic,교통안전시설 상세,,,,,2026-03-20,source_columns_swapped_and_normalized
06-0000006438,동작구,동작구 대방동 466-10 도,일단(화살표없음),37.50406677,126.924238,N,N,N,N,Y,1,basic,교통안전시설 상세,,,,,2026-03-20,source_columns_swapped_and_normalized
06-0000006439,동작구,동작구 대방동 466-10 도,일단(화살표없음),37.50399952,126.9241366,N,N,N,N,Y,1,basic,교통안전시설 상세,,,,,2026-03-20,source_columns_swapped_and_normalized
06-0000006440,동작구,동작구 대방동 466-10 도,일단(화살표없음),37.5039334,126.9242382,N,N,N,N,Y,1,basic,교통안전시설 상세,,,,,2026-03-20,source_columns_swapped_and_normalized
06-0000006444,동작구,동작구 대방동 466-10 도,일단(화살표없음),37.502854,126.9241912,N,N,N,N,Y,1,basic,교통안전시설 상세,,,,,2026-03-20,source_columns_swapped_and_normalized
06-0000006445,동작구,동작구 대방동 466-10 도,일단(화살표없음),37.50279295,126.9242573,N,N,N,N,Y,1,basic,교통안전시설 상세,,,,,2026-03-20,source_columns_swapped_and_normalized
06-0000006446,동작구,동작구 신대방동 355-26천,일단(화살표없음),37.49893616,126.92804,N,N,N,N,Y,1,basic,교통안전시설 상세,,,,,2026-03-20,source_columns_swapped_and_normalized
06-0000006450,동작구,동작구 대방동 335-53도,일단(화살표없음),37.49976828,126.9293931,N,N,N,N,Y,1,basic,교통안전시설 상세,,,,,2026-03-20,source_columns_swapped_and_normalized
06-0000006451,동작구,동작구 상도동 320-14구,일단(화살표없음),37.49958728,126.9303402,N,N,N,N,Y,1,basic,교통안전시설 상세,,,,,2026-03-20,source_columns_swapped_and_normalized
06-0000006455,동작구,동작구 상도동 346-18도,이단(화살표있음),37.50009066,126.9322766,N,N,N,N,Y,1,basic,교통안전시설 상세,,,,,2026-03-20,source_columns_swapped_and_normalized
06-0000006456,동작구,동작구 상도동 320-5 구,일단(화살표없음),37.49993371,126.9323033,N,N,N,N,Y,1,basic,교통안전시설 상세,,,,,2026-03-20,source_columns_swapped_and_normalized
06-0000006457,동작구,동작구 상도동 248-20도,이단(화살표있음),37.49991954,126.9324495,N,N,N,N,Y,1,basic,교통안전시설 상세,,,,,2026-03-20,source_columns_swapped_and_normalized
06-0000006458,동작구,동작구 상도동 345-13도,일단(화살표없음),37.5000778,126.9324007,N,N,N,N,Y,1,basic,교통안전시설 상세,,,,,2026-03-20,source_columns_swapped_and_normalized
06-0000006502,동작구,동작구 상도동 329도,이단(화살표있음),37.50778362,126.9432805,N,N,N,N,Y,1,basic,교통안전시설 상세,,,,,2026-03-20,source_columns_swapped_and_normalized
06-0000006503,동작구,동작구 상도동 329-4도,일단(화살표없음),37.50731544,126.9430049,N,N,N,N,Y,1,basic,교통안전시설 상세,,,,,2026-03-20,source_columns_swapped_and_normalized
06-0000006508,동작구,동작구 상도동 26-20도,일단(화살표없음),37.50424455,126.9382385,N,N,N,N,Y,1,basic,교통안전시설 상세,,,,,2026-03-20,source_columns_swapped_and_normalized
06-0000006516,동작구,동작구 상도동 26-20도,일단(화살표없음),37.5049668,126.9409136,N,N,N,N,Y,1,basic,교통안전시설 상세,,,,,2026-03-20,source_columns_swapped_and_normalized
06-0000006518,동작구,동작구 대방동 23-2도,이단(화살표있음),37.5109202,126.9320438,N,N,N,N,Y,1,basic,교통안전시설 상세,,,,,2026-03-20,source_columns_swapped_and_normalized
06-0000006521,동작구,동작구 대방동 466-55도,일단(화살표없음),37.51119285,126.9283103,N,N,N,N,Y,1,basic,교통안전시설 상세,,,,,2026-03-20,source_columns_swapped_and_normalized
06-0000006523,동작구,동작구 흑석동 275-14 임,일단(화살표없음),37.50549943,126.9712879,N,N,N,N,Y,1,basic,교통안전시설 상세,,,,,2026-03-20,source_columns_swapped_and_normalized
06-0000006524,동작구,동작구 흑석동 29-115도,일단(화살표없음),37.50550512,126.9707513,N,N,N,N,Y,1,basic,교통안전시설 상세,,,,,2026-03-20,source_columns_swapped_and_normalized
06-0000006526,동작구,동작구 흑석동 28-5도,이단(화살표있음),37.50587653,126.9701815,N,N,N,N,Y,1,basic,교통안전시설 상세,,,,,2026-03-20,source_columns_swapped_and_normalized
06-0000006527,동작구,동작구 흑석동 33도,일단(화살표없음),37.50580585,126.9694521,N,N,N,N,Y,1,basic,교통안전시설 상세,,,,,2026-03-20,source_columns_swapped_and_normalized
06-0000006529,동작구,동작구 상도동 329도,일단(화살표없음),37.50782049,126.9433813,N,N,N,N,Y,1,basic,교통안전시설 상세,,,,,2026-03-20,source_columns_swapped_and_normalized
06-0000006531,동작구,동작구 상도동 329도,일단(화살표없음),37.50815986,126.9436706,N,N,N,N,Y,1,basic,교통안전시설 상세,,,,,2026-03-20,source_columns_swapped_and_normalized
06-0000006532,동작구,동작구 상도동 329도,일단(화살표없음),37.50832728,126.9440634,N,N,N,N,Y,1,basic,교통안전시설 상세,,,,,2026-03-20,source_columns_swapped_and_normalized
06-0000006534,동작구,동작구 상도동 329도,이단(화살표있음),37.50839556,126.9441561,N,N,N,N,Y,1,basic,교통안전시설 상세,,,,,2026-03-20,source_columns_swapped_and_normalized
06-0000006536,동작구,동작구 상도동 329도,일단(화살표없음),37.50837116,126.9445807,N,N,N,N,Y,1,basic,교통안전시설 상세,,,,,2026-03-20,source_columns_swapped_and_normalized
06-0000006537,동작구,동작구 본동 148-9 도,이단(화살표있음),37.51141915,126.9514034,N,N,N,N,Y,1,basic,교통안전시설 상세,,,,,2026-03-20,source_columns_swapped_and_normalized
06-0000006538,동작구,동작구 상도동 329도,이단(화살표있음),37.5084135,126.9447491,N,N,N,N,Y,1,basic,교통안전시설 상세,,,,,2026-03-20,source_columns_swapped_and_normalized
06-0000006539,동작구,동작구 상도동 329도,일단(화살표없음),37.50849579,126.944691,N,N,N,N,Y,1,basic,교통안전시설 상세,,,,,2026-03-20,source_columns_swapped_and_normalized
06-0000006540,동작구,동작구 본동 148-9 도,이단(화살표있음),37.51053931,126.951144,N,N,N,N,Y,1,basic,교통안전시설 상세,,,,,2026-03-20,source_columns_swapped_and_normalized
06-0000006542,동작구,동작구 상도1동 507-4도,이단(화살표있음),37.50795007,126.9515236,N,N,N,N,Y,1,basic,교통안전시설 상세,,,,,2026-03-20,source_columns_swapped_and_normalized
06-0000006543,동작구,동작구 상도동 329도,이단(화살표있음),37.5080512,126.945877,N,N,N,N,Y,1,basic,교통안전시설 상세,,,,,2026-03-20,source_columns_swapped_and_normalized
06-0000006544,동작구,동작구 상도동 329도,일단(화살표없음),37.50799853,126.9460412,N,N,N,N,Y,1,basic,교통안전시설 상세,,,,,2026-03-20,source_columns_swapped_and_normalized
06-0000006545,동작구,동작구 상도동 329도,이단(화살표있음),37.50805732,126.9462043,N,N,N,N,Y,1,basic,교통안전시설 상세,,,,,2026-03-20,source_columns_swapped_and_normalized
06-0000006546,동작구,동작구 노량진동 215-179도,일단(화살표없음),37.50811047,126.9474353,N,N,N,N,Y,1,basic,교통안전시설 상세,,,,,2026-03-20,source_columns_swapped_and_normalized
06-0000006547,동작구,동작구 노량진동 215-179도,일단(화살표없음),37.50831061,126.9470837,N,N,N,N,Y,1,basic,교통안전시설 상세,,,,,2026-03-20,source_columns_swapped_and_normalized
06-0000006548,동작구,동작구 노량진동 118-14도,이단(화살표있음),37.51165859,126.9442897,N,N,N,N,Y,1,basic,교통안전시설 상세,,,,,2026-03-20,source_columns_swapped_and_normalized
06-0000006549,동작구,동작구 노량진동 223-24도,이단(화살표있음),37.5104591,126.9447698,N,N,N,N,Y,1,basic,교통안전시설 상세,,,,,2026-03-20,source_columns_swapped_and_normalized
06-0000006556,동작구,동작구 흑석동 225-35도,일단(화살표있음),37.50667965,126.9617262,N,N,N,N,Y,1,basic,교통안전시설 상세,,,,,2026-03-20,source_columns_swapped_and_normalized
06-0000006561,동작구,동작구 흑석동 245-34 학,일단(화살표없음),37.50377975,126.9607556,N,N,N,N,Y,1,basic,교통안전시설 상세,,,,,2026-03-20,source_columns_swapped_and_normalized
06-0000006562,동작구,동작구 신대방동 722 공,일단(화살표없음),37.49506638,126.9181444,N,N,N,N,Y,1,basic,교통안전시설 상세,,,,,2026-03-20,source_columns_swapped_and_normalized
06-0000006565,동작구,동작구 상도동 26-20도,일단(화살표없음),37.50352873,126.9367152,N,N,N,N,Y,1,basic,교통안전시설 상세,,,,,2026-03-20,source_columns_swapped_and_normalized
06-0000006570,동작구,동작구 상도동 26-71 도,일단(화살표없음),37.50463718,126.9373748,N,N,N,N,Y,1,basic,교통안전시설 상세,,,,,2026-03-20,source_columns_swapped_and_normalized
06-0000006580,동작구,동작구 상도동 159-6 도,이단(화살표있음),37.50246569,126.9452462,N,N,N,N,Y,1,basic,교통안전시설 상세,,,,,2026-03-20,source_columns_swapped_and_normalized
06-0000006691,동작구,동작구 상도동 329-3도,일단(화살표없음),37.50605663,126.9416156,N,N,N,N,Y,1,basic,교통안전시설 상세,,,,,2026-03-20,source_columns_swapped_and_normalized
06-0000006693,동작구,동작구 상도동 329-3도,일단(화살표없음),37.50632269,126.9417174,N,N,N,N,Y,1,basic,교통안전시설 상세,,,,,2026-03-20,source_columns_swapped_and_normalized
06-0000006694,동작구,동작구 상도동 329-3도,일단(화살표없음),37.50649636,126.9418896,N,N,N,N,Y,1,basic,교통안전시설 상세,,,,,2026-03-20,source_columns_swapped_and_normalized
06-0000006695,동작구,동작구 상도동 329-3도,이단(화살표있음),37.50655549,126.9420718,N,N,N,N,Y,1,basic,교통안전시설 상세,,,,,2026-03-20,source_columns_swapped_and_normalized
06-0000006697,동작구,동작구 상도동 329-3도,일단(화살표없음),37.50657561,126.9421857,N,N,N,N,Y,1,basic,교통안전시설 상세,,,,,2026-03-20,source_columns_swapped_and_normalized
06-0000006698,동작구,동작구 상도동 329-3도,일단(화살표없음),37.50696471,126.9426192,N,N,N,N,Y,1,basic,교통안전시설 상세,,,,,2026-03-20,source_columns_swapped_and_normalized
06-0000006699,동작구,동작구 상도동 329-3도,이단(화살표있음),37.50705128,126.9426238,N,N,N,N,Y,1,basic,교통안전시설 상세,,,,,2026-03-20,source_columns_swapped_and_normalized
06-0000006715,동작구,동작구 흑석동 4-7 도,이단(화살표있음),37.50793126,126.9629129,N,N,N,N,Y,1,basic,교통안전시설 상세,,,,,2026-03-20,source_columns_swapped_and_normalized
06-0000006726,동작구,동작구 상도1동 528-1도,일단(화살표없음),37.50443373,126.9503152,N,N,N,N,Y,1,basic,교통안전시설 상세,,,,,2026-03-20,source_columns_swapped_and_normalized
06-0000006734,동작구,동작구 노량진동 324-2도,일단(화살표없음),37.50758024,126.9486717,N,N,N,N,Y,1,basic,교통안전시설 상세,,,,,2026-03-20,source_columns_swapped_and_normalized
06-0000006882,동작구,동작구 노량진동 49-1도,일단(화살표없음),37.5121223,126.9400995,N,N,N,N,Y,1,basic,교통안전시설 상세,,,,,2026-03-20,source_columns_swapped_and_normalized
06-0000006885,동작구,동작구 노량진동 230-62 대,일단(화살표없음),37.50828194,126.9402298,N,N,N,N,Y,1,basic,교통안전시설 상세,,,,,2026-03-20,source_columns_swapped_and_normalized
06-0000006888,동작구,동작구 흑석동 43-112도,일단(화살표없음),37.5071291,126.9659083,N,N,N,N,Y,1,basic,교통안전시설 상세,,,,,2026-03-20,source_columns_swapped_and_normalized
06-0000009433,동작구,동작구 상도동 363-262 도,이단(화살표있음),37.50470684,126.937396,N,N,N,N,Y,1,basic,교통안전시설 상세,,,,,2026-03-20,source_columns_swapped_and_normalized
06-0000009434,동작구,동작구 상도동 451 도,일단(화살표없음),37.50591833,126.9360102,N,N,N,N,Y,1,basic,교통안전시설 상세,,,,,2026-03-20,source_columns_swapped_and_normalized
06-0000009435,동작구,동작구 상도동 450 대,일단(화살표없음),37.50547813,126.9345586,N,N,N,N,Y,1,basic,교통안전시설 상세,,,,,2026-03-20,source_columns_swapped_and_normalized
06-0000009776,동작구,동작구 상도동 451 도,이단(화살표있음),37.50560086,126.9347744,N,N,N,N,Y,1,basic,교통안전시설 상세,,,,,2026-03-20,source_columns_swapped_and_normalized
06-0000009777,동작구,동작구 상도동 451 도,일단(화살표없음),37.50569017,126.9353369,N,N,N,N,Y,1,basic,교통안전시설 상세,,,,,2026-03-20,source_columns_swapped_and_normalized
06-0000009779,동작구,동작구 상도동 451 도,이단(화살표있음),37.5056825,126.93467,N,N,N,N,Y,1,basic,교통안전시설 상세,,,,,2026-03-20,source_columns_swapped_and_normalized
06-0000009780,동작구,동작구 상도동 451 도,이단(화살표있음),37.50571239,126.934794,N,N,N,N,Y,1,basic,교통안전시설 상세,,,,,2026-03-20,source_columns_swapped_and_normalized
06-0000009782,동작구,동작구 상도동 456 대,일단(화살표없음),37.50584625,126.9348003,N,N,N,N,Y,1,basic,교통안전시설 상세,,,,,2026-03-20,source_columns_swapped_and_normalized
06-0000009783,동작구,동작구 상도동 455 대,일단(화살표없음),37.50601002,126.9348585,N,N,N,N,Y,1,basic,교통안전시설 상세,,,,,2026-03-20,source_columns_swapped_and_normalized
06-0000009784,동작구,동작구 상도동 455 대,일단(화살표없음),37.50622573,126.9349304,N,N,N,N,Y,1,basic,교통안전시설 상세,,,,,2026-03-20,source_columns_swapped_and_normalized
06-0000009785,동작구,동작구 상도동 451 도,일단(화살표없음),37.50634284,126.9349833,N,N,N,N,Y,1,basic,교통안전시설 상세,,,,,2026-03-20,source_columns_swapped_and_normalized
06-0000009786,동작구,동작구 상도동 451 도,일단(화살표없음),37.50628851,126.9359559,N,N,N,N,Y,1,basic,교통안전시설 상세,,,,,2026-03-20,source_columns_swapped_and_normalized
06-0000014867,동작구,동작구 사당동 산32-92도,이단(화살표있음),37.48661552,126.9654698,N,N,N,N,Y,1,basic,교통안전시설 상세,,,,,2026-03-20,source_columns_swapped_and_normalized
06-0000015242,동작구,동작구 사당동 1152-6 도,일단(화살표없음),37.48541624,126.9620493,N,N,N,N,Y,1,basic,교통안전시설 상세,,,,,2026-03-20,source_columns_swapped_and_normalized
06-0000015356,동작구,동작구 사당동 708-535 도,이단(화살표있음),37.48866353,126.9632753,N,N,N,N,Y,1,basic,교통안전시설 상세,,,,,2026-03-20,source_columns_swapped_and_normalized
06-0000015437,동작구,동작구 사당동 169-29도,일단(화살표없음),37.48582712,126.9753074,N,N,N,N,Y,1,basic,교통안전시설 상세,,,,,2026-03-20,source_columns_swapped_and_normalized
06-0000016344,동작구,동작구 신대방동 349-35도,이단(화살표있음),37.49774746,126.9240174,N,N,N,N,Y,1,basic,교통안전시설 상세,,,,,2026-03-20,source_columns_swapped_and_normalized
06-0000018316,동작구,동작구 사당동 1133-3도,이단(화살표있음),37.48979644,126.9707096,N,N,N,N,Y,1,basic,교통안전시설 상세,,,,,2026-03-20,source_columns_swapped_and_normalized
06-0000018698,동작구,동작구 상도동 111-58 도,일단(화살표없음),37.49392795,126.9602299,N,N,N,N,Y,1,basic,교통안전시설 상세,,,,,2026-03-20,source_columns_swapped_and_normalized
06-0000018699,동작구,동작구 상도동 412 대,일단(화살표없음),37.49388528,126.9600872,N,N,N,N,Y,1,basic,교통안전시설 상세,,,,,2026-03-20,source_columns_swapped_and_normalized
06-0000018700,동작구,동작구 사당동 708-743도,일단(화살표없음),37.48327511,126.9670486,N,N,N,N,Y,1,basic,교통안전시설 상세,,,,,2026-03-20,source_columns_swapped_and_normalized
06-0000018701,동작구,동작구 사당동 207-4도,일단(화살표없음),37.48751303,126.9670485,N,N,N,N,Y,1,basic,교통안전시설 상세,,,,,2026-03-20,source_columns_swapped_and_normalized
06-0000018702,동작구,동작구 사당동 710-5도,일단(화살표없음),37.48755002,126.9666954,N,N,N,N,Y,1,basic,교통안전시설 상세,,,,,2026-03-20,source_columns_swapped_and_normalized
06-0000018819,동작구,동작구 사당동 1133-8 대,일단(화살표없음),37.48978399,126.9705726,N,N,N,N,Y,1,basic,교통안전시설 상세,,,,,2026-03-20,source_columns_swapped_and_normalized
06-0000018960,동작구,동작구 사당동 200-1학,일단(화살표없음),37.48844664,126.9662753,N,N,N,N,Y,1,basic,교통안전시설 상세,,,,,2026-03-20,source_columns_swapped_and_normalized
06-0000018961,동작구,동작구 사당동 105대,이단(화살표있음),37.49012576,126.9750181,N,N,N,N,Y,1,basic,교통안전시설 상세,,,,,2026-03-20,source_columns_swapped_and_normalized
06-0000019090,동작구,동작구 본동 126-20 도,일단(화살표없음),37.51222439,126.9537767,N,N,N,N,Y,1,basic,교통안전시설 상세,,,,,2026-03-20,source_columns_swapped_and_normalized
06-0000019450,동작구,동작구 대방동 518 도,이단(화살표있음),37.5112381,126.9292165,N,N,N,N,Y,1,basic,교통안전시설 상세,,,,,2026-03-20,source_columns_swapped_and_normalized
06-0000019451,동작구,동작구 대방동 23-105도,이단(화살표없음),37.51128977,126.9290911,N,N,N,N,Y,1,basic,교통안전시설 상세,,,,,2026-03-20,source_columns_swapped_and_normalized
06-0000019510,동작구,동작구 상도동 414대,일단(화살표없음),37.50676146,126.9479971,N,N,N,N,Y,1,basic,교통안전시설 상세,,,,,2026-03-20,source_columns_swapped_and_normalized
06-0000019612,동작구,동작구 사당동 1133-11 도,일단(화살표없음),37.48928907,126.9716874,N,N,N,N,Y,1,basic,교통안전시설 상세,,,,,2026-03-20,source_columns_swapped_and_normalized
06-0000019798,동작구,동작구 상도동 421 대,이단(화살표없음),37.49809624,126.9591786,N,N,N,N,Y,1,basic,교통안전시설 상세,,,,,2026-03-20,source_columns_swapped_and_normalized
06-0000019799,동작구,동작구 상도동 산49-142 도,일단(화살표없음),37.49782701,126.9591974,N,N,N,N,Y,1,basic,교통안전시설 상세,,,,,2026-03-20,source_columns_swapped_and_normalized
06-0000019801,동작구,동작구 흑석동 328 대,일단(화살표없음),37.49994401,126.9598614,N,N,N,N,Y,1,basic,교통안전시설 상세,,,,,2026-03-20,source_columns_swapped_and_normalized
06-0000021275,동작구,동작구 상도동 421 대,일단(화살표없음),37.49755695,126.9579774,N,N,N,N,Y,1,basic,교통안전시설 상세,,,,,2026-03-20,source_columns_swapped_and_normalized
06-0000021413,동작구,동작구 대방동 466-10 도,일단(화살표없음),37.50204043,126.9279335,N,N,N,N,Y,1,basic,교통안전시설 상세,,,,,2026-03-20,source_columns_swapped_and_normalized
06-0000021414,동작구,동작구 대방동 466-10 도,일단(화살표없음),37.50195715,126.9279481,N,N,N,N,Y,1,basic,교통안전시설 상세,,,,,2026-03-20,source_columns_swapped_and_normalized
06-0000021421,동작구,동작구 신대방동 349-35도,일단(화살표없음),37.49801296,126.9263665,N,N,N,N,Y,1,basic,교통안전시설 상세,,,,,2026-03-20,source_columns_swapped_and_normalized
06-0000021424,동작구,동작구 노량진동 232-311 도,일단(화살표없음),37.51058711,126.9403146,N,N,N,N,Y,1,basic,교통안전시설 상세,,,,,2026-03-20,source_columns_swapped_and_normalized
06-0000022000,동작구,동작구 대방동 20-4도,이단(화살표있음),37.51012543,126.9321092,N,N,N,N,Y,1,basic,교통안전시설 상세,,,,,2026-03-20,source_columns_swapped_and_normalized
06-0000022003,동작구,동작구 대방동 466-10 도,일단(화살표없음),37.50034992,126.9240665,N,N,N,N,Y,1,basic,교통안전시설 상세,,,,,2026-03-20,source_columns_swapped_and_normalized
06-0000022496,동작구,동작구 신대방동 349-35도,이단(화살표있음),37.49776808,126.9242918,N,N,N,N,Y,1,basic,교통안전시설 상세,,,,,2026-03-20,source_columns_swapped_and_normalized
06-0000022669,동작구,동작구 상도동 산65-244 임,이단(화살표있음),37.49335281,126.9436534,N,N,N,N,Y,1,basic,교통안전시설 상세,,,,,2026-03-20,source_columns_swapped_and_normalized
06-0000022670,동작구,동작구 상도동 산65-244 임,일단(화살표없음),37.49329841,126.9437116,N,N,N,N,Y,1,basic,교통안전시설 상세,,,,,2026-03-20,source_columns_swapped_and_normalized
06-0000022844,동작구,동작구 상도동 347-6도,일단(화살표없음),37.50100665,126.9326683,N,N,N,N,Y,1,basic,교통안전시설 상세,,,,,2026-03-20,source_columns_swapped_and_normalized
06-0000023071,동작구,동작구 상도1동 528-1도,일단(화살표없음),37.50495688,126.9496735,N,N,N,N,Y,1,basic,교통안전시설 상세,,,,,2026-03-20,source_columns_swapped_and_normalized
06-0000023297,동작구,동작구 사당동 산32-115 도,일단(화살표없음),37.48555417,126.9621042,N,N,N,N,Y,1,basic,교통안전시설 상세,,,,,2026-03-20,source_columns_swapped_and_normalized
06-0000023326,동작구,동작구 본동 148-9 도,이단(화살표있음),37.50997645,126.9511272,N,N,N,N,Y,1,basic,교통안전시설 상세,,,,,2026-03-20,source_columns_swapped_and_normalized
06-0000023327,동작구,동작구 본동 492 대,일단(화살표없음),37.5099313,126.9509541,N,N,N,N,Y,1,basic,교통안전시설 상세,,,,,2026-03-20,source_columns_swapped_and_normalized
06-0000023328,동작구,동작구 본동 148-9 도,일단(화살표없음),37.50918537,126.9507166,N,N,N,N,Y,1,basic,교통안전시설 상세,,,,,2026-03-20,source_columns_swapped_and_normalized
06-0000023329,동작구,동작구 본동 457-257수,이단(화살표있음),37.50911953,126.950908,N,N,N,N,Y,1,basic,교통안전시설 상세,,,,,2026-03-20,source_columns_swapped_and_normalized
06-0000023335,동작구,동작구 본동 492-1 도,이단(화살표있음),37.51043867,126.9500114,N,N,N,N,Y,1,basic,교통안전시설 상세,,,,,2026-03-20,source_columns_swapped_and_normalized
06-0000023431,동작구,동작구 사당동 1132 대,일단(화살표없음),37.49071998,126.9716412,N,N,N,N,Y,1,basic,교통안전시설 상세,,,,,2026-03-20,source_columns_swapped_and_normalized
06-0000023432,동작구,동작구 사당동 708-525 천,일단(화살표없음),37.4901003,126.9721316,N,N,N,N,Y,1,basic,교통안전시설 상세,,,,,2026-03-20,source_columns_swapped_and_normalized
06-0000024100,동작구,동작구 상도1동 528-1도,일단(화살표없음),37.50468862,126.9495897,N,N,N,N,Y,1,basic,교통안전시설 상세,,,,,2026-03-20,source_columns_swapped_and_normalized
06-0000024284,동작구,동작구 상도1동 486-10 도,일단(화살표없음),37.49768207,126.9531676,N,N,N,N,Y,1,basic,교통안전시설 상세,,,,,2026-03-20,source_columns_swapped_and_normalized
06-0000024285,동작구,동작구 상도동 439 도,일단(화살표없음),37.49786912,126.9529888,N,N,N,N,Y,1,basic,교통안전시설 상세,,,,,2026-03-20,source_columns_swapped_and_normalized
06-0000024287,동작구,동작구 상도동 439 도,일단(화살표없음),37.49783561,126.9534023,N,N,N,N,Y,1,basic,교통안전시설 상세,,,,,2026-03-20,source_columns_swapped_and_normalized
06-0000024731,동작구,동작구 상도동 439 도,일단(화살표있음),37.50390215,126.9537964,N,N,N,N,Y,1,basic,교통안전시설 상세,,,,,2026-03-20,source_columns_swapped_and_normalized
06-0000024873,동작구,동작구 노량진동 55-2 도,일단(화살표없음),37.51275972,126.940093,N,N,N,N,Y,1,basic,교통안전시설 상세,,,,,2026-03-20,source_columns_swapped_and_normalized
06-0000024980,동작구,동작구 상도동 373-21 도,일단(화살표없음),37.50496203,126.9404582,N,N,N,N,Y,1,basic,교통안전시설 상세,,,,,2026-03-20,source_columns_swapped_and_normalized
06-0000025143,동작구,동작구 상도1동 528-1도,일단(화살표없음),37.50469674,126.9510751,N,N,N,N,Y,1,basic,교통안전시설 상세,,,,,2026-03-20,source_columns_swapped_and_normalized
06-0000025699,동작구,동작구 사당동 1096도,일단(화살표없음),37.48178344,126.9795234,N,N,N,N,Y,1,basic,교통안전시설 상세,,,,,2026-03-20,source_columns_swapped_and_normalized
06-0000025700,동작구,동작구 사당동 1096도,일단(화살표없음),37.48174673,126.9794565,N,N,N,N,Y,1,basic,교통안전시설 상세,,,,,2026-03-20,source_columns_swapped_and_normalized
06-0000025701,동작구,동작구 사당동 1096도,일단(화살표없음),37.4816989,126.9795314,N,N,N,N,Y,1,basic,교통안전시설 상세,,,,,2026-03-20,source_columns_swapped_and_normalized
06-0000025704,동작구,동작구 사당동 산10-24도,일단(화살표있음),37.49303085,126.975846,N,N,N,N,Y,1,basic,교통안전시설 상세,,,,,2026-03-20,source_columns_swapped_and_normalized
06-0000025706,동작구,동작구 사당동 산10-27 도,일단(화살표없음),37.49262604,126.976663,N,N,N,N,Y,1,basic,교통안전시설 상세,,,,,2026-03-20,source_columns_swapped_and_normalized
06-0000025710,동작구,동작구 사당동 59-22도,일단(화살표없음),37.49207901,126.9768343,N,N,N,N,Y,1,basic,교통안전시설 상세,,,,,2026-03-20,source_columns_swapped_and_normalized
06-0000025711,동작구,동작구 사당동 59-23도,일단(화살표없음),37.49181305,126.9767381,N,N,N,N,Y,1,basic,교통안전시설 상세,,,,,2026-03-20,source_columns_swapped_and_normalized
06-0000025712,동작구,동작구 사당동 1137-6도,일단(화살표없음),37.49134776,126.9765359,N,N,N,N,Y,1,basic,교통안전시설 상세,,,,,2026-03-20,source_columns_swapped_and_normalized
06-0000025886,동작구,동작구 본동 47-52도,일단(화살표없음),37.51229463,126.9544694,N,N,N,N,Y,1,basic,교통안전시설 상세,,,,,2026-03-20,source_columns_swapped_and_normalized
06-0000025888,동작구,동작구 본동 126-337수,일단(화살표없음),37.51170698,126.9540119,N,N,N,N,Y,1,basic,교통안전시설 상세,,,,,2026-03-20,source_columns_swapped_and_normalized
06-0000025892,동작구,동작구 대방동 23-2도,일단(화살표없음),37.51034058,126.931999,N,N,N,N,Y,1,basic,교통안전시설 상세,,,,,2026-03-20,source_columns_swapped_and_normalized
06-0000025893,동작구,동작구 대방동 68-63구,일단(화살표없음),37.51029017,126.9321734,N,N,N,N,Y,1,basic,교통안전시설 상세,,,,,2026-03-20,source_columns_swapped_and_normalized
06-0000025896,동작구,동작구 대방동 68-23구,일단(화살표없음),37.50839905,126.9323195,N,N,N,N,Y,1,basic,교통안전시설 상세,,,,,2026-03-20,source_columns_swapped_and_normalized
06-0000025898,동작구,동작구 대방동 11-4도,일단(화살표없음),37.50700071,126.9322593,N,N,N,N,Y,1,basic,교통안전시설 상세,,,,,2026-03-20,source_columns_swapped_and_normalized
06-0000025994,동작구,동작구 사당동 708-624도,일단(화살표없음),37.48502153,126.9763965,N,N,N,N,Y,1,basic,교통안전시설 상세,,,,,2026-03-20,source_columns_swapped_and_normalized
06-0000025995,동작구,동작구 사당동 708-642천,일단(화살표없음),37.4862967,126.9747406,N,N,N,N,Y,1,basic,교통안전시설 상세,,,,,2026-03-20,source_columns_swapped_and_normalized
06-0000026289,동작구,동작구 노량진동 49-1도,일단(화살표없음),37.51184267,126.9403379,N,N,N,N,Y,1,basic,교통안전시설 상세,,,,,2026-03-20,source_columns_swapped_and_normalized
06-0000026876,동작구,동작구 상도동 201-174도,일단(화살표없음),37.50015412,126.94258,N,N,N,N,Y,1,basic,교통안전시설 상세,,,,,2026-03-20,source_columns_swapped_and_normalized
06-0000026895,동작구,동작구 대방동 466-56도,이단(화살표있음),37.50577853,126.9249165,N,N,N,N,Y,1,basic,교통안전시설 상세,,,,,2026-03-20,source_columns_swapped_and_normalized
06-0000026896,동작구,동작구 대방동 501대,이단(화살표있음),37.50578058,126.9247295,N,N,N,N,Y,1,basic,교통안전시설 상세,,,,,2026-03-20,source_columns_swapped_and_normalized
06-0000026898,동작구,동작구 대방동 68-11도,이단(화살표있음),37.50735794,126.9295447,N,N,N,N,Y,1,basic,교통안전시설 상세,,,,,2026-03-20,source_columns_swapped_and_normalized
06-0000026967,동작구,동작구 본동 508-1도,일단(화살표없음),37.50800759,126.9514064,N,N,N,N,Y,1,basic,교통안전시설 상세,,,,,2026-03-20,source_columns_swapped_and_normalized
06-0000027272,동작구,동작구 흑석동 9-22도,일단(화살표없음),37.50738723,126.9660077,N,N,N,N,Y,1,basic,교통안전시설 상세,,,,,2026-03-20,source_columns_swapped_and_normalized
06-0000027273,동작구,동작구 흑석동 9-22도,일단(화살표없음),37.50732517,126.9661758,N,N,N,N,Y,1,basic,교통안전시설 상세,,,,,2026-03-20,source_columns_swapped_and_normalized
06-0000027284,동작구,동작구 흑석동 79-291도,일단(화살표없음),37.50087989,126.9601647,N,N,N,N,Y,1,basic,교통안전시설 상세,,,,,2026-03-20,source_columns_swapped_and_normalized
06-0000027289,동작구,동작구 흑석동 86-201 도,일단(화살표없음),37.503672,126.9609492,N,N,N,N,Y,1,basic,교통안전시설 상세,,,,,2026-03-20,source_columns_swapped_and_normalized
06-0000027292,동작구,동작구 본동 489-1 도,일단(화살표없음),37.50860038,126.9490422,N,N,N,N,Y,1,basic,교통안전시설 상세,,,,,2026-03-20,source_columns_swapped_and_normalized
06-0000027293,동작구,동작구 본동 489-1 도,일단(화살표없음),37.50942899,126.9488211,N,N,N,N,Y,1,basic,교통안전시설 상세,,,,,2026-03-20,source_columns_swapped_and_normalized
06-0000027294,동작구,동작구 본동 492-1 도,일단(화살표없음),37.50959837,126.9486844,N,N,N,N,Y,1,basic,교통안전시설 상세,,,,,2026-03-20,source_columns_swapped_and_normalized
06-0000027300,동작구,동작구 흑석동 340-10 도,일단(화살표없음),37.50449709,126.9608626,N,N,N,N,Y,1,basic,교통안전시설 상세,,,,,2026-03-20,source_columns_swapped_and_normalized
06-0000027422,동작구,동작구 상도동 159-275대,일단(화살표없음),37.50007089,126.9499699,N,N,N,N,Y,1,basic,교통안전시설 상세,,,,,2026-03-20,source_columns_swapped_and_normalized
06-0000027451,동작구,동작구 상도1동 528-1도,일단(화살표없음),37.50506969,126.9498173,N,N,N,N,Y,1,basic,교통안전시설 상세,,,,,2026-03-20,source_columns_swapped_and_normalized
06-0000027458,동작구,동작구 본동 126-337수,일단(화살표없음),37.51167692,126.9539572,N,N,N,N,Y,1,basic,교통안전시설 상세,,,,,2026-03-20,source_columns_swapped_and_normalized
06-0000027761,동작구,동작구 본동 492-1 도,이단(화살표있음),37.51043234,126.9497591,N,N,N,N,Y,1,basic,교통안전시설 상세,,,,,2026-03-20,source_columns_swapped_and_normalized
06-0000027768,동작구,동작구 본동 258-58수,일단(화살표없음),37.51459598,126.9518894,N,N,N,N,Y,1,basic,교통안전시설 상세,,,,,2026-03-20,source_columns_swapped_and_normalized
06-0000027769,동작구,동작구 본동 258-57수,일단(화살표없음),37.51459841,126.9517393,N,N,N,N,Y,1,basic,교통안전시설 상세,,,,,2026-03-20,source_columns_swapped_and_normalized
06-0000027865,동작구,동작구 신대방동 700도,일단(화살표없음),37.48785836,126.9077891,N,N,N,N,Y,1,basic,교통안전시설 상세,,,,,2026-03-20,source_columns_swapped_and_normalized
06-0000027867,동작구,동작구 신대방동 701-7도,일단(화살표없음),37.48719478,126.9081126,N,N,N,N,Y,1,basic,교통안전시설 상세,,,,,2026-03-20,source_columns_swapped_and_normalized
06-0000027868,동작구,동작구 신대방동 719 대,일단(화살표없음),37.48726322,126.9079531,N,N,N,N,Y,1,basic,교통안전시설 상세,,,,,2026-03-20,source_columns_swapped_and_normalized
06-0000027869,동작구,동작구 신대방동 719-4 도,일단(화살표없음),37.48697301,126.9078198,N,N,N,N,Y,1,basic,교통안전시설 상세,,,,,2026-03-20,source_columns_swapped_and_normalized
06-0000027871,동작구,동작구 신대방동 719-4 도,일단(화살표없음),37.48660802,126.9069395,N,N,N,N,Y,1,basic,교통안전시설 상세,,,,,2026-03-20,source_columns_swapped_and_normalized
06-0000027872,동작구,동작구 신대방동 719 대,이단(화살표있음),37.48673747,126.906961,N,N,N,N,Y,1,basic,교통안전시설 상세,,,,,2026-03-20,source_columns_swapped_and_normalized
06-0000027874,동작구,동작구 신대방동 719-4 도,일단(화살표없음),37.48661909,126.9066145,N,N,N,N,Y,1,basic,교통안전시설 상세,,,,,2026-03-20,source_columns_swapped_and_normalized
06-0000027875,동작구,동작구 신대방동 719 대,일단(화살표없음),37.48698684,126.9062333,N,N,N,N,Y,1,basic,교통안전시설 상세,,,,,2026-03-20,source_columns_swapped_and_normalized
06-0000028490,동작구,동작구 신대방동 722 공,이단(화살표있음),37.49433717,126.9183779,N,N,N,N,Y,1,basic,교통안전시설 상세,,,,,2026-03-20,source_columns_swapped_and_normalized
06-0000029087,동작구,동작구 상도동 527 대,일단(화살표없음),37.50597809,126.9437151,N,N,N,N,Y,1,basic,교통안전시설 상세,,,,,2026-03-20,source_columns_swapped_and_normalized
06-0000029135,동작구,동작구 상도동 527-2 도,일단(화살표없음),37.50590335,126.9446929,N,N,N,N,Y,1,basic,교통안전시설 상세,,,,,2026-03-20,source_columns_swapped_and_normalized
06-0000029185,동작구,동작구 사당동 105-6도,이단(화살표있음),37.48936509,126.9771545,N,N,N,N,Y,1,basic,교통안전시설 상세,,,,,2026-03-20,source_columns_swapped_and_normalized
06-0000029186,동작구,동작구 상도동 414-2도,일단(화살표없음),37.50627887,126.947573,N,N,N,N,Y,1,basic,교통안전시설 상세,,,,,2026-03-20,source_columns_swapped_and_normalized
06-0000029620,동작구,동작구 상도동 329도,일단(화살표없음),37.50791838,126.9432778,N,N,N,N,Y,1,basic,교통안전시설 상세,,,,,2026-03-20,source_columns_swapped_and_normalized
06-0000029630,동작구,동작구 상도동 320-3도,일단(화살표없음),37.49984772,126.9305945,N,N,N,N,Y,1,basic,교통안전시설 상세,,,,,2026-03-20,source_columns_swapped_and_normalized
06-0000029636,동작구,동작구 상도동 521-5 도,일단(화살표있음),37.50116636,126.9432965,N,N,N,N,Y,1,basic,교통안전시설 상세,,,,,2026-03-20,source_columns_swapped_and_normalized
06-0000029637,동작구,동작구 상도동 521-5 도,이단(화살표있음),37.50123574,126.9425943,N,N,N,N,Y,1,basic,교통안전시설 상세,,,,,2026-03-20,source_columns_swapped_and_normalized
06-0000029638,동작구,동작구 상도동 521 대,일단(화살표없음),37.50132529,126.9424163,N,N,N,N,Y,1,basic,교통안전시설 상세,,,,,2026-03-20,source_columns_swapped_and_normalized
06-0000029640,동작구,동작구 상도동 521-5 도,이단(화살표있음),37.50126389,126.94223,N,N,N,N,Y,1,basic,교통안전시설 상세,,,,,2026-03-20,source_columns_swapped_and_normalized
06-0000029642,동작구,동작구 상도동 521 대,일단(화살표없음),37.50177362,126.9450979,N,N,N,N,Y,1,basic,교통안전시설 상세,,,,,2026-03-20,source_columns_swapped_and_normalized
06-0000029651,동작구,동작구 노량진동 311-4도,일단(화살표없음),37.50595073,126.9394841,N,N,N,N,Y,1,basic,교통안전시설 상세,,,,,2026-03-20,source_columns_swapped_and_normalized
06-0000029652,동작구,동작구 노량진동 315-135 도,일단(화살표없음),37.50645836,126.9382171,N,N,N,N,Y,1,basic,교통안전시설 상세,,,,,2026-03-20,source_columns_swapped_and_normalized
06-0000029669,동작구,동작구 대방동 503-2도,이단(화살표있음),37.50911041,126.9279652,N,N,N,N,Y,1,basic,교통안전시설 상세,,,,,2026-03-20,source_columns_swapped_and_normalized
06-0000029679,동작구,동작구 신대방동 349-35도,일단(화살표없음),37.49822205,126.9273965,N,N,N,N,Y,1,basic,교통안전시설 상세,,,,,2026-03-20,source_columns_swapped_and_normalized
06-0000029736,동작구,동작구 사당동 708-1110천,일단(화살표없음),37.48891664,126.9644891,N,N,N,N,Y,1,basic,교통안전시설 상세,,,,,2026-03-20,source_columns_swapped_and_normalized
06-0000029743,동작구,동작구 사당동 226-5 도,일단(화살표없음),37.48536645,126.9682518,N,N,N,N,Y,1,basic,교통안전시설 상세,,,,,2026-03-20,source_columns_swapped_and_normalized
06-0000029745,동작구,동작구 사당동 235-55도,일단(화살표없음),37.48230048,126.9666405,N,N,N,N,Y,1,basic,교통안전시설 상세,,,,,2026-03-20,source_columns_swapped_and_normalized
06-0000029746,동작구,동작구 상도동 313-1도,일단(화살표없음),37.49919461,126.9331845,N,N,N,N,Y,1,basic,교통안전시설 상세,,,,,2026-03-20,source_columns_swapped_and_normalized
06-0000030182,동작구,동작구 대방동 466-10 도,일단(화살표없음),37.50030919,126.9248002,N,N,N,N,Y,1,basic,교통안전시설 상세,,,,,2026-03-20,source_columns_swapped_and_normalized
06-0000030183,동작구,동작구 대방동 466-10 도,일단(화살표없음),37.50027663,126.9248762,N,N,N,N,Y,1,basic,교통안전시설 상세,,,,,2026-03-20,source_columns_swapped_and_normalized
06-0000030192,동작구,동작구 대방동 466-27도,일단(화살표없음),37.49937867,126.9265863,N,N,N,N,Y,1,basic,교통안전시설 상세,,,,,2026-03-20,source_columns_swapped_and_normalized
06-0000030193,동작구,동작구 신대방동 347-27도,일단(화살표있음),37.49909025,126.9273173,N,N,N,N,Y,1,basic,교통안전시설 상세,,,,,2026-03-20,source_columns_swapped_and_normalized
06-0000030194,동작구,동작구 신대방동 355-26천,일단(화살표없음),37.49901287,126.9261205,N,N,N,N,Y,1,basic,교통안전시설 상세,,,,,2026-03-20,source_columns_swapped_and_normalized
06-0000030648,동작구,동작구 흑석동 3도,이단(화살표있음),37.50872583,126.9639928,N,N,N,N,Y,1,basic,교통안전시설 상세,,,,,2026-03-20,source_columns_swapped_and_normalized
06-0000031115,동작구,동작구 상도1동 528-1도,일단(화살표없음),37.50648475,126.9511218,N,N,N,N,Y,1,basic,교통안전시설 상세,,,,,2026-03-20,source_columns_swapped_and_normalized
06-0000031116,동작구,동작구 상도1동 528-1도,일단(화살표없음),37.50647659,126.9508942,N,N,N,N,Y,1,basic,교통안전시설 상세,,,,,2026-03-20,source_columns_swapped_and_normalized
06-0000031117,동작구,동작구 사당동 174-1전,일단(화살표없음),37.48977269,126.9710283,N,N,N,N,Y,1,basic,교통안전시설 상세,,,,,2026-03-20,source_columns_swapped_and_normalized
06-0000031118,동작구,동작구 사당동 708-820 천,이단(화살표있음),37.48966914,126.971132,N,N,N,N,Y,1,basic,교통안전시설 상세,,,,,2026-03-20,source_columns_swapped_and_normalized
06-0000031626,동작구,동작구 노량진동 151-24대,일단(화살표없음),37.51383609,126.9453912,N,N,N,N,Y,1,basic,교통안전시설 상세,,,,,2026-03-20,source_columns_swapped_and_normalized
06-0000031631,동작구,동작구 노량진동 165-8도,일단(화살표없음),37.51292369,126.9481775,N,N,N,N,Y,1,basic,교통안전시설 상세,,,,,2026-03-20,source_columns_swapped_and_normalized
06-0000031634,동작구,동작구 본동 374-3도,일단(화살표없음),37.51256663,126.9500168,N,N,N,N,Y,1,basic,교통안전시설 상세,,,,,2026-03-20,source_columns_swapped_and_normalized
06-0000031744,동작구,동작구 상도동 529-2 도,일단(화살표없음),37.50508578,126.9434175,N,N,N,N,Y,1,basic,교통안전시설 상세,,,,,2026-03-20,source_columns_swapped_and_normalized
06-0000031745,동작구,동작구 상도동 529 대,일단(화살표없음),37.5043935,126.9430906,N,N,N,N,Y,1,basic,교통안전시설 상세,,,,,2026-03-20,source_columns_swapped_and_normalized
06-0000031764,동작구,동작구 본동 126-452수,이단(화살표있음),37.50930124,126.9548887,N,N,N,N,Y,1,basic,교통안전시설 상세,,,,,2026-03-20,source_columns_swapped_and_normalized
06-0000031869,동작구,동작구 흑석동 9-22도,일단(화살표없음),37.50774273,126.9652503,N,N,N,N,Y,1,basic,교통안전시설 상세,,,,,2026-03-20,source_columns_swapped_and_normalized
06-0000032120,동작구,동작구 대방동 354-1 대,일단(화살표없음),37.50947651,126.9248359,N,N,N,N,Y,1,basic,교통안전시설 상세,,,,,2026-03-20,source_columns_swapped_and_normalized
06-0000032121,동작구,동작구 대방동 466-79 도,일단(화살표없음),37.50942099,126.9247548,N,N,N,N,Y,1,basic,교통안전시설 상세,,,,,2026-03-20,source_columns_swapped_and_normalized
06-0000032123,동작구,동작구 대방동 500-2도,일단(화살표없음),37.50940577,126.9254196,N,N,N,N,Y,1,basic,교통안전시설 상세,,,,,2026-03-20,source_columns_swapped_and_normalized
06-0000032124,동작구,동작구 대방동 466-31도,일단(화살표없음),37.51088056,126.9258956,N,N,N,N,Y,1,basic,교통안전시설 상세,,,,,2026-03-20,source_columns_swapped_and_normalized
06-0000032125,동작구,동작구 대방동 466-31도,일단(화살표없음),37.51089639,126.9256386,N,N,N,N,Y,1,basic,교통안전시설 상세,,,,,2026-03-20,source_columns_swapped_and_normalized
06-0000032161,동작구,동작구 신대방동 342-57도,일단(화살표없음),37.49604548,126.9277734,N,N,N,N,Y,1,basic,교통안전시설 상세,,,,,2026-03-20,source_columns_swapped_and_normalized
06-0000032163,동작구,동작구 신대방동 720 대,일단(화살표없음),37.4959106,126.9282007,N,N,N,N,Y,1,basic,교통안전시설 상세,,,,,2026-03-20,source_columns_swapped_and_normalized
06-0000033464,동작구,동작구 사당동 147-29 대,일단(화살표없음),37.48420811,126.9800993,N,N,N,N,Y,1,basic,교통안전시설 상세,,,,,2026-03-20,source_columns_swapped_and_normalized
06-0000033465,동작구,동작구 사당동 708-517도,일단(화살표없음),37.48416985,126.9809092,N,N,N,N,Y,1,basic,교통안전시설 상세,,,,,2026-03-20,source_columns_swapped_and_normalized
06-0000033466,동작구,동작구 사당동 708-286천,일단(화살표없음),37.484241,126.9810186,N,N,N,N,Y,1,basic,교통안전시설 상세,,,,,2026-03-20,source_columns_swapped_and_normalized
06-0000033467,동작구,동작구 사당동 708-517도,일단(화살표없음),37.48421083,126.9811516,N,N,N,N,Y,1,basic,교통안전시설 상세,,,,,2026-03-20,source_columns_swapped_and_normalized
06-0000033623,동작구,동작구 흑석동 224-1학,일단(화살표없음),37.50753637,126.9608193,N,N,N,N,Y,1,basic,교통안전시설 상세,,,,,2026-03-20,source_columns_swapped_and_normalized
06-0000033625,동작구,동작구 흑석동 332-2 도,일단(화살표없음),37.50684717,126.9623943,N,N,N,N,Y,1,basic,교통안전시설 상세,,,,,2026-03-20,source_columns_swapped_and_normalized
06-0000033626,동작구,동작구 흑석동 332-2 도,일단(화살표있음),37.5070019,126.9618414,N,N,N,N,Y,1,basic,교통안전시설 상세,,,,,2026-03-20,source_columns_swapped_and_normalized
06-0000033627,동작구,동작구 흑석동 332 대,일단(화살표없음),37.50635223,126.9622005,N,N,N,N,Y,1,basic,교통안전시설 상세,,,,,2026-03-20,source_columns_swapped_and_normalized
06-0000034499,동작구,동작구 대방동 23-2도,일단(화살표없음),37.51246674,126.9318356,N,N,N,N,Y,1,basic,교통안전시설 상세,,,,,2026-03-20,source_columns_swapped_and_normalized
06-0000034500,동작구,동작구 대방동 39-22도,일단(화살표없음),37.51156026,126.9312887,N,N,N,N,Y,1,basic,교통안전시설 상세,,,,,2026-03-20,source_columns_swapped_and_normalized
06-0000034501,동작구,동작구 대방동 23-190도,일단(화살표없음),37.51151025,126.9313838,N,N,N,N,Y,1,basic,교통안전시설 상세,,,,,2026-03-20,source_columns_swapped_and_normalized
06-0000034503,동작구,동작구 노량진동 117-8도,이단(화살표있음),37.51259476,126.9442655,N,N,N,N,Y,1,basic,교통안전시설 상세,,,,,2026-03-20,source_columns_swapped_and_normalized
06-0000034505,동작구,동작구 상도1동 257-1도,일단(화살표없음),37.49937402,126.9505713,N,N,N,N,Y,1,basic,교통안전시설 상세,,,,,2026-03-20,source_columns_swapped_and_normalized
06-0000034506,동작구,동작구 대방동 11-4도,이단(화살표있음),37.50704772,126.9323266,N,N,N,N,Y,1,basic,교통안전시설 상세,,,,,2026-03-20,source_columns_swapped_and_normalized
06-0000035075,동작구,동작구 흑석동 221학,일단(화살표없음),37.50602215,126.9570873,N,N,N,N,Y,1,basic,교통안전시설 상세,,,,,2026-03-20,source_columns_swapped_and_normalized
06-0000035076,동작구,동작구 흑석동 221-1도,일단(화살표없음),37.50678416,126.9578965,N,N,N,N,Y,1,basic,교통안전시설 상세,,,,,2026-03-20,source_columns_swapped_and_normalized
06-0000035077,동작구,동작구 흑석동 221-1도,일단(화살표없음),37.50688423,126.9584172,N,N,N,N,Y,1,basic,교통안전시설 상세,,,,,2026-03-20,source_columns_swapped_and_normalized
06-0000035078,동작구,동작구 흑석동 221학,이단(화살표있음),37.50676409,126.9584606,N,N,N,N,Y,1,basic,교통안전시설 상세,,,,,2026-03-20,source_columns_swapped_and_normalized
06-0000035079,동작구,동작구 흑석동 221-1도,일단(화살표없음),37.5070175,126.9587483,N,N,N,N,Y,1,basic,교통안전시설 상세,,,,,2026-03-20,source_columns_swapped_and_normalized
06-0000035080,동작구,동작구 흑석동 221학,이단(화살표없음),37.50627496,126.9584712,N,N,N,N,Y,1,basic,교통안전시설 상세,,,,,2026-03-20,source_columns_swapped_and_normalized
06-0000035094,동작구,동작구 흑석동 211-32대,일단(화살표없음),37.50618597,126.9556875,N,N,N,N,Y,1,basic,교통안전시설 상세,,,,,2026-03-20,source_columns_swapped_and_normalized
06-0000035095,동작구,동작구 흑석동 190-34대,일단(화살표없음),37.50718962,126.9590233,N,N,N,N,Y,1,basic,교통안전시설 상세,,,,,2026-03-20,source_columns_swapped_and_normalized
06-0000035182,동작구,동작구 신대방동 395-71대,일단(화살표없음),37.49269673,126.9241079,N,N,N,N,Y,1,basic,교통안전시설 상세,,,,,2026-03-20,source_columns_swapped_and_normalized
06-0000035239,동작구,동작구 사당동 1112도,일단(화살표없음),37.47897593,126.9815558,N,N,N,N,Y,1,basic,교통안전시설 상세,,,,,2026-03-20,source_columns_swapped_and_normalized
06-0000035240,동작구,동작구 사당동 산32-59 도,일단(화살표없음),37.48492801,126.9676966,N,N,N,N,Y,1,basic,교통안전시설 상세,,,,,2026-03-20,source_columns_swapped_and_normalized
06-0000035242,동작구,동작구 본동 258-89도,일단(화살표없음),37.51280485,126.9536652,N,N,N,N,Y,1,basic,교통안전시설 상세,,,,,2026-03-20,source_columns_swapped_and_normalized
06-0000035308,동작구,동작구 흑석동 335-4 도,일단(화살표없음),37.5055427,126.9663771,N,N,N,N,Y,1,basic,교통안전시설 상세,,,,,2026-03-20,source_columns_swapped_and_normalized
06-0000035310,동작구,동작구 흑석동 335 대,일단(화살표없음),37.50565386,126.9661217,N,N,N,N,Y,1,basic,교통안전시설 상세,,,,,2026-03-20,source_columns_swapped_and_normalized
06-0000035383,동작구,동작구 상도동 188-42 구,일단(화살표없음),37.5011734,126.9370718,N,N,N,N,Y,1,basic,교통안전시설 상세,,,,,2026-03-20,source_columns_swapped_and_normalized
06-0000035413,동작구,동작구 본동 258-68수,일단(화살표있음),37.51374544,126.9519262,N,N,N,N,Y,1,basic,교통안전시설 상세,,,,,2026-03-20,source_columns_swapped_and_normalized
06-0000035415,동작구,동작구 본동 258-68수,일단(화살표있음),37.51396939,126.9518237,N,N,N,N,Y,1,basic,교통안전시설 상세,,,,,2026-03-20,source_columns_swapped_and_normalized
06-0000035417,동작구,동작구 본동 482대,일단(화살표없음),37.51438172,126.9514871,N,N,N,N,Y,1,basic,교통안전시설 상세,,,,,2026-03-20,source_columns_swapped_and_normalized
06-0000035418,동작구,동작구 본동 258-40수,일단(화살표있음),37.51479578,126.9506507,N,N,N,N,Y,1,basic,교통안전시설 상세,,,,,2026-03-20,source_columns_swapped_and_normalized
06-0000035419,동작구,동작구 본동 494-1 도,일단(화살표없음),37.51468063,126.9507266,N,N,N,N,Y,1,basic,교통안전시설 상세,,,,,2026-03-20,source_columns_swapped_and_normalized
06-0000035420,동작구,동작구 본동 258-40수,일단(화살표있음),37.5150243,126.9501447,N,N,N,N,Y,1,basic,교통안전시설 상세,,,,,2026-03-20,source_columns_swapped_and_normalized
06-0000035453,동작구,동작구 신대방동 395-61도,일단(화살표없음),37.49164596,126.923816,N,N,N,N,Y,1,basic,교통안전시설 상세,,,,,2026-03-20,source_columns_swapped_and_normalized
06-0000035463,동작구,동작구 본동 482대,일단(화살표없음),37.51453112,126.9512656,N,N,N,N,Y,1,basic,교통안전시설 상세,,,,,2026-03-20,source_columns_swapped_and_normalized
06-0000035464,동작구,동작구 본동 344-10 도,일단(화살표없음),37.51281412,126.9522094,N,N,N,N,Y,1,basic,교통안전시설 상세,,,,,2026-03-20,source_columns_swapped_and_normalized
06-0000035465,동작구,동작구 본동 344-10 도,일단(화살표없음),37.51281605,126.9523938,N,N,N,N,Y,1,basic,교통안전시설 상세,,,,,2026-03-20,source_columns_swapped_and_normalized
06-0000036077,동작구,동작구 사당동 202-10대,일단(화살표없음),37.48777954,126.9647616,N,N,N,N,Y,1,basic,교통안전시설 상세,,,,,2026-03-20,source_columns_swapped_and_normalized
06-0000036079,동작구,동작구 흑석동 3도,이단(화살표있음),37.50890256,126.9638392,N,N,N,N,Y,1,basic,교통안전시설 상세,,,,,2026-03-20,source_columns_swapped_and_normalized
06-0000037132,동작구,동작구 흑석동 239-180도,일단(화살표없음),37.49815172,126.9593073,N,N,N,N,Y,1,basic,교통안전시설 상세,,,,,2026-03-20,source_columns_swapped_and_normalized
06-0000037181,동작구,동작구 동작동 205-7도,일단(화살표없음),37.50359959,126.9755832,N,N,N,N,Y,1,basic,교통안전시설 상세,,,,,2026-03-20,source_columns_swapped_and_normalized
06-0000037182,동작구,동작구 동작동 131-1 도,일단(화살표없음),37.50195903,126.9779061,N,N,N,N,Y,1,basic,교통안전시설 상세,,,,,2026-03-20,source_columns_swapped_and_normalized
06-0000037526,동작구,동작구 상도1동 517-9 도,일단(화살표없음),37.49815908,126.9517175,N,N,N,N,Y,1,basic,교통안전시설 상세,,,,,2026-03-20,source_columns_swapped_and_normalized
06-0000037528,동작구,동작구 상도1동 514-5 도,일단(화살표없음),37.49448461,126.9549404,N,N,N,N,Y,1,basic,교통안전시설 상세,,,,,2026-03-20,source_columns_swapped_and_normalized
06-0000037633,동작구,동작구 동작동 316-3천,일단(화살표없음),37.5059292,126.9802289,N,N,N,N,Y,1,basic,교통안전시설 상세,,,,,2026-03-20,source_columns_swapped_and_normalized
06-0000037635,동작구,동작구 동작동 316-2도,일단(화살표없음),37.50487769,126.9798952,N,N,N,N,Y,1,basic,교통안전시설 상세,,,,,2026-03-20,source_columns_swapped_and_normalized
06-0000037694,동작구,동작구 상도동 343-2 도,일단(화살표없음),37.5007306,126.9322186,N,N,N,N,Y,1,basic,교통안전시설 상세,,,,,2026-03-20,source_columns_swapped_and_normalized
06-0000037696,동작구,동작구 상도동 25-4 도,일단(화살표없음),37.5052758,126.9427644,N,N,N,N,Y,1,basic,교통안전시설 상세,,,,,2026-03-20,source_columns_swapped_and_normalized
06-0000037870,동작구,동작구 사당동 318-78 도,일단(화살표없음),37.48316292,126.9756916,N,N,N,N,Y,1,basic,교통안전시설 상세,,,,,2026-03-20,source_columns_swapped_and_normalized
06-0000037871,동작구,동작구 사당동 1093도,일단(화살표없음),37.48370744,126.977652,N,N,N,N,Y,1,basic,교통안전시설 상세,,,,,2026-03-20,source_columns_swapped_and_normalized
06-0000037873,동작구,동작구 사당동 324-28 도,일단(화살표없음),37.48349896,126.9760262,N,N,N,N,Y,1,basic,교통안전시설 상세,,,,,2026-03-20,source_columns_swapped_and_normalized
06-0000038788,동작구,동작구 상도동 531-5 도,이단(화살표있음),37.49709415,126.9514269,N,N,N,N,Y,1,basic,교통안전시설 상세,,,,,2026-03-20,source_columns_swapped_and_normalized
06-0000038795,동작구,동작구 상도동 531-5 도,이단(화살표있음),37.49551212,126.9492544,N,N,N,N,Y,1,basic,교통안전시설 상세,,,,,2026-03-20,source_columns_swapped_and_normalized
06-0000038796,동작구,동작구 상도동 533-0 대,일단(화살표없음),37.49540394,126.9491466,N,N,N,N,Y,1,basic,교통안전시설 상세,,,,,2026-03-20,source_columns_swapped_and_normalized
06-0000038798,동작구,동작구 상도동 531-5 도,이단(화살표있음),37.49531934,126.9492133,N,N,N,N,Y,1,basic,교통안전시설 상세,,,,,2026-03-20,source_columns_swapped_and_normalized
06-0000038807,동작구,동작구 상도동 531 대,일단(화살표없음),37.49696405,126.9513388,N,N,N,N,Y,1,basic,교통안전시설 상세,,,,,2026-03-20,source_columns_swapped_and_normalized
06-0000038813,동작구,동작구 상도동 531-4 도,이단(화살표있음),37.49387128,126.9497306,N,N,N,N,Y,1,basic,교통안전시설 상세,,,,,2026-03-20,source_columns_swapped_and_normalized
06-0000038814,동작구,동작구 상도동 533-2 도,이단(화살표있음),37.49391037,126.9496232,N,N,N,N,Y,1,basic,교통안전시설 상세,,,,,2026-03-20,source_columns_swapped_and_normalized
06-0000039006,동작구,동작구 흑석동 28-108도,일단(화살표없음),37.50580011,126.9721135,N,N,N,N,Y,1,basic,교통안전시설 상세,,,,,2026-03-20,source_columns_swapped_and_normalized
06-0000039260,동작구,동작구 동작동 333-6 도,일단(화살표없음),37.49411418,126.9797665,N,N,N,N,Y,1,basic,교통안전시설 상세,,,,,2026-03-20,source_columns_swapped_and_normalized
06-0000039322,동작구,동작구 흑석동 339-5 도,일단(화살표없음),37.50119158,126.9600281,N,N,N,N,Y,1,basic,교통안전시설 상세,,,,,2026-03-20,source_columns_swapped_and_normalized
06-0000039773,동작구,동작구 흑석동 336-7 도,이단(화살표있음),37.50312876,126.9646466,N,N,N,N,Y,1,basic,교통안전시설 상세,,,,,2026-03-20,source_columns_swapped_and_normalized
06-0000039774,동작구,동작구 흑석동 336 대,이단(화살표있음),37.50290637,126.9644829,N,N,N,N,Y,1,basic,교통안전시설 상세,,,,,2026-03-20,source_columns_swapped_and_normalized
06-0000039883,동작구,동작구 사당동 1157-2 도,일단(화살표없음),37.48979044,126.9725787,N,N,N,N,Y,1,basic,교통안전시설 상세,,,,,2026-03-20,source_columns_swapped_and_normalized
06-0000039884,동작구,동작구 사당동 708-1056천,이단(화살표있음),37.48967558,126.9725687,N,N,N,N,Y,1,basic,교통안전시설 상세,,,,,2026-03-20,source_columns_swapped_and_normalized
06-0000040140,동작구,동작구 흑석동 181-10도,이단(화살표있음),37.50818818,126.9612306,N,N,N,N,Y,1,basic,교통안전시설 상세,,,,,2026-03-20,source_columns_swapped_and_normalized
06-0000040143,동작구,동작구 흑석동 4-7 도,일단(화살표없음),37.50798832,126.9631539,N,N,N,N,Y,1,basic,교통안전시설 상세,,,,,2026-03-20,source_columns_swapped_and_normalized
06-0000040144,동작구,동작구 상도1동 512-12 도,일단(화살표없음),37.49556151,126.9554213,N,N,N,N,Y,1,basic,교통안전시설 상세,,,,,2026-03-20,source_columns_swapped_and_normalized
06-0000040193,동작구,동작구 노량진동 215-179도,일단(화살표없음),37.50891155,126.9463978,N,N,N,N,Y,1,basic,교통안전시설 상세,,,,,2026-03-20,source_columns_swapped_and_normalized
06-0000040194,동작구,동작구 상도1동 501-1 학,일단(화살표없음),37.5058424,126.9522324,N,N,N,N,Y,1,basic,교통안전시설 상세,,,,,2026-03-20,source_columns_swapped_and_normalized
06-0000040195,동작구,동작구 상도1동 500-1도,일단(화살표없음),37.50519912,126.9522116,N,N,N,N,Y,1,basic,교통안전시설 상세,,,,,2026-03-20,source_columns_swapped_and_normalized
06-0000040196,동작구,동작구 흑석동 252-57도,일단(화살표없음),37.4998444,126.9618698,N,N,N,N,Y,1,basic,교통안전시설 상세,,,,,2026-03-20,source_columns_swapped_and_normalized
06-0000040197,동작구,동작구 흑석동 산70-7 도,일단(화살표없음),37.50068375,126.963574,N,N,N,N,Y,1,basic,교통안전시설 상세,,,,,2026-03-20,source_columns_swapped_and_normalized
06-0000040929,동작구,동작구 본동 485-2 도,일단(화살표없음),37.50924436,126.9546795,N,N,N,N,Y,1,basic,교통안전시설 상세,,,,,2026-03-20,source_columns_swapped_and_normalized
06-0000040938,동작구,동작구 사당동 105-2대,일단(화살표없음),37.4899141,126.9766174,N,N,N,N,Y,1,basic,교통안전시설 상세,,,,,2026-03-20,source_columns_swapped_and_normalized
06-0000040939,동작구,동작구 본동 148-9 도,일단(화살표없음),37.51133355,126.9514467,N,N,N,N,Y,1,basic,교통안전시설 상세,,,,,2026-03-20,source_columns_swapped_and_normalized
06-0000040940,동작구,동작구 사당동 105대,일단(화살표없음),37.48841378,126.9768888,N,N,N,N,Y,1,basic,교통안전시설 상세,,,,,2026-03-20,source_columns_swapped_and_normalized
06-0000040942,동작구,동작구 상도동 528-3 도,일단(화살표없음),37.50310493,126.9447683,N,N,N,N,Y,1,basic,교통안전시설 상세,,,,,2026-03-20,source_columns_swapped_and_normalized
06-0000040965,동작구,동작구 동작동 333-6 도,일단(화살표없음),37.49459177,126.9781545,N,N,N,N,Y,1,basic,교통안전시설 상세,,,,,2026-03-20,source_columns_swapped_and_normalized
06-0000040969,동작구,동작구 사당동 226-5 도,이단(화살표있음),37.48536718,126.9681341,N,N,N,N,Y,1,basic,교통안전시설 상세,,,,,2026-03-20,source_columns_swapped_and_normalized
06-0000040970,동작구,동작구 신대방동 492-209도,일단(화살표없음),37.49466584,126.9146068,N,N,N,N,Y,1,basic,교통안전시설 상세,,,,,2026-03-20,source_columns_swapped_and_normalized
06-0000040971,동작구,동작구 신대방동 492-209도,일단(화살표없음),37.49411944,126.9146787,N,N,N,N,Y,1,basic,교통안전시설 상세,,,,,2026-03-20,source_columns_swapped_and_normalized
06-0000040972,동작구,동작구 신대방동 711대,일단(화살표없음),37.49370094,126.915434,N,N,N,N,Y,1,basic,교통안전시설 상세,,,,,2026-03-20,source_columns_swapped_and_normalized
06-0000040996,동작구,동작구 상도1동 751-1도,일단(화살표없음),37.50172326,126.948596,N,N,N,N,Y,1,basic,교통안전시설 상세,,,,,2026-03-20,source_columns_swapped_and_normalized
06-0000040997,동작구,동작구 상도동 415-1 도,일단(화살표없음),37.50013117,126.9497629,N,N,N,N,Y,1,basic,교통안전시설 상세,,,,,2026-03-20,source_columns_swapped_and_normalized
06-0000040999,동작구,동작구 상도1동 514-12 도,일단(화살표없음),37.49482576,126.9546567,N,N,N,N,Y,1,basic,교통안전시설 상세,,,,,2026-03-20,source_columns_swapped_and_normalized
06-0000041000,동작구,동작구 상도1동 499-15 도,일단(화살표없음),37.49418105,126.9556503,N,N,N,N,Y,1,basic,교통안전시설 상세,,,,,2026-03-20,source_columns_swapped_and_normalized
06-0000041010,동작구,동작구 상도동 173-49 구,일단(화살표없음),37.50308276,126.9434659,N,N,N,N,Y,1,basic,교통안전시설 상세,,,,,2026-03-20,source_columns_swapped_and_normalized
06-0000041072,동작구,동작구 사당동 708-530도,일단(화살표없음),37.48485303,126.9702357,N,N,N,N,Y,1,basic,교통안전시설 상세,,,,,2026-03-20,source_columns_swapped_and_normalized
06-0000044940,동작구,동작구 대방동 466-56도,일단(화살표없음),37.50528606,126.9239457,N,N,N,N,Y,1,basic,교통안전시설 상세,,,,,2026-03-20,source_columns_swapped_and_normalized
06-0000044941,동작구,동작구 대방동 466-43도,일단(화살표없음),37.5047216,126.9234948,N,N,N,N,Y,1,basic,교통안전시설 상세,,,,,2026-03-20,source_columns_swapped_and_normalized
06-0000044942,동작구,동작구 대방동 466-56도,일단(화살표없음),37.50622357,126.926236,N,N,N,N,Y,1,basic,교통안전시설 상세,,,,,2026-03-20,source_columns_swapped_and_normalized
06-0000044943,동작구,동작구 대방동 376-14도,일단(화살표없음),37.50432531,126.925329,N,N,N,N,Y,1,basic,교통안전시설 상세,,,,,2026-03-20,source_columns_swapped_and_normalized
06-0000044944,동작구,동작구 대방동 466-10 도,일단(화살표없음),37.50399357,126.9253852,N,N,N,N,Y,1,basic,교통안전시설 상세,,,,,2026-03-20,source_columns_swapped_and_normalized
06-0000044945,동작구,동작구 대방동 466-10 도,일단(화살표없음),37.50354929,126.9253701,N,N,N,N,Y,1,basic,교통안전시설 상세,,,,,2026-03-20,source_columns_swapped_and_normalized
06-0000044947,동작구,동작구 대방동 391-287대,일단(화살표없음),37.50269716,126.9254132,N,N,N,N,Y,1,basic,교통안전시설 상세,,,,,2026-03-20,source_columns_swapped_and_normalized
06-0000044948,동작구,동작구 대방동 391-287대,일단(화살표없음),37.50269412,126.925937,N,N,N,N,Y,1,basic,교통안전시설 상세,,,,,2026-03-20,source_columns_swapped_and_normalized
06-0000044949,동작구,동작구 대방동 466-10 도,일단(화살표없음),37.50276891,126.9264926,N,N,N,N,Y,1,basic,교통안전시설 상세,,,,,2026-03-20,source_columns_swapped_and_normalized
06-0000044950,동작구,동작구 대방동 391-287대,일단(화살표없음),37.5027005,126.9264707,N,N,N,N,Y,1,basic,교통안전시설 상세,,,,,2026-03-20,source_columns_swapped_and_normalized
06-0000044951,동작구,동작구 대방동 466-10 도,일단(화살표없음),37.50224599,126.9271432,N,N,N,N,Y,1,basic,교통안전시설 상세,,,,,2026-03-20,source_columns_swapped_and_normalized
06-0000044952,동작구,동작구 대방동 466-10 도,일단(화살표없음),37.50206196,126.9276852,N,N,N,N,Y,1,basic,교통안전시설 상세,,,,,2026-03-20,source_columns_swapped_and_normalized
06-0000044953,동작구,동작구 대방동 466-10 도,일단(화살표없음),37.50145995,126.9279695,N,N,N,N,Y,1,basic,교통안전시설 상세,,,,,2026-03-20,source_columns_swapped_and_normalized
06-0000044954,동작구,동작구 대방동 466-10 도,일단(화살표없음),37.50098176,126.9275163,N,N,N,N,Y,1,basic,교통안전시설 상세,,,,,2026-03-20,source_columns_swapped_and_normalized
06-0000044955,동작구,동작구 대방동 466-10 도,일단(화살표없음),37.5006088,126.9273932,N,N,N,N,Y,1,basic,교통안전시설 상세,,,,,2026-03-20,source_columns_swapped_and_normalized
06-0000044956,동작구,동작구 대방동 393-81도,일단(화살표없음),37.50061355,126.9274933,N,N,N,N,Y,1,basic,교통안전시설 상세,,,,,2026-03-20,source_columns_swapped_and_normalized
06-0000044958,동작구,동작구 대방동 393-65대,일단(화살표없음),37.50004233,126.9281392,N,N,N,N,Y,1,basic,교통안전시설 상세,,,,,2026-03-20,source_columns_swapped_and_normalized
06-0000044959,동작구,동작구 흑석동 190-38대,일단(화살표없음),37.5072145,126.9592015,N,N,N,N,Y,1,basic,교통안전시설 상세,,,,,2026-03-20,source_columns_swapped_and_normalized
06-0000044961,동작구,동작구 흑석동 86-181 도,일단(화살표없음),37.5073885,126.960217,N,N,N,N,Y,1,basic,교통안전시설 상세,,,,,2026-03-20,source_columns_swapped_and_normalized
06-0000044962,동작구,동작구 흑석동 190-14도,일단(화살표없음),37.50746753,126.9601179,N,N,N,N,Y,1,basic,교통안전시설 상세,,,,,2026-03-20,source_columns_swapped_and_normalized
06-0000044964,동작구,동작구 흑석동 99-3도,일단(화살표없음),37.5075633,126.9622327,N,N,N,N,Y,1,basic,교통안전시설 상세,,,,,2026-03-20,source_columns_swapped_and_normalized
06-0000044965,동작구,동작구 상도1동 512 도,일단(화살표없음),37.49516222,126.9611098,N,N,N,N,Y,1,basic,교통안전시설 상세,,,,,2026-03-20,source_columns_swapped_and_normalized
06-0000045044,동작구,동작구 본동 492-1 도,일단(화살표없음),37.50955373,126.9488612,N,N,N,N,Y,1,basic,교통안전시설 상세,,,,,2026-03-20,source_columns_swapped_and_normalized
06-0000045045,동작구,동작구 본동 492-1 도,일단(화살표없음),37.50962586,126.9489174,N,N,N,N,Y,1,basic,교통안전시설 상세,,,,,2026-03-20,source_columns_swapped_and_normalized
06-0000045046,동작구,동작구 상도1동 751-1도,일단(화살표없음),37.50264998,126.9469954,N,N,N,N,Y,1,basic,교통안전시설 상세,,,,,2026-03-20,source_columns_swapped_and_normalized
06-0000045201,동작구,동작구 대방동 503-2도,일단(화살표없음),37.50883763,126.928853,N,N,N,N,Y,1,basic,교통안전시설 상세,,,,,2026-03-20,source_columns_swapped_and_normalized
06-0000045211,동작구,동작구 사당동 192-5답,일단(화살표없음),37.48859572,126.9638774,N,N,N,N,Y,1,basic,교통안전시설 상세,,,,,2026-03-20,source_columns_swapped_and_normalized
06-0000045212,동작구,동작구 대방동 503-2도,일단(화살표없음),37.50858992,126.9291595,N,N,N,N,Y,1,basic,교통안전시설 상세,,,,,2026-03-20,source_columns_swapped_and_normalized
06-0000045217,동작구,동작구 상도1동 257-1도,일단(화살표없음),37.49919844,126.9506043,N,N,N,N,Y,1,basic,교통안전시설 상세,,,,,2026-03-20,source_columns_swapped_and_normalized
06-0000045223,동작구,동작구 본동 481-4 도,일단(화살표없음),37.50809184,126.9516109,N,N,N,N,Y,1,basic,교통안전시설 상세,,,,,2026-03-20,source_columns_swapped_and_normalized
06-0000045290,동작구,동작구 상도1동 691-1도,일단(화살표없음),37.50425701,126.9487782,N,N,N,N,Y,1,basic,교통안전시설 상세,,,,,2026-03-20,source_columns_swapped_and_normalized
06-0000045303,동작구,동작구 노량진동 414-1도,일단(화살표없음),37.50797475,126.9506598,N,N,N,N,Y,1,basic,교통안전시설 상세,,,,,2026-03-20,source_columns_swapped_and_normalized
06-0000045304,동작구,동작구 노량진동 324-1도,일단(화살표없음),37.50803228,126.9504566,N,N,N,N,Y,1,basic,교통안전시설 상세,,,,,2026-03-20,source_columns_swapped_and_normalized
06-0000045317,동작구,동작구 본동 30-68대,일단(화살표없음),37.50958932,126.9556916,N,N,N,N,Y,1,basic,교통안전시설 상세,,,,,2026-03-20,source_columns_swapped_and_normalized
06-0000045320,동작구,동작구 사당동 708-526 천,일단(화살표없음),37.49171961,126.9704921,N,N,N,N,Y,1,basic,교통안전시설 상세,,,,,2026-03-20,source_columns_swapped_and_normalized
06-0000045321,동작구,동작구 사당동 708-526 천,일단(화살표없음),37.49128879,126.9709439,N,N,N,N,Y,1,basic,교통안전시설 상세,,,,,2026-03-20,source_columns_swapped_and_normalized
06-0000045322,동작구,동작구 사당동 170-2답,일단(화살표없음),37.48986749,126.972217,N,N,N,N,Y,1,basic,교통안전시설 상세,,,,,2026-03-20,source_columns_swapped_and_normalized
06-0000045323,동작구,동작구 사당동 1159-2 도,일단(화살표없음),37.48986393,126.9723473,N,N,N,N,Y,1,basic,교통안전시설 상세,,,,,2026-03-20,source_columns_swapped_and_normalized
06-0000046185,동작구,동작구 동작동 산42-7임,일단(화살표없음),37.50543004,126.9727097,N,N,N,N,Y,1,basic,교통안전시설 상세,,,,,2026-03-20,source_columns_swapped_and_normalized
06-0000046433,동작구,동작구 상도동 363-193도,일단(화살표없음),37.50583972,126.9358875,N,N,N,N,Y,1,basic,교통안전시설 상세,,,,,2026-03-20,source_columns_swapped_and_normalized
06-0000046434,동작구,동작구 상도동 363-241도,일단(화살표없음),37.50580753,126.936167,N,N,N,N,Y,1,basic,교통안전시설 상세,,,,,2026-03-20,source_columns_swapped_and_normalized
06-0000046435,동작구,동작구 상도동 363-193도,일단(화살표없음),37.50573255,126.9362096,N,N,N,N,Y,1,basic,교통안전시설 상세,,,,,2026-03-20,source_columns_swapped_and_normalized
06-0000046436,동작구,동작구 사당동 228-1 도,일단(화살표없음),37.48573916,126.9666471,N,N,N,N,Y,1,basic,교통안전시설 상세,,,,,2026-03-20,source_columns_swapped_and_normalized
06-0000046438,동작구,동작구 사당동 산21-9 공,일단(화살표없음),37.49230805,126.9697785,N,N,N,N,Y,1,basic,교통안전시설 상세,,,,,2026-03-20,source_columns_swapped_and_normalized
06-0000046439,동작구,동작구 신대방동 344-194 대,일단(화살표없음),37.49483917,126.9272068,N,N,N,N,Y,1,basic,교통안전시설 상세,,,,,2026-03-20,source_columns_swapped_and_normalized
06-0000048039,동작구,동작구 흑석동 341-11 도,이단(화살표있음),37.51030547,126.9606917,N,N,N,N,Y,1,basic,교통안전시설 상세,,,,,2026-03-20,source_columns_swapped_and_normalized
06-0000048040,동작구,동작구 흑석동 342 대,일단(화살표없음),37.51016264,126.9607148,N,N,N,N,Y,1,basic,교통안전시설 상세,,,,,2026-03-20,source_columns_swapped_and_normalized
06-0000048041,동작구,동작구 흑석동 341-11 도,일단(화살표없음),37.51028264,126.9605173,N,N,N,N,Y,1,basic,교통안전시설 상세,,,,,2026-03-20,source_columns_swapped_and_normalized
06-0000048042,동작구,동작구 흑석동 341-11 도,이단(화살표있음),37.5101441,126.9605452,N,N,N,N,Y,1,basic,교통안전시설 상세,,,,,2026-03-20,source_columns_swapped_and_normalized
06-0000048043,동작구,동작구 흑석동 341-11 도,일단(화살표없음),37.50899813,126.9611481,N,N,N,N,Y,1,basic,교통안전시설 상세,,,,,2026-03-20,source_columns_swapped_and_normalized
06-0000048044,동작구,동작구 흑석동 341-11 도,일단(화살표없음),37.50923741,126.9606544,N,N,N,N,Y,1,basic,교통안전시설 상세,,,,,2026-03-20,source_columns_swapped_and_normalized
06-0000048045,동작구,동작구 흑석동 342 대,일단(화살표없음),37.50941084,126.9606541,N,N,N,N,Y,1,basic,교통안전시설 상세,,,,,2026-03-20,source_columns_swapped_and_normalized
06-0000048127,동작구,동작구 사당동 170-1 도,일단(화살표없음),37.48965429,126.9717897,N,N,N,N,Y,1,basic,교통안전시설 상세,,,,,2026-03-20,source_columns_swapped_and_normalized
06-0000048128,동작구,동작구 사당동 169-25도,일단(화살표없음),37.48875571,126.9720549,N,N,N,N,Y,1,basic,교통안전시설 상세,,,,,2026-03-20,source_columns_swapped_and_normalized
06-0000048131,동작구,동작구 사당동 169-25도,일단(화살표없음),37.48851663,126.9723481,N,N,N,N,Y,1,basic,교통안전시설 상세,,,,,2026-03-20,source_columns_swapped_and_normalized
06-0000048132,동작구,동작구 사당동 1159-2 도,이단(화살표있음),37.4878309,126.973112,N,N,N,N,Y,1,basic,교통안전시설 상세,,,,,2026-03-20,source_columns_swapped_and_normalized
06-0000048133,동작구,동작구 사당동 1159-2 도,일단(화살표없음),37.48780481,126.9733103,N,N,N,N,Y,1,basic,교통안전시설 상세,,,,,2026-03-20,source_columns_swapped_and_normalized
06-0000048134,동작구,동작구 사당동 1159-2 도,이단(화살표있음),37.48763998,126.9733218,N,N,N,N,Y,1,basic,교통안전시설 상세,,,,,2026-03-20,source_columns_swapped_and_normalized
06-0000048356,동작구,동작구 사당동 1157 대,일단(화살표없음),37.48870979,126.9739937,N,N,N,N,Y,1,basic,교통안전시설 상세,,,,,2026-03-20,source_columns_swapped_and_normalized
06-0000048731,동작구,동작구 사당동,일단(화살표없음),37.49294881,126.9624846,N,N,N,N,Y,1,basic,교통안전시설 상세,,,,,2026-03-20,source_columns_swapped_and_normalized
06-0000048732,동작구,동작구 사당동 1160-2 도,이단(화살표있음),37.49219776,126.9628329,N,N,N,N,Y,1,basic,교통안전시설 상세,,,,,2026-03-20,source_columns_swapped_and_normalized
06-0000048733,동작구,동작구 사당동 1160-2 도,이단(화살표있음),37.49219441,126.9629699,N,N,N,N,Y,1,basic,교통안전시설 상세,,,,,2026-03-20,source_columns_swapped_and_normalized
06-0000048734,동작구,동작구 사당동 1160-2 도,이단(화살표있음),37.49208079,126.9627298,N,N,N,N,Y,1,basic,교통안전시설 상세,,,,,2026-03-20,source_columns_swapped_and_normalized
06-0000048736,동작구,동작구 사당동 1160-2 도,일단(화살표없음),37.49142103,126.9632556,N,N,N,N,Y,1,basic,교통안전시설 상세,,,,,2026-03-20,source_columns_swapped_and_normalized
06-0000048738,동작구,동작구 사당동 1160-2 도,일단(화살표없음),37.49093403,126.9634339,N,N,N,N,Y,1,basic,교통안전시설 상세,,,,,2026-03-20,source_columns_swapped_and_normalized
06-0000048741,동작구,동작구 사당동 1160-2 도,일단(화살표없음),37.49002337,126.9625258,N,N,N,N,Y,1,basic,교통안전시설 상세,,,,,2026-03-20,source_columns_swapped_and_normalized
06-0000048742,동작구,동작구 사당동 190-236도,일단(화살표없음),37.48992385,126.9624908,N,N,N,N,Y,1,basic,교통안전시설 상세,,,,,2026-03-20,source_columns_swapped_and_normalized
06-0000049088,동작구,동작구 흑석동 172-5 도,일단(화살표없음),37.51140364,126.9608725,N,N,N,N,Y,1,basic,교통안전시설 상세,,,,,2026-03-20,source_columns_swapped_and_normalized
06-0000049089,동작구,동작구 흑석동 341-11 도,이단(화살표있음),37.51094789,126.9612995,N,N,N,N,Y,1,basic,교통안전시설 상세,,,,,2026-03-20,source_columns_swapped_and_normalized
06-0000049090,동작구,동작구 노량진동 315-142 도,일단(화살표없음),37.50585428,126.9394476,N,N,N,N,Y,1,basic,교통안전시설 상세,,,,,2026-03-20,source_columns_swapped_and_normalized
06-0000049129,동작구,동작구 상도1동 676-3도,일단(화살표없음),37.50381232,126.9493579,N,N,N,N,Y,1,basic,교통안전시설 상세,,,,,2026-03-20,source_columns_swapped_and_normalized
06-0000049130,동작구,동작구 상도1동 676-3도,일단(화살표없음),37.50404786,126.9490848,N,N,N,N,Y,1,basic,교통안전시설 상세,,,,,2026-03-20,source_columns_swapped_and_normalized
06-0000049137,동작구,동작구 노량진동 40-90도,일단(화살표없음),37.51318605,126.9373582,N,N,N,N,Y,1,basic,교통안전시설 상세,,,,,2026-03-20,source_columns_swapped_and_normalized
06-0000049138,동작구,동작구 노량진동 40-90도,일단(화살표없음),37.51320246,126.9376875,N,N,N,N,Y,1,basic,교통안전시설 상세,,,,,2026-03-20,source_columns_swapped_and_normalized
06-0000049141,동작구,동작구 노량진동 310-95 도,일단(화살표없음),37.50592312,126.9397285,N,N,N,N,Y,1,basic,교통안전시설 상세,,,,,2026-03-20,source_columns_swapped_and_normalized
06-0000049209,동작구,동작구 상도동 210-6 도,일단(화살표없음),37.49650832,126.9430258,N,N,N,N,Y,1,basic,교통안전시설 상세,,,,,2026-03-20,source_columns_swapped_and_normalized
06-0000049241,동작구,동작구 신대방동 345-6도,일단(화살표없음),37.49802016,126.9282064,N,N,N,N,Y,1,basic,교통안전시설 상세,,,,,2026-03-20,source_columns_swapped_and_normalized
06-0000049244,동작구,동작구 노량진동 59-48도,일단(화살표없음),37.51341884,126.9415549,N,N,N,N,Y,1,basic,교통안전시설 상세,,,,,2026-03-20,source_columns_swapped_and_normalized
06-0000049354,동작구,동작구 대방동 466-41도,일단(화살표없음),37.50497825,126.9224776,N,N,N,N,Y,1,basic,교통안전시설 상세,,,,,2026-03-20,source_columns_swapped_and_normalized
06-0000049365,동작구,동작구 신대방동 699-4도,일단(화살표없음),37.48579892,126.9042126,N,N,N,N,Y,1,basic,교통안전시설 상세,,,,,2026-03-20,source_columns_swapped_and_normalized
06-0000049513,동작구,동작구 흑석동 76-80대,일단(화살표없음),37.50039793,126.9624431,N,N,N,N,Y,1,basic,교통안전시설 상세,,,,,2026-03-20,source_columns_swapped_and_normalized
06-0000049674,동작구,동작구 대방동 408-1천,일단(화살표없음),37.49902931,126.9280508,N,N,N,N,Y,1,basic,교통안전시설 상세,,,,,2026-03-20,source_columns_swapped_and_normalized
06-0000050754,동작구,동작구 상도동 159-19도,일단(화살표없음),37.50187374,126.9457605,N,N,N,N,Y,1,basic,교통안전시설 상세,,,,,2026-03-20,source_columns_swapped_and_normalized
06-0000051154,동작구,동작구 동작동 58-30대,일단(화살표없음),37.49316196,126.9805172,N,N,N,Y,N,1,basic,고원식횡단보도,,,,,2026-03-20,source_columns_swapped_and_normalized
06-0000051155,동작구,동작구 동작동 58-100대,일단(화살표없음),37.49310336,126.9806113,N,N,N,Y,N,1,basic,고원식횡단보도,,,,,2026-03-20,source_columns_swapped_and_normalized
06-0000051157,동작구,동작구 동작동 58-100대,일단(화살표없음),37.49319555,126.9806254,N,N,N,Y,N,1,basic,고원식횡단보도,,,,,2026-03-20,source_columns_swapped_and_normalized
06-0000051308,동작구,동작구 신대방동 470-10대,이단(화살표있음),37.49528989,126.9145815,Y,N,N,N,N,1,basic,보행등,,,,,2026-03-20,source_columns_swapped_and_normalized
06-0000051309,동작구,동작구 신대방동 492-200학,일단(화살표없음),37.495327,126.9144541,Y,N,N,N,N,1,basic,보행등,,,,,2026-03-20,source_columns_swapped_and_normalized
06-0000052061,동작구,동작구 신대방동 686-80 도,일단(화살표없음),37.48577697,126.904983,N,N,N,Y,N,1,basic,고원식횡단보도,,,,,2026-03-20,source_columns_swapped_and_normalized
06-0000052066,동작구,동작구 신대방동 686-79 도,일단(화살표없음),37.48600514,126.9056866,N,N,N,Y,N,1,basic,고원식횡단보도,,,,,2026-03-20,source_columns_swapped_and_normalized
06-0000052886,동작구,동작구 대방동 17-5도,대각선횡단보도,37.50875704,126.9322008,Y,N,N,N,N,1,basic,보행등,,,,,2026-03-20,source_columns_swapped_and_normalized
06-0000052899,동작구,동작구 사당동 105-21도,대각선횡단보도,37.4874773,126.9750281,Y,N,N,N,N,1,basic,보행등,,,,,2026-03-20,source_columns_swapped_and_normalized
06-0000055927,동작구,동작구 상도동 329-3도,일단(화살표없음),37.5060001,126.9405095,N,N,N,Y,N,1,basic,고원식횡단보도,,,,,2026-03-20,source_columns_swapped_and_normalized
06-0000040943,동작구,동작구 상도동 산65-244 임,일단(화살표없음),37.49414594,126.9436741,N,N,N,N,N,0,insufficient,보행지원시설 확인 정보 없음,,,,,2026-03-20,source_columns_swapped_and_normalized
06-0000040944,동작구,동작구 상도동 214-1 도,일단(화살표없음),37.49421405,126.9435961,N,N,N,N,N,0,insufficient,보행지원시설 확인 정보 없음,,,,,2026-03-20,source_columns_swapped_and_normalized
06-0000051156,동작구,동작구 동작동 58-30대,일단(화살표없음),37.49308577,126.980508,N,N,N,N,N,0,insufficient,보행지원시설 확인 정보 없음,,,,,2026-03-20,source_columns_swapped_and_normalized
06-0000051158,동작구,동작구 사당동 741-4 도,일단(화살표없음),37.49200896,126.9796774,N,N,N,N,N,0,insufficient,보행지원시설 확인 정보 없음,,,,,2026-03-20,source_columns_swapped_and_normalized
06-0000051159,동작구,동작구 사당동 43-26대,일단(화살표없음),37.492115,126.9796683,N,N,N,N,N,0,insufficient,보행지원시설 확인 정보 없음,,,,,2026-03-20,source_columns_swapped_and_normalized
06-0000051204,동작구,동작구 신대방동 724-1 도,일단(화살표없음),37.4987127,126.9252657,N,N,N,N,N,0,insufficient,보행지원시설 확인 정보 없음,,,,,2026-03-20,source_columns_swapped_and_normalized
06-0000051205,동작구,동작구 대방동 408-2천,일단(화살표없음),37.49858393,126.9246427,N,N,N,N,N,0,insufficient,보행지원시설 확인 정보 없음,,,,,2026-03-20,source_columns_swapped_and_normalized
06-0000052060,동작구,동작구 신대방동 686-48대,일단(화살표없음),37.48583707,126.9048872,N,N,N,N,N,0,insufficient,보행지원시설 확인 정보 없음,,,,,2026-03-20,source_columns_swapped_and_normalized
06-0000052062,동작구,동작구 신대방동 686-80 도,일단(화살표없음),37.48575167,126.9054681,N,N,N,N,N,0,insufficient,보행지원시설 확인 정보 없음,,,,,2026-03-20,source_columns_swapped_and_normalized
06-0000052063,동작구,동작구 신대방동 686-79 도,일단(화살표없음),37.48581235,126.9055766,N,N,N,N,N,0,insufficient,보행지원시설 확인 정보 없음,,,,,2026-03-20,source_columns_swapped_and_normalized
06-0000052064,동작구,동작구 신대방동 701-12도,일단(화살표없음),37.48569051,126.9055394,N,N,N,N,N,0,insufficient,보행지원시설 확인 정보 없음,,,,,2026-03-20,source_columns_swapped_and_normalized
06-0000052065,동작구,동작구 신대방동 701-12도,일단(화살표없음),37.4857594,126.9056845,N,N,N,N,N,0,insufficient,보행지원시설 확인 정보 없음,,,,,2026-03-20,source_columns_swapped_and_normalized
06-0000052067,동작구,동작구 신대방동 686-48대,일단(화살표없음),37.48610142,126.9056496,N,N,N,N,N,0,insufficient,보행지원시설 확인 정보 없음,,,,,2026-03-20,source_columns_swapped_and_normalized
06-0000052068,동작구,동작구 신대방동 719-4 도,일단(화살표없음),37.48644256,126.9058851,N,N,N,N,N,0,insufficient,보행지원시설 확인 정보 없음,,,,,2026-03-20,source_columns_swapped_and_normalized
06-0000052069,동작구,동작구 신대방동 686-79 도,일단(화살표없음),37.48633753,126.9058825,N,N,N,N,N,0,insufficient,보행지원시설 확인 정보 없음,,,,,2026-03-20,source_columns_swapped_and_normalized
06-0000052071,동작구,동작구 신대방동 686-59도,일단(화살표없음),37.48633141,126.9059685,N,N,N,N,N,0,insufficient,보행지원시설 확인 정보 없음,,,,,2026-03-20,source_columns_swapped_and_normalized
06-0000052277,동작구,동작구 동작동 333-6 도,일단(화살표없음),37.49383882,126.9815349,N,N,N,N,N,0,insufficient,보행지원시설 확인 정보 없음,,,,,2026-03-20,source_columns_swapped_and_normalized
06-0000052851,동작구,동작구 대방동 503-2도,이단(화살표있음),37.50852075,126.9263561,N,N,N,N,N,0,insufficient,보행지원시설 확인 정보 없음,,,,,2026-03-20,source_columns_swapped_and_normalized
06-0000052852,동작구,동작구 대방동 68-82구,일단(화살표없음),37.50615743,126.9327912,N,N,N,N,N,0,insufficient,보행지원시설 확인 정보 없음,,,,,2026-03-20,source_columns_swapped_and_normalized
06-0000052854,동작구,동작구 노량진동 223-9도,일단(화살표없음),37.50965798,126.9456155,N,N,N,N,N,0,insufficient,보행지원시설 확인 정보 없음,,,,,2026-03-20,source_columns_swapped_and_normalized
06-0000053554,동작구,동작구 노량진동 118-14도,이단(화살표있음),37.5107297,126.9446342,N,N,N,N,N,0,insufficient,보행지원시설 확인 정보 없음,,,,,2026-03-20,source_columns_swapped_and_normalized
06-0000053555,동작구,동작구 노량진동 118-14도,일단(화살표없음),37.51058953,126.944774,N,N,N,N,N,0,insufficient,보행지원시설 확인 정보 없음,,,,,2026-03-20,source_columns_swapped_and_normalized
06-0000053556,동작구,동작구 노량진동 221-139 도,일단(화살표없음),37.51060095,126.9446124,N,N,N,N,N,0,insufficient,보행지원시설 확인 정보 없음,,,,,2026-03-20,source_columns_swapped_and_normalized
06-0000053557,동작구,동작구 대방동 466-10 도,일단(화살표없음),37.50029396,126.9241599,N,N,N,N,N,0,insufficient,보행지원시설 확인 정보 없음,,,,,2026-03-20,source_columns_swapped_and_normalized
06-0000054121,동작구,동작구 노량진동 19-23잡,일단(화살표없음),37.51468994,126.9338467,N,N,N,N,N,0,insufficient,보행지원시설 확인 정보 없음,,,,,2026-03-20,source_columns_swapped_and_normalized
06-0000054122,동작구,동작구 노량진동 19-4도,일단(화살표없음),37.51478156,126.9349448,N,N,N,N,N,0,insufficient,보행지원시설 확인 정보 없음,,,,,2026-03-20,source_columns_swapped_and_normalized
06-0000054124,동작구,동작구 노량진동 13-4도,일단(화살표없음),37.51653331,126.946323,N,N,N,N,N,0,insufficient,보행지원시설 확인 정보 없음,,,,,2026-03-20,source_columns_swapped_and_normalized
06-0000054125,동작구,동작구 노량진동 13-4도,일단(화살표없음),37.5162891,126.9444643,N,N,N,N,N,0,insufficient,보행지원시설 확인 정보 없음,,,,,2026-03-20,source_columns_swapped_and_normalized
06-0000054126,동작구,동작구 노량진동 13-4도,일단(화살표없음),37.51606532,126.9431608,N,N,N,N,N,0,insufficient,보행지원시설 확인 정보 없음,,,,,2026-03-20,source_columns_swapped_and_normalized
06-0000054129,동작구,동작구 노량진동 13-4도,일단(화살표없음),37.51564878,126.9405703,N,N,N,N,N,0,insufficient,보행지원시설 확인 정보 없음,,,,,2026-03-20,source_columns_swapped_and_normalized
06-0000054130,동작구,동작구 노량진동 334-2 도,일단(화살표없음),37.51477835,126.9399111,N,N,N,N,N,0,insufficient,보행지원시설 확인 정보 없음,,,,,2026-03-20,source_columns_swapped_and_normalized
06-0000054161,동작구,동작구 노량진동 13-4도,일단(화살표없음),37.51652167,126.946072,N,N,N,N,N,0,insufficient,보행지원시설 확인 정보 없음,,,,,2026-03-20,source_columns_swapped_and_normalized
06-0000054307,동작구,동작구 상도동 531-3 도,일단(화살표없음),37.49457577,126.9524644,N,N,N,N,N,0,insufficient,보행지원시설 확인 정보 없음,,,,,2026-03-20,source_columns_swapped_and_normalized
06-0000054308,동작구,동작구 사당동 43-89 도,일단(화살표없음),37.49270477,126.9794015,N,N,N,N,N,0,insufficient,보행지원시설 확인 정보 없음,,,,,2026-03-20,source_columns_swapped_and_normalized
06-0000054309,동작구,동작구 사당동 43-95 도,일단(화살표없음),37.49279663,126.979414,N,N,N,N,N,0,insufficient,보행지원시설 확인 정보 없음,,,,,2026-03-20,source_columns_swapped_and_normalized
06-0000054311,동작구,동작구 신대방동 349-35도,일단(화살표없음),37.49793927,126.9256833,N,N,N,N,N,0,insufficient,보행지원시설 확인 정보 없음,,,,,2026-03-20,source_columns_swapped_and_normalized
06-0000054312,동작구,동작구 신대방동 349-35도,일단(화살표없음),37.49782609,126.9248437,N,N,N,N,N,0,insufficient,보행지원시설 확인 정보 없음,,,,,2026-03-20,source_columns_swapped_and_normalized
06-0000054313,동작구,동작구 상도1동 508-2도,일단(화살표없음),37.50713615,126.9519321,N,N,N,N,N,0,insufficient,보행지원시설 확인 정보 없음,,,,,2026-03-20,source_columns_swapped_and_normalized
06-0000054314,동작구,동작구 상도1동 508-2도,일단(화살표없음),37.50701919,126.9519325,N,N,N,N,N,0,insufficient,보행지원시설 확인 정보 없음,,,,,2026-03-20,source_columns_swapped_and_normalized
06-0000054315,동작구,동작구 상도1동 500-1도,일단(화살표없음),37.50574545,126.9521983,N,N,N,N,N,0,insufficient,보행지원시설 확인 정보 없음,,,,,2026-03-20,source_columns_swapped_and_normalized
06-0000054318,동작구,동작구 사당동 58-107대,일단(화살표없음),37.49294201,126.980258,N,N,N,N,N,0,insufficient,보행지원시설 확인 정보 없음,,,,,2026-03-20,source_columns_swapped_and_normalized
06-0000054319,동작구,동작구 동작동 58-44대,일단(화살표없음),37.49292082,126.9803286,N,N,N,N,N,0,insufficient,보행지원시설 확인 정보 없음,,,,,2026-03-20,source_columns_swapped_and_normalized
06-0000054661,동작구,동작구 동작동 102대,일단(화살표없음),37.49684053,126.9820256,N,N,N,N,N,0,insufficient,보행지원시설 확인 정보 없음,,,,,2026-03-20,source_columns_swapped_and_normalized
06-0000055556,동작구,동작구 상도동 181-62 도,일단(화살표없음),37.50335835,126.9394877,N,N,N,N,N,0,insufficient,보행지원시설 확인 정보 없음,,,,,2026-03-20,source_columns_swapped_and_normalized
06-0000055928,동작구,동작구 상도동 329-3도,일단(화살표없음),37.50613407,126.941613,N,N,N,N,N,0,insufficient,보행지원시설 확인 정보 없음,,,,,2026-03-20,source_columns_swapped_and_normalized
06-0000055929,동작구,동작구 상도동 산15-39 도,일단(화살표없음),37.50565463,126.9414902,N,N,N,N,N,0,insufficient,보행지원시설 확인 정보 없음,,,,,2026-03-20,source_columns_swapped_and_normalized
06-0000055930,동작구,동작구 상도동 산15-16임,일단(화살표없음),37.50562357,126.9412743,N,N,N,N,N,0,insufficient,보행지원시설 확인 정보 없음,,,,,2026-03-20,source_columns_swapped_and_normalized
