{
  "type": "FeatureCollection",
  "features": [
    {
      "type": "Feature",
      "geometry": {
        "type": "Point",
        "coordinates": [
          126.9273124,
          37.4952587
        ]
      },
      "properties": {
        "crosswalk_id": "06-0000004501",
        "district": "동작구",
        "address": "동작구 신대방동 344-95도",
        "crosswalk_type": "일단(화살표없음)",
        "has_pedestrian_light": "Y",
        "has_audio_signal": "Y",
        "has_push_button": "Y",
        "is_raised_crosswalk": "Y",
        "has_traffic_safety_detail": "Y",
        "accessibility_score": 8,
        "route_recommendation_tier": "preferred",
        "support_evidence": "보행등, 음향신호기, 보행자작동신호기, 고원식횡단보도, 교통안전시설 상세",
        "nearest_audio_signal_id": "24-0000006183",
        "nearest_audio_signal_distance_m": 10.5,
        "nearest_push_button_id": "29-0000000309",
        "nearest_push_button_distance_m": 4.1,
        "data_reference_date": "2026-03-20",
        "coordinate_note": "source_columns_swapped_and_normalized"
      }
    },
    {
      "type": "Feature",
      "geometry": {
        "type": "Point",
        "coordinates": [
          126.9610051,
          37.50565558
        ]
      },
      "properties": {
        "crosswalk_id": "06-0000006558",
        "district": "동작구",
        "address": "동작구 흑석동 340-10 도",
        "crosswalk_type": "일단(화살표없음)",
        "has_pedestrian_light": "Y",
        "has_audio_signal": "Y",
        "has_push_button": "Y",
        "is_raised_crosswalk": "Y",
        "has_traffic_safety_detail": "Y",
        "accessibility_score": 8,
        "route_recommendation_tier": "preferred",
        "support_evidence": "보행등, 음향신호기, 보행자작동신호기, 고원식횡단보도, 교통안전시설 상세",
        "nearest_audio_signal_id": NaN,
        "nearest_audio_signal_distance_m": NaN,
        "nearest_push_button_id": "29-0000001162",
        "nearest_push_button_distance_m": 10.3,
        "data_reference_date": "2026-03-20",
        "coordinate_note": "source_columns_swapped_and_normalized"
      }
    },
    {
      "type": "Feature",
      "geometry": {
        "type": "Point",
        "coordinates": [
          126.9268394,
          37.51096375
        ]
      },
      "properties": {
        "crosswalk_id": "06-0000019001",
        "district": "동작구",
        "address": "동작구 대방동 466-55도",
        "crosswalk_type": "이단(화살표있음)",
        "has_pedestrian_light": "Y",
        "has_audio_signal": "Y",
        "has_push_button": "Y",
        "is_raised_crosswalk": "Y",
        "has_traffic_safety_detail": "Y",
        "accessibility_score": 8,
        "route_recommendation_tier": "preferred",
        "support_evidence": "보행등, 음향신호기, 보행자작동신호기, 고원식횡단보도, 교통안전시설 상세",
        "nearest_audio_signal_id": NaN,
        "nearest_audio_signal_distance_m": NaN,
        "nearest_push_button_id": "29-0000000351",
        "nearest_push_button_distance_m": 3.7,
        "data_reference_date": "2026-03-20",
        "coordinate_note": "source_columns_swapped_and_normalized"
      }
    },
    {
      "type": "Feature",
      "geometry": {
        "type": "Point",
        "coordinates": [
          126.9265078,
          37.51092738
        ]
      },
      "properties": {
        "crosswalk_id": "06-0000019002",
        "district": "동작구",
        "address": "동작구 대방동 466-55도",
        "crosswalk_type": "이단(화살표있음)",
        "has_pedestrian_light": "Y",
        "has_audio_signal": "Y",
        "has_push_button": "Y",
        "is_raised_crosswalk": "Y",
        "has_traffic_safety_detail": "Y",
        "accessibility_score": 8,
        "route_recommendation_tier": "preferred",
        "support_evidence": "보행등, 음향신호기, 보행자작동신호기, 고원식횡단보도, 교통안전시설 상세",
        "nearest_audio_signal_id": NaN,
        "nearest_audio_signal_distance_m": NaN,
        "nearest_push_button_id": "29-0000000349",
        "nearest_push_button_distance_m": 2.2,
        "data_reference_date": "2026-03-20",
        "coordinate_note": "source_columns_swapped_and_normalized"
      }
    },
    {
      "type": "Feature",
      "geometry": {
        "type": "Point",
        "coordinates": [
          126.9609593,
          37.50550666
        ]
      },
      "properties": {
        "crosswalk_id": "06-0000048046",
        "district": "동작구",
        "address": "동작구 흑석동 340-10 도",
        "crosswalk_type": "이단(화살표있음)",
        "has_pedestrian_light": "Y",
        "has_audio_signal": "Y",
        "has_push_button": "Y",
        "is_raised_crosswalk": "Y",
        "has_traffic_safety_detail": "Y",
        "accessibility_score": 8,
        "route_recommendation_tier": "preferred",
        "support_evidence": "보행등, 음향신호기, 보행자작동신호기, 고원식횡단보도, 교통안전시설 상세",
        "nearest_audio_signal_id": NaN,
        "nearest_audio_signal_distance_m": NaN,
        "nearest_push_button_id": "29-0000001162",
        "nearest_push_button_distance_m": 25.3,
        "data_reference_date": "2026-03-20",
        "coordinate_note": "source_columns_swapped_and_normalized"
      }
    },
    {
      "type": "Feature",
      "geometry": {
        "type": "Point",
        "coordinates": [
          126.9725143,
          37.48392922
        ]
      },
      "properties": {
        "crosswalk_id": "06-0000003010",
        "district": "동작구",
        "address": "동작구 사당동 712-14도",
        "crosswalk_type": "이단(화살표있음)",
        "has_pedestrian_light": "Y",
        "has_audio_signal": "Y",
        "has_push_button": "Y",
        "is_raised_crosswalk": "N",
        "has_traffic_safety_detail": "Y",
        "accessibility_score": 7,
        "route_recommendation_tier": "preferred",
        "support_evidence": "보행등, 음향신호기, 보행자작동신호기, 교통안전시설 상세",
        "nearest_audio_signal_id": "24-0000002173",
        "nearest_audio_signal_distance_m": 5.6,
        "nearest_push_button_id": "29-0000000320",
        "nearest_push_button_distance_m": 5.9,
        "data_reference_date": "2026-03-20",
        "coordinate_note": "source_columns_swapped_and_normalized"
      }
    },
    {
      "type": "Feature",
      "geometry": {
        "type": "Point",
        "coordinates": [
          126.9659855,
          37.48126427
        ]
      },
      "properties": {
        "crosswalk_id": "06-0000003951",
        "district": "동작구",
        "address": "동작구 사당동 산32-82 도",
        "crosswalk_type": "이단(화살표있음)",
        "has_pedestrian_light": "Y",
        "has_audio_signal": "Y",
        "has_push_button": "Y",
        "is_raised_crosswalk": "N",
        "has_traffic_safety_detail": "Y",
        "accessibility_score": 7,
        "route_recommendation_tier": "preferred",
        "support_evidence": "보행등, 음향신호기, 보행자작동신호기, 교통안전시설 상세",
        "nearest_audio_signal_id": NaN,
        "nearest_audio_signal_distance_m": NaN,
        "nearest_push_button_id": "29-0000000347",
        "nearest_push_button_distance_m": 6.4,
        "data_reference_date": "2026-03-20",
        "coordinate_note": "source_columns_swapped_and_normalized"
      }
    },
    {
      "type": "Feature",
      "geometry": {
        "type": "Point",
        "coordinates": [
          126.9085169,
          37.48755531
        ]
      },
      "properties": {
        "crosswalk_id": "06-0000004393",
        "district": "동작구",
        "address": "동작구 신대방동 700-2도",
        "crosswalk_type": "이단(화살표있음)",
        "has_pedestrian_light": "Y",
        "has_audio_signal": "Y",
        "has_push_button": "Y",
        "is_raised_crosswalk": "N",
        "has_traffic_safety_detail": "Y",
        "accessibility_score": 7,
        "route_recommendation_tier": "preferred",
        "support_evidence": "보행등, 음향신호기, 보행자작동신호기, 교통안전시설 상세",
        "nearest_audio_signal_id": "24-0000000085",
        "nearest_audio_signal_distance_m": 9.3,
        "nearest_push_button_id": "29-0000000316",
        "nearest_push_button_distance_m": 6.6,
        "data_reference_date": "2026-03-20",
        "coordinate_note": "source_columns_swapped_and_normalized"
      }
    },
    {
      "type": "Feature",
      "geometry": {
        "type": "Point",
        "coordinates": [
          126.9099609,
          37.48709883
        ]
      },
      "properties": {
        "crosswalk_id": "06-0000004394",
        "district": "동작구",
        "address": "동작구 신대방동 700-2도",
        "crosswalk_type": "이단(화살표있음)",
        "has_pedestrian_light": "Y",
        "has_audio_signal": "Y",
        "has_push_button": "Y",
        "is_raised_crosswalk": "N",
        "has_traffic_safety_detail": "Y",
        "accessibility_score": 7,
        "route_recommendation_tier": "preferred",
        "support_evidence": "보행등, 음향신호기, 보행자작동신호기, 교통안전시설 상세",
        "nearest_audio_signal_id": "24-0000002208",
        "nearest_audio_signal_distance_m": 3.2,
        "nearest_push_button_id": "29-0000000312",
        "nearest_push_button_distance_m": 4.0,
        "data_reference_date": "2026-03-20",
        "coordinate_note": "source_columns_swapped_and_normalized"
      }
    },
    {
      "type": "Feature",
      "geometry": {
        "type": "Point",
        "coordinates": [
          126.9075348,
          37.48812851
        ]
      },
      "properties": {
        "crosswalk_id": "06-0000004866",
        "district": "동작구",
        "address": "동작구 신대방동 700도",
        "crosswalk_type": "이단(화살표있음)",
        "has_pedestrian_light": "Y",
        "has_audio_signal": "Y",
        "has_push_button": "Y",
        "is_raised_crosswalk": "N",
        "has_traffic_safety_detail": "Y",
        "accessibility_score": 7,
        "route_recommendation_tier": "preferred",
        "support_evidence": "보행등, 음향신호기, 보행자작동신호기, 교통안전시설 상세",
        "nearest_audio_signal_id": "24-0000002443",
        "nearest_audio_signal_distance_m": 11.0,
        "nearest_push_button_id": "29-0000000105",
        "nearest_push_button_distance_m": 7.2,
        "data_reference_date": "2026-03-20",
        "coordinate_note": "source_columns_swapped_and_normalized"
      }
    },
    {
      "type": "Feature",
      "geometry": {
        "type": "Point",
        "coordinates": [
          126.9416068,
          37.50074721
        ]
      },
      "properties": {
        "crosswalk_id": "06-0000006006",
        "district": "동작구",
        "address": "동작구 상도동 201-38 도",
        "crosswalk_type": "이단(화살표있음)",
        "has_pedestrian_light": "Y",
        "has_audio_signal": "Y",
        "has_push_button": "Y",
        "is_raised_crosswalk": "N",
        "has_traffic_safety_detail": "Y",
        "accessibility_score": 7,
        "route_recommendation_tier": "preferred",
        "support_evidence": "보행등, 음향신호기, 보행자작동신호기, 교통안전시설 상세",
        "nearest_audio_signal_id": NaN,
        "nearest_audio_signal_distance_m": NaN,
        "nearest_push_button_id": "29-0000000088",
        "nearest_push_button_distance_m": 8.5,
        "data_reference_date": "2026-03-20",
        "coordinate_note": "source_columns_swapped_and_normalized"
      }
    },
    {
      "type": "Feature",
      "geometry": {
        "type": "Point",
        "coordinates": [
          126.9445181,
          37.50519133
        ]
      },
      "properties": {
        "crosswalk_id": "06-0000006152",
        "district": "동작구",
        "address": "동작구 상도동 26-20도",
        "crosswalk_type": "이단(화살표있음)",
        "has_pedestrian_light": "Y",
        "has_audio_signal": "Y",
        "has_push_button": "Y",
        "is_raised_crosswalk": "N",
        "has_traffic_safety_detail": "Y",
        "accessibility_score": 7,
        "route_recommendation_tier": "preferred",
        "support_evidence": "보행등, 음향신호기, 보행자작동신호기, 교통안전시설 상세",
        "nearest_audio_signal_id": "24-0000004151",
        "nearest_audio_signal_distance_m": 5.4,
        "nearest_push_button_id": "29-0000000318",
        "nearest_push_button_distance_m": 6.0,
        "data_reference_date": "2026-03-20",
        "coordinate_note": "source_columns_swapped_and_normalized"
      }
    },
    {
      "type": "Feature",
      "geometry": {
        "type": "Point",
        "coordinates": [
          126.9563965,
          37.49532674
        ]
      },
      "properties": {
        "crosswalk_id": "06-0000006275",
        "district": "동작구",
        "address": "동작구 상도1동 512-10 도",
        "crosswalk_type": "이단(화살표있음)",
        "has_pedestrian_light": "Y",
        "has_audio_signal": "Y",
        "has_push_button": "Y",
        "is_raised_crosswalk": "N",
        "has_traffic_safety_detail": "Y",
        "accessibility_score": 7,
        "route_recommendation_tier": "preferred",
        "support_evidence": "보행등, 음향신호기, 보행자작동신호기, 교통안전시설 상세",
        "nearest_audio_signal_id": "24-0000007239",
        "nearest_audio_signal_distance_m": 2.4,
        "nearest_push_button_id": "29-0000000098",
        "nearest_push_button_distance_m": 3.4,
        "data_reference_date": "2026-03-20",
        "coordinate_note": "source_columns_swapped_and_normalized"
      }
    },
    {
      "type": "Feature",
      "geometry": {
        "type": "Point",
        "coordinates": [
          126.9568921,
          37.49525418
        ]
      },
      "properties": {
        "crosswalk_id": "06-0000006277",
        "district": "동작구",
        "address": "동작구 상도1동 512-9 도",
        "crosswalk_type": "이단(화살표있음)",
        "has_pedestrian_light": "Y",
        "has_audio_signal": "Y",
        "has_push_button": "Y",
        "is_raised_crosswalk": "N",
        "has_traffic_safety_detail": "Y",
        "accessibility_score": 7,
        "route_recommendation_tier": "preferred",
        "support_evidence": "보행등, 음향신호기, 보행자작동신호기, 교통안전시설 상세",
        "nearest_audio_signal_id": "24-0000007241",
        "nearest_audio_signal_distance_m": 2.2,
        "nearest_push_button_id": "29-0000000099",
        "nearest_push_button_distance_m": 1.5,
        "data_reference_date": "2026-03-20",
        "coordinate_note": "source_columns_swapped_and_normalized"
      }
    },
    {
      "type": "Feature",
      "geometry": {
        "type": "Point",
        "coordinates": [
          126.9456459,
          37.50179022
        ]
      },
      "properties": {
        "crosswalk_id": "06-0000006581",
        "district": "동작구",
        "address": "동작구 상도동 159-19도",
        "crosswalk_type": "이단(화살표있음)",
        "has_pedestrian_light": "Y",
        "has_audio_signal": "Y",
        "has_push_button": "Y",
        "is_raised_crosswalk": "N",
        "has_traffic_safety_detail": "Y",
        "accessibility_score": 7,
        "route_recommendation_tier": "preferred",
        "support_evidence": "보행등, 음향신호기, 보행자작동신호기, 교통안전시설 상세",
        "nearest_audio_signal_id": "24-0000002399",
        "nearest_audio_signal_distance_m": 27.2,
        "nearest_push_button_id": "29-0000000313",
        "nearest_push_button_distance_m": 29.2,
        "data_reference_date": "2026-03-20",
        "coordinate_note": "source_columns_swapped_and_normalized"
      }
    },
    {
      "type": "Feature",
      "geometry": {
        "type": "Point",
        "coordinates": [
          126.943655,
          37.49826962
        ]
      },
      "properties": {
        "crosswalk_id": "06-0000006585",
        "district": "동작구",
        "address": "동작구 상도동 210-6 도",
        "crosswalk_type": "이단(화살표있음)",
        "has_pedestrian_light": "Y",
        "has_audio_signal": "Y",
        "has_push_button": "Y",
        "is_raised_crosswalk": "N",
        "has_traffic_safety_detail": "Y",
        "accessibility_score": 7,
        "route_recommendation_tier": "preferred",
        "support_evidence": "보행등, 음향신호기, 보행자작동신호기, 교통안전시설 상세",
        "nearest_audio_signal_id": NaN,
        "nearest_audio_signal_distance_m": NaN,
        "nearest_push_button_id": "29-0000000094",
        "nearest_push_button_distance_m": 7.2,
        "data_reference_date": "2026-03-20",
        "coordinate_note": "source_columns_swapped_and_normalized"
      }
    },
    {
      "type": "Feature",
      "geometry": {
        "type": "Point",
        "coordinates": [
          126.9428592,
          37.49983535
        ]
      },
      "properties": {
        "crosswalk_id": "06-0000006588",
        "district": "동작구",
        "address": "동작구 상도동 210-452구",
        "crosswalk_type": "이단(화살표있음)",
        "has_pedestrian_light": "Y",
        "has_audio_signal": "Y",
        "has_push_button": "Y",
        "is_raised_crosswalk": "N",
        "has_traffic_safety_detail": "Y",
        "accessibility_score": 7,
        "route_recommendation_tier": "preferred",
        "support_evidence": "보행등, 음향신호기, 보행자작동신호기, 교통안전시설 상세",
        "nearest_audio_signal_id": "24-0000008749",
        "nearest_audio_signal_distance_m": 5.6,
        "nearest_push_button_id": "29-0000000092",
        "nearest_push_button_distance_m": 4.6,
        "data_reference_date": "2026-03-20",
        "coordinate_note": "source_columns_swapped_and_normalized"
      }
    },
    {
      "type": "Feature",
      "geometry": {
        "type": "Point",
        "coordinates": [
          126.9506394,
          37.50470939
        ]
      },
      "properties": {
        "crosswalk_id": "06-0000006727",
        "district": "동작구",
        "address": "동작구 상도1동 528-1도",
        "crosswalk_type": "이단(화살표있음)",
        "has_pedestrian_light": "Y",
        "has_audio_signal": "Y",
        "has_push_button": "Y",
        "is_raised_crosswalk": "N",
        "has_traffic_safety_detail": "Y",
        "accessibility_score": 7,
        "route_recommendation_tier": "preferred",
        "support_evidence": "보행등, 음향신호기, 보행자작동신호기, 교통안전시설 상세",
        "nearest_audio_signal_id": NaN,
        "nearest_audio_signal_distance_m": NaN,
        "nearest_push_button_id": "29-0000000339",
        "nearest_push_button_distance_m": 6.1,
        "data_reference_date": "2026-03-20",
        "coordinate_note": "source_columns_swapped_and_normalized"
      }
    },
    {
      "type": "Feature",
      "geometry": {
        "type": "Point",
        "coordinates": [
          126.9401916,
          37.51005306
        ]
      },
      "properties": {
        "crosswalk_id": "06-0000006884",
        "district": "동작구",
        "address": "동작구 노량진동 232-17도",
        "crosswalk_type": "이단(화살표있음)",
        "has_pedestrian_light": "Y",
        "has_audio_signal": "Y",
        "has_push_button": "Y",
        "is_raised_crosswalk": "N",
        "has_traffic_safety_detail": "Y",
        "accessibility_score": 7,
        "route_recommendation_tier": "preferred",
        "support_evidence": "보행등, 음향신호기, 보행자작동신호기, 교통안전시설 상세",
        "nearest_audio_signal_id": "24-0000002398",
        "nearest_audio_signal_distance_m": 8.3,
        "nearest_push_button_id": "29-0000000354",
        "nearest_push_button_distance_m": 11.1,
        "data_reference_date": "2026-03-20",
        "coordinate_note": "source_columns_swapped_and_normalized"
      }
    },
    {
      "type": "Feature",
      "geometry": {
        "type": "Point",
        "coordinates": [
          126.9400687,
          37.50789294
        ]
      },
      "properties": {
        "crosswalk_id": "06-0000019178",
        "district": "동작구",
        "address": "동작구 노량진동 230-44도",
        "crosswalk_type": "이단(화살표있음)",
        "has_pedestrian_light": "Y",
        "has_audio_signal": "Y",
        "has_push_button": "Y",
        "is_raised_crosswalk": "N",
        "has_traffic_safety_detail": "Y",
        "accessibility_score": 7,
        "route_recommendation_tier": "preferred",
        "support_evidence": "보행등, 음향신호기, 보행자작동신호기, 교통안전시설 상세",
        "nearest_audio_signal_id": "24-0000008742",
        "nearest_audio_signal_distance_m": 9.6,
        "nearest_push_button_id": "29-0000000345",
        "nearest_push_button_distance_m": 8.4,
        "data_reference_date": "2026-03-20",
        "coordinate_note": "source_columns_swapped_and_normalized"
      }
    },
    {
      "type": "Feature",
      "geometry": {
        "type": "Point",
        "coordinates": [
          126.958627,
          37.49499667
        ]
      },
      "properties": {
        "crosswalk_id": "06-0000019354",
        "district": "동작구",
        "address": "동작구 상도1동 512-5 도",
        "crosswalk_type": "이단(화살표있음)",
        "has_pedestrian_light": "Y",
        "has_audio_signal": "Y",
        "has_push_button": "Y",
        "is_raised_crosswalk": "N",
        "has_traffic_safety_detail": "Y",
        "accessibility_score": 7,
        "route_recommendation_tier": "preferred",
        "support_evidence": "보행등, 음향신호기, 보행자작동신호기, 교통안전시설 상세",
        "nearest_audio_signal_id": "24-0000007341",
        "nearest_audio_signal_distance_m": 1.8,
        "nearest_push_button_id": "29-0000000101",
        "nearest_push_button_distance_m": 3.8,
        "data_reference_date": "2026-03-20",
        "coordinate_note": "source_columns_swapped_and_normalized"
      }
    },
    {
      "type": "Feature",
      "geometry": {
        "type": "Point",
        "coordinates": [
          126.9592123,
          37.4949086
        ]
      },
      "properties": {
        "crosswalk_id": "06-0000019356",
        "district": "동작구",
        "address": "동작구 상도1동 512-5 도",
        "crosswalk_type": "이단(화살표있음)",
        "has_pedestrian_light": "Y",
        "has_audio_signal": "Y",
        "has_push_button": "Y",
        "is_raised_crosswalk": "N",
        "has_traffic_safety_detail": "Y",
        "accessibility_score": 7,
        "route_recommendation_tier": "preferred",
        "support_evidence": "보행등, 음향신호기, 보행자작동신호기, 교통안전시설 상세",
        "nearest_audio_signal_id": "24-0000007343",
        "nearest_audio_signal_distance_m": 2.7,
        "nearest_push_button_id": "29-0000000103",
        "nearest_push_button_distance_m": 3.6,
        "data_reference_date": "2026-03-20",
        "coordinate_note": "source_columns_swapped_and_normalized"
      }
    },
    {
      "type": "Feature",
      "geometry": {
        "type": "Point",
        "coordinates": [
          126.9418542,
          37.50054937
        ]
      },
      "properties": {
        "crosswalk_id": "06-0000023035",
        "district": "동작구",
        "address": "동작구 상도동 201-167구",
        "crosswalk_type": "이단(화살표있음)",
        "has_pedestrian_light": "Y",
        "has_audio_signal": "Y",
        "has_push_button": "Y",
        "is_raised_crosswalk": "N",
        "has_traffic_safety_detail": "Y",
        "accessibility_score": 7,
        "route_recommendation_tier": "preferred",
        "support_evidence": "보행등, 음향신호기, 보행자작동신호기, 교통안전시설 상세",
        "nearest_audio_signal_id": NaN,
        "nearest_audio_signal_distance_m": NaN,
        "nearest_push_button_id": "29-0000000091",
        "nearest_push_button_distance_m": 4.6,
        "data_reference_date": "2026-03-20",
        "coordinate_note": "source_columns_swapped_and_normalized"
      }
    },
    {
      "type": "Feature",
      "geometry": {
        "type": "Point",
        "coordinates": [
          126.9536162,
          37.50128539
        ]
      },
      "properties": {
        "crosswalk_id": "06-0000024729",
        "district": "동작구",
        "address": "동작구 상도동 439 도",
        "crosswalk_type": "이단(화살표있음)",
        "has_pedestrian_light": "Y",
        "has_audio_signal": "Y",
        "has_push_button": "Y",
        "is_raised_crosswalk": "N",
        "has_traffic_safety_detail": "Y",
        "accessibility_score": 7,
        "route_recommendation_tier": "preferred",
        "support_evidence": "보행등, 음향신호기, 보행자작동신호기, 교통안전시설 상세",
        "nearest_audio_signal_id": "24-0000011075",
        "nearest_audio_signal_distance_m": 9.4,
        "nearest_push_button_id": "29-0000001403",
        "nearest_push_button_distance_m": 9.0,
        "data_reference_date": "2026-03-20",
        "coordinate_note": "source_columns_swapped_and_normalized"
      }
    },
    {
      "type": "Feature",
      "geometry": {
        "type": "Point",
        "coordinates": [
          126.944412,
          37.50508399
        ]
      },
      "properties": {
        "crosswalk_id": "06-0000031741",
        "district": "동작구",
        "address": "동작구 상도동 29-133도",
        "crosswalk_type": "일단(화살표없음)",
        "has_pedestrian_light": "Y",
        "has_audio_signal": "Y",
        "has_push_button": "Y",
        "is_raised_crosswalk": "N",
        "has_traffic_safety_detail": "Y",
        "accessibility_score": 7,
        "route_recommendation_tier": "preferred",
        "support_evidence": "보행등, 음향신호기, 보행자작동신호기, 교통안전시설 상세",
        "nearest_audio_signal_id": "24-0000004151",
        "nearest_audio_signal_distance_m": 11.7,
        "nearest_push_button_id": "29-0000000318",
        "nearest_push_button_distance_m": 13.4,
        "data_reference_date": "2026-03-20",
        "coordinate_note": "source_columns_swapped_and_normalized"
      }
    },
    {
      "type": "Feature",
      "geometry": {
        "type": "Point",
        "coordinates": [
          126.9393323,
          37.50400043
        ]
      },
      "properties": {
        "crosswalk_id": "06-0000031765",
        "district": "동작구",
        "address": "동작구 상도동 373-111 도",
        "crosswalk_type": "이단(화살표있음)",
        "has_pedestrian_light": "Y",
        "has_audio_signal": "Y",
        "has_push_button": "Y",
        "is_raised_crosswalk": "N",
        "has_traffic_safety_detail": "Y",
        "accessibility_score": 7,
        "route_recommendation_tier": "preferred",
        "support_evidence": "보행등, 음향신호기, 보행자작동신호기, 교통안전시설 상세",
        "nearest_audio_signal_id": "24-0000011922",
        "nearest_audio_signal_distance_m": 7.0,
        "nearest_push_button_id": "29-0000001179",
        "nearest_push_button_distance_m": 6.9,
        "data_reference_date": "2026-03-20",
        "coordinate_note": "source_columns_swapped_and_normalized"
      }
    },
    {
      "type": "Feature",
      "geometry": {
        "type": "Point",
        "coordinates": [
          126.9274009,
          37.49503545
        ]
      },
      "properties": {
        "crosswalk_id": "06-0000032157",
        "district": "동작구",
        "address": "동작구 신대방동 산112-5도",
        "crosswalk_type": "이단(화살표있음)",
        "has_pedestrian_light": "Y",
        "has_audio_signal": "Y",
        "has_push_button": "Y",
        "is_raised_crosswalk": "N",
        "has_traffic_safety_detail": "Y",
        "accessibility_score": 7,
        "route_recommendation_tier": "preferred",
        "support_evidence": "보행등, 음향신호기, 보행자작동신호기, 교통안전시설 상세",
        "nearest_audio_signal_id": "24-0000006182",
        "nearest_audio_signal_distance_m": 11.3,
        "nearest_push_button_id": "29-0000000310",
        "nearest_push_button_distance_m": 14.6,
        "data_reference_date": "2026-03-20",
        "coordinate_note": "source_columns_swapped_and_normalized"
      }
    },
    {
      "type": "Feature",
      "geometry": {
        "type": "Point",
        "coordinates": [
          126.9744862,
          37.48340221
        ]
      },
      "properties": {
        "crosswalk_id": "06-0000037867",
        "district": "동작구",
        "address": "동작구 사당동 169-20도",
        "crosswalk_type": "일단(화살표없음)",
        "has_pedestrian_light": "Y",
        "has_audio_signal": "Y",
        "has_push_button": "Y",
        "is_raised_crosswalk": "N",
        "has_traffic_safety_detail": "Y",
        "accessibility_score": 7,
        "route_recommendation_tier": "preferred",
        "support_evidence": "보행등, 음향신호기, 보행자작동신호기, 교통안전시설 상세",
        "nearest_audio_signal_id": "24-0000011063",
        "nearest_audio_signal_distance_m": 10.6,
        "nearest_push_button_id": "29-0000001389",
        "nearest_push_button_distance_m": 10.3,
        "data_reference_date": "2026-03-20",
        "coordinate_note": "source_columns_swapped_and_normalized"
      }
    },
    {
      "type": "Feature",
      "geometry": {
        "type": "Point",
        "coordinates": [
          126.9747399,
          37.48323725
        ]
      },
      "properties": {
        "crosswalk_id": "06-0000037869",
        "district": "동작구",
        "address": "동작구 사당동 708-529도",
        "crosswalk_type": "이단(화살표있음)",
        "has_pedestrian_light": "Y",
        "has_audio_signal": "Y",
        "has_push_button": "Y",
        "is_raised_crosswalk": "N",
        "has_traffic_safety_detail": "Y",
        "accessibility_score": 7,
        "route_recommendation_tier": "preferred",
        "support_evidence": "보행등, 음향신호기, 보행자작동신호기, 교통안전시설 상세",
        "nearest_audio_signal_id": "24-0000009476",
        "nearest_audio_signal_distance_m": 6.1,
        "nearest_push_button_id": "29-0000001389",
        "nearest_push_button_distance_m": 29.3,
        "data_reference_date": "2026-03-20",
        "coordinate_note": "source_columns_swapped_and_normalized"
      }
    },
    {
      "type": "Feature",
      "geometry": {
        "type": "Point",
        "coordinates": [
          126.9458929,
          37.50171889
        ]
      },
      "properties": {
        "crosswalk_id": "06-0000050752",
        "district": "동작구",
        "address": "동작구 상도동 157-50도",
        "crosswalk_type": "이단(화살표있음)",
        "has_pedestrian_light": "Y",
        "has_audio_signal": "Y",
        "has_push_button": "Y",
        "is_raised_crosswalk": "N",
        "has_traffic_safety_detail": "Y",
        "accessibility_score": 7,
        "route_recommendation_tier": "preferred",
        "support_evidence": "보행등, 음향신호기, 보행자작동신호기, 교통안전시설 상세",
        "nearest_audio_signal_id": "24-0000003448",
        "nearest_audio_signal_distance_m": 29.8,
        "nearest_push_button_id": "29-0000000314",
        "nearest_push_button_distance_m": 29.0,
        "data_reference_date": "2026-03-20",
        "coordinate_note": "source_columns_swapped_and_normalized"
      }
    },
    {
      "type": "Feature",
      "geometry": {
        "type": "Point",
        "coordinates": [
          126.9239549,
          37.49283138
        ]
      },
      "properties": {
        "crosswalk_id": "06-0000004338",
        "district": "동작구",
        "address": "동작구 신대방동 395-61도",
        "crosswalk_type": "이단(화살표있음)",
        "has_pedestrian_light": "Y",
        "has_audio_signal": "Y",
        "has_push_button": "N",
        "is_raised_crosswalk": "Y",
        "has_traffic_safety_detail": "Y",
        "accessibility_score": 6,
        "route_recommendation_tier": "preferred",
        "support_evidence": "보행등, 음향신호기, 고원식횡단보도, 교통안전시설 상세",
        "nearest_audio_signal_id": NaN,
        "nearest_audio_signal_distance_m": NaN,
        "nearest_push_button_id": NaN,
        "nearest_push_button_distance_m": NaN,
        "data_reference_date": "2026-03-20",
        "coordinate_note": "source_columns_swapped_and_normalized"
      }
    },
    {
      "type": "Feature",
      "geometry": {
        "type": "Point",
        "coordinates": [
          126.944605,
          37.50530039
        ]
      },
      "properties": {
        "crosswalk_id": "06-0000006157",
        "district": "동작구",
        "address": "동작구 상도동 23-67 도",
        "crosswalk_type": "일단(화살표없음)",
        "has_pedestrian_light": "N",
        "has_audio_signal": "Y",
        "has_push_button": "Y",
        "is_raised_crosswalk": "N",
        "has_traffic_safety_detail": "Y",
        "accessibility_score": 6,
        "route_recommendation_tier": "preferred",
        "support_evidence": "음향신호기, 보행자작동신호기, 교통안전시설 상세",
        "nearest_audio_signal_id": "24-0000004152",
        "nearest_audio_signal_distance_m": 15.1,
        "nearest_push_button_id": "29-0000000317",
        "nearest_push_button_distance_m": 12.1,
        "data_reference_date": "2026-03-20",
        "coordinate_note": "source_columns_swapped_and_normalized"
      }
    },
    {
      "type": "Feature",
      "geometry": {
        "type": "Point",
        "coordinates": [
          126.9511915,
          37.5065943
        ]
      },
      "properties": {
        "crosswalk_id": "06-0000006730",
        "district": "동작구",
        "address": "동작구 상도1동 508-1도",
        "crosswalk_type": "이단(화살표있음)",
        "has_pedestrian_light": "Y",
        "has_audio_signal": "Y",
        "has_push_button": "N",
        "is_raised_crosswalk": "Y",
        "has_traffic_safety_detail": "Y",
        "accessibility_score": 6,
        "route_recommendation_tier": "preferred",
        "support_evidence": "보행등, 음향신호기, 고원식횡단보도, 교통안전시설 상세",
        "nearest_audio_signal_id": NaN,
        "nearest_audio_signal_distance_m": NaN,
        "nearest_push_button_id": NaN,
        "nearest_push_button_distance_m": NaN,
        "data_reference_date": "2026-03-20",
        "coordinate_note": "source_columns_swapped_and_normalized"
      }
    },
    {
      "type": "Feature",
      "geometry": {
        "type": "Point",
        "coordinates": [
          126.9589106,
          37.49505017
        ]
      },
      "properties": {
        "crosswalk_id": "06-0000019355",
        "district": "동작구",
        "address": "동작구 상도1동 512-4 도",
        "crosswalk_type": "이단(화살표있음)",
        "has_pedestrian_light": "N",
        "has_audio_signal": "Y",
        "has_push_button": "Y",
        "is_raised_crosswalk": "N",
        "has_traffic_safety_detail": "Y",
        "accessibility_score": 6,
        "route_recommendation_tier": "preferred",
        "support_evidence": "음향신호기, 보행자작동신호기, 교통안전시설 상세",
        "nearest_audio_signal_id": "24-0000007342",
        "nearest_audio_signal_distance_m": 23.7,
        "nearest_push_button_id": "29-0000000102",
        "nearest_push_button_distance_m": 25.8,
        "data_reference_date": "2026-03-20",
        "coordinate_note": "source_columns_swapped_and_normalized"
      }
    },
    {
      "type": "Feature",
      "geometry": {
        "type": "Point",
        "coordinates": [
          126.9537776,
          37.50118089
        ]
      },
      "properties": {
        "crosswalk_id": "06-0000024728",
        "district": "동작구",
        "address": "동작구 상도동 431 대",
        "crosswalk_type": "이단(화살표있음)",
        "has_pedestrian_light": "N",
        "has_audio_signal": "Y",
        "has_push_button": "Y",
        "is_raised_crosswalk": "N",
        "has_traffic_safety_detail": "Y",
        "accessibility_score": 6,
        "route_recommendation_tier": "preferred",
        "support_evidence": "음향신호기, 보행자작동신호기, 교통안전시설 상세",
        "nearest_audio_signal_id": "24-0000011410",
        "nearest_audio_signal_distance_m": 6.4,
        "nearest_push_button_id": "29-0000001403",
        "nearest_push_button_distance_m": 15.4,
        "data_reference_date": "2026-03-20",
        "coordinate_note": "source_columns_swapped_and_normalized"
      }
    },
    {
      "type": "Feature",
      "geometry": {
        "type": "Point",
        "coordinates": [
          126.9491218,
          37.50851483
        ]
      },
      "properties": {
        "crosswalk_id": "06-0000027291",
        "district": "동작구",
        "address": "동작구 본동 467-82도",
        "crosswalk_type": "일단(화살표없음)",
        "has_pedestrian_light": "Y",
        "has_audio_signal": "Y",
        "has_push_button": "N",
        "is_raised_crosswalk": "Y",
        "has_traffic_safety_detail": "Y",
        "accessibility_score": 6,
        "route_recommendation_tier": "preferred",
        "support_evidence": "보행등, 음향신호기, 고원식횡단보도, 교통안전시설 상세",
        "nearest_audio_signal_id": NaN,
        "nearest_audio_signal_distance_m": NaN,
        "nearest_push_button_id": NaN,
        "nearest_push_button_distance_m": NaN,
        "data_reference_date": "2026-03-20",
        "coordinate_note": "source_columns_swapped_and_normalized"
      }
    },
    {
      "type": "Feature",
      "geometry": {
        "type": "Point",
        "coordinates": [
          126.9083027,
          37.48753838
        ]
      },
      "properties": {
        "crosswalk_id": "06-0000027866",
        "district": "동작구",
        "address": "동작구 신대방동 719-4 도",
        "crosswalk_type": "일단(화살표없음)",
        "has_pedestrian_light": "N",
        "has_audio_signal": "Y",
        "has_push_button": "Y",
        "is_raised_crosswalk": "N",
        "has_traffic_safety_detail": "Y",
        "accessibility_score": 6,
        "route_recommendation_tier": "preferred",
        "support_evidence": "음향신호기, 보행자작동신호기, 교통안전시설 상세",
        "nearest_audio_signal_id": "24-0000000085",
        "nearest_audio_signal_distance_m": 10.5,
        "nearest_push_button_id": "29-0000000316",
        "nearest_push_button_distance_m": 12.4,
        "data_reference_date": "2026-03-20",
        "coordinate_note": "source_columns_swapped_and_normalized"
      }
    },
    {
      "type": "Feature",
      "geometry": {
        "type": "Point",
        "coordinates": [
          126.944323,
          37.50532037
        ]
      },
      "properties": {
        "crosswalk_id": "06-0000029136",
        "district": "동작구",
        "address": "동작구 상도동 527-2 도",
        "crosswalk_type": "일단(화살표없음)",
        "has_pedestrian_light": "N",
        "has_audio_signal": "Y",
        "has_push_button": "Y",
        "is_raised_crosswalk": "N",
        "has_traffic_safety_detail": "Y",
        "accessibility_score": 6,
        "route_recommendation_tier": "preferred",
        "support_evidence": "음향신호기, 보행자작동신호기, 교통안전시설 상세",
        "nearest_audio_signal_id": "24-0000004152",
        "nearest_audio_signal_distance_m": 11.0,
        "nearest_push_button_id": "29-0000000317",
        "nearest_push_button_distance_m": 13.6,
        "data_reference_date": "2026-03-20",
        "coordinate_note": "source_columns_swapped_and_normalized"
      }
    },
    {
      "type": "Feature",
      "geometry": {
        "type": "Point",
        "coordinates": [
          126.9448013,
          37.50068817
        ]
      },
      "properties": {
        "crosswalk_id": "06-0000029641",
        "district": "동작구",
        "address": "동작구 상도동 521-5 도",
        "crosswalk_type": "일단(화살표있음)",
        "has_pedestrian_light": "Y",
        "has_audio_signal": "Y",
        "has_push_button": "N",
        "is_raised_crosswalk": "Y",
        "has_traffic_safety_detail": "Y",
        "accessibility_score": 6,
        "route_recommendation_tier": "preferred",
        "support_evidence": "보행등, 음향신호기, 고원식횡단보도, 교통안전시설 상세",
        "nearest_audio_signal_id": NaN,
        "nearest_audio_signal_distance_m": NaN,
        "nearest_push_button_id": NaN,
        "nearest_push_button_distance_m": NaN,
        "data_reference_date": "2026-03-20",
        "coordinate_note": "source_columns_swapped_and_normalized"
      }
    },
    {
      "type": "Feature",
      "geometry": {
        "type": "Point",
        "coordinates": [
          126.9452927,
          37.50140219
        ]
      },
      "properties": {
        "crosswalk_id": "06-0000029643",
        "district": "동작구",
        "address": "동작구 상도동 521-17 도",
        "crosswalk_type": "일단(화살표없음)",
        "has_pedestrian_light": "N",
        "has_audio_signal": "Y",
        "has_push_button": "Y",
        "is_raised_crosswalk": "N",
        "has_traffic_safety_detail": "Y",
        "accessibility_score": 6,
        "route_recommendation_tier": "preferred",
        "support_evidence": "음향신호기, 보행자작동신호기, 교통안전시설 상세",
        "nearest_audio_signal_id": "24-0000002399",
        "nearest_audio_signal_distance_m": 26.5,
        "nearest_push_button_id": "29-0000000313",
        "nearest_push_button_distance_m": 24.3,
        "data_reference_date": "2026-03-20",
        "coordinate_note": "source_columns_swapped_and_normalized"
      }
    },
    {
      "type": "Feature",
      "geometry": {
        "type": "Point",
        "coordinates": [
          126.956701,
          37.49538384
        ]
      },
      "properties": {
        "crosswalk_id": "06-0000037586",
        "district": "동작구",
        "address": "동작구 상도1동 512-9 도",
        "crosswalk_type": "이단(화살표있음)",
        "has_pedestrian_light": "N",
        "has_audio_signal": "Y",
        "has_push_button": "Y",
        "is_raised_crosswalk": "N",
        "has_traffic_safety_detail": "Y",
        "accessibility_score": 6,
        "route_recommendation_tier": "preferred",
        "support_evidence": "음향신호기, 보행자작동신호기, 교통안전시설 상세",
        "nearest_audio_signal_id": "24-0000007240",
        "nearest_audio_signal_distance_m": 17.8,
        "nearest_push_button_id": "29-0000000096",
        "nearest_push_button_distance_m": 20.2,
        "data_reference_date": "2026-03-20",
        "coordinate_note": "source_columns_swapped_and_normalized"
      }
    },
    {
      "type": "Feature",
      "geometry": {
        "type": "Point",
        "coordinates": [
          126.9503109,
          37.49726144
        ]
      },
      "properties": {
        "crosswalk_id": "06-0000038791",
        "district": "동작구",
        "address": "동작구 상도1동 531-5 도",
        "crosswalk_type": "일단(화살표없음)",
        "has_pedestrian_light": "Y",
        "has_audio_signal": "Y",
        "has_push_button": "N",
        "is_raised_crosswalk": "Y",
        "has_traffic_safety_detail": "Y",
        "accessibility_score": 6,
        "route_recommendation_tier": "preferred",
        "support_evidence": "보행등, 음향신호기, 고원식횡단보도, 교통안전시설 상세",
        "nearest_audio_signal_id": "24-0000014885",
        "nearest_audio_signal_distance_m": 8.6,
        "nearest_push_button_id": NaN,
        "nearest_push_button_distance_m": NaN,
        "data_reference_date": "2026-03-20",
        "coordinate_note": "source_columns_swapped_and_normalized"
      }
    },
    {
      "type": "Feature",
      "geometry": {
        "type": "Point",
        "coordinates": [
          126.939379,
          37.50415251
        ]
      },
      "properties": {
        "crosswalk_id": "06-0000040995",
        "district": "동작구",
        "address": "동작구 상도동 373-110 도",
        "crosswalk_type": "일단(화살표없음)",
        "has_pedestrian_light": "N",
        "has_audio_signal": "Y",
        "has_push_button": "Y",
        "is_raised_crosswalk": "N",
        "has_traffic_safety_detail": "Y",
        "accessibility_score": 6,
        "route_recommendation_tier": "preferred",
        "support_evidence": "음향신호기, 보행자작동신호기, 교통안전시설 상세",
        "nearest_audio_signal_id": "24-0000011923",
        "nearest_audio_signal_distance_m": 9.5,
        "nearest_push_button_id": "29-0000001178",
        "nearest_push_button_distance_m": 8.7,
        "data_reference_date": "2026-03-20",
        "coordinate_note": "source_columns_swapped_and_normalized"
      }
    },
    {
      "type": "Feature",
      "geometry": {
        "type": "Point",
        "coordinates": [
          126.972677,
          37.48393855
        ]
      },
      "properties": {
        "crosswalk_id": "06-0000041076",
        "district": "동작구",
        "address": "동작구 사당동 252 도",
        "crosswalk_type": "일단(화살표없음)",
        "has_pedestrian_light": "N",
        "has_audio_signal": "Y",
        "has_push_button": "Y",
        "is_raised_crosswalk": "N",
        "has_traffic_safety_detail": "Y",
        "accessibility_score": 6,
        "route_recommendation_tier": "preferred",
        "support_evidence": "음향신호기, 보행자작동신호기, 교통안전시설 상세",
        "nearest_audio_signal_id": "24-0000002174",
        "nearest_audio_signal_distance_m": 19.4,
        "nearest_push_button_id": "29-0000000320",
        "nearest_push_button_distance_m": 18.1,
        "data_reference_date": "2026-03-20",
        "coordinate_note": "source_columns_swapped_and_normalized"
      }
    },
    {
      "type": "Feature",
      "geometry": {
        "type": "Point",
        "coordinates": [
          126.9100699,
          37.48716806
        ]
      },
      "properties": {
        "crosswalk_id": "06-0000044830",
        "district": "동작구",
        "address": "동작구 신대방동 701-6도",
        "crosswalk_type": "일단(화살표없음)",
        "has_pedestrian_light": "N",
        "has_audio_signal": "Y",
        "has_push_button": "Y",
        "is_raised_crosswalk": "N",
        "has_traffic_safety_detail": "Y",
        "accessibility_score": 6,
        "route_recommendation_tier": "preferred",
        "support_evidence": "음향신호기, 보행자작동신호기, 교통안전시설 상세",
        "nearest_audio_signal_id": "24-0000002208",
        "nearest_audio_signal_distance_m": 12.3,
        "nearest_push_button_id": "29-0000000312",
        "nearest_push_button_distance_m": 13.4,
        "data_reference_date": "2026-03-20",
        "coordinate_note": "source_columns_swapped_and_normalized"
      }
    },
    {
      "type": "Feature",
      "geometry": {
        "type": "Point",
        "coordinates": [
          126.910057,
          37.48700466
        ]
      },
      "properties": {
        "crosswalk_id": "06-0000044831",
        "district": "동작구",
        "address": "동작구 신대방동 700-2도",
        "crosswalk_type": "일단(화살표없음)",
        "has_pedestrian_light": "N",
        "has_audio_signal": "Y",
        "has_push_button": "Y",
        "is_raised_crosswalk": "N",
        "has_traffic_safety_detail": "Y",
        "accessibility_score": 6,
        "route_recommendation_tier": "preferred",
        "support_evidence": "음향신호기, 보행자작동신호기, 교통안전시설 상세",
        "nearest_audio_signal_id": "24-0000002208",
        "nearest_audio_signal_distance_m": 10.3,
        "nearest_push_button_id": "29-0000000312",
        "nearest_push_button_distance_m": 9.5,
        "data_reference_date": "2026-03-20",
        "coordinate_note": "source_columns_swapped_and_normalized"
      }
    },
    {
      "type": "Feature",
      "geometry": {
        "type": "Point",
        "coordinates": [
          126.9084849,
          37.48765993
        ]
      },
      "properties": {
        "crosswalk_id": "06-0000044832",
        "district": "동작구",
        "address": "동작구 신대방동 700-2도",
        "crosswalk_type": "일단(화살표없음)",
        "has_pedestrian_light": "N",
        "has_audio_signal": "Y",
        "has_push_button": "Y",
        "is_raised_crosswalk": "N",
        "has_traffic_safety_detail": "Y",
        "accessibility_score": 6,
        "route_recommendation_tier": "preferred",
        "support_evidence": "음향신호기, 보행자작동신호기, 교통안전시설 상세",
        "nearest_audio_signal_id": "24-0000000084",
        "nearest_audio_signal_distance_m": 9.0,
        "nearest_push_button_id": "29-0000000315",
        "nearest_push_button_distance_m": 9.9,
        "data_reference_date": "2026-03-20",
        "coordinate_note": "source_columns_swapped_and_normalized"
      }
    },
    {
      "type": "Feature",
      "geometry": {
        "type": "Point",
        "coordinates": [
          126.9724824,
          37.48411994
        ]
      },
      "properties": {
        "crosswalk_id": "06-0000045216",
        "district": "동작구",
        "address": "동작구 사당동 252 도",
        "crosswalk_type": "일단(화살표없음)",
        "has_pedestrian_light": "N",
        "has_audio_signal": "Y",
        "has_push_button": "Y",
        "is_raised_crosswalk": "N",
        "has_traffic_safety_detail": "Y",
        "accessibility_score": 6,
        "route_recommendation_tier": "preferred",
        "support_evidence": "음향신호기, 보행자작동신호기, 교통안전시설 상세",
        "nearest_audio_signal_id": "24-0000002174",
        "nearest_audio_signal_distance_m": 7.7,
        "nearest_push_button_id": "29-0000000319",
        "nearest_push_button_distance_m": 8.7,
        "data_reference_date": "2026-03-20",
        "coordinate_note": "source_columns_swapped_and_normalized"
      }
    },
    {
      "type": "Feature",
      "geometry": {
        "type": "Point",
        "coordinates": [
          126.9391788,
          37.50405215
        ]
      },
      "properties": {
        "crosswalk_id": "06-0000046428",
        "district": "동작구",
        "address": "동작구 상도동 26-20도",
        "crosswalk_type": "일단(화살표없음)",
        "has_pedestrian_light": "N",
        "has_audio_signal": "Y",
        "has_push_button": "Y",
        "is_raised_crosswalk": "N",
        "has_traffic_safety_detail": "Y",
        "accessibility_score": 6,
        "route_recommendation_tier": "preferred",
        "support_evidence": "음향신호기, 보행자작동신호기, 교통안전시설 상세",
        "nearest_audio_signal_id": "24-0000011922",
        "nearest_audio_signal_distance_m": 7.7,
        "nearest_push_button_id": "29-0000001179",
        "nearest_push_button_distance_m": 8.0,
        "data_reference_date": "2026-03-20",
        "coordinate_note": "source_columns_swapped_and_normalized"
      }
    },
    {
      "type": "Feature",
      "geometry": {
        "type": "Point",
        "coordinates": [
          126.9075087,
          37.48824168
        ]
      },
      "properties": {
        "crosswalk_id": "06-0000049295",
        "district": "동작구",
        "address": "동작구 신대방동 700도",
        "crosswalk_type": "일단(화살표없음)",
        "has_pedestrian_light": "N",
        "has_audio_signal": "Y",
        "has_push_button": "Y",
        "is_raised_crosswalk": "N",
        "has_traffic_safety_detail": "Y",
        "accessibility_score": 6,
        "route_recommendation_tier": "preferred",
        "support_evidence": "음향신호기, 보행자작동신호기, 교통안전시설 상세",
        "nearest_audio_signal_id": "24-0000007118",
        "nearest_audio_signal_distance_m": 8.5,
        "nearest_push_button_id": "29-0000000104",
        "nearest_push_button_distance_m": 10.0,
        "data_reference_date": "2026-03-20",
        "coordinate_note": "source_columns_swapped_and_normalized"
      }
    },
    {
      "type": "Feature",
      "geometry": {
        "type": "Point",
        "coordinates": [
          126.9453082,
          37.50061622
        ]
      },
      "properties": {
        "crosswalk_id": "06-0000050748",
        "district": "동작구",
        "address": "동작구 상도동 904 대",
        "crosswalk_type": "일단(화살표없음)",
        "has_pedestrian_light": "Y",
        "has_audio_signal": "Y",
        "has_push_button": "N",
        "is_raised_crosswalk": "Y",
        "has_traffic_safety_detail": "Y",
        "accessibility_score": 6,
        "route_recommendation_tier": "preferred",
        "support_evidence": "보행등, 음향신호기, 고원식횡단보도, 교통안전시설 상세",
        "nearest_audio_signal_id": NaN,
        "nearest_audio_signal_distance_m": NaN,
        "nearest_push_button_id": NaN,
        "nearest_push_button_distance_m": NaN,
        "data_reference_date": "2026-03-20",
        "coordinate_note": "source_columns_swapped_and_normalized"
      }
    },
    {
      "type": "Feature",
      "geometry": {
        "type": "Point",
        "coordinates": [
          126.9458255,
          37.5013954
        ]
      },
      "properties": {
        "crosswalk_id": "06-0000050750",
        "district": "동작구",
        "address": "동작구 상도동 904 대",
        "crosswalk_type": "일단(화살표없음)",
        "has_pedestrian_light": "N",
        "has_audio_signal": "Y",
        "has_push_button": "Y",
        "is_raised_crosswalk": "N",
        "has_traffic_safety_detail": "Y",
        "accessibility_score": 6,
        "route_recommendation_tier": "preferred",
        "support_evidence": "음향신호기, 보행자작동신호기, 교통안전시설 상세",
        "nearest_audio_signal_id": "24-0000003448",
        "nearest_audio_signal_distance_m": 14.6,
        "nearest_push_button_id": "29-0000000314",
        "nearest_push_button_distance_m": 14.4,
        "data_reference_date": "2026-03-20",
        "coordinate_note": "source_columns_swapped_and_normalized"
      }
    },
    {
      "type": "Feature",
      "geometry": {
        "type": "Point",
        "coordinates": [
          126.9745123,
          37.48323861
        ]
      },
      "properties": {
        "crosswalk_id": "06-0000053914",
        "district": "동작구",
        "address": "동작구 사당동 708-529도",
        "crosswalk_type": "대각선횡단보도",
        "has_pedestrian_light": "Y",
        "has_audio_signal": "Y",
        "has_push_button": "Y",
        "is_raised_crosswalk": "N",
        "has_traffic_safety_detail": "N",
        "accessibility_score": 6,
        "route_recommendation_tier": "preferred",
        "support_evidence": "보행등, 음향신호기, 보행자작동신호기",
        "nearest_audio_signal_id": "24-0000009476",
        "nearest_audio_signal_distance_m": 17.6,
        "nearest_push_button_id": "29-0000001389",
        "nearest_push_button_distance_m": 25.7,
        "data_reference_date": "2026-03-20",
        "coordinate_note": "source_columns_swapped_and_normalized"
      }
    },
    {
      "type": "Feature",
      "geometry": {
        "type": "Point",
        "coordinates": [
          126.9441862,
          37.50520089
        ]
      },
      "properties": {
        "crosswalk_id": "06-0000055932",
        "district": "동작구",
        "address": "동작구 상도동 26-20도",
        "crosswalk_type": "이단(화살표있음)",
        "has_pedestrian_light": "Y",
        "has_audio_signal": "Y",
        "has_push_button": "Y",
        "is_raised_crosswalk": "N",
        "has_traffic_safety_detail": "N",
        "accessibility_score": 6,
        "route_recommendation_tier": "preferred",
        "support_evidence": "보행등, 음향신호기, 보행자작동신호기",
        "nearest_audio_signal_id": "24-0000004152",
        "nearest_audio_signal_distance_m": 27.8,
        "nearest_push_button_id": "29-0000000317",
        "nearest_push_button_distance_m": 29.7,
        "data_reference_date": "2026-03-20",
        "coordinate_note": "source_columns_swapped_and_normalized"
      }
    },
    {
      "type": "Feature",
      "geometry": {
        "type": "Point",
        "coordinates": [
          126.9527327,
          37.49759653
        ]
      },
      "properties": {
        "crosswalk_id": "06-0000000512",
        "district": "동작구",
        "address": "동작구 상도동 439 도",
        "crosswalk_type": "일단(화살표있음)",
        "has_pedestrian_light": "Y",
        "has_audio_signal": "Y",
        "has_push_button": "N",
        "is_raised_crosswalk": "N",
        "has_traffic_safety_detail": "Y",
        "accessibility_score": 5,
        "route_recommendation_tier": "recommended",
        "support_evidence": "보행등, 음향신호기, 교통안전시설 상세",
        "nearest_audio_signal_id": "24-0000011347",
        "nearest_audio_signal_distance_m": 11.3,
        "nearest_push_button_id": NaN,
        "nearest_push_button_distance_m": NaN,
        "data_reference_date": "2026-03-20",
        "coordinate_note": "source_columns_swapped_and_normalized"
      }
    },
    {
      "type": "Feature",
      "geometry": {
        "type": "Point",
        "coordinates": [
          126.9202694,
          37.49819267
        ]
      },
      "properties": {
        "crosswalk_id": "06-0000002953",
        "district": "동작구",
        "address": "동작구 신대방동 377-5도",
        "crosswalk_type": "이단(화살표있음)",
        "has_pedestrian_light": "Y",
        "has_audio_signal": "Y",
        "has_push_button": "N",
        "is_raised_crosswalk": "N",
        "has_traffic_safety_detail": "Y",
        "accessibility_score": 5,
        "route_recommendation_tier": "recommended",
        "support_evidence": "보행등, 음향신호기, 교통안전시설 상세",
        "nearest_audio_signal_id": "24-0000003388",
        "nearest_audio_signal_distance_m": 7.4,
        "nearest_push_button_id": NaN,
        "nearest_push_button_distance_m": NaN,
        "data_reference_date": "2026-03-20",
        "coordinate_note": "source_columns_swapped_and_normalized"
      }
    },
    {
      "type": "Feature",
      "geometry": {
        "type": "Point",
        "coordinates": [
          126.920434,
          37.49835467
        ]
      },
      "properties": {
        "crosswalk_id": "06-0000002960",
        "district": "동작구",
        "address": "동작구 신대방동 378-10 도",
        "crosswalk_type": "일단(화살표없음)",
        "has_pedestrian_light": "Y",
        "has_audio_signal": "Y",
        "has_push_button": "N",
        "is_raised_crosswalk": "N",
        "has_traffic_safety_detail": "Y",
        "accessibility_score": 5,
        "route_recommendation_tier": "recommended",
        "support_evidence": "보행등, 음향신호기, 교통안전시설 상세",
        "nearest_audio_signal_id": "24-0000002457",
        "nearest_audio_signal_distance_m": 2.6,
        "nearest_push_button_id": NaN,
        "nearest_push_button_distance_m": NaN,
        "data_reference_date": "2026-03-20",
        "coordinate_note": "source_columns_swapped_and_normalized"
      }
    },
    {
      "type": "Feature",
      "geometry": {
        "type": "Point",
        "coordinates": [
          126.9773602,
          37.48393737
        ]
      },
      "properties": {
        "crosswalk_id": "06-0000003002",
        "district": "동작구",
        "address": "동작구 사당동 323-1 도",
        "crosswalk_type": "이단(화살표있음)",
        "has_pedestrian_light": "Y",
        "has_audio_signal": "Y",
        "has_push_button": "N",
        "is_raised_crosswalk": "N",
        "has_traffic_safety_detail": "Y",
        "accessibility_score": 5,
        "route_recommendation_tier": "recommended",
        "support_evidence": "보행등, 음향신호기, 교통안전시설 상세",
        "nearest_audio_signal_id": "24-0000008283",
        "nearest_audio_signal_distance_m": 14.9,
        "nearest_push_button_id": NaN,
        "nearest_push_button_distance_m": NaN,
        "data_reference_date": "2026-03-20",
        "coordinate_note": "source_columns_swapped_and_normalized"
      }
    },
    {
      "type": "Feature",
      "geometry": {
        "type": "Point",
        "coordinates": [
          126.9751957,
          37.48596274
        ]
      },
      "properties": {
        "crosswalk_id": "06-0000003004",
        "district": "동작구",
        "address": "동작구 사당동 708-857 천",
        "crosswalk_type": "이단(화살표있음)",
        "has_pedestrian_light": "Y",
        "has_audio_signal": "Y",
        "has_push_button": "N",
        "is_raised_crosswalk": "N",
        "has_traffic_safety_detail": "Y",
        "accessibility_score": 5,
        "route_recommendation_tier": "recommended",
        "support_evidence": "보행등, 음향신호기, 교통안전시설 상세",
        "nearest_audio_signal_id": NaN,
        "nearest_audio_signal_distance_m": NaN,
        "nearest_push_button_id": NaN,
        "nearest_push_button_distance_m": NaN,
        "data_reference_date": "2026-03-20",
        "coordinate_note": "source_columns_swapped_and_normalized"
      }
    },
    {
      "type": "Feature",
      "geometry": {
        "type": "Point",
        "coordinates": [
          126.9740901,
          37.48314131
        ]
      },
      "properties": {
        "crosswalk_id": "06-0000003007",
        "district": "동작구",
        "address": "동작구 사당동 254-1도",
        "crosswalk_type": "일단(화살표없음)",
        "has_pedestrian_light": "Y",
        "has_audio_signal": "Y",
        "has_push_button": "N",
        "is_raised_crosswalk": "N",
        "has_traffic_safety_detail": "Y",
        "accessibility_score": 5,
        "route_recommendation_tier": "recommended",
        "support_evidence": "보행등, 음향신호기, 교통안전시설 상세",
        "nearest_audio_signal_id": "24-0000002168",
        "nearest_audio_signal_distance_m": 20.2,
        "nearest_push_button_id": NaN,
        "nearest_push_button_distance_m": NaN,
        "data_reference_date": "2026-03-20",
        "coordinate_note": "source_columns_swapped_and_normalized"
      }
    },
    {
      "type": "Feature",
      "geometry": {
        "type": "Point",
        "coordinates": [
          126.9689325,
          37.48586717
        ]
      },
      "properties": {
        "crosswalk_id": "06-0000003012",
        "district": "동작구",
        "address": "동작구 사당동 219-8도",
        "crosswalk_type": "이단(화살표있음)",
        "has_pedestrian_light": "Y",
        "has_audio_signal": "Y",
        "has_push_button": "N",
        "is_raised_crosswalk": "N",
        "has_traffic_safety_detail": "Y",
        "accessibility_score": 5,
        "route_recommendation_tier": "recommended",
        "support_evidence": "보행등, 음향신호기, 교통안전시설 상세",
        "nearest_audio_signal_id": "24-0000002163",
        "nearest_audio_signal_distance_m": 8.5,
        "nearest_push_button_id": NaN,
        "nearest_push_button_distance_m": NaN,
        "data_reference_date": "2026-03-20",
        "coordinate_note": "source_columns_swapped_and_normalized"
      }
    },
    {
      "type": "Feature",
      "geometry": {
        "type": "Point",
        "coordinates": [
          126.9687026,
          37.48583741
        ]
      },
      "properties": {
        "crosswalk_id": "06-0000003013",
        "district": "동작구",
        "address": "동작구 사당동 226-5 도",
        "crosswalk_type": "이단(화살표있음)",
        "has_pedestrian_light": "Y",
        "has_audio_signal": "Y",
        "has_push_button": "N",
        "is_raised_crosswalk": "N",
        "has_traffic_safety_detail": "Y",
        "accessibility_score": 5,
        "route_recommendation_tier": "recommended",
        "support_evidence": "보행등, 음향신호기, 교통안전시설 상세",
        "nearest_audio_signal_id": "24-0000009473",
        "nearest_audio_signal_distance_m": 7.5,
        "nearest_push_button_id": NaN,
        "nearest_push_button_distance_m": NaN,
        "data_reference_date": "2026-03-20",
        "coordinate_note": "source_columns_swapped_and_normalized"
      }
    },
    {
      "type": "Feature",
      "geometry": {
        "type": "Point",
        "coordinates": [
          126.967708,
          37.48685088
        ]
      },
      "properties": {
        "crosswalk_id": "06-0000003014",
        "district": "동작구",
        "address": "동작구 사당동 211-1도",
        "crosswalk_type": "이단(화살표있음)",
        "has_pedestrian_light": "Y",
        "has_audio_signal": "Y",
        "has_push_button": "N",
        "is_raised_crosswalk": "N",
        "has_traffic_safety_detail": "Y",
        "accessibility_score": 5,
        "route_recommendation_tier": "recommended",
        "support_evidence": "보행등, 음향신호기, 교통안전시설 상세",
        "nearest_audio_signal_id": "24-0000000668",
        "nearest_audio_signal_distance_m": 4.0,
        "nearest_push_button_id": NaN,
        "nearest_push_button_distance_m": NaN,
        "data_reference_date": "2026-03-20",
        "coordinate_note": "source_columns_swapped_and_normalized"
      }
    },
    {
      "type": "Feature",
      "geometry": {
        "type": "Point",
        "coordinates": [
          126.9774702,
          37.47657471
        ]
      },
      "properties": {
        "crosswalk_id": "06-0000003134",
        "district": "동작구",
        "address": "동작구 사당동 1129도",
        "crosswalk_type": "이단(화살표있음)",
        "has_pedestrian_light": "Y",
        "has_audio_signal": "Y",
        "has_push_button": "N",
        "is_raised_crosswalk": "N",
        "has_traffic_safety_detail": "Y",
        "accessibility_score": 5,
        "route_recommendation_tier": "recommended",
        "support_evidence": "보행등, 음향신호기, 교통안전시설 상세",
        "nearest_audio_signal_id": "24-0000014235",
        "nearest_audio_signal_distance_m": 11.8,
        "nearest_push_button_id": NaN,
        "nearest_push_button_distance_m": NaN,
        "data_reference_date": "2026-03-20",
        "coordinate_note": "source_columns_swapped_and_normalized"
      }
    },
    {
      "type": "Feature",
      "geometry": {
        "type": "Point",
        "coordinates": [
          126.9818704,
          37.48525459
        ]
      },
      "properties": {
        "crosswalk_id": "06-0000003514",
        "district": "동작구",
        "address": "동작구 사당동 144-4도",
        "crosswalk_type": "이단(화살표있음)",
        "has_pedestrian_light": "Y",
        "has_audio_signal": "Y",
        "has_push_button": "N",
        "is_raised_crosswalk": "N",
        "has_traffic_safety_detail": "Y",
        "accessibility_score": 5,
        "route_recommendation_tier": "recommended",
        "support_evidence": "보행등, 음향신호기, 교통안전시설 상세",
        "nearest_audio_signal_id": "24-0000005791",
        "nearest_audio_signal_distance_m": 9.6,
        "nearest_push_button_id": NaN,
        "nearest_push_button_distance_m": NaN,
        "data_reference_date": "2026-03-20",
        "coordinate_note": "source_columns_swapped_and_normalized"
      }
    },
    {
      "type": "Feature",
      "geometry": {
        "type": "Point",
        "coordinates": [
          126.9226388,
          37.49022956
        ]
      },
      "properties": {
        "crosswalk_id": "06-0000003856",
        "district": "동작구",
        "address": "동작구 신대방동 441-11천",
        "crosswalk_type": "이단(화살표있음)",
        "has_pedestrian_light": "Y",
        "has_audio_signal": "Y",
        "has_push_button": "N",
        "is_raised_crosswalk": "N",
        "has_traffic_safety_detail": "Y",
        "accessibility_score": 5,
        "route_recommendation_tier": "recommended",
        "support_evidence": "보행등, 음향신호기, 교통안전시설 상세",
        "nearest_audio_signal_id": "24-0000013828",
        "nearest_audio_signal_distance_m": 25.3,
        "nearest_push_button_id": NaN,
        "nearest_push_button_distance_m": NaN,
        "data_reference_date": "2026-03-20",
        "coordinate_note": "source_columns_swapped_and_normalized"
      }
    },
    {
      "type": "Feature",
      "geometry": {
        "type": "Point",
        "coordinates": [
          126.9826021,
          37.49387649
        ]
      },
      "properties": {
        "crosswalk_id": "06-0000003955",
        "district": "동작구",
        "address": "동작구 동작동 55-3도",
        "crosswalk_type": "이단(화살표있음)",
        "has_pedestrian_light": "Y",
        "has_audio_signal": "Y",
        "has_push_button": "N",
        "is_raised_crosswalk": "N",
        "has_traffic_safety_detail": "Y",
        "accessibility_score": 5,
        "route_recommendation_tier": "recommended",
        "support_evidence": "보행등, 음향신호기, 교통안전시설 상세",
        "nearest_audio_signal_id": "24-0000015097",
        "nearest_audio_signal_distance_m": 8.6,
        "nearest_push_button_id": NaN,
        "nearest_push_button_distance_m": NaN,
        "data_reference_date": "2026-03-20",
        "coordinate_note": "source_columns_swapped_and_normalized"
      }
    },
    {
      "type": "Feature",
      "geometry": {
        "type": "Point",
        "coordinates": [
          126.9824053,
          37.49081645
        ]
      },
      "properties": {
        "crosswalk_id": "06-0000004065",
        "district": "동작구",
        "address": "동작구 사당동 79-49도",
        "crosswalk_type": "일단(화살표없음)",
        "has_pedestrian_light": "N",
        "has_audio_signal": "Y",
        "has_push_button": "N",
        "is_raised_crosswalk": "Y",
        "has_traffic_safety_detail": "Y",
        "accessibility_score": 5,
        "route_recommendation_tier": "recommended",
        "support_evidence": "음향신호기, 고원식횡단보도, 교통안전시설 상세",
        "nearest_audio_signal_id": "24-0000005803",
        "nearest_audio_signal_distance_m": 4.3,
        "nearest_push_button_id": NaN,
        "nearest_push_button_distance_m": NaN,
        "data_reference_date": "2026-03-20",
        "coordinate_note": "source_columns_swapped_and_normalized"
      }
    },
    {
      "type": "Feature",
      "geometry": {
        "type": "Point",
        "coordinates": [
          126.9776263,
          37.47674848
        ]
      },
      "properties": {
        "crosswalk_id": "06-0000004071",
        "district": "동작구",
        "address": "동작구 사당동 1129도",
        "crosswalk_type": "일단(화살표없음)",
        "has_pedestrian_light": "Y",
        "has_audio_signal": "Y",
        "has_push_button": "N",
        "is_raised_crosswalk": "N",
        "has_traffic_safety_detail": "Y",
        "accessibility_score": 5,
        "route_recommendation_tier": "recommended",
        "support_evidence": "보행등, 음향신호기, 교통안전시설 상세",
        "nearest_audio_signal_id": "24-0000014234",
        "nearest_audio_signal_distance_m": 15.0,
        "nearest_push_button_id": NaN,
        "nearest_push_button_distance_m": NaN,
        "data_reference_date": "2026-03-20",
        "coordinate_note": "source_columns_swapped_and_normalized"
      }
    },
    {
      "type": "Feature",
      "geometry": {
        "type": "Point",
        "coordinates": [
          126.9739781,
          37.48691434
        ]
      },
      "properties": {
        "crosswalk_id": "06-0000004090",
        "district": "동작구",
        "address": "동작구 사당동 164-74임",
        "crosswalk_type": "이단(화살표있음)",
        "has_pedestrian_light": "Y",
        "has_audio_signal": "Y",
        "has_push_button": "N",
        "is_raised_crosswalk": "N",
        "has_traffic_safety_detail": "Y",
        "accessibility_score": 5,
        "route_recommendation_tier": "recommended",
        "support_evidence": "보행등, 음향신호기, 교통안전시설 상세",
        "nearest_audio_signal_id": "24-0000009756",
        "nearest_audio_signal_distance_m": 6.0,
        "nearest_push_button_id": NaN,
        "nearest_push_button_distance_m": NaN,
        "data_reference_date": "2026-03-20",
        "coordinate_note": "source_columns_swapped_and_normalized"
      }
    },
    {
      "type": "Feature",
      "geometry": {
        "type": "Point",
        "coordinates": [
          126.9741911,
          37.48688165
        ]
      },
      "properties": {
        "crosswalk_id": "06-0000004208",
        "district": "동작구",
        "address": "동작구 사당동 164-72도",
        "crosswalk_type": "이단(화살표있음)",
        "has_pedestrian_light": "Y",
        "has_audio_signal": "Y",
        "has_push_button": "N",
        "is_raised_crosswalk": "N",
        "has_traffic_safety_detail": "Y",
        "accessibility_score": 5,
        "route_recommendation_tier": "recommended",
        "support_evidence": "보행등, 음향신호기, 교통안전시설 상세",
        "nearest_audio_signal_id": "24-0000009759",
        "nearest_audio_signal_distance_m": 5.8,
        "nearest_push_button_id": NaN,
        "nearest_push_button_distance_m": NaN,
        "data_reference_date": "2026-03-20",
        "coordinate_note": "source_columns_swapped_and_normalized"
      }
    },
    {
      "type": "Feature",
      "geometry": {
        "type": "Point",
        "coordinates": [
          126.9231988,
          37.49274711
        ]
      },
      "properties": {
        "crosswalk_id": "06-0000004321",
        "district": "동작구",
        "address": "동작구 신대방동 395-61도",
        "crosswalk_type": "이단(화살표있음)",
        "has_pedestrian_light": "Y",
        "has_audio_signal": "Y",
        "has_push_button": "N",
        "is_raised_crosswalk": "N",
        "has_traffic_safety_detail": "Y",
        "accessibility_score": 5,
        "route_recommendation_tier": "recommended",
        "support_evidence": "보행등, 음향신호기, 교통안전시설 상세",
        "nearest_audio_signal_id": NaN,
        "nearest_audio_signal_distance_m": NaN,
        "nearest_push_button_id": NaN,
        "nearest_push_button_distance_m": NaN,
        "data_reference_date": "2026-03-20",
        "coordinate_note": "source_columns_swapped_and_normalized"
      }
    },
    {
      "type": "Feature",
      "geometry": {
        "type": "Point",
        "coordinates": [
          126.9432062,
          37.49739563
        ]
      },
      "properties": {
        "crosswalk_id": "06-0000004412",
        "district": "동작구",
        "address": "동작구 상도동 210-6 도",
        "crosswalk_type": "이단(화살표있음)",
        "has_pedestrian_light": "Y",
        "has_audio_signal": "Y",
        "has_push_button": "N",
        "is_raised_crosswalk": "N",
        "has_traffic_safety_detail": "Y",
        "accessibility_score": 5,
        "route_recommendation_tier": "recommended",
        "support_evidence": "보행등, 음향신호기, 교통안전시설 상세",
        "nearest_audio_signal_id": "24-0000011391",
        "nearest_audio_signal_distance_m": 6.9,
        "nearest_push_button_id": NaN,
        "nearest_push_button_distance_m": NaN,
        "data_reference_date": "2026-03-20",
        "coordinate_note": "source_columns_swapped_and_normalized"
      }
    },
    {
      "type": "Feature",
      "geometry": {
        "type": "Point",
        "coordinates": [
          126.9234036,
          37.49290749
        ]
      },
      "properties": {
        "crosswalk_id": "06-0000004509",
        "district": "동작구",
        "address": "동작구 신대방동 395-61도",
        "crosswalk_type": "이단(화살표있음)",
        "has_pedestrian_light": "Y",
        "has_audio_signal": "Y",
        "has_push_button": "N",
        "is_raised_crosswalk": "N",
        "has_traffic_safety_detail": "Y",
        "accessibility_score": 5,
        "route_recommendation_tier": "recommended",
        "support_evidence": "보행등, 음향신호기, 교통안전시설 상세",
        "nearest_audio_signal_id": NaN,
        "nearest_audio_signal_distance_m": NaN,
        "nearest_push_button_id": NaN,
        "nearest_push_button_distance_m": NaN,
        "data_reference_date": "2026-03-20",
        "coordinate_note": "source_columns_swapped_and_normalized"
      }
    },
    {
      "type": "Feature",
      "geometry": {
        "type": "Point",
        "coordinates": [
          126.9233367,
          37.49302532
        ]
      },
      "properties": {
        "crosswalk_id": "06-0000004510",
        "district": "동작구",
        "address": "동작구 신대방동 395-61도",
        "crosswalk_type": "일단(화살표없음)",
        "has_pedestrian_light": "Y",
        "has_audio_signal": "Y",
        "has_push_button": "N",
        "is_raised_crosswalk": "N",
        "has_traffic_safety_detail": "Y",
        "accessibility_score": 5,
        "route_recommendation_tier": "recommended",
        "support_evidence": "보행등, 음향신호기, 교통안전시설 상세",
        "nearest_audio_signal_id": NaN,
        "nearest_audio_signal_distance_m": NaN,
        "nearest_push_button_id": NaN,
        "nearest_push_button_distance_m": NaN,
        "data_reference_date": "2026-03-20",
        "coordinate_note": "source_columns_swapped_and_normalized"
      }
    },
    {
      "type": "Feature",
      "geometry": {
        "type": "Point",
        "coordinates": [
          126.984545,
          37.49899836
        ]
      },
      "properties": {
        "crosswalk_id": "06-0000004752",
        "district": "동작구",
        "address": "동작구 동작동 86-3도",
        "crosswalk_type": "이단(화살표있음)",
        "has_pedestrian_light": "Y",
        "has_audio_signal": "Y",
        "has_push_button": "N",
        "is_raised_crosswalk": "N",
        "has_traffic_safety_detail": "Y",
        "accessibility_score": 5,
        "route_recommendation_tier": "recommended",
        "support_evidence": "보행등, 음향신호기, 교통안전시설 상세",
        "nearest_audio_signal_id": NaN,
        "nearest_audio_signal_distance_m": NaN,
        "nearest_push_button_id": NaN,
        "nearest_push_button_distance_m": NaN,
        "data_reference_date": "2026-03-20",
        "coordinate_note": "source_columns_swapped_and_normalized"
      }
    },
    {
      "type": "Feature",
      "geometry": {
        "type": "Point",
        "coordinates": [
          126.9062416,
          37.48866116
        ]
      },
      "properties": {
        "crosswalk_id": "06-0000004860",
        "district": "동작구",
        "address": "동작구 신대방동 699도",
        "crosswalk_type": "이단(화살표있음)",
        "has_pedestrian_light": "Y",
        "has_audio_signal": "Y",
        "has_push_button": "N",
        "is_raised_crosswalk": "N",
        "has_traffic_safety_detail": "Y",
        "accessibility_score": 5,
        "route_recommendation_tier": "recommended",
        "support_evidence": "보행등, 음향신호기, 교통안전시설 상세",
        "nearest_audio_signal_id": "24-0000003478",
        "nearest_audio_signal_distance_m": 16.1,
        "nearest_push_button_id": NaN,
        "nearest_push_button_distance_m": NaN,
        "data_reference_date": "2026-03-20",
        "coordinate_note": "source_columns_swapped_and_normalized"
      }
    },
    {
      "type": "Feature",
      "geometry": {
        "type": "Point",
        "coordinates": [
          126.9065102,
          37.48898765
        ]
      },
      "properties": {
        "crosswalk_id": "06-0000004863",
        "district": "동작구",
        "address": "동작구 신대방동 699도",
        "crosswalk_type": "이단(화살표있음)",
        "has_pedestrian_light": "Y",
        "has_audio_signal": "Y",
        "has_push_button": "N",
        "is_raised_crosswalk": "N",
        "has_traffic_safety_detail": "Y",
        "accessibility_score": 5,
        "route_recommendation_tier": "recommended",
        "support_evidence": "보행등, 음향신호기, 교통안전시설 상세",
        "nearest_audio_signal_id": "24-0000002436",
        "nearest_audio_signal_distance_m": 16.5,
        "nearest_push_button_id": NaN,
        "nearest_push_button_distance_m": NaN,
        "data_reference_date": "2026-03-20",
        "coordinate_note": "source_columns_swapped_and_normalized"
      }
    },
    {
      "type": "Feature",
      "geometry": {
        "type": "Point",
        "coordinates": [
          126.9066901,
          37.48863299
        ]
      },
      "properties": {
        "crosswalk_id": "06-0000004865",
        "district": "동작구",
        "address": "동작구 신대방동 700도",
        "crosswalk_type": "이단(화살표있음)",
        "has_pedestrian_light": "Y",
        "has_audio_signal": "Y",
        "has_push_button": "N",
        "is_raised_crosswalk": "N",
        "has_traffic_safety_detail": "Y",
        "accessibility_score": 5,
        "route_recommendation_tier": "recommended",
        "support_evidence": "보행등, 음향신호기, 교통안전시설 상세",
        "nearest_audio_signal_id": "24-0000009433",
        "nearest_audio_signal_distance_m": 4.2,
        "nearest_push_button_id": NaN,
        "nearest_push_button_distance_m": NaN,
        "data_reference_date": "2026-03-20",
        "coordinate_note": "source_columns_swapped_and_normalized"
      }
    },
    {
      "type": "Feature",
      "geometry": {
        "type": "Point",
        "coordinates": [
          126.9524029,
          37.49764674
        ]
      },
      "properties": {
        "crosswalk_id": "06-0000004869",
        "district": "동작구",
        "address": "동작구 상도1동 517 도",
        "crosswalk_type": "이단(화살표있음)",
        "has_pedestrian_light": "Y",
        "has_audio_signal": "Y",
        "has_push_button": "N",
        "is_raised_crosswalk": "N",
        "has_traffic_safety_detail": "Y",
        "accessibility_score": 5,
        "route_recommendation_tier": "recommended",
        "support_evidence": "보행등, 음향신호기, 교통안전시설 상세",
        "nearest_audio_signal_id": "24-0000011343",
        "nearest_audio_signal_distance_m": 13.1,
        "nearest_push_button_id": NaN,
        "nearest_push_button_distance_m": NaN,
        "data_reference_date": "2026-03-20",
        "coordinate_note": "source_columns_swapped_and_normalized"
      }
    },
    {
      "type": "Feature",
      "geometry": {
        "type": "Point",
        "coordinates": [
          126.9467006,
          37.51354592
        ]
      },
      "properties": {
        "crosswalk_id": "06-0000004889",
        "district": "동작구",
        "address": "동작구 노량진동 152-7도",
        "crosswalk_type": "일단(화살표있음)",
        "has_pedestrian_light": "Y",
        "has_audio_signal": "Y",
        "has_push_button": "N",
        "is_raised_crosswalk": "N",
        "has_traffic_safety_detail": "Y",
        "accessibility_score": 5,
        "route_recommendation_tier": "recommended",
        "support_evidence": "보행등, 음향신호기, 교통안전시설 상세",
        "nearest_audio_signal_id": NaN,
        "nearest_audio_signal_distance_m": NaN,
        "nearest_push_button_id": NaN,
        "nearest_push_button_distance_m": NaN,
        "data_reference_date": "2026-03-20",
        "coordinate_note": "source_columns_swapped_and_normalized"
      }
    },
    {
      "type": "Feature",
      "geometry": {
        "type": "Point",
        "coordinates": [
          126.9291497,
          37.51318408
        ]
      },
      "properties": {
        "crosswalk_id": "06-0000005061",
        "district": "동작구",
        "address": "동작구 대방동 64-5도",
        "crosswalk_type": "이단(화살표있음)",
        "has_pedestrian_light": "Y",
        "has_audio_signal": "Y",
        "has_push_button": "N",
        "is_raised_crosswalk": "N",
        "has_traffic_safety_detail": "Y",
        "accessibility_score": 5,
        "route_recommendation_tier": "recommended",
        "support_evidence": "보행등, 음향신호기, 교통안전시설 상세",
        "nearest_audio_signal_id": "24-0000002362",
        "nearest_audio_signal_distance_m": 6.4,
        "nearest_push_button_id": NaN,
        "nearest_push_button_distance_m": NaN,
        "data_reference_date": "2026-03-20",
        "coordinate_note": "source_columns_swapped_and_normalized"
      }
    },
    {
      "type": "Feature",
      "geometry": {
        "type": "Point",
        "coordinates": [
          126.9315671,
          37.513217
        ]
      },
      "properties": {
        "crosswalk_id": "06-0000005065",
        "district": "동작구",
        "address": "동작구 대방동 54-2도",
        "crosswalk_type": "이단(화살표있음)",
        "has_pedestrian_light": "Y",
        "has_audio_signal": "Y",
        "has_push_button": "N",
        "is_raised_crosswalk": "N",
        "has_traffic_safety_detail": "Y",
        "accessibility_score": 5,
        "route_recommendation_tier": "recommended",
        "support_evidence": "보행등, 음향신호기, 교통안전시설 상세",
        "nearest_audio_signal_id": "24-0000005388",
        "nearest_audio_signal_distance_m": 14.7,
        "nearest_push_button_id": NaN,
        "nearest_push_button_distance_m": NaN,
        "data_reference_date": "2026-03-20",
        "coordinate_note": "source_columns_swapped_and_normalized"
      }
    },
    {
      "type": "Feature",
      "geometry": {
        "type": "Point",
        "coordinates": [
          126.9320081,
          37.51284165
        ]
      },
      "properties": {
        "crosswalk_id": "06-0000005067",
        "district": "동작구",
        "address": "동작구 대방동 49-2도",
        "crosswalk_type": "일단(화살표없음)",
        "has_pedestrian_light": "Y",
        "has_audio_signal": "Y",
        "has_push_button": "N",
        "is_raised_crosswalk": "N",
        "has_traffic_safety_detail": "Y",
        "accessibility_score": 5,
        "route_recommendation_tier": "recommended",
        "support_evidence": "보행등, 음향신호기, 교통안전시설 상세",
        "nearest_audio_signal_id": "24-0000005387",
        "nearest_audio_signal_distance_m": 5.4,
        "nearest_push_button_id": NaN,
        "nearest_push_button_distance_m": NaN,
        "data_reference_date": "2026-03-20",
        "coordinate_note": "source_columns_swapped_and_normalized"
      }
    },
    {
      "type": "Feature",
      "geometry": {
        "type": "Point",
        "coordinates": [
          126.9203796,
          37.50006586
        ]
      },
      "properties": {
        "crosswalk_id": "06-0000005586",
        "district": "동작구",
        "address": "동작구 대방동 466-49도",
        "crosswalk_type": "이단(화살표있음)",
        "has_pedestrian_light": "Y",
        "has_audio_signal": "Y",
        "has_push_button": "N",
        "is_raised_crosswalk": "N",
        "has_traffic_safety_detail": "Y",
        "accessibility_score": 5,
        "route_recommendation_tier": "recommended",
        "support_evidence": "보행등, 음향신호기, 교통안전시설 상세",
        "nearest_audio_signal_id": "24-0000004153",
        "nearest_audio_signal_distance_m": 17.9,
        "nearest_push_button_id": NaN,
        "nearest_push_button_distance_m": NaN,
        "data_reference_date": "2026-03-20",
        "coordinate_note": "source_columns_swapped_and_normalized"
      }
    },
    {
      "type": "Feature",
      "geometry": {
        "type": "Point",
        "coordinates": [
          126.9205485,
          37.49988379
        ]
      },
      "properties": {
        "crosswalk_id": "06-0000005588",
        "district": "동작구",
        "address": "동작구 대방동 466-51도",
        "crosswalk_type": "이단(화살표있음)",
        "has_pedestrian_light": "Y",
        "has_audio_signal": "Y",
        "has_push_button": "N",
        "is_raised_crosswalk": "N",
        "has_traffic_safety_detail": "Y",
        "accessibility_score": 5,
        "route_recommendation_tier": "recommended",
        "support_evidence": "보행등, 음향신호기, 교통안전시설 상세",
        "nearest_audio_signal_id": "24-0000002434",
        "nearest_audio_signal_distance_m": 7.6,
        "nearest_push_button_id": NaN,
        "nearest_push_button_distance_m": NaN,
        "data_reference_date": "2026-03-20",
        "coordinate_note": "source_columns_swapped_and_normalized"
      }
    },
    {
      "type": "Feature",
      "geometry": {
        "type": "Point",
        "coordinates": [
          126.9226486,
          37.49981805
        ]
      },
      "properties": {
        "crosswalk_id": "06-0000005594",
        "district": "동작구",
        "address": "동작구 대방동 466-59도",
        "crosswalk_type": "이단(화살표있음)",
        "has_pedestrian_light": "Y",
        "has_audio_signal": "Y",
        "has_push_button": "N",
        "is_raised_crosswalk": "N",
        "has_traffic_safety_detail": "Y",
        "accessibility_score": 5,
        "route_recommendation_tier": "recommended",
        "support_evidence": "보행등, 음향신호기, 교통안전시설 상세",
        "nearest_audio_signal_id": "24-0000007122",
        "nearest_audio_signal_distance_m": 4.8,
        "nearest_push_button_id": NaN,
        "nearest_push_button_distance_m": NaN,
        "data_reference_date": "2026-03-20",
        "coordinate_note": "source_columns_swapped_and_normalized"
      }
    },
    {
      "type": "Feature",
      "geometry": {
        "type": "Point",
        "coordinates": [
          126.922535,
          37.49991948
        ]
      },
      "properties": {
        "crosswalk_id": "06-0000005595",
        "district": "동작구",
        "address": "동작구 대방동 466-59도",
        "crosswalk_type": "일단(화살표없음)",
        "has_pedestrian_light": "Y",
        "has_audio_signal": "Y",
        "has_push_button": "N",
        "is_raised_crosswalk": "N",
        "has_traffic_safety_detail": "Y",
        "accessibility_score": 5,
        "route_recommendation_tier": "recommended",
        "support_evidence": "보행등, 음향신호기, 교통안전시설 상세",
        "nearest_audio_signal_id": "24-0000007121",
        "nearest_audio_signal_distance_m": 15.0,
        "nearest_push_button_id": NaN,
        "nearest_push_button_distance_m": NaN,
        "data_reference_date": "2026-03-20",
        "coordinate_note": "source_columns_swapped_and_normalized"
      }
    },
    {
      "type": "Feature",
      "geometry": {
        "type": "Point",
        "coordinates": [
          126.9492314,
          37.50128554
        ]
      },
      "properties": {
        "crosswalk_id": "06-0000005600",
        "district": "동작구",
        "address": "동작구 상도1동 390-2도",
        "crosswalk_type": "이단(화살표있음)",
        "has_pedestrian_light": "Y",
        "has_audio_signal": "Y",
        "has_push_button": "N",
        "is_raised_crosswalk": "N",
        "has_traffic_safety_detail": "Y",
        "accessibility_score": 5,
        "route_recommendation_tier": "recommended",
        "support_evidence": "보행등, 음향신호기, 교통안전시설 상세",
        "nearest_audio_signal_id": "24-0000014298",
        "nearest_audio_signal_distance_m": 9.6,
        "nearest_push_button_id": NaN,
        "nearest_push_button_distance_m": NaN,
        "data_reference_date": "2026-03-20",
        "coordinate_note": "source_columns_swapped_and_normalized"
      }
    },
    {
      "type": "Feature",
      "geometry": {
        "type": "Point",
        "coordinates": [
          126.9514142,
          37.49877961
        ]
      },
      "properties": {
        "crosswalk_id": "06-0000005605",
        "district": "동작구",
        "address": "동작구 상도1동 518-1 도",
        "crosswalk_type": "이단(화살표있음)",
        "has_pedestrian_light": "Y",
        "has_audio_signal": "Y",
        "has_push_button": "N",
        "is_raised_crosswalk": "N",
        "has_traffic_safety_detail": "Y",
        "accessibility_score": 5,
        "route_recommendation_tier": "recommended",
        "support_evidence": "보행등, 음향신호기, 교통안전시설 상세",
        "nearest_audio_signal_id": "24-0000014297",
        "nearest_audio_signal_distance_m": 11.9,
        "nearest_push_button_id": NaN,
        "nearest_push_button_distance_m": NaN,
        "data_reference_date": "2026-03-20",
        "coordinate_note": "source_columns_swapped_and_normalized"
      }
    },
    {
      "type": "Feature",
      "geometry": {
        "type": "Point",
        "coordinates": [
          126.9097454,
          37.49278465
        ]
      },
      "properties": {
        "crosswalk_id": "06-0000005611",
        "district": "동작구",
        "address": "동작구 신대방동 551-8도",
        "crosswalk_type": "이단(화살표있음)",
        "has_pedestrian_light": "Y",
        "has_audio_signal": "Y",
        "has_push_button": "N",
        "is_raised_crosswalk": "N",
        "has_traffic_safety_detail": "Y",
        "accessibility_score": 5,
        "route_recommendation_tier": "recommended",
        "support_evidence": "보행등, 음향신호기, 교통안전시설 상세",
        "nearest_audio_signal_id": "24-0000002388",
        "nearest_audio_signal_distance_m": 11.9,
        "nearest_push_button_id": NaN,
        "nearest_push_button_distance_m": NaN,
        "data_reference_date": "2026-03-20",
        "coordinate_note": "source_columns_swapped_and_normalized"
      }
    },
    {
      "type": "Feature",
      "geometry": {
        "type": "Point",
        "coordinates": [
          126.959854,
          37.49901684
        ]
      },
      "properties": {
        "crosswalk_id": "06-0000005881",
        "district": "동작구",
        "address": "동작구 흑석동 330-8 도",
        "crosswalk_type": "이단(화살표있음)",
        "has_pedestrian_light": "Y",
        "has_audio_signal": "Y",
        "has_push_button": "N",
        "is_raised_crosswalk": "N",
        "has_traffic_safety_detail": "Y",
        "accessibility_score": 5,
        "route_recommendation_tier": "recommended",
        "support_evidence": "보행등, 음향신호기, 교통안전시설 상세",
        "nearest_audio_signal_id": NaN,
        "nearest_audio_signal_distance_m": NaN,
        "nearest_push_button_id": NaN,
        "nearest_push_button_distance_m": NaN,
        "data_reference_date": "2026-03-20",
        "coordinate_note": "source_columns_swapped_and_normalized"
      }
    },
    {
      "type": "Feature",
      "geometry": {
        "type": "Point",
        "coordinates": [
          126.9221894,
          37.5040347
        ]
      },
      "properties": {
        "crosswalk_id": "06-0000005934",
        "district": "동작구",
        "address": "동작구 대방동 466-43도",
        "crosswalk_type": "이단(화살표있음)",
        "has_pedestrian_light": "Y",
        "has_audio_signal": "Y",
        "has_push_button": "N",
        "is_raised_crosswalk": "N",
        "has_traffic_safety_detail": "Y",
        "accessibility_score": 5,
        "route_recommendation_tier": "recommended",
        "support_evidence": "보행등, 음향신호기, 교통안전시설 상세",
        "nearest_audio_signal_id": "24-0000002409",
        "nearest_audio_signal_distance_m": 4.7,
        "nearest_push_button_id": NaN,
        "nearest_push_button_distance_m": NaN,
        "data_reference_date": "2026-03-20",
        "coordinate_note": "source_columns_swapped_and_normalized"
      }
    },
    {
      "type": "Feature",
      "geometry": {
        "type": "Point",
        "coordinates": [
          126.9143107,
          37.49640661
        ]
      },
      "properties": {
        "crosswalk_id": "06-0000005961",
        "district": "동작구",
        "address": "동작구 신대방동 492-123도",
        "crosswalk_type": "일단(화살표없음)",
        "has_pedestrian_light": "Y",
        "has_audio_signal": "Y",
        "has_push_button": "N",
        "is_raised_crosswalk": "N",
        "has_traffic_safety_detail": "Y",
        "accessibility_score": 5,
        "route_recommendation_tier": "recommended",
        "support_evidence": "보행등, 음향신호기, 교통안전시설 상세",
        "nearest_audio_signal_id": "24-0000003435",
        "nearest_audio_signal_distance_m": 6.6,
        "nearest_push_button_id": NaN,
        "nearest_push_button_distance_m": NaN,
        "data_reference_date": "2026-03-20",
        "coordinate_note": "source_columns_swapped_and_normalized"
      }
    },
    {
      "type": "Feature",
      "geometry": {
        "type": "Point",
        "coordinates": [
          126.9164556,
          37.49684328
        ]
      },
      "properties": {
        "crosswalk_id": "06-0000005972",
        "district": "동작구",
        "address": "동작구 신대방동 500-8도",
        "crosswalk_type": "이단(화살표있음)",
        "has_pedestrian_light": "Y",
        "has_audio_signal": "Y",
        "has_push_button": "N",
        "is_raised_crosswalk": "N",
        "has_traffic_safety_detail": "Y",
        "accessibility_score": 5,
        "route_recommendation_tier": "recommended",
        "support_evidence": "보행등, 음향신호기, 교통안전시설 상세",
        "nearest_audio_signal_id": "24-0000003988",
        "nearest_audio_signal_distance_m": 1.1,
        "nearest_push_button_id": NaN,
        "nearest_push_button_distance_m": NaN,
        "data_reference_date": "2026-03-20",
        "coordinate_note": "source_columns_swapped_and_normalized"
      }
    },
    {
      "type": "Feature",
      "geometry": {
        "type": "Point",
        "coordinates": [
          126.9533879,
          37.50494727
        ]
      },
      "properties": {
        "crosswalk_id": "06-0000005980",
        "district": "동작구",
        "address": "동작구 상도동 7-61도",
        "crosswalk_type": "이단(화살표있음)",
        "has_pedestrian_light": "Y",
        "has_audio_signal": "Y",
        "has_push_button": "N",
        "is_raised_crosswalk": "N",
        "has_traffic_safety_detail": "Y",
        "accessibility_score": 5,
        "route_recommendation_tier": "recommended",
        "support_evidence": "보행등, 음향신호기, 교통안전시설 상세",
        "nearest_audio_signal_id": "24-0000009480",
        "nearest_audio_signal_distance_m": 25.7,
        "nearest_push_button_id": NaN,
        "nearest_push_button_distance_m": NaN,
        "data_reference_date": "2026-03-20",
        "coordinate_note": "source_columns_swapped_and_normalized"
      }
    },
    {
      "type": "Feature",
      "geometry": {
        "type": "Point",
        "coordinates": [
          126.9190627,
          37.49729212
        ]
      },
      "properties": {
        "crosswalk_id": "06-0000006018",
        "district": "동작구",
        "address": "동작구 신대방동 370-1대",
        "crosswalk_type": "일단(화살표있음)",
        "has_pedestrian_light": "Y",
        "has_audio_signal": "Y",
        "has_push_button": "N",
        "is_raised_crosswalk": "N",
        "has_traffic_safety_detail": "Y",
        "accessibility_score": 5,
        "route_recommendation_tier": "recommended",
        "support_evidence": "보행등, 음향신호기, 교통안전시설 상세",
        "nearest_audio_signal_id": "24-0000004014",
        "nearest_audio_signal_distance_m": 21.2,
        "nearest_push_button_id": NaN,
        "nearest_push_button_distance_m": NaN,
        "data_reference_date": "2026-03-20",
        "coordinate_note": "source_columns_swapped_and_normalized"
      }
    },
    {
      "type": "Feature",
      "geometry": {
        "type": "Point",
        "coordinates": [
          126.9288496,
          37.50894151
        ]
      },
      "properties": {
        "crosswalk_id": "06-0000006021",
        "district": "동작구",
        "address": "동작구 대방동 503-2도",
        "crosswalk_type": "이단(화살표있음)",
        "has_pedestrian_light": "Y",
        "has_audio_signal": "Y",
        "has_push_button": "N",
        "is_raised_crosswalk": "N",
        "has_traffic_safety_detail": "Y",
        "accessibility_score": 5,
        "route_recommendation_tier": "recommended",
        "support_evidence": "보행등, 음향신호기, 교통안전시설 상세",
        "nearest_audio_signal_id": NaN,
        "nearest_audio_signal_distance_m": NaN,
        "nearest_push_button_id": NaN,
        "nearest_push_button_distance_m": NaN,
        "data_reference_date": "2026-03-20",
        "coordinate_note": "source_columns_swapped_and_normalized"
      }
    },
    {
      "type": "Feature",
      "geometry": {
        "type": "Point",
        "coordinates": [
          126.9289822,
          37.50884123
        ]
      },
      "properties": {
        "crosswalk_id": "06-0000006022",
        "district": "동작구",
        "address": "동작구 대방동 503-2도",
        "crosswalk_type": "이단(화살표있음)",
        "has_pedestrian_light": "Y",
        "has_audio_signal": "Y",
        "has_push_button": "N",
        "is_raised_crosswalk": "N",
        "has_traffic_safety_detail": "Y",
        "accessibility_score": 5,
        "route_recommendation_tier": "recommended",
        "support_evidence": "보행등, 음향신호기, 교통안전시설 상세",
        "nearest_audio_signal_id": NaN,
        "nearest_audio_signal_distance_m": NaN,
        "nearest_push_button_id": NaN,
        "nearest_push_button_distance_m": NaN,
        "data_reference_date": "2026-03-20",
        "coordinate_note": "source_columns_swapped_and_normalized"
      }
    },
    {
      "type": "Feature",
      "geometry": {
        "type": "Point",
        "coordinates": [
          126.9254427,
          37.4988476
        ]
      },
      "properties": {
        "crosswalk_id": "06-0000006085",
        "district": "동작구",
        "address": "동작구 대방동 408-2천",
        "crosswalk_type": "일단(화살표없음)",
        "has_pedestrian_light": "Y",
        "has_audio_signal": "Y",
        "has_push_button": "N",
        "is_raised_crosswalk": "N",
        "has_traffic_safety_detail": "Y",
        "accessibility_score": 5,
        "route_recommendation_tier": "recommended",
        "support_evidence": "보행등, 음향신호기, 교통안전시설 상세",
        "nearest_audio_signal_id": NaN,
        "nearest_audio_signal_distance_m": NaN,
        "nearest_push_button_id": NaN,
        "nearest_push_button_distance_m": NaN,
        "data_reference_date": "2026-03-20",
        "coordinate_note": "source_columns_swapped_and_normalized"
      }
    },
    {
      "type": "Feature",
      "geometry": {
        "type": "Point",
        "coordinates": [
          126.9265241,
          37.49917078
        ]
      },
      "properties": {
        "crosswalk_id": "06-0000006086",
        "district": "동작구",
        "address": "동작구 대방동 408-2천",
        "crosswalk_type": "일단(화살표없음)",
        "has_pedestrian_light": "Y",
        "has_audio_signal": "Y",
        "has_push_button": "N",
        "is_raised_crosswalk": "N",
        "has_traffic_safety_detail": "Y",
        "accessibility_score": 5,
        "route_recommendation_tier": "recommended",
        "support_evidence": "보행등, 음향신호기, 교통안전시설 상세",
        "nearest_audio_signal_id": NaN,
        "nearest_audio_signal_distance_m": NaN,
        "nearest_push_button_id": NaN,
        "nearest_push_button_distance_m": NaN,
        "data_reference_date": "2026-03-20",
        "coordinate_note": "source_columns_swapped_and_normalized"
      }
    },
    {
      "type": "Feature",
      "geometry": {
        "type": "Point",
        "coordinates": [
          126.9266304,
          37.49924238
        ]
      },
      "properties": {
        "crosswalk_id": "06-0000006087",
        "district": "동작구",
        "address": "동작구 대방동 408-2천",
        "crosswalk_type": "일단(화살표있음)",
        "has_pedestrian_light": "Y",
        "has_audio_signal": "Y",
        "has_push_button": "N",
        "is_raised_crosswalk": "N",
        "has_traffic_safety_detail": "Y",
        "accessibility_score": 5,
        "route_recommendation_tier": "recommended",
        "support_evidence": "보행등, 음향신호기, 교통안전시설 상세",
        "nearest_audio_signal_id": NaN,
        "nearest_audio_signal_distance_m": NaN,
        "nearest_push_button_id": NaN,
        "nearest_push_button_distance_m": NaN,
        "data_reference_date": "2026-03-20",
        "coordinate_note": "source_columns_swapped_and_normalized"
      }
    },
    {
      "type": "Feature",
      "geometry": {
        "type": "Point",
        "coordinates": [
          126.9240765,
          37.49969099
        ]
      },
      "properties": {
        "crosswalk_id": "06-0000006089",
        "district": "동작구",
        "address": "동작구 대방동 466-60도",
        "crosswalk_type": "일단(화살표없음)",
        "has_pedestrian_light": "Y",
        "has_audio_signal": "Y",
        "has_push_button": "N",
        "is_raised_crosswalk": "N",
        "has_traffic_safety_detail": "Y",
        "accessibility_score": 5,
        "route_recommendation_tier": "recommended",
        "support_evidence": "보행등, 음향신호기, 교통안전시설 상세",
        "nearest_audio_signal_id": "24-0000002470",
        "nearest_audio_signal_distance_m": 17.9,
        "nearest_push_button_id": NaN,
        "nearest_push_button_distance_m": NaN,
        "data_reference_date": "2026-03-20",
        "coordinate_note": "source_columns_swapped_and_normalized"
      }
    },
    {
      "type": "Feature",
      "geometry": {
        "type": "Point",
        "coordinates": [
          126.9239452,
          37.49979172
        ]
      },
      "properties": {
        "crosswalk_id": "06-0000006090",
        "district": "동작구",
        "address": "동작구 대방동 466-60도",
        "crosswalk_type": "이단(화살표있음)",
        "has_pedestrian_light": "Y",
        "has_audio_signal": "Y",
        "has_push_button": "N",
        "is_raised_crosswalk": "N",
        "has_traffic_safety_detail": "Y",
        "accessibility_score": 5,
        "route_recommendation_tier": "recommended",
        "support_evidence": "보행등, 음향신호기, 교통안전시설 상세",
        "nearest_audio_signal_id": "24-0000002470",
        "nearest_audio_signal_distance_m": 4.8,
        "nearest_push_button_id": NaN,
        "nearest_push_button_distance_m": NaN,
        "data_reference_date": "2026-03-20",
        "coordinate_note": "source_columns_swapped_and_normalized"
      }
    },
    {
      "type": "Feature",
      "geometry": {
        "type": "Point",
        "coordinates": [
          126.9254291,
          37.49975968
        ]
      },
      "properties": {
        "crosswalk_id": "06-0000006093",
        "district": "동작구",
        "address": "동작구 대방동 466-60도",
        "crosswalk_type": "이단(화살표있음)",
        "has_pedestrian_light": "Y",
        "has_audio_signal": "Y",
        "has_push_button": "N",
        "is_raised_crosswalk": "N",
        "has_traffic_safety_detail": "Y",
        "accessibility_score": 5,
        "route_recommendation_tier": "recommended",
        "support_evidence": "보행등, 음향신호기, 교통안전시설 상세",
        "nearest_audio_signal_id": "24-0000011924",
        "nearest_audio_signal_distance_m": 7.9,
        "nearest_push_button_id": NaN,
        "nearest_push_button_distance_m": NaN,
        "data_reference_date": "2026-03-20",
        "coordinate_note": "source_columns_swapped_and_normalized"
      }
    },
    {
      "type": "Feature",
      "geometry": {
        "type": "Point",
        "coordinates": [
          126.9241806,
          37.50904009
        ]
      },
      "properties": {
        "crosswalk_id": "06-0000006128",
        "district": "동작구",
        "address": "동작구 대방동 503-2도",
        "crosswalk_type": "이단(화살표있음)",
        "has_pedestrian_light": "Y",
        "has_audio_signal": "Y",
        "has_push_button": "N",
        "is_raised_crosswalk": "N",
        "has_traffic_safety_detail": "Y",
        "accessibility_score": 5,
        "route_recommendation_tier": "recommended",
        "support_evidence": "보행등, 음향신호기, 교통안전시설 상세",
        "nearest_audio_signal_id": NaN,
        "nearest_audio_signal_distance_m": NaN,
        "nearest_push_button_id": NaN,
        "nearest_push_button_distance_m": NaN,
        "data_reference_date": "2026-03-20",
        "coordinate_note": "source_columns_swapped_and_normalized"
      }
    },
    {
      "type": "Feature",
      "geometry": {
        "type": "Point",
        "coordinates": [
          126.9346448,
          37.50212729
        ]
      },
      "properties": {
        "crosswalk_id": "06-0000006143",
        "district": "동작구",
        "address": "동작구 상도동 187-2도",
        "crosswalk_type": "이단(화살표있음)",
        "has_pedestrian_light": "Y",
        "has_audio_signal": "Y",
        "has_push_button": "N",
        "is_raised_crosswalk": "N",
        "has_traffic_safety_detail": "Y",
        "accessibility_score": 5,
        "route_recommendation_tier": "recommended",
        "support_evidence": "보행등, 음향신호기, 교통안전시설 상세",
        "nearest_audio_signal_id": "24-0000002390",
        "nearest_audio_signal_distance_m": 7.4,
        "nearest_push_button_id": NaN,
        "nearest_push_button_distance_m": NaN,
        "data_reference_date": "2026-03-20",
        "coordinate_note": "source_columns_swapped_and_normalized"
      }
    },
    {
      "type": "Feature",
      "geometry": {
        "type": "Point",
        "coordinates": [
          126.9460336,
          37.50482718
        ]
      },
      "properties": {
        "crosswalk_id": "06-0000006155",
        "district": "동작구",
        "address": "동작구 상도동 26-20도",
        "crosswalk_type": "이단(화살표있음)",
        "has_pedestrian_light": "Y",
        "has_audio_signal": "Y",
        "has_push_button": "N",
        "is_raised_crosswalk": "N",
        "has_traffic_safety_detail": "Y",
        "accessibility_score": 5,
        "route_recommendation_tier": "recommended",
        "support_evidence": "보행등, 음향신호기, 교통안전시설 상세",
        "nearest_audio_signal_id": "24-0000014300",
        "nearest_audio_signal_distance_m": 3.7,
        "nearest_push_button_id": NaN,
        "nearest_push_button_distance_m": NaN,
        "data_reference_date": "2026-03-20",
        "coordinate_note": "source_columns_swapped_and_normalized"
      }
    },
    {
      "type": "Feature",
      "geometry": {
        "type": "Point",
        "coordinates": [
          126.9461383,
          37.50465165
        ]
      },
      "properties": {
        "crosswalk_id": "06-0000006158",
        "district": "동작구",
        "address": "동작구 상도동 26-20도",
        "crosswalk_type": "이단(화살표있음)",
        "has_pedestrian_light": "Y",
        "has_audio_signal": "Y",
        "has_push_button": "N",
        "is_raised_crosswalk": "N",
        "has_traffic_safety_detail": "Y",
        "accessibility_score": 5,
        "route_recommendation_tier": "recommended",
        "support_evidence": "보행등, 음향신호기, 교통안전시설 상세",
        "nearest_audio_signal_id": "24-0000014300",
        "nearest_audio_signal_distance_m": 18.3,
        "nearest_push_button_id": NaN,
        "nearest_push_button_distance_m": NaN,
        "data_reference_date": "2026-03-20",
        "coordinate_note": "source_columns_swapped_and_normalized"
      }
    },
    {
      "type": "Feature",
      "geometry": {
        "type": "Point",
        "coordinates": [
          126.9475391,
          37.50339371
        ]
      },
      "properties": {
        "crosswalk_id": "06-0000006163",
        "district": "동작구",
        "address": "동작구 상도1동 676-3도",
        "crosswalk_type": "이단(화살표있음)",
        "has_pedestrian_light": "Y",
        "has_audio_signal": "Y",
        "has_push_button": "N",
        "is_raised_crosswalk": "N",
        "has_traffic_safety_detail": "Y",
        "accessibility_score": 5,
        "route_recommendation_tier": "recommended",
        "support_evidence": "보행등, 음향신호기, 교통안전시설 상세",
        "nearest_audio_signal_id": "24-0000002395",
        "nearest_audio_signal_distance_m": 8.5,
        "nearest_push_button_id": NaN,
        "nearest_push_button_distance_m": NaN,
        "data_reference_date": "2026-03-20",
        "coordinate_note": "source_columns_swapped_and_normalized"
      }
    },
    {
      "type": "Feature",
      "geometry": {
        "type": "Point",
        "coordinates": [
          126.947443,
          37.50298994
        ]
      },
      "properties": {
        "crosswalk_id": "06-0000006166",
        "district": "동작구",
        "address": "동작구 상도1동 747-2도",
        "crosswalk_type": "이단(화살표있음)",
        "has_pedestrian_light": "Y",
        "has_audio_signal": "Y",
        "has_push_button": "N",
        "is_raised_crosswalk": "N",
        "has_traffic_safety_detail": "Y",
        "accessibility_score": 5,
        "route_recommendation_tier": "recommended",
        "support_evidence": "보행등, 음향신호기, 교통안전시설 상세",
        "nearest_audio_signal_id": "24-0000002394",
        "nearest_audio_signal_distance_m": 8.5,
        "nearest_push_button_id": NaN,
        "nearest_push_button_distance_m": NaN,
        "data_reference_date": "2026-03-20",
        "coordinate_note": "source_columns_swapped_and_normalized"
      }
    },
    {
      "type": "Feature",
      "geometry": {
        "type": "Point",
        "coordinates": [
          126.9107374,
          37.49413598
        ]
      },
      "properties": {
        "crosswalk_id": "06-0000006194",
        "district": "동작구",
        "address": "동작구 신대방동 551-8도",
        "crosswalk_type": "이단(화살표있음)",
        "has_pedestrian_light": "Y",
        "has_audio_signal": "Y",
        "has_push_button": "N",
        "is_raised_crosswalk": "N",
        "has_traffic_safety_detail": "Y",
        "accessibility_score": 5,
        "route_recommendation_tier": "recommended",
        "support_evidence": "보행등, 음향신호기, 교통안전시설 상세",
        "nearest_audio_signal_id": "24-0000006257",
        "nearest_audio_signal_distance_m": 14.2,
        "nearest_push_button_id": NaN,
        "nearest_push_button_distance_m": NaN,
        "data_reference_date": "2026-03-20",
        "coordinate_note": "source_columns_swapped_and_normalized"
      }
    },
    {
      "type": "Feature",
      "geometry": {
        "type": "Point",
        "coordinates": [
          126.954191,
          37.49562051
        ]
      },
      "properties": {
        "crosswalk_id": "06-0000006271",
        "district": "동작구",
        "address": "동작구 상도1동 514 도",
        "crosswalk_type": "이단(화살표있음)",
        "has_pedestrian_light": "Y",
        "has_audio_signal": "Y",
        "has_push_button": "N",
        "is_raised_crosswalk": "N",
        "has_traffic_safety_detail": "Y",
        "accessibility_score": 5,
        "route_recommendation_tier": "recommended",
        "support_evidence": "보행등, 음향신호기, 교통안전시설 상세",
        "nearest_audio_signal_id": "24-0000004159",
        "nearest_audio_signal_distance_m": 13.7,
        "nearest_push_button_id": NaN,
        "nearest_push_button_distance_m": NaN,
        "data_reference_date": "2026-03-20",
        "coordinate_note": "source_columns_swapped_and_normalized"
      }
    },
    {
      "type": "Feature",
      "geometry": {
        "type": "Point",
        "coordinates": [
          126.9545781,
          37.49557835
        ]
      },
      "properties": {
        "crosswalk_id": "06-0000006272",
        "district": "동작구",
        "address": "동작구 상도1동 514 도",
        "crosswalk_type": "이단(화살표있음)",
        "has_pedestrian_light": "Y",
        "has_audio_signal": "Y",
        "has_push_button": "N",
        "is_raised_crosswalk": "N",
        "has_traffic_safety_detail": "Y",
        "accessibility_score": 5,
        "route_recommendation_tier": "recommended",
        "support_evidence": "보행등, 음향신호기, 교통안전시설 상세",
        "nearest_audio_signal_id": "24-0000004161",
        "nearest_audio_signal_distance_m": 6.3,
        "nearest_push_button_id": NaN,
        "nearest_push_button_distance_m": NaN,
        "data_reference_date": "2026-03-20",
        "coordinate_note": "source_columns_swapped_and_normalized"
      }
    },
    {
      "type": "Feature",
      "geometry": {
        "type": "Point",
        "coordinates": [
          126.9636745,
          37.50848437
        ]
      },
      "properties": {
        "crosswalk_id": "06-0000006356",
        "district": "동작구",
        "address": "동작구 흑석동 4 도",
        "crosswalk_type": "이단(화살표있음)",
        "has_pedestrian_light": "Y",
        "has_audio_signal": "Y",
        "has_push_button": "N",
        "is_raised_crosswalk": "N",
        "has_traffic_safety_detail": "Y",
        "accessibility_score": 5,
        "route_recommendation_tier": "recommended",
        "support_evidence": "보행등, 음향신호기, 교통안전시설 상세",
        "nearest_audio_signal_id": NaN,
        "nearest_audio_signal_distance_m": NaN,
        "nearest_push_button_id": NaN,
        "nearest_push_button_distance_m": NaN,
        "data_reference_date": "2026-03-20",
        "coordinate_note": "source_columns_swapped_and_normalized"
      }
    },
    {
      "type": "Feature",
      "geometry": {
        "type": "Point",
        "coordinates": [
          126.9631845,
          37.50940388
        ]
      },
      "properties": {
        "crosswalk_id": "06-0000006359",
        "district": "동작구",
        "address": "동작구 흑석동 114-15 도",
        "crosswalk_type": "이단(화살표있음)",
        "has_pedestrian_light": "Y",
        "has_audio_signal": "Y",
        "has_push_button": "N",
        "is_raised_crosswalk": "N",
        "has_traffic_safety_detail": "Y",
        "accessibility_score": 5,
        "route_recommendation_tier": "recommended",
        "support_evidence": "보행등, 음향신호기, 교통안전시설 상세",
        "nearest_audio_signal_id": "24-0000014289",
        "nearest_audio_signal_distance_m": 18.2,
        "nearest_push_button_id": NaN,
        "nearest_push_button_distance_m": NaN,
        "data_reference_date": "2026-03-20",
        "coordinate_note": "source_columns_swapped_and_normalized"
      }
    },
    {
      "type": "Feature",
      "geometry": {
        "type": "Point",
        "coordinates": [
          126.96317,
          37.5096476
        ]
      },
      "properties": {
        "crosswalk_id": "06-0000006360",
        "district": "동작구",
        "address": "동작구 흑석동 116-13체",
        "crosswalk_type": "일단(화살표없음)",
        "has_pedestrian_light": "N",
        "has_audio_signal": "Y",
        "has_push_button": "N",
        "is_raised_crosswalk": "Y",
        "has_traffic_safety_detail": "Y",
        "accessibility_score": 5,
        "route_recommendation_tier": "recommended",
        "support_evidence": "음향신호기, 고원식횡단보도, 교통안전시설 상세",
        "nearest_audio_signal_id": "24-0000014290",
        "nearest_audio_signal_distance_m": 8.0,
        "nearest_push_button_id": NaN,
        "nearest_push_button_distance_m": NaN,
        "data_reference_date": "2026-03-20",
        "coordinate_note": "source_columns_swapped_and_normalized"
      }
    },
    {
      "type": "Feature",
      "geometry": {
        "type": "Point",
        "coordinates": [
          126.9281528,
          37.49979725
        ]
      },
      "properties": {
        "crosswalk_id": "06-0000006441",
        "district": "동작구",
        "address": "동작구 대방동 406-10도",
        "crosswalk_type": "일단(화살표없음)",
        "has_pedestrian_light": "Y",
        "has_audio_signal": "Y",
        "has_push_button": "N",
        "is_raised_crosswalk": "N",
        "has_traffic_safety_detail": "Y",
        "accessibility_score": 5,
        "route_recommendation_tier": "recommended",
        "support_evidence": "보행등, 음향신호기, 교통안전시설 상세",
        "nearest_audio_signal_id": NaN,
        "nearest_audio_signal_distance_m": NaN,
        "nearest_push_button_id": NaN,
        "nearest_push_button_distance_m": NaN,
        "data_reference_date": "2026-03-20",
        "coordinate_note": "source_columns_swapped_and_normalized"
      }
    },
    {
      "type": "Feature",
      "geometry": {
        "type": "Point",
        "coordinates": [
          126.9282205,
          37.49946786
        ]
      },
      "properties": {
        "crosswalk_id": "06-0000006442",
        "district": "동작구",
        "address": "동작구 대방동 335-52대",
        "crosswalk_type": "이단(화살표있음)",
        "has_pedestrian_light": "Y",
        "has_audio_signal": "Y",
        "has_push_button": "N",
        "is_raised_crosswalk": "N",
        "has_traffic_safety_detail": "Y",
        "accessibility_score": 5,
        "route_recommendation_tier": "recommended",
        "support_evidence": "보행등, 음향신호기, 교통안전시설 상세",
        "nearest_audio_signal_id": "24-0000002400",
        "nearest_audio_signal_distance_m": 8.4,
        "nearest_push_button_id": NaN,
        "nearest_push_button_distance_m": NaN,
        "data_reference_date": "2026-03-20",
        "coordinate_note": "source_columns_swapped_and_normalized"
      }
    },
    {
      "type": "Feature",
      "geometry": {
        "type": "Point",
        "coordinates": [
          126.9285411,
          37.49968788
        ]
      },
      "properties": {
        "crosswalk_id": "06-0000006443",
        "district": "동작구",
        "address": "동작구 대방동 406-10도",
        "crosswalk_type": "이단(화살표있음)",
        "has_pedestrian_light": "Y",
        "has_audio_signal": "Y",
        "has_push_button": "N",
        "is_raised_crosswalk": "N",
        "has_traffic_safety_detail": "Y",
        "accessibility_score": 5,
        "route_recommendation_tier": "recommended",
        "support_evidence": "보행등, 음향신호기, 교통안전시설 상세",
        "nearest_audio_signal_id": "24-0000002402",
        "nearest_audio_signal_distance_m": 5.0,
        "nearest_push_button_id": NaN,
        "nearest_push_button_distance_m": NaN,
        "data_reference_date": "2026-03-20",
        "coordinate_note": "source_columns_swapped_and_normalized"
      }
    },
    {
      "type": "Feature",
      "geometry": {
        "type": "Point",
        "coordinates": [
          126.9279881,
          37.49847861
        ]
      },
      "properties": {
        "crosswalk_id": "06-0000006448",
        "district": "동작구",
        "address": "동작구 신대방동 345-6도",
        "crosswalk_type": "일단(화살표없음)",
        "has_pedestrian_light": "Y",
        "has_audio_signal": "Y",
        "has_push_button": "N",
        "is_raised_crosswalk": "N",
        "has_traffic_safety_detail": "Y",
        "accessibility_score": 5,
        "route_recommendation_tier": "recommended",
        "support_evidence": "보행등, 음향신호기, 교통안전시설 상세",
        "nearest_audio_signal_id": "24-0000011401",
        "nearest_audio_signal_distance_m": 7.0,
        "nearest_push_button_id": NaN,
        "nearest_push_button_distance_m": NaN,
        "data_reference_date": "2026-03-20",
        "coordinate_note": "source_columns_swapped_and_normalized"
      }
    },
    {
      "type": "Feature",
      "geometry": {
        "type": "Point",
        "coordinates": [
          126.928122,
          37.49833066
        ]
      },
      "properties": {
        "crosswalk_id": "06-0000006449",
        "district": "동작구",
        "address": "동작구 신대방동 345-6도",
        "crosswalk_type": "이단(화살표있음)",
        "has_pedestrian_light": "Y",
        "has_audio_signal": "Y",
        "has_push_button": "N",
        "is_raised_crosswalk": "N",
        "has_traffic_safety_detail": "Y",
        "accessibility_score": 5,
        "route_recommendation_tier": "recommended",
        "support_evidence": "보행등, 음향신호기, 교통안전시설 상세",
        "nearest_audio_signal_id": "24-0000000705",
        "nearest_audio_signal_distance_m": 11.3,
        "nearest_push_button_id": NaN,
        "nearest_push_button_distance_m": NaN,
        "data_reference_date": "2026-03-20",
        "coordinate_note": "source_columns_swapped_and_normalized"
      }
    },
    {
      "type": "Feature",
      "geometry": {
        "type": "Point",
        "coordinates": [
          126.9305368,
          37.49973828
        ]
      },
      "properties": {
        "crosswalk_id": "06-0000006452",
        "district": "동작구",
        "address": "동작구 상도동 326도",
        "crosswalk_type": "이단(화살표있음)",
        "has_pedestrian_light": "Y",
        "has_audio_signal": "Y",
        "has_push_button": "N",
        "is_raised_crosswalk": "N",
        "has_traffic_safety_detail": "Y",
        "accessibility_score": 5,
        "route_recommendation_tier": "recommended",
        "support_evidence": "보행등, 음향신호기, 교통안전시설 상세",
        "nearest_audio_signal_id": NaN,
        "nearest_audio_signal_distance_m": NaN,
        "nearest_push_button_id": NaN,
        "nearest_push_button_distance_m": NaN,
        "data_reference_date": "2026-03-20",
        "coordinate_note": "source_columns_swapped_and_normalized"
      }
    },
    {
      "type": "Feature",
      "geometry": {
        "type": "Point",
        "coordinates": [
          126.9317904,
          37.50035127
        ]
      },
      "properties": {
        "crosswalk_id": "06-0000006453",
        "district": "동작구",
        "address": "동작구 상도동 345-12도",
        "crosswalk_type": "이단(화살표있음)",
        "has_pedestrian_light": "Y",
        "has_audio_signal": "Y",
        "has_push_button": "N",
        "is_raised_crosswalk": "N",
        "has_traffic_safety_detail": "Y",
        "accessibility_score": 5,
        "route_recommendation_tier": "recommended",
        "support_evidence": "보행등, 음향신호기, 교통안전시설 상세",
        "nearest_audio_signal_id": "24-0000014306",
        "nearest_audio_signal_distance_m": 6.8,
        "nearest_push_button_id": NaN,
        "nearest_push_button_distance_m": NaN,
        "data_reference_date": "2026-03-20",
        "coordinate_note": "source_columns_swapped_and_normalized"
      }
    },
    {
      "type": "Feature",
      "geometry": {
        "type": "Point",
        "coordinates": [
          126.9320289,
          37.50034495
        ]
      },
      "properties": {
        "crosswalk_id": "06-0000006454",
        "district": "동작구",
        "address": "동작구 상도동 345-12도",
        "crosswalk_type": "이단(화살표있음)",
        "has_pedestrian_light": "Y",
        "has_audio_signal": "Y",
        "has_push_button": "N",
        "is_raised_crosswalk": "N",
        "has_traffic_safety_detail": "Y",
        "accessibility_score": 5,
        "route_recommendation_tier": "recommended",
        "support_evidence": "보행등, 음향신호기, 교통안전시설 상세",
        "nearest_audio_signal_id": "24-0000014306",
        "nearest_audio_signal_distance_m": 14.7,
        "nearest_push_button_id": NaN,
        "nearest_push_button_distance_m": NaN,
        "data_reference_date": "2026-03-20",
        "coordinate_note": "source_columns_swapped_and_normalized"
      }
    },
    {
      "type": "Feature",
      "geometry": {
        "type": "Point",
        "coordinates": [
          126.9564971,
          37.51322837
        ]
      },
      "properties": {
        "crosswalk_id": "06-0000006497",
        "district": "동작구",
        "address": "동작구 본동 46도",
        "crosswalk_type": "이단(화살표있음)",
        "has_pedestrian_light": "Y",
        "has_audio_signal": "Y",
        "has_push_button": "N",
        "is_raised_crosswalk": "N",
        "has_traffic_safety_detail": "Y",
        "accessibility_score": 5,
        "route_recommendation_tier": "recommended",
        "support_evidence": "보행등, 음향신호기, 교통안전시설 상세",
        "nearest_audio_signal_id": "24-0000014291",
        "nearest_audio_signal_distance_m": 0.4,
        "nearest_push_button_id": NaN,
        "nearest_push_button_distance_m": NaN,
        "data_reference_date": "2026-03-20",
        "coordinate_note": "source_columns_swapped_and_normalized"
      }
    },
    {
      "type": "Feature",
      "geometry": {
        "type": "Point",
        "coordinates": [
          126.9558571,
          37.5138365
        ]
      },
      "properties": {
        "crosswalk_id": "06-0000006499",
        "district": "동작구",
        "address": "동작구 본동 475-1도",
        "crosswalk_type": "이단(화살표없음)",
        "has_pedestrian_light": "Y",
        "has_audio_signal": "Y",
        "has_push_button": "N",
        "is_raised_crosswalk": "N",
        "has_traffic_safety_detail": "Y",
        "accessibility_score": 5,
        "route_recommendation_tier": "recommended",
        "support_evidence": "보행등, 음향신호기, 교통안전시설 상세",
        "nearest_audio_signal_id": "24-0000011957",
        "nearest_audio_signal_distance_m": 2.9,
        "nearest_push_button_id": NaN,
        "nearest_push_button_distance_m": NaN,
        "data_reference_date": "2026-03-20",
        "coordinate_note": "source_columns_swapped_and_normalized"
      }
    },
    {
      "type": "Feature",
      "geometry": {
        "type": "Point",
        "coordinates": [
          126.9389853,
          37.50479786
        ]
      },
      "properties": {
        "crosswalk_id": "06-0000006506",
        "district": "동작구",
        "address": "동작구 상도동 26-20도",
        "crosswalk_type": "이단(화살표있음)",
        "has_pedestrian_light": "Y",
        "has_audio_signal": "Y",
        "has_push_button": "N",
        "is_raised_crosswalk": "N",
        "has_traffic_safety_detail": "Y",
        "accessibility_score": 5,
        "route_recommendation_tier": "recommended",
        "support_evidence": "보행등, 음향신호기, 교통안전시설 상세",
        "nearest_audio_signal_id": "24-0000014302",
        "nearest_audio_signal_distance_m": 11.0,
        "nearest_push_button_id": NaN,
        "nearest_push_button_distance_m": NaN,
        "data_reference_date": "2026-03-20",
        "coordinate_note": "source_columns_swapped_and_normalized"
      }
    },
    {
      "type": "Feature",
      "geometry": {
        "type": "Point",
        "coordinates": [
          126.9392644,
          37.50469337
        ]
      },
      "properties": {
        "crosswalk_id": "06-0000006510",
        "district": "동작구",
        "address": "동작구 상도동 26-20도",
        "crosswalk_type": "일단(화살표있음)",
        "has_pedestrian_light": "Y",
        "has_audio_signal": "Y",
        "has_push_button": "N",
        "is_raised_crosswalk": "N",
        "has_traffic_safety_detail": "Y",
        "accessibility_score": 5,
        "route_recommendation_tier": "recommended",
        "support_evidence": "보행등, 음향신호기, 교통안전시설 상세",
        "nearest_audio_signal_id": "24-0000011414",
        "nearest_audio_signal_distance_m": 8.1,
        "nearest_push_button_id": NaN,
        "nearest_push_button_distance_m": NaN,
        "data_reference_date": "2026-03-20",
        "coordinate_note": "source_columns_swapped_and_normalized"
      }
    },
    {
      "type": "Feature",
      "geometry": {
        "type": "Point",
        "coordinates": [
          126.9396352,
          37.50502922
        ]
      },
      "properties": {
        "crosswalk_id": "06-0000006512",
        "district": "동작구",
        "address": "동작구 상도동 26-20도",
        "crosswalk_type": "이단(화살표있음)",
        "has_pedestrian_light": "Y",
        "has_audio_signal": "Y",
        "has_push_button": "N",
        "is_raised_crosswalk": "N",
        "has_traffic_safety_detail": "Y",
        "accessibility_score": 5,
        "route_recommendation_tier": "recommended",
        "support_evidence": "보행등, 음향신호기, 교통안전시설 상세",
        "nearest_audio_signal_id": "24-0000011413",
        "nearest_audio_signal_distance_m": 10.7,
        "nearest_push_button_id": NaN,
        "nearest_push_button_distance_m": NaN,
        "data_reference_date": "2026-03-20",
        "coordinate_note": "source_columns_swapped_and_normalized"
      }
    },
    {
      "type": "Feature",
      "geometry": {
        "type": "Point",
        "coordinates": [
          126.9414482,
          37.50527589
        ]
      },
      "properties": {
        "crosswalk_id": "06-0000006517",
        "district": "동작구",
        "address": "동작구 상도동 산15-40 도",
        "crosswalk_type": "이단(화살표있음)",
        "has_pedestrian_light": "Y",
        "has_audio_signal": "Y",
        "has_push_button": "N",
        "is_raised_crosswalk": "N",
        "has_traffic_safety_detail": "Y",
        "accessibility_score": 5,
        "route_recommendation_tier": "recommended",
        "support_evidence": "보행등, 음향신호기, 교통안전시설 상세",
        "nearest_audio_signal_id": "24-0000011416",
        "nearest_audio_signal_distance_m": 11.1,
        "nearest_push_button_id": NaN,
        "nearest_push_button_distance_m": NaN,
        "data_reference_date": "2026-03-20",
        "coordinate_note": "source_columns_swapped_and_normalized"
      }
    },
    {
      "type": "Feature",
      "geometry": {
        "type": "Point",
        "coordinates": [
          126.9521512,
          37.51250671
        ]
      },
      "properties": {
        "crosswalk_id": "06-0000006535",
        "district": "동작구",
        "address": "동작구 본동 165-1도",
        "crosswalk_type": "일단(화살표없음)",
        "has_pedestrian_light": "Y",
        "has_audio_signal": "Y",
        "has_push_button": "N",
        "is_raised_crosswalk": "N",
        "has_traffic_safety_detail": "Y",
        "accessibility_score": 5,
        "route_recommendation_tier": "recommended",
        "support_evidence": "보행등, 음향신호기, 교통안전시설 상세",
        "nearest_audio_signal_id": "24-0000009454",
        "nearest_audio_signal_distance_m": 8.5,
        "nearest_push_button_id": NaN,
        "nearest_push_button_distance_m": NaN,
        "data_reference_date": "2026-03-20",
        "coordinate_note": "source_columns_swapped_and_normalized"
      }
    },
    {
      "type": "Feature",
      "geometry": {
        "type": "Point",
        "coordinates": [
          126.9514628,
          37.50857949
        ]
      },
      "properties": {
        "crosswalk_id": "06-0000006541",
        "district": "동작구",
        "address": "동작구 본동 457-283도",
        "crosswalk_type": "일단(화살표있음)",
        "has_pedestrian_light": "Y",
        "has_audio_signal": "Y",
        "has_push_button": "N",
        "is_raised_crosswalk": "N",
        "has_traffic_safety_detail": "Y",
        "accessibility_score": 5,
        "route_recommendation_tier": "recommended",
        "support_evidence": "보행등, 음향신호기, 교통안전시설 상세",
        "nearest_audio_signal_id": NaN,
        "nearest_audio_signal_distance_m": NaN,
        "nearest_push_button_id": NaN,
        "nearest_push_button_distance_m": NaN,
        "data_reference_date": "2026-03-20",
        "coordinate_note": "source_columns_swapped_and_normalized"
      }
    },
    {
      "type": "Feature",
      "geometry": {
        "type": "Point",
        "coordinates": [
          126.937761,
          37.50406935
        ]
      },
      "properties": {
        "crosswalk_id": "06-0000006568",
        "district": "동작구",
        "address": "동작구 상도동 26-20도",
        "crosswalk_type": "이단(화살표있음)",
        "has_pedestrian_light": "Y",
        "has_audio_signal": "Y",
        "has_push_button": "N",
        "is_raised_crosswalk": "N",
        "has_traffic_safety_detail": "Y",
        "accessibility_score": 5,
        "route_recommendation_tier": "recommended",
        "support_evidence": "보행등, 음향신호기, 교통안전시설 상세",
        "nearest_audio_signal_id": "24-0000003443",
        "nearest_audio_signal_distance_m": 9.2,
        "nearest_push_button_id": NaN,
        "nearest_push_button_distance_m": NaN,
        "data_reference_date": "2026-03-20",
        "coordinate_note": "source_columns_swapped_and_normalized"
      }
    },
    {
      "type": "Feature",
      "geometry": {
        "type": "Point",
        "coordinates": [
          126.9378087,
          37.50430266
        ]
      },
      "properties": {
        "crosswalk_id": "06-0000006569",
        "district": "동작구",
        "address": "동작구 상도동 365-19 도",
        "crosswalk_type": "이단(화살표있음)",
        "has_pedestrian_light": "Y",
        "has_audio_signal": "Y",
        "has_push_button": "N",
        "is_raised_crosswalk": "N",
        "has_traffic_safety_detail": "Y",
        "accessibility_score": 5,
        "route_recommendation_tier": "recommended",
        "support_evidence": "보행등, 음향신호기, 교통안전시설 상세",
        "nearest_audio_signal_id": "24-0000002404",
        "nearest_audio_signal_distance_m": 3.4,
        "nearest_push_button_id": NaN,
        "nearest_push_button_distance_m": NaN,
        "data_reference_date": "2026-03-20",
        "coordinate_note": "source_columns_swapped_and_normalized"
      }
    },
    {
      "type": "Feature",
      "geometry": {
        "type": "Point",
        "coordinates": [
          126.9441271,
          37.49913147
        ]
      },
      "properties": {
        "crosswalk_id": "06-0000006583",
        "district": "동작구",
        "address": "동작구 상도동 210-352도",
        "crosswalk_type": "이단(화살표있음)",
        "has_pedestrian_light": "Y",
        "has_audio_signal": "Y",
        "has_push_button": "N",
        "is_raised_crosswalk": "N",
        "has_traffic_safety_detail": "Y",
        "accessibility_score": 5,
        "route_recommendation_tier": "recommended",
        "support_evidence": "보행등, 음향신호기, 교통안전시설 상세",
        "nearest_audio_signal_id": "24-0000006432",
        "nearest_audio_signal_distance_m": 21.5,
        "nearest_push_button_id": NaN,
        "nearest_push_button_distance_m": NaN,
        "data_reference_date": "2026-03-20",
        "coordinate_note": "source_columns_swapped_and_normalized"
      }
    },
    {
      "type": "Feature",
      "geometry": {
        "type": "Point",
        "coordinates": [
          126.9439449,
          37.49890736
        ]
      },
      "properties": {
        "crosswalk_id": "06-0000006584",
        "district": "동작구",
        "address": "동작구 상도동 208-4도",
        "crosswalk_type": "이단(화살표있음)",
        "has_pedestrian_light": "Y",
        "has_audio_signal": "Y",
        "has_push_button": "N",
        "is_raised_crosswalk": "N",
        "has_traffic_safety_detail": "Y",
        "accessibility_score": 5,
        "route_recommendation_tier": "recommended",
        "support_evidence": "보행등, 음향신호기, 교통안전시설 상세",
        "nearest_audio_signal_id": NaN,
        "nearest_audio_signal_distance_m": NaN,
        "nearest_push_button_id": NaN,
        "nearest_push_button_distance_m": NaN,
        "data_reference_date": "2026-03-20",
        "coordinate_note": "source_columns_swapped_and_normalized"
      }
    },
    {
      "type": "Feature",
      "geometry": {
        "type": "Point",
        "coordinates": [
          126.9438534,
          37.49912691
        ]
      },
      "properties": {
        "crosswalk_id": "06-0000006587",
        "district": "동작구",
        "address": "동작구 상도동 208-4도",
        "crosswalk_type": "이단(화살표있음)",
        "has_pedestrian_light": "Y",
        "has_audio_signal": "Y",
        "has_push_button": "N",
        "is_raised_crosswalk": "N",
        "has_traffic_safety_detail": "Y",
        "accessibility_score": 5,
        "route_recommendation_tier": "recommended",
        "support_evidence": "보행등, 음향신호기, 교통안전시설 상세",
        "nearest_audio_signal_id": NaN,
        "nearest_audio_signal_distance_m": NaN,
        "nearest_push_button_id": NaN,
        "nearest_push_button_distance_m": NaN,
        "data_reference_date": "2026-03-20",
        "coordinate_note": "source_columns_swapped_and_normalized"
      }
    },
    {
      "type": "Feature",
      "geometry": {
        "type": "Point",
        "coordinates": [
          126.9416339,
          37.50516654
        ]
      },
      "properties": {
        "crosswalk_id": "06-0000006688",
        "district": "동작구",
        "address": "동작구 상도동 26-20도",
        "crosswalk_type": "이단(화살표있음)",
        "has_pedestrian_light": "Y",
        "has_audio_signal": "Y",
        "has_push_button": "N",
        "is_raised_crosswalk": "N",
        "has_traffic_safety_detail": "Y",
        "accessibility_score": 5,
        "route_recommendation_tier": "recommended",
        "support_evidence": "보행등, 음향신호기, 교통안전시설 상세",
        "nearest_audio_signal_id": "24-0000011419",
        "nearest_audio_signal_distance_m": 8.0,
        "nearest_push_button_id": NaN,
        "nearest_push_button_distance_m": NaN,
        "data_reference_date": "2026-03-20",
        "coordinate_note": "source_columns_swapped_and_normalized"
      }
    },
    {
      "type": "Feature",
      "geometry": {
        "type": "Point",
        "coordinates": [
          126.9413607,
          37.50591001
        ]
      },
      "properties": {
        "crosswalk_id": "06-0000006692",
        "district": "동작구",
        "address": "동작구 상도동 329-3도",
        "crosswalk_type": "이단(화살표있음)",
        "has_pedestrian_light": "Y",
        "has_audio_signal": "Y",
        "has_push_button": "N",
        "is_raised_crosswalk": "N",
        "has_traffic_safety_detail": "Y",
        "accessibility_score": 5,
        "route_recommendation_tier": "recommended",
        "support_evidence": "보행등, 음향신호기, 교통안전시설 상세",
        "nearest_audio_signal_id": NaN,
        "nearest_audio_signal_distance_m": NaN,
        "nearest_push_button_id": NaN,
        "nearest_push_button_distance_m": NaN,
        "data_reference_date": "2026-03-20",
        "coordinate_note": "source_columns_swapped_and_normalized"
      }
    },
    {
      "type": "Feature",
      "geometry": {
        "type": "Point",
        "coordinates": [
          126.9628247,
          37.50949802
        ]
      },
      "properties": {
        "crosswalk_id": "06-0000006710",
        "district": "동작구",
        "address": "동작구 흑석동 130-3도",
        "crosswalk_type": "이단(화살표있음)",
        "has_pedestrian_light": "Y",
        "has_audio_signal": "Y",
        "has_push_button": "N",
        "is_raised_crosswalk": "N",
        "has_traffic_safety_detail": "Y",
        "accessibility_score": 5,
        "route_recommendation_tier": "recommended",
        "support_evidence": "보행등, 음향신호기, 교통안전시설 상세",
        "nearest_audio_signal_id": "24-0000014289",
        "nearest_audio_signal_distance_m": 15.3,
        "nearest_push_button_id": NaN,
        "nearest_push_button_distance_m": NaN,
        "data_reference_date": "2026-03-20",
        "coordinate_note": "source_columns_swapped_and_normalized"
      }
    },
    {
      "type": "Feature",
      "geometry": {
        "type": "Point",
        "coordinates": [
          126.9617606,
          37.5087625
        ]
      },
      "properties": {
        "crosswalk_id": "06-0000006713",
        "district": "동작구",
        "address": "동작구 흑석동 163-17도",
        "crosswalk_type": "일단(화살표없음)",
        "has_pedestrian_light": "Y",
        "has_audio_signal": "Y",
        "has_push_button": "N",
        "is_raised_crosswalk": "N",
        "has_traffic_safety_detail": "Y",
        "accessibility_score": 5,
        "route_recommendation_tier": "recommended",
        "support_evidence": "보행등, 음향신호기, 교통안전시설 상세",
        "nearest_audio_signal_id": NaN,
        "nearest_audio_signal_distance_m": NaN,
        "nearest_push_button_id": NaN,
        "nearest_push_button_distance_m": NaN,
        "data_reference_date": "2026-03-20",
        "coordinate_note": "source_columns_swapped_and_normalized"
      }
    },
    {
      "type": "Feature",
      "geometry": {
        "type": "Point",
        "coordinates": [
          126.9478655,
          37.50325107
        ]
      },
      "properties": {
        "crosswalk_id": "06-0000006723",
        "district": "동작구",
        "address": "동작구 상도1동 676-3도",
        "crosswalk_type": "이단(화살표있음)",
        "has_pedestrian_light": "Y",
        "has_audio_signal": "Y",
        "has_push_button": "N",
        "is_raised_crosswalk": "N",
        "has_traffic_safety_detail": "Y",
        "accessibility_score": 5,
        "route_recommendation_tier": "recommended",
        "support_evidence": "보행등, 음향신호기, 교통안전시설 상세",
        "nearest_audio_signal_id": "24-0000009477",
        "nearest_audio_signal_distance_m": 18.6,
        "nearest_push_button_id": NaN,
        "nearest_push_button_distance_m": NaN,
        "data_reference_date": "2026-03-20",
        "coordinate_note": "source_columns_swapped_and_normalized"
      }
    },
    {
      "type": "Feature",
      "geometry": {
        "type": "Point",
        "coordinates": [
          126.9480982,
          37.50312285
        ]
      },
      "properties": {
        "crosswalk_id": "06-0000006724",
        "district": "동작구",
        "address": "동작구 상도1동 676-3도",
        "crosswalk_type": "이단(화살표없음)",
        "has_pedestrian_light": "Y",
        "has_audio_signal": "Y",
        "has_push_button": "N",
        "is_raised_crosswalk": "N",
        "has_traffic_safety_detail": "Y",
        "accessibility_score": 5,
        "route_recommendation_tier": "recommended",
        "support_evidence": "보행등, 음향신호기, 교통안전시설 상세",
        "nearest_audio_signal_id": "24-0000009478",
        "nearest_audio_signal_distance_m": 10.0,
        "nearest_push_button_id": NaN,
        "nearest_push_button_distance_m": NaN,
        "data_reference_date": "2026-03-20",
        "coordinate_note": "source_columns_swapped_and_normalized"
      }
    },
    {
      "type": "Feature",
      "geometry": {
        "type": "Point",
        "coordinates": [
          126.9495521,
          37.50412996
        ]
      },
      "properties": {
        "crosswalk_id": "06-0000006725",
        "district": "동작구",
        "address": "동작구 상도1동 528-1도",
        "crosswalk_type": "이단(화살표있음)",
        "has_pedestrian_light": "Y",
        "has_audio_signal": "Y",
        "has_push_button": "N",
        "is_raised_crosswalk": "N",
        "has_traffic_safety_detail": "Y",
        "accessibility_score": 5,
        "route_recommendation_tier": "recommended",
        "support_evidence": "보행등, 음향신호기, 교통안전시설 상세",
        "nearest_audio_signal_id": "24-0000002403",
        "nearest_audio_signal_distance_m": 11.5,
        "nearest_push_button_id": NaN,
        "nearest_push_button_distance_m": NaN,
        "data_reference_date": "2026-03-20",
        "coordinate_note": "source_columns_swapped_and_normalized"
      }
    },
    {
      "type": "Feature",
      "geometry": {
        "type": "Point",
        "coordinates": [
          126.9318855,
          37.5127527
        ]
      },
      "properties": {
        "crosswalk_id": "06-0000010180",
        "district": "동작구",
        "address": "동작구 대방동 68-49구",
        "crosswalk_type": "이단(화살표있음)",
        "has_pedestrian_light": "Y",
        "has_audio_signal": "Y",
        "has_push_button": "N",
        "is_raised_crosswalk": "N",
        "has_traffic_safety_detail": "Y",
        "accessibility_score": 5,
        "route_recommendation_tier": "recommended",
        "support_evidence": "보행등, 음향신호기, 교통안전시설 상세",
        "nearest_audio_signal_id": "24-0000005387",
        "nearest_audio_signal_distance_m": 9.5,
        "nearest_push_button_id": NaN,
        "nearest_push_button_distance_m": NaN,
        "data_reference_date": "2026-03-20",
        "coordinate_note": "source_columns_swapped_and_normalized"
      }
    },
    {
      "type": "Feature",
      "geometry": {
        "type": "Point",
        "coordinates": [
          126.9556824,
          37.51353768
        ]
      },
      "properties": {
        "crosswalk_id": "06-0000010644",
        "district": "동작구",
        "address": "동작구 본동 258-49도",
        "crosswalk_type": "일단(화살표없음)",
        "has_pedestrian_light": "Y",
        "has_audio_signal": "Y",
        "has_push_button": "N",
        "is_raised_crosswalk": "N",
        "has_traffic_safety_detail": "Y",
        "accessibility_score": 5,
        "route_recommendation_tier": "recommended",
        "support_evidence": "보행등, 음향신호기, 교통안전시설 상세",
        "nearest_audio_signal_id": "24-0000011959",
        "nearest_audio_signal_distance_m": 5.6,
        "nearest_push_button_id": NaN,
        "nearest_push_button_distance_m": NaN,
        "data_reference_date": "2026-03-20",
        "coordinate_note": "source_columns_swapped_and_normalized"
      }
    },
    {
      "type": "Feature",
      "geometry": {
        "type": "Point",
        "coordinates": [
          126.9557697,
          37.51363162
        ]
      },
      "properties": {
        "crosswalk_id": "06-0000010645",
        "district": "동작구",
        "address": "동작구 본동 258-49도",
        "crosswalk_type": "일단(화살표없음)",
        "has_pedestrian_light": "Y",
        "has_audio_signal": "Y",
        "has_push_button": "N",
        "is_raised_crosswalk": "N",
        "has_traffic_safety_detail": "Y",
        "accessibility_score": 5,
        "route_recommendation_tier": "recommended",
        "support_evidence": "보행등, 음향신호기, 교통안전시설 상세",
        "nearest_audio_signal_id": "24-0000011958",
        "nearest_audio_signal_distance_m": 8.8,
        "nearest_push_button_id": NaN,
        "nearest_push_button_distance_m": NaN,
        "data_reference_date": "2026-03-20",
        "coordinate_note": "source_columns_swapped_and_normalized"
      }
    },
    {
      "type": "Feature",
      "geometry": {
        "type": "Point",
        "coordinates": [
          126.9334706,
          37.50579636
        ]
      },
      "properties": {
        "crosswalk_id": "06-0000011700",
        "district": "동작구",
        "address": "동작구 대방동 4-1도",
        "crosswalk_type": "이단(화살표있음)",
        "has_pedestrian_light": "Y",
        "has_audio_signal": "Y",
        "has_push_button": "N",
        "is_raised_crosswalk": "N",
        "has_traffic_safety_detail": "Y",
        "accessibility_score": 5,
        "route_recommendation_tier": "recommended",
        "support_evidence": "보행등, 음향신호기, 교통안전시설 상세",
        "nearest_audio_signal_id": NaN,
        "nearest_audio_signal_distance_m": NaN,
        "nearest_push_button_id": NaN,
        "nearest_push_button_distance_m": NaN,
        "data_reference_date": "2026-03-20",
        "coordinate_note": "source_columns_swapped_and_normalized"
      }
    },
    {
      "type": "Feature",
      "geometry": {
        "type": "Point",
        "coordinates": [
          126.9793208,
          37.48437989
        ]
      },
      "properties": {
        "crosswalk_id": "06-0000016829",
        "district": "동작구",
        "address": "동작구 사당동 144-4도",
        "crosswalk_type": "이단(화살표있음)",
        "has_pedestrian_light": "Y",
        "has_audio_signal": "Y",
        "has_push_button": "N",
        "is_raised_crosswalk": "N",
        "has_traffic_safety_detail": "Y",
        "accessibility_score": 5,
        "route_recommendation_tier": "recommended",
        "support_evidence": "보행등, 음향신호기, 교통안전시설 상세",
        "nearest_audio_signal_id": "24-0000014284",
        "nearest_audio_signal_distance_m": 10.3,
        "nearest_push_button_id": NaN,
        "nearest_push_button_distance_m": NaN,
        "data_reference_date": "2026-03-20",
        "coordinate_note": "source_columns_swapped_and_normalized"
      }
    },
    {
      "type": "Feature",
      "geometry": {
        "type": "Point",
        "coordinates": [
          126.9248572,
          37.49253362
        ]
      },
      "properties": {
        "crosswalk_id": "06-0000018018",
        "district": "동작구",
        "address": "동작구 신대방동 395-61도",
        "crosswalk_type": "이단(화살표있음)",
        "has_pedestrian_light": "Y",
        "has_audio_signal": "Y",
        "has_push_button": "N",
        "is_raised_crosswalk": "N",
        "has_traffic_safety_detail": "Y",
        "accessibility_score": 5,
        "route_recommendation_tier": "recommended",
        "support_evidence": "보행등, 음향신호기, 교통안전시설 상세",
        "nearest_audio_signal_id": "24-0000004998",
        "nearest_audio_signal_distance_m": 8.4,
        "nearest_push_button_id": NaN,
        "nearest_push_button_distance_m": NaN,
        "data_reference_date": "2026-03-20",
        "coordinate_note": "source_columns_swapped_and_normalized"
      }
    },
    {
      "type": "Feature",
      "geometry": {
        "type": "Point",
        "coordinates": [
          126.9247002,
          37.49272739
        ]
      },
      "properties": {
        "crosswalk_id": "06-0000018019",
        "district": "동작구",
        "address": "동작구 신대방동 395-61도",
        "crosswalk_type": "이단(화살표있음)",
        "has_pedestrian_light": "Y",
        "has_audio_signal": "Y",
        "has_push_button": "N",
        "is_raised_crosswalk": "N",
        "has_traffic_safety_detail": "Y",
        "accessibility_score": 5,
        "route_recommendation_tier": "recommended",
        "support_evidence": "보행등, 음향신호기, 교통안전시설 상세",
        "nearest_audio_signal_id": "24-0000004994",
        "nearest_audio_signal_distance_m": 7.2,
        "nearest_push_button_id": NaN,
        "nearest_push_button_distance_m": NaN,
        "data_reference_date": "2026-03-20",
        "coordinate_note": "source_columns_swapped_and_normalized"
      }
    },
    {
      "type": "Feature",
      "geometry": {
        "type": "Point",
        "coordinates": [
          126.9716793,
          37.48940189
        ]
      },
      "properties": {
        "crosswalk_id": "06-0000018315",
        "district": "동작구",
        "address": "동작구 사당동 708-820 천",
        "crosswalk_type": "이단(화살표있음)",
        "has_pedestrian_light": "Y",
        "has_audio_signal": "Y",
        "has_push_button": "N",
        "is_raised_crosswalk": "N",
        "has_traffic_safety_detail": "Y",
        "accessibility_score": 5,
        "route_recommendation_tier": "recommended",
        "support_evidence": "보행등, 음향신호기, 교통안전시설 상세",
        "nearest_audio_signal_id": NaN,
        "nearest_audio_signal_distance_m": NaN,
        "nearest_push_button_id": NaN,
        "nearest_push_button_distance_m": NaN,
        "data_reference_date": "2026-03-20",
        "coordinate_note": "source_columns_swapped_and_normalized"
      }
    },
    {
      "type": "Feature",
      "geometry": {
        "type": "Point",
        "coordinates": [
          126.9565146,
          37.49234514
        ]
      },
      "properties": {
        "crosswalk_id": "06-0000018957",
        "district": "동작구",
        "address": "동작구 상도동 124 도",
        "crosswalk_type": "이단(화살표있음)",
        "has_pedestrian_light": "Y",
        "has_audio_signal": "Y",
        "has_push_button": "N",
        "is_raised_crosswalk": "N",
        "has_traffic_safety_detail": "Y",
        "accessibility_score": 5,
        "route_recommendation_tier": "recommended",
        "support_evidence": "보행등, 음향신호기, 교통안전시설 상세",
        "nearest_audio_signal_id": "24-0000004160",
        "nearest_audio_signal_distance_m": 16.5,
        "nearest_push_button_id": NaN,
        "nearest_push_button_distance_m": NaN,
        "data_reference_date": "2026-03-20",
        "coordinate_note": "source_columns_swapped_and_normalized"
      }
    },
    {
      "type": "Feature",
      "geometry": {
        "type": "Point",
        "coordinates": [
          126.9489439,
          37.5085013
        ]
      },
      "properties": {
        "crosswalk_id": "06-0000019089",
        "district": "동작구",
        "address": "동작구 노량진동 324-2도",
        "crosswalk_type": "일단(화살표없음)",
        "has_pedestrian_light": "Y",
        "has_audio_signal": "Y",
        "has_push_button": "N",
        "is_raised_crosswalk": "N",
        "has_traffic_safety_detail": "Y",
        "accessibility_score": 5,
        "route_recommendation_tier": "recommended",
        "support_evidence": "보행등, 음향신호기, 교통안전시설 상세",
        "nearest_audio_signal_id": NaN,
        "nearest_audio_signal_distance_m": NaN,
        "nearest_push_button_id": NaN,
        "nearest_push_button_distance_m": NaN,
        "data_reference_date": "2026-03-20",
        "coordinate_note": "source_columns_swapped_and_normalized"
      }
    },
    {
      "type": "Feature",
      "geometry": {
        "type": "Point",
        "coordinates": [
          126.9606706,
          37.49470485
        ]
      },
      "properties": {
        "crosswalk_id": "06-0000019357",
        "district": "동작구",
        "address": "동작구 상도1동 512-2 도",
        "crosswalk_type": "이단(화살표있음)",
        "has_pedestrian_light": "Y",
        "has_audio_signal": "Y",
        "has_push_button": "N",
        "is_raised_crosswalk": "N",
        "has_traffic_safety_detail": "Y",
        "accessibility_score": 5,
        "route_recommendation_tier": "recommended",
        "support_evidence": "보행등, 음향신호기, 교통안전시설 상세",
        "nearest_audio_signal_id": "24-0000014296",
        "nearest_audio_signal_distance_m": 7.2,
        "nearest_push_button_id": NaN,
        "nearest_push_button_distance_m": NaN,
        "data_reference_date": "2026-03-20",
        "coordinate_note": "source_columns_swapped_and_normalized"
      }
    },
    {
      "type": "Feature",
      "geometry": {
        "type": "Point",
        "coordinates": [
          126.9443067,
          37.49914184
        ]
      },
      "properties": {
        "crosswalk_id": "06-0000022423",
        "district": "동작구",
        "address": "동작구 상도동 211-457대",
        "crosswalk_type": "일단(화살표없음)",
        "has_pedestrian_light": "Y",
        "has_audio_signal": "Y",
        "has_push_button": "N",
        "is_raised_crosswalk": "N",
        "has_traffic_safety_detail": "Y",
        "accessibility_score": 5,
        "route_recommendation_tier": "recommended",
        "support_evidence": "보행등, 음향신호기, 교통안전시설 상세",
        "nearest_audio_signal_id": "24-0000002164",
        "nearest_audio_signal_distance_m": 21.9,
        "nearest_push_button_id": NaN,
        "nearest_push_button_distance_m": NaN,
        "data_reference_date": "2026-03-20",
        "coordinate_note": "source_columns_swapped_and_normalized"
      }
    },
    {
      "type": "Feature",
      "geometry": {
        "type": "Point",
        "coordinates": [
          126.9267166,
          37.49814551
        ]
      },
      "properties": {
        "crosswalk_id": "06-0000022497",
        "district": "동작구",
        "address": "동작구 신대방동 349-35도",
        "crosswalk_type": "일단(화살표없음)",
        "has_pedestrian_light": "Y",
        "has_audio_signal": "Y",
        "has_push_button": "N",
        "is_raised_crosswalk": "N",
        "has_traffic_safety_detail": "Y",
        "accessibility_score": 5,
        "route_recommendation_tier": "recommended",
        "support_evidence": "보행등, 음향신호기, 교통안전시설 상세",
        "nearest_audio_signal_id": NaN,
        "nearest_audio_signal_distance_m": NaN,
        "nearest_push_button_id": NaN,
        "nearest_push_button_distance_m": NaN,
        "data_reference_date": "2026-03-20",
        "coordinate_note": "source_columns_swapped_and_normalized"
      }
    },
    {
      "type": "Feature",
      "geometry": {
        "type": "Point",
        "coordinates": [
          126.9535017,
          37.49812537
        ]
      },
      "properties": {
        "crosswalk_id": "06-0000024288",
        "district": "동작구",
        "address": "동작구 상도동 431 대",
        "crosswalk_type": "이단(화살표있음)",
        "has_pedestrian_light": "Y",
        "has_audio_signal": "Y",
        "has_push_button": "N",
        "is_raised_crosswalk": "N",
        "has_traffic_safety_detail": "Y",
        "accessibility_score": 5,
        "route_recommendation_tier": "recommended",
        "support_evidence": "보행등, 음향신호기, 교통안전시설 상세",
        "nearest_audio_signal_id": NaN,
        "nearest_audio_signal_distance_m": NaN,
        "nearest_push_button_id": NaN,
        "nearest_push_button_distance_m": NaN,
        "data_reference_date": "2026-03-20",
        "coordinate_note": "source_columns_swapped_and_normalized"
      }
    },
    {
      "type": "Feature",
      "geometry": {
        "type": "Point",
        "coordinates": [
          126.9533413,
          37.49822956
        ]
      },
      "properties": {
        "crosswalk_id": "06-0000024289",
        "district": "동작구",
        "address": "동작구 상도동 439 도",
        "crosswalk_type": "이단(화살표있음)",
        "has_pedestrian_light": "Y",
        "has_audio_signal": "Y",
        "has_push_button": "N",
        "is_raised_crosswalk": "N",
        "has_traffic_safety_detail": "Y",
        "accessibility_score": 5,
        "route_recommendation_tier": "recommended",
        "support_evidence": "보행등, 음향신호기, 교통안전시설 상세",
        "nearest_audio_signal_id": NaN,
        "nearest_audio_signal_distance_m": NaN,
        "nearest_push_button_id": NaN,
        "nearest_push_button_distance_m": NaN,
        "data_reference_date": "2026-03-20",
        "coordinate_note": "source_columns_swapped_and_normalized"
      }
    },
    {
      "type": "Feature",
      "geometry": {
        "type": "Point",
        "coordinates": [
          126.953557,
          37.50488158
        ]
      },
      "properties": {
        "crosswalk_id": "06-0000024732",
        "district": "동작구",
        "address": "동작구 상도동 7-185 대",
        "crosswalk_type": "일단(화살표없음)",
        "has_pedestrian_light": "Y",
        "has_audio_signal": "Y",
        "has_push_button": "N",
        "is_raised_crosswalk": "N",
        "has_traffic_safety_detail": "Y",
        "accessibility_score": 5,
        "route_recommendation_tier": "recommended",
        "support_evidence": "보행등, 음향신호기, 교통안전시설 상세",
        "nearest_audio_signal_id": "24-0000009480",
        "nearest_audio_signal_distance_m": 13.7,
        "nearest_push_button_id": NaN,
        "nearest_push_button_distance_m": NaN,
        "data_reference_date": "2026-03-20",
        "coordinate_note": "source_columns_swapped_and_normalized"
      }
    },
    {
      "type": "Feature",
      "geometry": {
        "type": "Point",
        "coordinates": [
          126.9219869,
          37.50391463
        ]
      },
      "properties": {
        "crosswalk_id": "06-0000024800",
        "district": "동작구",
        "address": "동작구 대방동 466-43도",
        "crosswalk_type": "이단(화살표있음)",
        "has_pedestrian_light": "Y",
        "has_audio_signal": "Y",
        "has_push_button": "N",
        "is_raised_crosswalk": "N",
        "has_traffic_safety_detail": "Y",
        "accessibility_score": 5,
        "route_recommendation_tier": "recommended",
        "support_evidence": "보행등, 음향신호기, 교통안전시설 상세",
        "nearest_audio_signal_id": "24-0000000879",
        "nearest_audio_signal_distance_m": 2.6,
        "nearest_push_button_id": NaN,
        "nearest_push_button_distance_m": NaN,
        "data_reference_date": "2026-03-20",
        "coordinate_note": "source_columns_swapped_and_normalized"
      }
    },
    {
      "type": "Feature",
      "geometry": {
        "type": "Point",
        "coordinates": [
          126.9203648,
          37.49868561
        ]
      },
      "properties": {
        "crosswalk_id": "06-0000024805",
        "district": "동작구",
        "address": "동작구 대방동 466-51도",
        "crosswalk_type": "이단(화살표있음)",
        "has_pedestrian_light": "Y",
        "has_audio_signal": "Y",
        "has_push_button": "N",
        "is_raised_crosswalk": "N",
        "has_traffic_safety_detail": "Y",
        "accessibility_score": 5,
        "route_recommendation_tier": "recommended",
        "support_evidence": "보행등, 음향신호기, 교통안전시설 상세",
        "nearest_audio_signal_id": "24-0000002438",
        "nearest_audio_signal_distance_m": 7.6,
        "nearest_push_button_id": NaN,
        "nearest_push_button_distance_m": NaN,
        "data_reference_date": "2026-03-20",
        "coordinate_note": "source_columns_swapped_and_normalized"
      }
    },
    {
      "type": "Feature",
      "geometry": {
        "type": "Point",
        "coordinates": [
          126.9115915,
          37.49534353
        ]
      },
      "properties": {
        "crosswalk_id": "06-0000024815",
        "district": "동작구",
        "address": "동작구 신대방동 492-26도",
        "crosswalk_type": "이단(화살표있음)",
        "has_pedestrian_light": "Y",
        "has_audio_signal": "Y",
        "has_push_button": "N",
        "is_raised_crosswalk": "N",
        "has_traffic_safety_detail": "Y",
        "accessibility_score": 5,
        "route_recommendation_tier": "recommended",
        "support_evidence": "보행등, 음향신호기, 교통안전시설 상세",
        "nearest_audio_signal_id": "24-0000003726",
        "nearest_audio_signal_distance_m": 1.8,
        "nearest_push_button_id": NaN,
        "nearest_push_button_distance_m": NaN,
        "data_reference_date": "2026-03-20",
        "coordinate_note": "source_columns_swapped_and_normalized"
      }
    },
    {
      "type": "Feature",
      "geometry": {
        "type": "Point",
        "coordinates": [
          126.9079144,
          37.4904906
        ]
      },
      "properties": {
        "crosswalk_id": "06-0000024833",
        "district": "동작구",
        "address": "동작구 신대방동 591-82도",
        "crosswalk_type": "이단(화살표있음)",
        "has_pedestrian_light": "Y",
        "has_audio_signal": "Y",
        "has_push_button": "N",
        "is_raised_crosswalk": "N",
        "has_traffic_safety_detail": "Y",
        "accessibility_score": 5,
        "route_recommendation_tier": "recommended",
        "support_evidence": "보행등, 음향신호기, 교통안전시설 상세",
        "nearest_audio_signal_id": "24-0000002392",
        "nearest_audio_signal_distance_m": 3.1,
        "nearest_push_button_id": NaN,
        "nearest_push_button_distance_m": NaN,
        "data_reference_date": "2026-03-20",
        "coordinate_note": "source_columns_swapped_and_normalized"
      }
    },
    {
      "type": "Feature",
      "geometry": {
        "type": "Point",
        "coordinates": [
          126.9046566,
          37.48672523
        ]
      },
      "properties": {
        "crosswalk_id": "06-0000024842",
        "district": "동작구",
        "address": "동작구 신대방동 699-3도",
        "crosswalk_type": "이단(화살표없음)",
        "has_pedestrian_light": "Y",
        "has_audio_signal": "Y",
        "has_push_button": "N",
        "is_raised_crosswalk": "N",
        "has_traffic_safety_detail": "Y",
        "accessibility_score": 5,
        "route_recommendation_tier": "recommended",
        "support_evidence": "보행등, 음향신호기, 교통안전시설 상세",
        "nearest_audio_signal_id": "24-0000003741",
        "nearest_audio_signal_distance_m": 7.4,
        "nearest_push_button_id": NaN,
        "nearest_push_button_distance_m": NaN,
        "data_reference_date": "2026-03-20",
        "coordinate_note": "source_columns_swapped_and_normalized"
      }
    },
    {
      "type": "Feature",
      "geometry": {
        "type": "Point",
        "coordinates": [
          126.9047802,
          37.48665892
        ]
      },
      "properties": {
        "crosswalk_id": "06-0000024843",
        "district": "동작구",
        "address": "동작구 신대방동 699-3도",
        "crosswalk_type": "이단(화살표있음)",
        "has_pedestrian_light": "Y",
        "has_audio_signal": "Y",
        "has_push_button": "N",
        "is_raised_crosswalk": "N",
        "has_traffic_safety_detail": "Y",
        "accessibility_score": 5,
        "route_recommendation_tier": "recommended",
        "support_evidence": "보행등, 음향신호기, 교통안전시설 상세",
        "nearest_audio_signal_id": "24-0000003742",
        "nearest_audio_signal_distance_m": 3.7,
        "nearest_push_button_id": NaN,
        "nearest_push_button_distance_m": NaN,
        "data_reference_date": "2026-03-20",
        "coordinate_note": "source_columns_swapped_and_normalized"
      }
    },
    {
      "type": "Feature",
      "geometry": {
        "type": "Point",
        "coordinates": [
          126.9531938,
          37.49782432
        ]
      },
      "properties": {
        "crosswalk_id": "06-0000024983",
        "district": "동작구",
        "address": "동작구 상도동 439 도",
        "crosswalk_type": "이단(화살표있음)",
        "has_pedestrian_light": "Y",
        "has_audio_signal": "Y",
        "has_push_button": "N",
        "is_raised_crosswalk": "N",
        "has_traffic_safety_detail": "Y",
        "accessibility_score": 5,
        "route_recommendation_tier": "recommended",
        "support_evidence": "보행등, 음향신호기, 교통안전시설 상세",
        "nearest_audio_signal_id": NaN,
        "nearest_audio_signal_distance_m": NaN,
        "nearest_push_button_id": NaN,
        "nearest_push_button_distance_m": NaN,
        "data_reference_date": "2026-03-20",
        "coordinate_note": "source_columns_swapped_and_normalized"
      }
    },
    {
      "type": "Feature",
      "geometry": {
        "type": "Point",
        "coordinates": [
          126.9478858,
          37.50296027
        ]
      },
      "properties": {
        "crosswalk_id": "06-0000025075",
        "district": "동작구",
        "address": "동작구 상도1동 752-2도",
        "crosswalk_type": "이단(화살표있음)",
        "has_pedestrian_light": "Y",
        "has_audio_signal": "Y",
        "has_push_button": "N",
        "is_raised_crosswalk": "N",
        "has_traffic_safety_detail": "Y",
        "accessibility_score": 5,
        "route_recommendation_tier": "recommended",
        "support_evidence": "보행등, 음향신호기, 교통안전시설 상세",
        "nearest_audio_signal_id": "24-0000009460",
        "nearest_audio_signal_distance_m": 4.7,
        "nearest_push_button_id": NaN,
        "nearest_push_button_distance_m": NaN,
        "data_reference_date": "2026-03-20",
        "coordinate_note": "source_columns_swapped_and_normalized"
      }
    },
    {
      "type": "Feature",
      "geometry": {
        "type": "Point",
        "coordinates": [
          126.9478754,
          37.50272519
        ]
      },
      "properties": {
        "crosswalk_id": "06-0000025076",
        "district": "동작구",
        "address": "동작구 상도1동 742-3도",
        "crosswalk_type": "이단(화살표없음)",
        "has_pedestrian_light": "Y",
        "has_audio_signal": "Y",
        "has_push_button": "N",
        "is_raised_crosswalk": "N",
        "has_traffic_safety_detail": "Y",
        "accessibility_score": 5,
        "route_recommendation_tier": "recommended",
        "support_evidence": "보행등, 음향신호기, 교통안전시설 상세",
        "nearest_audio_signal_id": "24-0000013820",
        "nearest_audio_signal_distance_m": 8.8,
        "nearest_push_button_id": NaN,
        "nearest_push_button_distance_m": NaN,
        "data_reference_date": "2026-03-20",
        "coordinate_note": "source_columns_swapped_and_normalized"
      }
    },
    {
      "type": "Feature",
      "geometry": {
        "type": "Point",
        "coordinates": [
          126.9441622,
          37.4989611
        ]
      },
      "properties": {
        "crosswalk_id": "06-0000026878",
        "district": "동작구",
        "address": "동작구 상도동 210-352도",
        "crosswalk_type": "일단(화살표없음)",
        "has_pedestrian_light": "Y",
        "has_audio_signal": "Y",
        "has_push_button": "N",
        "is_raised_crosswalk": "N",
        "has_traffic_safety_detail": "Y",
        "accessibility_score": 5,
        "route_recommendation_tier": "recommended",
        "support_evidence": "보행등, 음향신호기, 교통안전시설 상세",
        "nearest_audio_signal_id": NaN,
        "nearest_audio_signal_distance_m": NaN,
        "nearest_push_button_id": NaN,
        "nearest_push_button_distance_m": NaN,
        "data_reference_date": "2026-03-20",
        "coordinate_note": "source_columns_swapped_and_normalized"
      }
    },
    {
      "type": "Feature",
      "geometry": {
        "type": "Point",
        "coordinates": [
          126.9661755,
          37.50701775
        ]
      },
      "properties": {
        "crosswalk_id": "06-0000027275",
        "district": "동작구",
        "address": "동작구 흑석동 43-112도",
        "crosswalk_type": "일단(화살표없음)",
        "has_pedestrian_light": "N",
        "has_audio_signal": "Y",
        "has_push_button": "N",
        "is_raised_crosswalk": "Y",
        "has_traffic_safety_detail": "Y",
        "accessibility_score": 5,
        "route_recommendation_tier": "recommended",
        "support_evidence": "음향신호기, 고원식횡단보도, 교통안전시설 상세",
        "nearest_audio_signal_id": "24-0000014286",
        "nearest_audio_signal_distance_m": 23.2,
        "nearest_push_button_id": NaN,
        "nearest_push_button_distance_m": NaN,
        "data_reference_date": "2026-03-20",
        "coordinate_note": "source_columns_swapped_and_normalized"
      }
    },
    {
      "type": "Feature",
      "geometry": {
        "type": "Point",
        "coordinates": [
          126.966889,
          37.50668769
        ]
      },
      "properties": {
        "crosswalk_id": "06-0000027277",
        "district": "동작구",
        "address": "동작구 흑석동 25-21도",
        "crosswalk_type": "이단(화살표있음)",
        "has_pedestrian_light": "Y",
        "has_audio_signal": "Y",
        "has_push_button": "N",
        "is_raised_crosswalk": "N",
        "has_traffic_safety_detail": "Y",
        "accessibility_score": 5,
        "route_recommendation_tier": "recommended",
        "support_evidence": "보행등, 음향신호기, 교통안전시설 상세",
        "nearest_audio_signal_id": "24-0000014288",
        "nearest_audio_signal_distance_m": 5.6,
        "nearest_push_button_id": NaN,
        "nearest_push_button_distance_m": NaN,
        "data_reference_date": "2026-03-20",
        "coordinate_note": "source_columns_swapped_and_normalized"
      }
    },
    {
      "type": "Feature",
      "geometry": {
        "type": "Point",
        "coordinates": [
          126.9603419,
          37.50082495
        ]
      },
      "properties": {
        "crosswalk_id": "06-0000027283",
        "district": "동작구",
        "address": "동작구 흑석동 79-319 도",
        "crosswalk_type": "일단(화살표없음)",
        "has_pedestrian_light": "Y",
        "has_audio_signal": "Y",
        "has_push_button": "N",
        "is_raised_crosswalk": "N",
        "has_traffic_safety_detail": "Y",
        "accessibility_score": 5,
        "route_recommendation_tier": "recommended",
        "support_evidence": "보행등, 음향신호기, 교통안전시설 상세",
        "nearest_audio_signal_id": NaN,
        "nearest_audio_signal_distance_m": NaN,
        "nearest_push_button_id": NaN,
        "nearest_push_button_distance_m": NaN,
        "data_reference_date": "2026-03-20",
        "coordinate_note": "source_columns_swapped_and_normalized"
      }
    },
    {
      "type": "Feature",
      "geometry": {
        "type": "Point",
        "coordinates": [
          126.9191636,
          37.49731518
        ]
      },
      "properties": {
        "crosswalk_id": "06-0000028131",
        "district": "동작구",
        "address": "동작구 신대방동 370-1대",
        "crosswalk_type": "일단(화살표없음)",
        "has_pedestrian_light": "Y",
        "has_audio_signal": "Y",
        "has_push_button": "N",
        "is_raised_crosswalk": "N",
        "has_traffic_safety_detail": "Y",
        "accessibility_score": 5,
        "route_recommendation_tier": "recommended",
        "support_evidence": "보행등, 음향신호기, 교통안전시설 상세",
        "nearest_audio_signal_id": "24-0000004014",
        "nearest_audio_signal_distance_m": 29.7,
        "nearest_push_button_id": NaN,
        "nearest_push_button_distance_m": NaN,
        "data_reference_date": "2026-03-20",
        "coordinate_note": "source_columns_swapped_and_normalized"
      }
    },
    {
      "type": "Feature",
      "geometry": {
        "type": "Point",
        "coordinates": [
          126.9269234,
          37.49818545
        ]
      },
      "properties": {
        "crosswalk_id": "06-0000028473",
        "district": "동작구",
        "address": "동작구 신대방동 349-35도",
        "crosswalk_type": "일단(화살표없음)",
        "has_pedestrian_light": "Y",
        "has_audio_signal": "Y",
        "has_push_button": "N",
        "is_raised_crosswalk": "N",
        "has_traffic_safety_detail": "Y",
        "accessibility_score": 5,
        "route_recommendation_tier": "recommended",
        "support_evidence": "보행등, 음향신호기, 교통안전시설 상세",
        "nearest_audio_signal_id": NaN,
        "nearest_audio_signal_distance_m": NaN,
        "nearest_push_button_id": NaN,
        "nearest_push_button_distance_m": NaN,
        "data_reference_date": "2026-03-20",
        "coordinate_note": "source_columns_swapped_and_normalized"
      }
    },
    {
      "type": "Feature",
      "geometry": {
        "type": "Point",
        "coordinates": [
          126.9251023,
          37.49266429
        ]
      },
      "properties": {
        "crosswalk_id": "06-0000029258",
        "district": "동작구",
        "address": "동작구 신대방동 395-61도",
        "crosswalk_type": "이단(화살표있음)",
        "has_pedestrian_light": "Y",
        "has_audio_signal": "Y",
        "has_push_button": "N",
        "is_raised_crosswalk": "N",
        "has_traffic_safety_detail": "Y",
        "accessibility_score": 5,
        "route_recommendation_tier": "recommended",
        "support_evidence": "보행등, 음향신호기, 교통안전시설 상세",
        "nearest_audio_signal_id": "24-0000004997",
        "nearest_audio_signal_distance_m": 9.5,
        "nearest_push_button_id": NaN,
        "nearest_push_button_distance_m": NaN,
        "data_reference_date": "2026-03-20",
        "coordinate_note": "source_columns_swapped_and_normalized"
      }
    },
    {
      "type": "Feature",
      "geometry": {
        "type": "Point",
        "coordinates": [
          126.9615902,
          37.50873688
        ]
      },
      "properties": {
        "crosswalk_id": "06-0000029662",
        "district": "동작구",
        "address": "동작구 흑석동 105-2도",
        "crosswalk_type": "이단(화살표있음)",
        "has_pedestrian_light": "Y",
        "has_audio_signal": "Y",
        "has_push_button": "N",
        "is_raised_crosswalk": "N",
        "has_traffic_safety_detail": "Y",
        "accessibility_score": 5,
        "route_recommendation_tier": "recommended",
        "support_evidence": "보행등, 음향신호기, 교통안전시설 상세",
        "nearest_audio_signal_id": NaN,
        "nearest_audio_signal_distance_m": NaN,
        "nearest_push_button_id": NaN,
        "nearest_push_button_distance_m": NaN,
        "data_reference_date": "2026-03-20",
        "coordinate_note": "source_columns_swapped_and_normalized"
      }
    },
    {
      "type": "Feature",
      "geometry": {
        "type": "Point",
        "coordinates": [
          126.9290044,
          37.50896477
        ]
      },
      "properties": {
        "crosswalk_id": "06-0000029677",
        "district": "동작구",
        "address": "동작구 대방동 503대",
        "crosswalk_type": "일단(화살표있음)",
        "has_pedestrian_light": "Y",
        "has_audio_signal": "Y",
        "has_push_button": "N",
        "is_raised_crosswalk": "N",
        "has_traffic_safety_detail": "Y",
        "accessibility_score": 5,
        "route_recommendation_tier": "recommended",
        "support_evidence": "보행등, 음향신호기, 교통안전시설 상세",
        "nearest_audio_signal_id": NaN,
        "nearest_audio_signal_distance_m": NaN,
        "nearest_push_button_id": NaN,
        "nearest_push_button_distance_m": NaN,
        "data_reference_date": "2026-03-20",
        "coordinate_note": "source_columns_swapped_and_normalized"
      }
    },
    {
      "type": "Feature",
      "geometry": {
        "type": "Point",
        "coordinates": [
          126.9821594,
          37.48791435
        ]
      },
      "properties": {
        "crosswalk_id": "06-0000031413",
        "district": "동작구",
        "address": "동작구 사당동 134-1도",
        "crosswalk_type": "이단(화살표있음)",
        "has_pedestrian_light": "Y",
        "has_audio_signal": "Y",
        "has_push_button": "N",
        "is_raised_crosswalk": "N",
        "has_traffic_safety_detail": "Y",
        "accessibility_score": 5,
        "route_recommendation_tier": "recommended",
        "support_evidence": "보행등, 음향신호기, 교통안전시설 상세",
        "nearest_audio_signal_id": "24-0000008755",
        "nearest_audio_signal_distance_m": 4.6,
        "nearest_push_button_id": NaN,
        "nearest_push_button_distance_m": NaN,
        "data_reference_date": "2026-03-20",
        "coordinate_note": "source_columns_swapped_and_normalized"
      }
    },
    {
      "type": "Feature",
      "geometry": {
        "type": "Point",
        "coordinates": [
          126.982573,
          37.49066134
        ]
      },
      "properties": {
        "crosswalk_id": "06-0000031434",
        "district": "동작구",
        "address": "동작구 사당동 79-49도",
        "crosswalk_type": "이단(화살표있음)",
        "has_pedestrian_light": "Y",
        "has_audio_signal": "Y",
        "has_push_button": "N",
        "is_raised_crosswalk": "N",
        "has_traffic_safety_detail": "Y",
        "accessibility_score": 5,
        "route_recommendation_tier": "recommended",
        "support_evidence": "보행등, 음향신호기, 교통안전시설 상세",
        "nearest_audio_signal_id": "24-0000008756",
        "nearest_audio_signal_distance_m": 16.1,
        "nearest_push_button_id": NaN,
        "nearest_push_button_distance_m": NaN,
        "data_reference_date": "2026-03-20",
        "coordinate_note": "source_columns_swapped_and_normalized"
      }
    },
    {
      "type": "Feature",
      "geometry": {
        "type": "Point",
        "coordinates": [
          126.9825347,
          37.49101482
        ]
      },
      "properties": {
        "crosswalk_id": "06-0000031449",
        "district": "동작구",
        "address": "동작구 사당동 79-49도",
        "crosswalk_type": "이단(화살표있음)",
        "has_pedestrian_light": "Y",
        "has_audio_signal": "Y",
        "has_push_button": "N",
        "is_raised_crosswalk": "N",
        "has_traffic_safety_detail": "Y",
        "accessibility_score": 5,
        "route_recommendation_tier": "recommended",
        "support_evidence": "보행등, 음향신호기, 교통안전시설 상세",
        "nearest_audio_signal_id": "24-0000005805",
        "nearest_audio_signal_distance_m": 6.0,
        "nearest_push_button_id": NaN,
        "nearest_push_button_distance_m": NaN,
        "data_reference_date": "2026-03-20",
        "coordinate_note": "source_columns_swapped_and_normalized"
      }
    },
    {
      "type": "Feature",
      "geometry": {
        "type": "Point",
        "coordinates": [
          126.9826388,
          37.49351139
        ]
      },
      "properties": {
        "crosswalk_id": "06-0000031461",
        "district": "동작구",
        "address": "동작구 동작동 55-3도",
        "crosswalk_type": "이단(화살표있음)",
        "has_pedestrian_light": "Y",
        "has_audio_signal": "Y",
        "has_push_button": "N",
        "is_raised_crosswalk": "N",
        "has_traffic_safety_detail": "Y",
        "accessibility_score": 5,
        "route_recommendation_tier": "recommended",
        "support_evidence": "보행등, 음향신호기, 교통안전시설 상세",
        "nearest_audio_signal_id": "24-0000009126",
        "nearest_audio_signal_distance_m": 16.9,
        "nearest_push_button_id": NaN,
        "nearest_push_button_distance_m": NaN,
        "data_reference_date": "2026-03-20",
        "coordinate_note": "source_columns_swapped_and_normalized"
      }
    },
    {
      "type": "Feature",
      "geometry": {
        "type": "Point",
        "coordinates": [
          126.982838,
          37.49387104
        ]
      },
      "properties": {
        "crosswalk_id": "06-0000031463",
        "district": "동작구",
        "address": "동작구 동작동",
        "crosswalk_type": "이단(화살표없음)",
        "has_pedestrian_light": "Y",
        "has_audio_signal": "Y",
        "has_push_button": "N",
        "is_raised_crosswalk": "N",
        "has_traffic_safety_detail": "Y",
        "accessibility_score": 5,
        "route_recommendation_tier": "recommended",
        "support_evidence": "보행등, 음향신호기, 교통안전시설 상세",
        "nearest_audio_signal_id": "24-0000005814",
        "nearest_audio_signal_distance_m": 8.9,
        "nearest_push_button_id": NaN,
        "nearest_push_button_distance_m": NaN,
        "data_reference_date": "2026-03-20",
        "coordinate_note": "source_columns_swapped_and_normalized"
      }
    },
    {
      "type": "Feature",
      "geometry": {
        "type": "Point",
        "coordinates": [
          126.9831482,
          37.49725844
        ]
      },
      "properties": {
        "crosswalk_id": "06-0000031467",
        "district": "동작구",
        "address": "동작구 동작동",
        "crosswalk_type": "이단(화살표있음)",
        "has_pedestrian_light": "Y",
        "has_audio_signal": "Y",
        "has_push_button": "N",
        "is_raised_crosswalk": "N",
        "has_traffic_safety_detail": "Y",
        "accessibility_score": 5,
        "route_recommendation_tier": "recommended",
        "support_evidence": "보행등, 음향신호기, 교통안전시설 상세",
        "nearest_audio_signal_id": "24-0000005820",
        "nearest_audio_signal_distance_m": 2.4,
        "nearest_push_button_id": NaN,
        "nearest_push_button_distance_m": NaN,
        "data_reference_date": "2026-03-20",
        "coordinate_note": "source_columns_swapped_and_normalized"
      }
    },
    {
      "type": "Feature",
      "geometry": {
        "type": "Point",
        "coordinates": [
          126.9315653,
          37.51309174
        ]
      },
      "properties": {
        "crosswalk_id": "06-0000031593",
        "district": "동작구",
        "address": "동작구 대방동 54-14도",
        "crosswalk_type": "이단(화살표있음)",
        "has_pedestrian_light": "Y",
        "has_audio_signal": "Y",
        "has_push_button": "N",
        "is_raised_crosswalk": "N",
        "has_traffic_safety_detail": "Y",
        "accessibility_score": 5,
        "route_recommendation_tier": "recommended",
        "support_evidence": "보행등, 음향신호기, 교통안전시설 상세",
        "nearest_audio_signal_id": "24-0000005388",
        "nearest_audio_signal_distance_m": 7.8,
        "nearest_push_button_id": NaN,
        "nearest_push_button_distance_m": NaN,
        "data_reference_date": "2026-03-20",
        "coordinate_note": "source_columns_swapped_and_normalized"
      }
    },
    {
      "type": "Feature",
      "geometry": {
        "type": "Point",
        "coordinates": [
          126.9321699,
          37.513247
        ]
      },
      "properties": {
        "crosswalk_id": "06-0000031594",
        "district": "동작구",
        "address": "동작구 대방동 48-3도",
        "crosswalk_type": "이단(화살표있음)",
        "has_pedestrian_light": "Y",
        "has_audio_signal": "Y",
        "has_push_button": "N",
        "is_raised_crosswalk": "N",
        "has_traffic_safety_detail": "Y",
        "accessibility_score": 5,
        "route_recommendation_tier": "recommended",
        "support_evidence": "보행등, 음향신호기, 교통안전시설 상세",
        "nearest_audio_signal_id": "24-0000007955",
        "nearest_audio_signal_distance_m": 17.0,
        "nearest_push_button_id": NaN,
        "nearest_push_button_distance_m": NaN,
        "data_reference_date": "2026-03-20",
        "coordinate_note": "source_columns_swapped_and_normalized"
      }
    },
    {
      "type": "Feature",
      "geometry": {
        "type": "Point",
        "coordinates": [
          126.9321676,
          37.51311437
        ]
      },
      "properties": {
        "crosswalk_id": "06-0000031595",
        "district": "동작구",
        "address": "동작구 대방동 48-3도",
        "crosswalk_type": "이단(화살표있음)",
        "has_pedestrian_light": "Y",
        "has_audio_signal": "Y",
        "has_push_button": "N",
        "is_raised_crosswalk": "N",
        "has_traffic_safety_detail": "Y",
        "accessibility_score": 5,
        "route_recommendation_tier": "recommended",
        "support_evidence": "보행등, 음향신호기, 교통안전시설 상세",
        "nearest_audio_signal_id": "24-0000007955",
        "nearest_audio_signal_distance_m": 5.5,
        "nearest_push_button_id": NaN,
        "nearest_push_button_distance_m": NaN,
        "data_reference_date": "2026-03-20",
        "coordinate_note": "source_columns_swapped_and_normalized"
      }
    },
    {
      "type": "Feature",
      "geometry": {
        "type": "Point",
        "coordinates": [
          126.9386389,
          37.51339935
        ]
      },
      "properties": {
        "crosswalk_id": "06-0000031608",
        "district": "동작구",
        "address": "동작구 노량진동 40-12 도",
        "crosswalk_type": "이단(화살표없음)",
        "has_pedestrian_light": "Y",
        "has_audio_signal": "Y",
        "has_push_button": "N",
        "is_raised_crosswalk": "N",
        "has_traffic_safety_detail": "Y",
        "accessibility_score": 5,
        "route_recommendation_tier": "recommended",
        "support_evidence": "보행등, 음향신호기, 교통안전시설 상세",
        "nearest_audio_signal_id": "24-0000005857",
        "nearest_audio_signal_distance_m": 10.4,
        "nearest_push_button_id": NaN,
        "nearest_push_button_distance_m": NaN,
        "data_reference_date": "2026-03-20",
        "coordinate_note": "source_columns_swapped_and_normalized"
      }
    },
    {
      "type": "Feature",
      "geometry": {
        "type": "Point",
        "coordinates": [
          126.9400454,
          37.51348674
        ]
      },
      "properties": {
        "crosswalk_id": "06-0000031610",
        "district": "동작구",
        "address": "동작구 노량진동 40-12 도",
        "crosswalk_type": "이단(화살표있음)",
        "has_pedestrian_light": "Y",
        "has_audio_signal": "Y",
        "has_push_button": "N",
        "is_raised_crosswalk": "N",
        "has_traffic_safety_detail": "Y",
        "accessibility_score": 5,
        "route_recommendation_tier": "recommended",
        "support_evidence": "보행등, 음향신호기, 교통안전시설 상세",
        "nearest_audio_signal_id": "24-0000009438",
        "nearest_audio_signal_distance_m": 8.7,
        "nearest_push_button_id": NaN,
        "nearest_push_button_distance_m": NaN,
        "data_reference_date": "2026-03-20",
        "coordinate_note": "source_columns_swapped_and_normalized"
      }
    },
    {
      "type": "Feature",
      "geometry": {
        "type": "Point",
        "coordinates": [
          126.9402054,
          37.51333547
        ]
      },
      "properties": {
        "crosswalk_id": "06-0000031619",
        "district": "동작구",
        "address": "동작구 노량진동 60-11도",
        "crosswalk_type": "이단(화살표있음)",
        "has_pedestrian_light": "Y",
        "has_audio_signal": "Y",
        "has_push_button": "N",
        "is_raised_crosswalk": "N",
        "has_traffic_safety_detail": "Y",
        "accessibility_score": 5,
        "route_recommendation_tier": "recommended",
        "support_evidence": "보행등, 음향신호기, 교통안전시설 상세",
        "nearest_audio_signal_id": "24-0000009438",
        "nearest_audio_signal_distance_m": 14.2,
        "nearest_push_button_id": NaN,
        "nearest_push_button_distance_m": NaN,
        "data_reference_date": "2026-03-20",
        "coordinate_note": "source_columns_swapped_and_normalized"
      }
    },
    {
      "type": "Feature",
      "geometry": {
        "type": "Point",
        "coordinates": [
          126.9440201,
          37.51377592
        ]
      },
      "properties": {
        "crosswalk_id": "06-0000031620",
        "district": "동작구",
        "address": "동작구 노량진동 113-1도",
        "crosswalk_type": "이단(화살표있음)",
        "has_pedestrian_light": "Y",
        "has_audio_signal": "Y",
        "has_push_button": "N",
        "is_raised_crosswalk": "N",
        "has_traffic_safety_detail": "Y",
        "accessibility_score": 5,
        "route_recommendation_tier": "recommended",
        "support_evidence": "보행등, 음향신호기, 교통안전시설 상세",
        "nearest_audio_signal_id": "24-0000009445",
        "nearest_audio_signal_distance_m": 7.3,
        "nearest_push_button_id": NaN,
        "nearest_push_button_distance_m": NaN,
        "data_reference_date": "2026-03-20",
        "coordinate_note": "source_columns_swapped_and_normalized"
      }
    },
    {
      "type": "Feature",
      "geometry": {
        "type": "Point",
        "coordinates": [
          126.9440288,
          37.51364743
        ]
      },
      "properties": {
        "crosswalk_id": "06-0000031621",
        "district": "동작구",
        "address": "동작구 노량진동 113-1도",
        "crosswalk_type": "이단(화살표있음)",
        "has_pedestrian_light": "Y",
        "has_audio_signal": "Y",
        "has_push_button": "N",
        "is_raised_crosswalk": "N",
        "has_traffic_safety_detail": "Y",
        "accessibility_score": 5,
        "route_recommendation_tier": "recommended",
        "support_evidence": "보행등, 음향신호기, 교통안전시설 상세",
        "nearest_audio_signal_id": "24-0000009444",
        "nearest_audio_signal_distance_m": 2.4,
        "nearest_push_button_id": NaN,
        "nearest_push_button_distance_m": NaN,
        "data_reference_date": "2026-03-20",
        "coordinate_note": "source_columns_swapped_and_normalized"
      }
    },
    {
      "type": "Feature",
      "geometry": {
        "type": "Point",
        "coordinates": [
          126.944512,
          37.51383847
        ]
      },
      "properties": {
        "crosswalk_id": "06-0000031622",
        "district": "동작구",
        "address": "동작구 노량진동 150-2도",
        "crosswalk_type": "이단(화살표있음)",
        "has_pedestrian_light": "Y",
        "has_audio_signal": "Y",
        "has_push_button": "N",
        "is_raised_crosswalk": "N",
        "has_traffic_safety_detail": "Y",
        "accessibility_score": 5,
        "route_recommendation_tier": "recommended",
        "support_evidence": "보행등, 음향신호기, 교통안전시설 상세",
        "nearest_audio_signal_id": "24-0000009448",
        "nearest_audio_signal_distance_m": 3.0,
        "nearest_push_button_id": NaN,
        "nearest_push_button_distance_m": NaN,
        "data_reference_date": "2026-03-20",
        "coordinate_note": "source_columns_swapped_and_normalized"
      }
    },
    {
      "type": "Feature",
      "geometry": {
        "type": "Point",
        "coordinates": [
          126.9445266,
          37.5137048
        ]
      },
      "properties": {
        "crosswalk_id": "06-0000031623",
        "district": "동작구",
        "address": "동작구 노량진동 148-1도",
        "crosswalk_type": "이단(화살표있음)",
        "has_pedestrian_light": "Y",
        "has_audio_signal": "Y",
        "has_push_button": "N",
        "is_raised_crosswalk": "N",
        "has_traffic_safety_detail": "Y",
        "accessibility_score": 5,
        "route_recommendation_tier": "recommended",
        "support_evidence": "보행등, 음향신호기, 교통안전시설 상세",
        "nearest_audio_signal_id": "24-0000007957",
        "nearest_audio_signal_distance_m": 1.1,
        "nearest_push_button_id": NaN,
        "nearest_push_button_distance_m": NaN,
        "data_reference_date": "2026-03-20",
        "coordinate_note": "source_columns_swapped_and_normalized"
      }
    },
    {
      "type": "Feature",
      "geometry": {
        "type": "Point",
        "coordinates": [
          126.949495,
          37.51281052
        ]
      },
      "properties": {
        "crosswalk_id": "06-0000031632",
        "district": "동작구",
        "address": "동작구 노량진동 186-1도",
        "crosswalk_type": "이단(화살표있음)",
        "has_pedestrian_light": "Y",
        "has_audio_signal": "Y",
        "has_push_button": "N",
        "is_raised_crosswalk": "N",
        "has_traffic_safety_detail": "Y",
        "accessibility_score": 5,
        "route_recommendation_tier": "recommended",
        "support_evidence": "보행등, 음향신호기, 교통안전시설 상세",
        "nearest_audio_signal_id": "24-0000009450",
        "nearest_audio_signal_distance_m": 14.1,
        "nearest_push_button_id": NaN,
        "nearest_push_button_distance_m": NaN,
        "data_reference_date": "2026-03-20",
        "coordinate_note": "source_columns_swapped_and_normalized"
      }
    },
    {
      "type": "Feature",
      "geometry": {
        "type": "Point",
        "coordinates": [
          126.9494587,
          37.51268169
        ]
      },
      "properties": {
        "crosswalk_id": "06-0000031633",
        "district": "동작구",
        "address": "동작구 노량진동 186-1도",
        "crosswalk_type": "이단(화살표있음)",
        "has_pedestrian_light": "Y",
        "has_audio_signal": "Y",
        "has_push_button": "N",
        "is_raised_crosswalk": "N",
        "has_traffic_safety_detail": "Y",
        "accessibility_score": 5,
        "route_recommendation_tier": "recommended",
        "support_evidence": "보행등, 음향신호기, 교통안전시설 상세",
        "nearest_audio_signal_id": "24-0000009450",
        "nearest_audio_signal_distance_m": 9.2,
        "nearest_push_button_id": NaN,
        "nearest_push_button_distance_m": NaN,
        "data_reference_date": "2026-03-20",
        "coordinate_note": "source_columns_swapped_and_normalized"
      }
    },
    {
      "type": "Feature",
      "geometry": {
        "type": "Point",
        "coordinates": [
          126.9507512,
          37.51275948
        ]
      },
      "properties": {
        "crosswalk_id": "06-0000031635",
        "district": "동작구",
        "address": "동작구 본동 344-3도",
        "crosswalk_type": "이단(화살표있음)",
        "has_pedestrian_light": "Y",
        "has_audio_signal": "Y",
        "has_push_button": "N",
        "is_raised_crosswalk": "N",
        "has_traffic_safety_detail": "Y",
        "accessibility_score": 5,
        "route_recommendation_tier": "recommended",
        "support_evidence": "보행등, 음향신호기, 교통안전시설 상세",
        "nearest_audio_signal_id": "24-0000013819",
        "nearest_audio_signal_distance_m": 4.2,
        "nearest_push_button_id": NaN,
        "nearest_push_button_distance_m": NaN,
        "data_reference_date": "2026-03-20",
        "coordinate_note": "source_columns_swapped_and_normalized"
      }
    },
    {
      "type": "Feature",
      "geometry": {
        "type": "Point",
        "coordinates": [
          126.9507491,
          37.51263334
        ]
      },
      "properties": {
        "crosswalk_id": "06-0000031636",
        "district": "동작구",
        "address": "동작구 본동 344-3도",
        "crosswalk_type": "이단(화살표있음)",
        "has_pedestrian_light": "Y",
        "has_audio_signal": "Y",
        "has_push_button": "N",
        "is_raised_crosswalk": "N",
        "has_traffic_safety_detail": "Y",
        "accessibility_score": 5,
        "route_recommendation_tier": "recommended",
        "support_evidence": "보행등, 음향신호기, 교통안전시설 상세",
        "nearest_audio_signal_id": "24-0000009452",
        "nearest_audio_signal_distance_m": 4.6,
        "nearest_push_button_id": NaN,
        "nearest_push_button_distance_m": NaN,
        "data_reference_date": "2026-03-20",
        "coordinate_note": "source_columns_swapped_and_normalized"
      }
    },
    {
      "type": "Feature",
      "geometry": {
        "type": "Point",
        "coordinates": [
          126.9276746,
          37.49680467
        ]
      },
      "properties": {
        "crosswalk_id": "06-0000032158",
        "district": "동작구",
        "address": "동작구 신대방동 342-57도",
        "crosswalk_type": "일단(화살표없음)",
        "has_pedestrian_light": "N",
        "has_audio_signal": "Y",
        "has_push_button": "N",
        "is_raised_crosswalk": "Y",
        "has_traffic_safety_detail": "Y",
        "accessibility_score": 5,
        "route_recommendation_tier": "recommended",
        "support_evidence": "음향신호기, 고원식횡단보도, 교통안전시설 상세",
        "nearest_audio_signal_id": "24-0000014308",
        "nearest_audio_signal_distance_m": 2.3,
        "nearest_push_button_id": NaN,
        "nearest_push_button_distance_m": NaN,
        "data_reference_date": "2026-03-20",
        "coordinate_note": "source_columns_swapped_and_normalized"
      }
    },
    {
      "type": "Feature",
      "geometry": {
        "type": "Point",
        "coordinates": [
          126.9542361,
          37.50291275
        ]
      },
      "properties": {
        "crosswalk_id": "06-0000033634",
        "district": "동작구",
        "address": "동작구 상도동 439 도",
        "crosswalk_type": "이단(화살표있음)",
        "has_pedestrian_light": "Y",
        "has_audio_signal": "Y",
        "has_push_button": "N",
        "is_raised_crosswalk": "N",
        "has_traffic_safety_detail": "Y",
        "accessibility_score": 5,
        "route_recommendation_tier": "recommended",
        "support_evidence": "보행등, 음향신호기, 교통안전시설 상세",
        "nearest_audio_signal_id": "24-0000009752",
        "nearest_audio_signal_distance_m": 2.1,
        "nearest_push_button_id": NaN,
        "nearest_push_button_distance_m": NaN,
        "data_reference_date": "2026-03-20",
        "coordinate_note": "source_columns_swapped_and_normalized"
      }
    },
    {
      "type": "Feature",
      "geometry": {
        "type": "Point",
        "coordinates": [
          126.920331,
          37.49971868
        ]
      },
      "properties": {
        "crosswalk_id": "06-0000034854",
        "district": "동작구",
        "address": "동작구 대방동 466-51도",
        "crosswalk_type": "이단(화살표있음)",
        "has_pedestrian_light": "Y",
        "has_audio_signal": "Y",
        "has_push_button": "N",
        "is_raised_crosswalk": "N",
        "has_traffic_safety_detail": "Y",
        "accessibility_score": 5,
        "route_recommendation_tier": "recommended",
        "support_evidence": "보행등, 음향신호기, 교통안전시설 상세",
        "nearest_audio_signal_id": "24-0000009430",
        "nearest_audio_signal_distance_m": 17.4,
        "nearest_push_button_id": NaN,
        "nearest_push_button_distance_m": NaN,
        "data_reference_date": "2026-03-20",
        "coordinate_note": "source_columns_swapped_and_normalized"
      }
    },
    {
      "type": "Feature",
      "geometry": {
        "type": "Point",
        "coordinates": [
          126.9661443,
          37.50548436
        ]
      },
      "properties": {
        "crosswalk_id": "06-0000035309",
        "district": "동작구",
        "address": "동작구 흑석동 335-4 도",
        "crosswalk_type": "이단(화살표있음)",
        "has_pedestrian_light": "Y",
        "has_audio_signal": "Y",
        "has_push_button": "N",
        "is_raised_crosswalk": "N",
        "has_traffic_safety_detail": "Y",
        "accessibility_score": 5,
        "route_recommendation_tier": "recommended",
        "support_evidence": "보행등, 음향신호기, 교통안전시설 상세",
        "nearest_audio_signal_id": NaN,
        "nearest_audio_signal_distance_m": NaN,
        "nearest_push_button_id": NaN,
        "nearest_push_button_distance_m": NaN,
        "data_reference_date": "2026-03-20",
        "coordinate_note": "source_columns_swapped_and_normalized"
      }
    },
    {
      "type": "Feature",
      "geometry": {
        "type": "Point",
        "coordinates": [
          126.9665957,
          37.50702019
        ]
      },
      "properties": {
        "crosswalk_id": "06-0000035430",
        "district": "동작구",
        "address": "동작구 흑석동 11-4 도",
        "crosswalk_type": "이단(화살표있음)",
        "has_pedestrian_light": "Y",
        "has_audio_signal": "Y",
        "has_push_button": "N",
        "is_raised_crosswalk": "N",
        "has_traffic_safety_detail": "Y",
        "accessibility_score": 5,
        "route_recommendation_tier": "recommended",
        "support_evidence": "보행등, 음향신호기, 교통안전시설 상세",
        "nearest_audio_signal_id": "24-0000014286",
        "nearest_audio_signal_distance_m": 13.9,
        "nearest_push_button_id": NaN,
        "nearest_push_button_distance_m": NaN,
        "data_reference_date": "2026-03-20",
        "coordinate_note": "source_columns_swapped_and_normalized"
      }
    },
    {
      "type": "Feature",
      "geometry": {
        "type": "Point",
        "coordinates": [
          126.936261,
          37.5031308
        ]
      },
      "properties": {
        "crosswalk_id": "06-0000035443",
        "district": "동작구",
        "address": "동작구 상도동 187-2도",
        "crosswalk_type": "이단(화살표있음)",
        "has_pedestrian_light": "Y",
        "has_audio_signal": "Y",
        "has_push_button": "N",
        "is_raised_crosswalk": "N",
        "has_traffic_safety_detail": "Y",
        "accessibility_score": 5,
        "route_recommendation_tier": "recommended",
        "support_evidence": "보행등, 음향신호기, 교통안전시설 상세",
        "nearest_audio_signal_id": "24-0000006962",
        "nearest_audio_signal_distance_m": 6.0,
        "nearest_push_button_id": NaN,
        "nearest_push_button_distance_m": NaN,
        "data_reference_date": "2026-03-20",
        "coordinate_note": "source_columns_swapped_and_normalized"
      }
    },
    {
      "type": "Feature",
      "geometry": {
        "type": "Point",
        "coordinates": [
          126.9277791,
          37.49671667
        ]
      },
      "properties": {
        "crosswalk_id": "06-0000035495",
        "district": "동작구",
        "address": "동작구 신대방동 342-57도",
        "crosswalk_type": "이단(화살표있음)",
        "has_pedestrian_light": "Y",
        "has_audio_signal": "Y",
        "has_push_button": "N",
        "is_raised_crosswalk": "N",
        "has_traffic_safety_detail": "Y",
        "accessibility_score": 5,
        "route_recommendation_tier": "recommended",
        "support_evidence": "보행등, 음향신호기, 교통안전시설 상세",
        "nearest_audio_signal_id": "24-0000014309",
        "nearest_audio_signal_distance_m": 8.2,
        "nearest_push_button_id": NaN,
        "nearest_push_button_distance_m": NaN,
        "data_reference_date": "2026-03-20",
        "coordinate_note": "source_columns_swapped_and_normalized"
      }
    },
    {
      "type": "Feature",
      "geometry": {
        "type": "Point",
        "coordinates": [
          126.9442986,
          37.51354369
        ]
      },
      "properties": {
        "crosswalk_id": "06-0000035580",
        "district": "동작구",
        "address": "동작구 노량진동 114-3도",
        "crosswalk_type": "이단(화살표있음)",
        "has_pedestrian_light": "Y",
        "has_audio_signal": "Y",
        "has_push_button": "N",
        "is_raised_crosswalk": "N",
        "has_traffic_safety_detail": "Y",
        "accessibility_score": 5,
        "route_recommendation_tier": "recommended",
        "support_evidence": "보행등, 음향신호기, 교통안전시설 상세",
        "nearest_audio_signal_id": "24-0000009447",
        "nearest_audio_signal_distance_m": 14.0,
        "nearest_push_button_id": NaN,
        "nearest_push_button_distance_m": NaN,
        "data_reference_date": "2026-03-20",
        "coordinate_note": "source_columns_swapped_and_normalized"
      }
    },
    {
      "type": "Feature",
      "geometry": {
        "type": "Point",
        "coordinates": [
          126.9537022,
          37.49967741
        ]
      },
      "properties": {
        "crosswalk_id": "06-0000037130",
        "district": "동작구",
        "address": "동작구 상도동 439 도",
        "crosswalk_type": "이단(화살표있음)",
        "has_pedestrian_light": "Y",
        "has_audio_signal": "Y",
        "has_push_button": "N",
        "is_raised_crosswalk": "N",
        "has_traffic_safety_detail": "Y",
        "accessibility_score": 5,
        "route_recommendation_tier": "recommended",
        "support_evidence": "보행등, 음향신호기, 교통안전시설 상세",
        "nearest_audio_signal_id": NaN,
        "nearest_audio_signal_distance_m": NaN,
        "nearest_push_button_id": NaN,
        "nearest_push_button_distance_m": NaN,
        "data_reference_date": "2026-03-20",
        "coordinate_note": "source_columns_swapped_and_normalized"
      }
    },
    {
      "type": "Feature",
      "geometry": {
        "type": "Point",
        "coordinates": [
          126.9609165,
          37.49482861
        ]
      },
      "properties": {
        "crosswalk_id": "06-0000037587",
        "district": "동작구",
        "address": "동작구 상도동 103-3도",
        "crosswalk_type": "이단(화살표있음)",
        "has_pedestrian_light": "Y",
        "has_audio_signal": "Y",
        "has_push_button": "N",
        "is_raised_crosswalk": "N",
        "has_traffic_safety_detail": "Y",
        "accessibility_score": 5,
        "route_recommendation_tier": "recommended",
        "support_evidence": "보행등, 음향신호기, 교통안전시설 상세",
        "nearest_audio_signal_id": "24-0000014295",
        "nearest_audio_signal_distance_m": 24.1,
        "nearest_push_button_id": NaN,
        "nearest_push_button_distance_m": NaN,
        "data_reference_date": "2026-03-20",
        "coordinate_note": "source_columns_swapped_and_normalized"
      }
    },
    {
      "type": "Feature",
      "geometry": {
        "type": "Point",
        "coordinates": [
          126.9566462,
          37.51342457
        ]
      },
      "properties": {
        "crosswalk_id": "06-0000037665",
        "district": "동작구",
        "address": "동작구 본동 475-1도",
        "crosswalk_type": "이단(화살표있음)",
        "has_pedestrian_light": "Y",
        "has_audio_signal": "Y",
        "has_push_button": "N",
        "is_raised_crosswalk": "N",
        "has_traffic_safety_detail": "Y",
        "accessibility_score": 5,
        "route_recommendation_tier": "recommended",
        "support_evidence": "보행등, 음향신호기, 교통안전시설 상세",
        "nearest_audio_signal_id": "24-0000014293",
        "nearest_audio_signal_distance_m": 1.7,
        "nearest_push_button_id": NaN,
        "nearest_push_button_distance_m": NaN,
        "data_reference_date": "2026-03-20",
        "coordinate_note": "source_columns_swapped_and_normalized"
      }
    },
    {
      "type": "Feature",
      "geometry": {
        "type": "Point",
        "coordinates": [
          126.9772049,
          37.48373082
        ]
      },
      "properties": {
        "crosswalk_id": "06-0000037872",
        "district": "동작구",
        "address": "동작구 사당동 323-6도",
        "crosswalk_type": "이단(화살표있음)",
        "has_pedestrian_light": "Y",
        "has_audio_signal": "Y",
        "has_push_button": "N",
        "is_raised_crosswalk": "N",
        "has_traffic_safety_detail": "Y",
        "accessibility_score": 5,
        "route_recommendation_tier": "recommended",
        "support_evidence": "보행등, 음향신호기, 교통안전시설 상세",
        "nearest_audio_signal_id": "24-0000008286",
        "nearest_audio_signal_distance_m": 7.7,
        "nearest_push_button_id": NaN,
        "nearest_push_button_distance_m": NaN,
        "data_reference_date": "2026-03-20",
        "coordinate_note": "source_columns_swapped_and_normalized"
      }
    },
    {
      "type": "Feature",
      "geometry": {
        "type": "Point",
        "coordinates": [
          126.9279639,
          37.49970436
        ]
      },
      "properties": {
        "crosswalk_id": "06-0000038747",
        "district": "동작구",
        "address": "동작구 대방동 406-10도",
        "crosswalk_type": "이단(화살표있음)",
        "has_pedestrian_light": "Y",
        "has_audio_signal": "Y",
        "has_push_button": "N",
        "is_raised_crosswalk": "N",
        "has_traffic_safety_detail": "Y",
        "accessibility_score": 5,
        "route_recommendation_tier": "recommended",
        "support_evidence": "보행등, 음향신호기, 교통안전시설 상세",
        "nearest_audio_signal_id": "24-0000002400",
        "nearest_audio_signal_distance_m": 28.3,
        "nearest_push_button_id": NaN,
        "nearest_push_button_distance_m": NaN,
        "data_reference_date": "2026-03-20",
        "coordinate_note": "source_columns_swapped_and_normalized"
      }
    },
    {
      "type": "Feature",
      "geometry": {
        "type": "Point",
        "coordinates": [
          126.9523419,
          37.49739406
        ]
      },
      "properties": {
        "crosswalk_id": "06-0000038785",
        "district": "동작구",
        "address": "동작구 상도1동 517 도",
        "crosswalk_type": "이단(화살표있음)",
        "has_pedestrian_light": "Y",
        "has_audio_signal": "Y",
        "has_push_button": "N",
        "is_raised_crosswalk": "N",
        "has_traffic_safety_detail": "Y",
        "accessibility_score": 5,
        "route_recommendation_tier": "recommended",
        "support_evidence": "보행등, 음향신호기, 교통안전시설 상세",
        "nearest_audio_signal_id": "24-0000011342",
        "nearest_audio_signal_distance_m": 7.5,
        "nearest_push_button_id": NaN,
        "nearest_push_button_distance_m": NaN,
        "data_reference_date": "2026-03-20",
        "coordinate_note": "source_columns_swapped_and_normalized"
      }
    },
    {
      "type": "Feature",
      "geometry": {
        "type": "Point",
        "coordinates": [
          126.9520903,
          37.49739019
        ]
      },
      "properties": {
        "crosswalk_id": "06-0000038787",
        "district": "동작구",
        "address": "동작구 상도1동 531-5 도",
        "crosswalk_type": "일단(화살표없음)",
        "has_pedestrian_light": "N",
        "has_audio_signal": "Y",
        "has_push_button": "N",
        "is_raised_crosswalk": "Y",
        "has_traffic_safety_detail": "Y",
        "accessibility_score": 5,
        "route_recommendation_tier": "recommended",
        "support_evidence": "음향신호기, 고원식횡단보도, 교통안전시설 상세",
        "nearest_audio_signal_id": "24-0000011343",
        "nearest_audio_signal_distance_m": 26.9,
        "nearest_push_button_id": NaN,
        "nearest_push_button_distance_m": NaN,
        "data_reference_date": "2026-03-20",
        "coordinate_note": "source_columns_swapped_and_normalized"
      }
    },
    {
      "type": "Feature",
      "geometry": {
        "type": "Point",
        "coordinates": [
          126.9503388,
          37.49716064
        ]
      },
      "properties": {
        "crosswalk_id": "06-0000038790",
        "district": "동작구",
        "address": "동작구 상도동 531-5 도",
        "crosswalk_type": "일단(화살표없음)",
        "has_pedestrian_light": "Y",
        "has_audio_signal": "Y",
        "has_push_button": "N",
        "is_raised_crosswalk": "N",
        "has_traffic_safety_detail": "Y",
        "accessibility_score": 5,
        "route_recommendation_tier": "recommended",
        "support_evidence": "보행등, 음향신호기, 교통안전시설 상세",
        "nearest_audio_signal_id": "24-0000014886",
        "nearest_audio_signal_distance_m": 7.0,
        "nearest_push_button_id": NaN,
        "nearest_push_button_distance_m": NaN,
        "data_reference_date": "2026-03-20",
        "coordinate_note": "source_columns_swapped_and_normalized"
      }
    },
    {
      "type": "Feature",
      "geometry": {
        "type": "Point",
        "coordinates": [
          126.9501536,
          37.49722819
        ]
      },
      "properties": {
        "crosswalk_id": "06-0000038792",
        "district": "동작구",
        "address": "동작구 상도동 533-1 도",
        "crosswalk_type": "일단(화살표없음)",
        "has_pedestrian_light": "Y",
        "has_audio_signal": "Y",
        "has_push_button": "N",
        "is_raised_crosswalk": "N",
        "has_traffic_safety_detail": "Y",
        "accessibility_score": 5,
        "route_recommendation_tier": "recommended",
        "support_evidence": "보행등, 음향신호기, 교통안전시설 상세",
        "nearest_audio_signal_id": "24-0000014887",
        "nearest_audio_signal_distance_m": 6.4,
        "nearest_push_button_id": NaN,
        "nearest_push_button_distance_m": NaN,
        "data_reference_date": "2026-03-20",
        "coordinate_note": "source_columns_swapped_and_normalized"
      }
    },
    {
      "type": "Feature",
      "geometry": {
        "type": "Point",
        "coordinates": [
          126.9502039,
          37.49712493
        ]
      },
      "properties": {
        "crosswalk_id": "06-0000038794",
        "district": "동작구",
        "address": "동작구 상도동 531-5 도",
        "crosswalk_type": "일단(화살표없음)",
        "has_pedestrian_light": "Y",
        "has_audio_signal": "Y",
        "has_push_button": "N",
        "is_raised_crosswalk": "N",
        "has_traffic_safety_detail": "Y",
        "accessibility_score": 5,
        "route_recommendation_tier": "recommended",
        "support_evidence": "보행등, 음향신호기, 교통안전시설 상세",
        "nearest_audio_signal_id": "24-0000014886",
        "nearest_audio_signal_distance_m": 7.2,
        "nearest_push_button_id": NaN,
        "nearest_push_button_distance_m": NaN,
        "data_reference_date": "2026-03-20",
        "coordinate_note": "source_columns_swapped_and_normalized"
      }
    },
    {
      "type": "Feature",
      "geometry": {
        "type": "Point",
        "coordinates": [
          126.9526612,
          37.49735339
        ]
      },
      "properties": {
        "crosswalk_id": "06-0000039131",
        "district": "동작구",
        "address": "동작구 상도1동 517 도",
        "crosswalk_type": "이단(화살표있음)",
        "has_pedestrian_light": "Y",
        "has_audio_signal": "Y",
        "has_push_button": "N",
        "is_raised_crosswalk": "N",
        "has_traffic_safety_detail": "Y",
        "accessibility_score": 5,
        "route_recommendation_tier": "recommended",
        "support_evidence": "보행등, 음향신호기, 교통안전시설 상세",
        "nearest_audio_signal_id": "24-0000011341",
        "nearest_audio_signal_distance_m": 15.8,
        "nearest_push_button_id": NaN,
        "nearest_push_button_distance_m": NaN,
        "data_reference_date": "2026-03-20",
        "coordinate_note": "source_columns_swapped_and_normalized"
      }
    },
    {
      "type": "Feature",
      "geometry": {
        "type": "Point",
        "coordinates": [
          126.9824795,
          37.49376881
        ]
      },
      "properties": {
        "crosswalk_id": "06-0000039258",
        "district": "동작구",
        "address": "동작구 동작동 55-3도",
        "crosswalk_type": "이단(화살표있음)",
        "has_pedestrian_light": "Y",
        "has_audio_signal": "Y",
        "has_push_button": "N",
        "is_raised_crosswalk": "N",
        "has_traffic_safety_detail": "Y",
        "accessibility_score": 5,
        "route_recommendation_tier": "recommended",
        "support_evidence": "보행등, 음향신호기, 교통안전시설 상세",
        "nearest_audio_signal_id": "24-0000015098",
        "nearest_audio_signal_distance_m": 5.2,
        "nearest_push_button_id": NaN,
        "nearest_push_button_distance_m": NaN,
        "data_reference_date": "2026-03-20",
        "coordinate_note": "source_columns_swapped_and_normalized"
      }
    },
    {
      "type": "Feature",
      "geometry": {
        "type": "Point",
        "coordinates": [
          126.9600461,
          37.50167118
        ]
      },
      "properties": {
        "crosswalk_id": "06-0000039321",
        "district": "동작구",
        "address": "동작구 흑석동 339-5 도",
        "crosswalk_type": "일단(화살표없음)",
        "has_pedestrian_light": "Y",
        "has_audio_signal": "N",
        "has_push_button": "Y",
        "is_raised_crosswalk": "Y",
        "has_traffic_safety_detail": "Y",
        "accessibility_score": 5,
        "route_recommendation_tier": "recommended",
        "support_evidence": "보행등, 보행자작동신호기, 고원식횡단보도, 교통안전시설 상세",
        "nearest_audio_signal_id": NaN,
        "nearest_audio_signal_distance_m": NaN,
        "nearest_push_button_id": "29-0000001400",
        "nearest_push_button_distance_m": 22.3,
        "data_reference_date": "2026-03-20",
        "coordinate_note": "source_columns_swapped_and_normalized"
      }
    },
    {
      "type": "Feature",
      "geometry": {
        "type": "Point",
        "coordinates": [
          126.9394265,
          37.50525775
        ]
      },
      "properties": {
        "crosswalk_id": "06-0000039473",
        "district": "동작구",
        "address": "동작구 상도동 370-11 도",
        "crosswalk_type": "이단(화살표있음)",
        "has_pedestrian_light": "Y",
        "has_audio_signal": "Y",
        "has_push_button": "N",
        "is_raised_crosswalk": "N",
        "has_traffic_safety_detail": "Y",
        "accessibility_score": 5,
        "route_recommendation_tier": "recommended",
        "support_evidence": "보행등, 음향신호기, 교통안전시설 상세",
        "nearest_audio_signal_id": "24-0000014305",
        "nearest_audio_signal_distance_m": 11.4,
        "nearest_push_button_id": NaN,
        "nearest_push_button_distance_m": NaN,
        "data_reference_date": "2026-03-20",
        "coordinate_note": "source_columns_swapped_and_normalized"
      }
    },
    {
      "type": "Feature",
      "geometry": {
        "type": "Point",
        "coordinates": [
          126.9536708,
          37.50495712
        ]
      },
      "properties": {
        "crosswalk_id": "06-0000040040",
        "district": "동작구",
        "address": "동작구 흑석동 7-61도",
        "crosswalk_type": "이단(화살표있음)",
        "has_pedestrian_light": "Y",
        "has_audio_signal": "Y",
        "has_push_button": "N",
        "is_raised_crosswalk": "N",
        "has_traffic_safety_detail": "Y",
        "accessibility_score": 5,
        "route_recommendation_tier": "recommended",
        "support_evidence": "보행등, 음향신호기, 교통안전시설 상세",
        "nearest_audio_signal_id": "24-0000009480",
        "nearest_audio_signal_distance_m": 0.8,
        "nearest_push_button_id": NaN,
        "nearest_push_button_distance_m": NaN,
        "data_reference_date": "2026-03-20",
        "coordinate_note": "source_columns_swapped_and_normalized"
      }
    },
    {
      "type": "Feature",
      "geometry": {
        "type": "Point",
        "coordinates": [
          126.9731952,
          37.4852688
        ]
      },
      "properties": {
        "crosswalk_id": "06-0000040200",
        "district": "동작구",
        "address": "동작구 사당동 169-14도",
        "crosswalk_type": "일단(화살표없음)",
        "has_pedestrian_light": "Y",
        "has_audio_signal": "Y",
        "has_push_button": "N",
        "is_raised_crosswalk": "N",
        "has_traffic_safety_detail": "Y",
        "accessibility_score": 5,
        "route_recommendation_tier": "recommended",
        "support_evidence": "보행등, 음향신호기, 교통안전시설 상세",
        "nearest_audio_signal_id": NaN,
        "nearest_audio_signal_distance_m": NaN,
        "nearest_push_button_id": NaN,
        "nearest_push_button_distance_m": NaN,
        "data_reference_date": "2026-03-20",
        "coordinate_note": "source_columns_swapped_and_normalized"
      }
    },
    {
      "type": "Feature",
      "geometry": {
        "type": "Point",
        "coordinates": [
          126.9733114,
          37.48519895
        ]
      },
      "properties": {
        "crosswalk_id": "06-0000040201",
        "district": "동작구",
        "address": "동작구 사당동 169-14도",
        "crosswalk_type": "이단(화살표있음)",
        "has_pedestrian_light": "Y",
        "has_audio_signal": "Y",
        "has_push_button": "N",
        "is_raised_crosswalk": "N",
        "has_traffic_safety_detail": "Y",
        "accessibility_score": 5,
        "route_recommendation_tier": "recommended",
        "support_evidence": "보행등, 음향신호기, 교통안전시설 상세",
        "nearest_audio_signal_id": NaN,
        "nearest_audio_signal_distance_m": NaN,
        "nearest_push_button_id": NaN,
        "nearest_push_button_distance_m": NaN,
        "data_reference_date": "2026-03-20",
        "coordinate_note": "source_columns_swapped_and_normalized"
      }
    },
    {
      "type": "Feature",
      "geometry": {
        "type": "Point",
        "coordinates": [
          126.9813781,
          37.47652222
        ]
      },
      "properties": {
        "crosswalk_id": "06-0000041029",
        "district": "동작구",
        "address": "동작구 사당동 1129도",
        "crosswalk_type": "이단(화살표없음)",
        "has_pedestrian_light": "Y",
        "has_audio_signal": "Y",
        "has_push_button": "N",
        "is_raised_crosswalk": "N",
        "has_traffic_safety_detail": "Y",
        "accessibility_score": 5,
        "route_recommendation_tier": "recommended",
        "support_evidence": "보행등, 음향신호기, 교통안전시설 상세",
        "nearest_audio_signal_id": "24-0000008722",
        "nearest_audio_signal_distance_m": 11.9,
        "nearest_push_button_id": NaN,
        "nearest_push_button_distance_m": NaN,
        "data_reference_date": "2026-03-20",
        "coordinate_note": "source_columns_swapped_and_normalized"
      }
    },
    {
      "type": "Feature",
      "geometry": {
        "type": "Point",
        "coordinates": [
          126.981391,
          37.47665278
        ]
      },
      "properties": {
        "crosswalk_id": "06-0000041030",
        "district": "동작구",
        "address": "동작구 사당동 1129도",
        "crosswalk_type": "이단(화살표있음)",
        "has_pedestrian_light": "Y",
        "has_audio_signal": "Y",
        "has_push_button": "N",
        "is_raised_crosswalk": "N",
        "has_traffic_safety_detail": "Y",
        "accessibility_score": 5,
        "route_recommendation_tier": "recommended",
        "support_evidence": "보행등, 음향신호기, 교통안전시설 상세",
        "nearest_audio_signal_id": "24-0000008721",
        "nearest_audio_signal_distance_m": 17.6,
        "nearest_push_button_id": NaN,
        "nearest_push_button_distance_m": NaN,
        "data_reference_date": "2026-03-20",
        "coordinate_note": "source_columns_swapped_and_normalized"
      }
    },
    {
      "type": "Feature",
      "geometry": {
        "type": "Point",
        "coordinates": [
          126.9688329,
          37.50617864
        ]
      },
      "properties": {
        "crosswalk_id": "06-0000041458",
        "district": "동작구",
        "address": "동작구 흑석동 27-91도",
        "crosswalk_type": "이단(화살표있음)",
        "has_pedestrian_light": "Y",
        "has_audio_signal": "Y",
        "has_push_button": "N",
        "is_raised_crosswalk": "N",
        "has_traffic_safety_detail": "Y",
        "accessibility_score": 5,
        "route_recommendation_tier": "recommended",
        "support_evidence": "보행등, 음향신호기, 교통안전시설 상세",
        "nearest_audio_signal_id": "24-0000011656",
        "nearest_audio_signal_distance_m": 7.8,
        "nearest_push_button_id": NaN,
        "nearest_push_button_distance_m": NaN,
        "data_reference_date": "2026-03-20",
        "coordinate_note": "source_columns_swapped_and_normalized"
      }
    },
    {
      "type": "Feature",
      "geometry": {
        "type": "Point",
        "coordinates": [
          126.9426439,
          37.51364188
        ]
      },
      "properties": {
        "crosswalk_id": "06-0000041460",
        "district": "동작구",
        "address": "동작구 노량진동 67-3도",
        "crosswalk_type": "이단(화살표있음)",
        "has_pedestrian_light": "Y",
        "has_audio_signal": "Y",
        "has_push_button": "N",
        "is_raised_crosswalk": "N",
        "has_traffic_safety_detail": "Y",
        "accessibility_score": 5,
        "route_recommendation_tier": "recommended",
        "support_evidence": "보행등, 음향신호기, 교통안전시설 상세",
        "nearest_audio_signal_id": "24-0000013815",
        "nearest_audio_signal_distance_m": 7.9,
        "nearest_push_button_id": NaN,
        "nearest_push_button_distance_m": NaN,
        "data_reference_date": "2026-03-20",
        "coordinate_note": "source_columns_swapped_and_normalized"
      }
    },
    {
      "type": "Feature",
      "geometry": {
        "type": "Point",
        "coordinates": [
          126.9402079,
          37.51149569
        ]
      },
      "properties": {
        "crosswalk_id": "06-0000042048",
        "district": "동작구",
        "address": "동작구 노량진동 239-2 도",
        "crosswalk_type": "이단(화살표있음)",
        "has_pedestrian_light": "Y",
        "has_audio_signal": "Y",
        "has_push_button": "N",
        "is_raised_crosswalk": "N",
        "has_traffic_safety_detail": "Y",
        "accessibility_score": 5,
        "route_recommendation_tier": "recommended",
        "support_evidence": "보행등, 음향신호기, 교통안전시설 상세",
        "nearest_audio_signal_id": "24-0000014203",
        "nearest_audio_signal_distance_m": 10.3,
        "nearest_push_button_id": NaN,
        "nearest_push_button_distance_m": NaN,
        "data_reference_date": "2026-03-20",
        "coordinate_note": "source_columns_swapped_and_normalized"
      }
    },
    {
      "type": "Feature",
      "geometry": {
        "type": "Point",
        "coordinates": [
          126.9709398,
          37.48470748
        ]
      },
      "properties": {
        "crosswalk_id": "06-0000043750",
        "district": "동작구",
        "address": "동작구 사당동 산25-33도",
        "crosswalk_type": "이단(화살표있음)",
        "has_pedestrian_light": "Y",
        "has_audio_signal": "Y",
        "has_push_button": "N",
        "is_raised_crosswalk": "N",
        "has_traffic_safety_detail": "Y",
        "accessibility_score": 5,
        "route_recommendation_tier": "recommended",
        "support_evidence": "보행등, 음향신호기, 교통안전시설 상세",
        "nearest_audio_signal_id": "24-0000011932",
        "nearest_audio_signal_distance_m": 5.8,
        "nearest_push_button_id": NaN,
        "nearest_push_button_distance_m": NaN,
        "data_reference_date": "2026-03-20",
        "coordinate_note": "source_columns_swapped_and_normalized"
      }
    },
    {
      "type": "Feature",
      "geometry": {
        "type": "Point",
        "coordinates": [
          126.9364016,
          37.51326996
        ]
      },
      "properties": {
        "crosswalk_id": "06-0000044515",
        "district": "동작구",
        "address": "동작구 노량진동 27-1도",
        "crosswalk_type": "이단(화살표있음)",
        "has_pedestrian_light": "Y",
        "has_audio_signal": "Y",
        "has_push_button": "N",
        "is_raised_crosswalk": "N",
        "has_traffic_safety_detail": "Y",
        "accessibility_score": 5,
        "route_recommendation_tier": "recommended",
        "support_evidence": "보행등, 음향신호기, 교통안전시설 상세",
        "nearest_audio_signal_id": "24-0000014282",
        "nearest_audio_signal_distance_m": 7.0,
        "nearest_push_button_id": NaN,
        "nearest_push_button_distance_m": NaN,
        "data_reference_date": "2026-03-20",
        "coordinate_note": "source_columns_swapped_and_normalized"
      }
    },
    {
      "type": "Feature",
      "geometry": {
        "type": "Point",
        "coordinates": [
          126.9386249,
          37.51348746
        ]
      },
      "properties": {
        "crosswalk_id": "06-0000044678",
        "district": "동작구",
        "address": "동작구 노량진동 40-12 도",
        "crosswalk_type": "이단(화살표있음)",
        "has_pedestrian_light": "Y",
        "has_audio_signal": "Y",
        "has_push_button": "N",
        "is_raised_crosswalk": "N",
        "has_traffic_safety_detail": "Y",
        "accessibility_score": 5,
        "route_recommendation_tier": "recommended",
        "support_evidence": "보행등, 음향신호기, 교통안전시설 상세",
        "nearest_audio_signal_id": "24-0000009435",
        "nearest_audio_signal_distance_m": 4.6,
        "nearest_push_button_id": NaN,
        "nearest_push_button_distance_m": NaN,
        "data_reference_date": "2026-03-20",
        "coordinate_note": "source_columns_swapped_and_normalized"
      }
    },
    {
      "type": "Feature",
      "geometry": {
        "type": "Point",
        "coordinates": [
          126.9386489,
          37.51331022
        ]
      },
      "properties": {
        "crosswalk_id": "06-0000044679",
        "district": "동작구",
        "address": "동작구 노량진동 40-12 도",
        "crosswalk_type": "이단(화살표있음)",
        "has_pedestrian_light": "Y",
        "has_audio_signal": "Y",
        "has_push_button": "N",
        "is_raised_crosswalk": "N",
        "has_traffic_safety_detail": "Y",
        "accessibility_score": 5,
        "route_recommendation_tier": "recommended",
        "support_evidence": "보행등, 음향신호기, 교통안전시설 상세",
        "nearest_audio_signal_id": "24-0000005857",
        "nearest_audio_signal_distance_m": 2.0,
        "nearest_push_button_id": NaN,
        "nearest_push_button_distance_m": NaN,
        "data_reference_date": "2026-03-20",
        "coordinate_note": "source_columns_swapped_and_normalized"
      }
    },
    {
      "type": "Feature",
      "geometry": {
        "type": "Point",
        "coordinates": [
          126.9731987,
          37.4759372
        ]
      },
      "properties": {
        "crosswalk_id": "06-0000044853",
        "district": "동작구",
        "address": "동작구 사당동 1129도",
        "crosswalk_type": "이단(화살표있음)",
        "has_pedestrian_light": "Y",
        "has_audio_signal": "Y",
        "has_push_button": "N",
        "is_raised_crosswalk": "N",
        "has_traffic_safety_detail": "Y",
        "accessibility_score": 5,
        "route_recommendation_tier": "recommended",
        "support_evidence": "보행등, 음향신호기, 교통안전시설 상세",
        "nearest_audio_signal_id": "24-0000012317",
        "nearest_audio_signal_distance_m": 16.2,
        "nearest_push_button_id": NaN,
        "nearest_push_button_distance_m": NaN,
        "data_reference_date": "2026-03-20",
        "coordinate_note": "source_columns_swapped_and_normalized"
      }
    },
    {
      "type": "Feature",
      "geometry": {
        "type": "Point",
        "coordinates": [
          126.9666014,
          37.48194278
        ]
      },
      "properties": {
        "crosswalk_id": "06-0000045215",
        "district": "동작구",
        "address": "동작구 사당동 235-55도",
        "crosswalk_type": "일단(화살표없음)",
        "has_pedestrian_light": "Y",
        "has_audio_signal": "Y",
        "has_push_button": "N",
        "is_raised_crosswalk": "N",
        "has_traffic_safety_detail": "Y",
        "accessibility_score": 5,
        "route_recommendation_tier": "recommended",
        "support_evidence": "보행등, 음향신호기, 교통안전시설 상세",
        "nearest_audio_signal_id": NaN,
        "nearest_audio_signal_distance_m": NaN,
        "nearest_push_button_id": NaN,
        "nearest_push_button_distance_m": NaN,
        "data_reference_date": "2026-03-20",
        "coordinate_note": "source_columns_swapped_and_normalized"
      }
    },
    {
      "type": "Feature",
      "geometry": {
        "type": "Point",
        "coordinates": [
          126.9536894,
          37.50102635
        ]
      },
      "properties": {
        "crosswalk_id": "06-0000045997",
        "district": "동작구",
        "address": "동작구 상도동 439 도",
        "crosswalk_type": "이단(화살표있음)",
        "has_pedestrian_light": "Y",
        "has_audio_signal": "Y",
        "has_push_button": "N",
        "is_raised_crosswalk": "N",
        "has_traffic_safety_detail": "Y",
        "accessibility_score": 5,
        "route_recommendation_tier": "recommended",
        "support_evidence": "보행등, 음향신호기, 교통안전시설 상세",
        "nearest_audio_signal_id": "24-0000011411",
        "nearest_audio_signal_distance_m": 9.4,
        "nearest_push_button_id": NaN,
        "nearest_push_button_distance_m": NaN,
        "data_reference_date": "2026-03-20",
        "coordinate_note": "source_columns_swapped_and_normalized"
      }
    },
    {
      "type": "Feature",
      "geometry": {
        "type": "Point",
        "coordinates": [
          126.9818631,
          37.48283052
        ]
      },
      "properties": {
        "crosswalk_id": "06-0000046041",
        "district": "동작구",
        "address": "동작구 사당동 1112도",
        "crosswalk_type": "이단(화살표있음)",
        "has_pedestrian_light": "Y",
        "has_audio_signal": "Y",
        "has_push_button": "N",
        "is_raised_crosswalk": "N",
        "has_traffic_safety_detail": "Y",
        "accessibility_score": 5,
        "route_recommendation_tier": "recommended",
        "support_evidence": "보행등, 음향신호기, 교통안전시설 상세",
        "nearest_audio_signal_id": "24-0000005784",
        "nearest_audio_signal_distance_m": 4.2,
        "nearest_push_button_id": NaN,
        "nearest_push_button_distance_m": NaN,
        "data_reference_date": "2026-03-20",
        "coordinate_note": "source_columns_swapped_and_normalized"
      }
    },
    {
      "type": "Feature",
      "geometry": {
        "type": "Point",
        "coordinates": [
          126.9817182,
          37.48020456
        ]
      },
      "properties": {
        "crosswalk_id": "06-0000046042",
        "district": "동작구",
        "address": "동작구 사당동 1112도",
        "crosswalk_type": "이단(화살표있음)",
        "has_pedestrian_light": "Y",
        "has_audio_signal": "Y",
        "has_push_button": "N",
        "is_raised_crosswalk": "N",
        "has_traffic_safety_detail": "Y",
        "accessibility_score": 5,
        "route_recommendation_tier": "recommended",
        "support_evidence": "보행등, 음향신호기, 교통안전시설 상세",
        "nearest_audio_signal_id": "24-0000011257",
        "nearest_audio_signal_distance_m": 6.5,
        "nearest_push_button_id": NaN,
        "nearest_push_button_distance_m": NaN,
        "data_reference_date": "2026-03-20",
        "coordinate_note": "source_columns_swapped_and_normalized"
      }
    },
    {
      "type": "Feature",
      "geometry": {
        "type": "Point",
        "coordinates": [
          126.9463665,
          37.50489726
        ]
      },
      "properties": {
        "crosswalk_id": "06-0000046448",
        "district": "동작구",
        "address": "동작구 상도동 26-75 도",
        "crosswalk_type": "이단(화살표있음)",
        "has_pedestrian_light": "Y",
        "has_audio_signal": "Y",
        "has_push_button": "N",
        "is_raised_crosswalk": "N",
        "has_traffic_safety_detail": "Y",
        "accessibility_score": 5,
        "route_recommendation_tier": "recommended",
        "support_evidence": "보행등, 음향신호기, 교통안전시설 상세",
        "nearest_audio_signal_id": "24-0000014301",
        "nearest_audio_signal_distance_m": 30.0,
        "nearest_push_button_id": NaN,
        "nearest_push_button_distance_m": NaN,
        "data_reference_date": "2026-03-20",
        "coordinate_note": "source_columns_swapped_and_normalized"
      }
    },
    {
      "type": "Feature",
      "geometry": {
        "type": "Point",
        "coordinates": [
          126.9609144,
          37.50352064
        ]
      },
      "properties": {
        "crosswalk_id": "06-0000046449",
        "district": "동작구",
        "address": "동작구 흑석동 86-191 도",
        "crosswalk_type": "이단(화살표없음)",
        "has_pedestrian_light": "Y",
        "has_audio_signal": "Y",
        "has_push_button": "N",
        "is_raised_crosswalk": "N",
        "has_traffic_safety_detail": "Y",
        "accessibility_score": 5,
        "route_recommendation_tier": "recommended",
        "support_evidence": "보행등, 음향신호기, 교통안전시설 상세",
        "nearest_audio_signal_id": NaN,
        "nearest_audio_signal_distance_m": NaN,
        "nearest_push_button_id": NaN,
        "nearest_push_button_distance_m": NaN,
        "data_reference_date": "2026-03-20",
        "coordinate_note": "source_columns_swapped_and_normalized"
      }
    },
    {
      "type": "Feature",
      "geometry": {
        "type": "Point",
        "coordinates": [
          126.9615809,
          37.50887499
        ]
      },
      "properties": {
        "crosswalk_id": "06-0000047460",
        "district": "동작구",
        "address": "동작구 흑석동 341-11 도",
        "crosswalk_type": "이단(화살표있음)",
        "has_pedestrian_light": "Y",
        "has_audio_signal": "Y",
        "has_push_button": "N",
        "is_raised_crosswalk": "N",
        "has_traffic_safety_detail": "Y",
        "accessibility_score": 5,
        "route_recommendation_tier": "recommended",
        "support_evidence": "보행등, 음향신호기, 교통안전시설 상세",
        "nearest_audio_signal_id": NaN,
        "nearest_audio_signal_distance_m": NaN,
        "nearest_push_button_id": NaN,
        "nearest_push_button_distance_m": NaN,
        "data_reference_date": "2026-03-20",
        "coordinate_note": "source_columns_swapped_and_normalized"
      }
    },
    {
      "type": "Feature",
      "geometry": {
        "type": "Point",
        "coordinates": [
          126.9632632,
          37.50956528
        ]
      },
      "properties": {
        "crosswalk_id": "06-0000047470",
        "district": "동작구",
        "address": "동작구 흑석동 114-3 종",
        "crosswalk_type": "일단(화살표없음)",
        "has_pedestrian_light": "N",
        "has_audio_signal": "Y",
        "has_push_button": "N",
        "is_raised_crosswalk": "Y",
        "has_traffic_safety_detail": "Y",
        "accessibility_score": 5,
        "route_recommendation_tier": "recommended",
        "support_evidence": "음향신호기, 고원식횡단보도, 교통안전시설 상세",
        "nearest_audio_signal_id": "24-0000014290",
        "nearest_audio_signal_distance_m": 4.7,
        "nearest_push_button_id": NaN,
        "nearest_push_button_distance_m": NaN,
        "data_reference_date": "2026-03-20",
        "coordinate_note": "source_columns_swapped_and_normalized"
      }
    },
    {
      "type": "Feature",
      "geometry": {
        "type": "Point",
        "coordinates": [
          126.961783,
          37.50889412
        ]
      },
      "properties": {
        "crosswalk_id": "06-0000048034",
        "district": "동작구",
        "address": "동작구 흑석동 130-3도",
        "crosswalk_type": "이단(화살표있음)",
        "has_pedestrian_light": "Y",
        "has_audio_signal": "Y",
        "has_push_button": "N",
        "is_raised_crosswalk": "N",
        "has_traffic_safety_detail": "Y",
        "accessibility_score": 5,
        "route_recommendation_tier": "recommended",
        "support_evidence": "보행등, 음향신호기, 교통안전시설 상세",
        "nearest_audio_signal_id": NaN,
        "nearest_audio_signal_distance_m": NaN,
        "nearest_push_button_id": NaN,
        "nearest_push_button_distance_m": NaN,
        "data_reference_date": "2026-03-20",
        "coordinate_note": "source_columns_swapped_and_normalized"
      }
    },
    {
      "type": "Feature",
      "geometry": {
        "type": "Point",
        "coordinates": [
          126.9601485,
          37.5095709
        ]
      },
      "properties": {
        "crosswalk_id": "06-0000048035",
        "district": "동작구",
        "address": "동작구 흑석동 341-11 도",
        "crosswalk_type": "일단(화살표있음)",
        "has_pedestrian_light": "Y",
        "has_audio_signal": "Y",
        "has_push_button": "N",
        "is_raised_crosswalk": "N",
        "has_traffic_safety_detail": "Y",
        "accessibility_score": 5,
        "route_recommendation_tier": "recommended",
        "support_evidence": "보행등, 음향신호기, 교통안전시설 상세",
        "nearest_audio_signal_id": NaN,
        "nearest_audio_signal_distance_m": NaN,
        "nearest_push_button_id": NaN,
        "nearest_push_button_distance_m": NaN,
        "data_reference_date": "2026-03-20",
        "coordinate_note": "source_columns_swapped_and_normalized"
      }
    },
    {
      "type": "Feature",
      "geometry": {
        "type": "Point",
        "coordinates": [
          126.9599522,
          37.5095506
        ]
      },
      "properties": {
        "crosswalk_id": "06-0000048036",
        "district": "동작구",
        "address": "동작구 흑석동 341-11 도",
        "crosswalk_type": "일단(화살표없음)",
        "has_pedestrian_light": "Y",
        "has_audio_signal": "Y",
        "has_push_button": "N",
        "is_raised_crosswalk": "N",
        "has_traffic_safety_detail": "Y",
        "accessibility_score": 5,
        "route_recommendation_tier": "recommended",
        "support_evidence": "보행등, 음향신호기, 교통안전시설 상세",
        "nearest_audio_signal_id": NaN,
        "nearest_audio_signal_distance_m": NaN,
        "nearest_push_button_id": NaN,
        "nearest_push_button_distance_m": NaN,
        "data_reference_date": "2026-03-20",
        "coordinate_note": "source_columns_swapped_and_normalized"
      }
    },
    {
      "type": "Feature",
      "geometry": {
        "type": "Point",
        "coordinates": [
          126.9600994,
          37.50969862
        ]
      },
      "properties": {
        "crosswalk_id": "06-0000048037",
        "district": "동작구",
        "address": "동작구 흑석동 341-11 도",
        "crosswalk_type": "이단(화살표있음)",
        "has_pedestrian_light": "Y",
        "has_audio_signal": "Y",
        "has_push_button": "N",
        "is_raised_crosswalk": "N",
        "has_traffic_safety_detail": "Y",
        "accessibility_score": 5,
        "route_recommendation_tier": "recommended",
        "support_evidence": "보행등, 음향신호기, 교통안전시설 상세",
        "nearest_audio_signal_id": NaN,
        "nearest_audio_signal_distance_m": NaN,
        "nearest_push_button_id": NaN,
        "nearest_push_button_distance_m": NaN,
        "data_reference_date": "2026-03-20",
        "coordinate_note": "source_columns_swapped_and_normalized"
      }
    },
    {
      "type": "Feature",
      "geometry": {
        "type": "Point",
        "coordinates": [
          126.9599258,
          37.50966038
        ]
      },
      "properties": {
        "crosswalk_id": "06-0000048038",
        "district": "동작구",
        "address": "동작구 흑석동 341-11 도",
        "crosswalk_type": "일단(화살표없음)",
        "has_pedestrian_light": "Y",
        "has_audio_signal": "Y",
        "has_push_button": "N",
        "is_raised_crosswalk": "N",
        "has_traffic_safety_detail": "Y",
        "accessibility_score": 5,
        "route_recommendation_tier": "recommended",
        "support_evidence": "보행등, 음향신호기, 교통안전시설 상세",
        "nearest_audio_signal_id": NaN,
        "nearest_audio_signal_distance_m": NaN,
        "nearest_push_button_id": NaN,
        "nearest_push_button_distance_m": NaN,
        "data_reference_date": "2026-03-20",
        "coordinate_note": "source_columns_swapped_and_normalized"
      }
    },
    {
      "type": "Feature",
      "geometry": {
        "type": "Point",
        "coordinates": [
          126.9607787,
          37.50402157
        ]
      },
      "properties": {
        "crosswalk_id": "06-0000048048",
        "district": "동작구",
        "address": "동작구 흑석동 340-10 도",
        "crosswalk_type": "일단(화살표있음)",
        "has_pedestrian_light": "Y",
        "has_audio_signal": "Y",
        "has_push_button": "N",
        "is_raised_crosswalk": "N",
        "has_traffic_safety_detail": "Y",
        "accessibility_score": 5,
        "route_recommendation_tier": "recommended",
        "support_evidence": "보행등, 음향신호기, 교통안전시설 상세",
        "nearest_audio_signal_id": NaN,
        "nearest_audio_signal_distance_m": NaN,
        "nearest_push_button_id": NaN,
        "nearest_push_button_distance_m": NaN,
        "data_reference_date": "2026-03-20",
        "coordinate_note": "source_columns_swapped_and_normalized"
      }
    },
    {
      "type": "Feature",
      "geometry": {
        "type": "Point",
        "coordinates": [
          126.9606827,
          37.50395555
        ]
      },
      "properties": {
        "crosswalk_id": "06-0000048049",
        "district": "동작구",
        "address": "동작구 흑석동 340-0 대",
        "crosswalk_type": "일단(화살표없음)",
        "has_pedestrian_light": "Y",
        "has_audio_signal": "Y",
        "has_push_button": "N",
        "is_raised_crosswalk": "N",
        "has_traffic_safety_detail": "Y",
        "accessibility_score": 5,
        "route_recommendation_tier": "recommended",
        "support_evidence": "보행등, 음향신호기, 교통안전시설 상세",
        "nearest_audio_signal_id": NaN,
        "nearest_audio_signal_distance_m": NaN,
        "nearest_push_button_id": NaN,
        "nearest_push_button_distance_m": NaN,
        "data_reference_date": "2026-03-20",
        "coordinate_note": "source_columns_swapped_and_normalized"
      }
    },
    {
      "type": "Feature",
      "geometry": {
        "type": "Point",
        "coordinates": [
          126.9403334,
          37.51350127
        ]
      },
      "properties": {
        "crosswalk_id": "06-0000048080",
        "district": "동작구",
        "address": "동작구 노량진동 60-11도",
        "crosswalk_type": "이단(화살표있음)",
        "has_pedestrian_light": "Y",
        "has_audio_signal": "Y",
        "has_push_button": "N",
        "is_raised_crosswalk": "N",
        "has_traffic_safety_detail": "Y",
        "accessibility_score": 5,
        "route_recommendation_tier": "recommended",
        "support_evidence": "보행등, 음향신호기, 교통안전시설 상세",
        "nearest_audio_signal_id": "24-0000009436",
        "nearest_audio_signal_distance_m": 9.1,
        "nearest_push_button_id": NaN,
        "nearest_push_button_distance_m": NaN,
        "data_reference_date": "2026-03-20",
        "coordinate_note": "source_columns_swapped_and_normalized"
      }
    },
    {
      "type": "Feature",
      "geometry": {
        "type": "Point",
        "coordinates": [
          126.9716707,
          37.48950173
        ]
      },
      "properties": {
        "crosswalk_id": "06-0000048118",
        "district": "동작구",
        "address": "동작구 사당동 173-9대",
        "crosswalk_type": "일단(화살표없음)",
        "has_pedestrian_light": "Y",
        "has_audio_signal": "Y",
        "has_push_button": "N",
        "is_raised_crosswalk": "N",
        "has_traffic_safety_detail": "Y",
        "accessibility_score": 5,
        "route_recommendation_tier": "recommended",
        "support_evidence": "보행등, 음향신호기, 교통안전시설 상세",
        "nearest_audio_signal_id": NaN,
        "nearest_audio_signal_distance_m": NaN,
        "nearest_push_button_id": NaN,
        "nearest_push_button_distance_m": NaN,
        "data_reference_date": "2026-03-20",
        "coordinate_note": "source_columns_swapped_and_normalized"
      }
    },
    {
      "type": "Feature",
      "geometry": {
        "type": "Point",
        "coordinates": [
          126.974287,
          37.48323105
        ]
      },
      "properties": {
        "crosswalk_id": "06-0000048862",
        "district": "동작구",
        "address": "동작구 사당동 254-1도",
        "crosswalk_type": "이단(화살표있음)",
        "has_pedestrian_light": "Y",
        "has_audio_signal": "Y",
        "has_push_button": "N",
        "is_raised_crosswalk": "N",
        "has_traffic_safety_detail": "Y",
        "accessibility_score": 5,
        "route_recommendation_tier": "recommended",
        "support_evidence": "보행등, 음향신호기, 교통안전시설 상세",
        "nearest_audio_signal_id": NaN,
        "nearest_audio_signal_distance_m": NaN,
        "nearest_push_button_id": NaN,
        "nearest_push_button_distance_m": NaN,
        "data_reference_date": "2026-03-20",
        "coordinate_note": "source_columns_swapped_and_normalized"
      }
    },
    {
      "type": "Feature",
      "geometry": {
        "type": "Point",
        "coordinates": [
          126.9463674,
          37.50469323
        ]
      },
      "properties": {
        "crosswalk_id": "06-0000049113",
        "district": "동작구",
        "address": "동작구 상도동 34-3 도",
        "crosswalk_type": "이단(화살표있음)",
        "has_pedestrian_light": "Y",
        "has_audio_signal": "Y",
        "has_push_button": "N",
        "is_raised_crosswalk": "N",
        "has_traffic_safety_detail": "Y",
        "accessibility_score": 5,
        "route_recommendation_tier": "recommended",
        "support_evidence": "보행등, 음향신호기, 교통안전시설 상세",
        "nearest_audio_signal_id": NaN,
        "nearest_audio_signal_distance_m": NaN,
        "nearest_push_button_id": NaN,
        "nearest_push_button_distance_m": NaN,
        "data_reference_date": "2026-03-20",
        "coordinate_note": "source_columns_swapped_and_normalized"
      }
    },
    {
      "type": "Feature",
      "geometry": {
        "type": "Point",
        "coordinates": [
          126.9398281,
          37.50674532
        ]
      },
      "properties": {
        "crosswalk_id": "06-0000049139",
        "district": "동작구",
        "address": "동작구 노량진동 230-44도",
        "crosswalk_type": "이단(화살표있음)",
        "has_pedestrian_light": "Y",
        "has_audio_signal": "Y",
        "has_push_button": "N",
        "is_raised_crosswalk": "N",
        "has_traffic_safety_detail": "Y",
        "accessibility_score": 5,
        "route_recommendation_tier": "recommended",
        "support_evidence": "보행등, 음향신호기, 교통안전시설 상세",
        "nearest_audio_signal_id": "24-0000014889",
        "nearest_audio_signal_distance_m": 9.3,
        "nearest_push_button_id": NaN,
        "nearest_push_button_distance_m": NaN,
        "data_reference_date": "2026-03-20",
        "coordinate_note": "source_columns_swapped_and_normalized"
      }
    },
    {
      "type": "Feature",
      "geometry": {
        "type": "Point",
        "coordinates": [
          126.927726,
          37.49701754
        ]
      },
      "properties": {
        "crosswalk_id": "06-0000049198",
        "district": "동작구",
        "address": "동작구 신대방동 344-201도",
        "crosswalk_type": "일단(화살표없음)",
        "has_pedestrian_light": "N",
        "has_audio_signal": "Y",
        "has_push_button": "N",
        "is_raised_crosswalk": "Y",
        "has_traffic_safety_detail": "Y",
        "accessibility_score": 5,
        "route_recommendation_tier": "recommended",
        "support_evidence": "음향신호기, 고원식횡단보도, 교통안전시설 상세",
        "nearest_audio_signal_id": "24-0000014308",
        "nearest_audio_signal_distance_m": 22.7,
        "nearest_push_button_id": NaN,
        "nearest_push_button_distance_m": NaN,
        "data_reference_date": "2026-03-20",
        "coordinate_note": "source_columns_swapped_and_normalized"
      }
    },
    {
      "type": "Feature",
      "geometry": {
        "type": "Point",
        "coordinates": [
          126.9699259,
          37.48512326
        ]
      },
      "properties": {
        "crosswalk_id": "06-0000049199",
        "district": "동작구",
        "address": "동작구 사당동 221도",
        "crosswalk_type": "이단(화살표없음)",
        "has_pedestrian_light": "Y",
        "has_audio_signal": "Y",
        "has_push_button": "N",
        "is_raised_crosswalk": "N",
        "has_traffic_safety_detail": "Y",
        "accessibility_score": 5,
        "route_recommendation_tier": "recommended",
        "support_evidence": "보행등, 음향신호기, 교통안전시설 상세",
        "nearest_audio_signal_id": "24-0000002177",
        "nearest_audio_signal_distance_m": 20.4,
        "nearest_push_button_id": NaN,
        "nearest_push_button_distance_m": NaN,
        "data_reference_date": "2026-03-20",
        "coordinate_note": "source_columns_swapped_and_normalized"
      }
    },
    {
      "type": "Feature",
      "geometry": {
        "type": "Point",
        "coordinates": [
          126.9220543,
          37.50419464
        ]
      },
      "properties": {
        "crosswalk_id": "06-0000049350",
        "district": "동작구",
        "address": "동작구 대방동 466-43도",
        "crosswalk_type": "이단(화살표있음)",
        "has_pedestrian_light": "Y",
        "has_audio_signal": "Y",
        "has_push_button": "N",
        "is_raised_crosswalk": "N",
        "has_traffic_safety_detail": "Y",
        "accessibility_score": 5,
        "route_recommendation_tier": "recommended",
        "support_evidence": "보행등, 음향신호기, 교통안전시설 상세",
        "nearest_audio_signal_id": "24-0000003874",
        "nearest_audio_signal_distance_m": 11.2,
        "nearest_push_button_id": NaN,
        "nearest_push_button_distance_m": NaN,
        "data_reference_date": "2026-03-20",
        "coordinate_note": "source_columns_swapped_and_normalized"
      }
    },
    {
      "type": "Feature",
      "geometry": {
        "type": "Point",
        "coordinates": [
          126.9604376,
          37.49961197
        ]
      },
      "properties": {
        "crosswalk_id": "06-0000049508",
        "district": "동작구",
        "address": "동작구 흑석동 257-7대",
        "crosswalk_type": "이단(화살표있음)",
        "has_pedestrian_light": "Y",
        "has_audio_signal": "Y",
        "has_push_button": "N",
        "is_raised_crosswalk": "N",
        "has_traffic_safety_detail": "Y",
        "accessibility_score": 5,
        "route_recommendation_tier": "recommended",
        "support_evidence": "보행등, 음향신호기, 교통안전시설 상세",
        "nearest_audio_signal_id": NaN,
        "nearest_audio_signal_distance_m": NaN,
        "nearest_push_button_id": NaN,
        "nearest_push_button_distance_m": NaN,
        "data_reference_date": "2026-03-20",
        "coordinate_note": "source_columns_swapped_and_normalized"
      }
    },
    {
      "type": "Feature",
      "geometry": {
        "type": "Point",
        "coordinates": [
          126.9598842,
          37.49919469
        ]
      },
      "properties": {
        "crosswalk_id": "06-0000049509",
        "district": "동작구",
        "address": "동작구 흑석동 239-88대",
        "crosswalk_type": "일단(화살표없음)",
        "has_pedestrian_light": "Y",
        "has_audio_signal": "Y",
        "has_push_button": "N",
        "is_raised_crosswalk": "N",
        "has_traffic_safety_detail": "Y",
        "accessibility_score": 5,
        "route_recommendation_tier": "recommended",
        "support_evidence": "보행등, 음향신호기, 교통안전시설 상세",
        "nearest_audio_signal_id": NaN,
        "nearest_audio_signal_distance_m": NaN,
        "nearest_push_button_id": NaN,
        "nearest_push_button_distance_m": NaN,
        "data_reference_date": "2026-03-20",
        "coordinate_note": "source_columns_swapped_and_normalized"
      }
    },
    {
      "type": "Feature",
      "geometry": {
        "type": "Point",
        "coordinates": [
          126.9600567,
          37.49922109
        ]
      },
      "properties": {
        "crosswalk_id": "06-0000049510",
        "district": "동작구",
        "address": "동작구 흑석동 258-3대",
        "crosswalk_type": "이단(화살표있음)",
        "has_pedestrian_light": "Y",
        "has_audio_signal": "Y",
        "has_push_button": "N",
        "is_raised_crosswalk": "N",
        "has_traffic_safety_detail": "Y",
        "accessibility_score": 5,
        "route_recommendation_tier": "recommended",
        "support_evidence": "보행등, 음향신호기, 교통안전시설 상세",
        "nearest_audio_signal_id": NaN,
        "nearest_audio_signal_distance_m": NaN,
        "nearest_push_button_id": NaN,
        "nearest_push_button_distance_m": NaN,
        "data_reference_date": "2026-03-20",
        "coordinate_note": "source_columns_swapped_and_normalized"
      }
    },
    {
      "type": "Feature",
      "geometry": {
        "type": "Point",
        "coordinates": [
          126.9599754,
          37.49908246
        ]
      },
      "properties": {
        "crosswalk_id": "06-0000049511",
        "district": "동작구",
        "address": "동작구 흑석동 330-9 도",
        "crosswalk_type": "일단(화살표없음)",
        "has_pedestrian_light": "Y",
        "has_audio_signal": "Y",
        "has_push_button": "N",
        "is_raised_crosswalk": "N",
        "has_traffic_safety_detail": "Y",
        "accessibility_score": 5,
        "route_recommendation_tier": "recommended",
        "support_evidence": "보행등, 음향신호기, 교통안전시설 상세",
        "nearest_audio_signal_id": NaN,
        "nearest_audio_signal_distance_m": NaN,
        "nearest_push_button_id": NaN,
        "nearest_push_button_distance_m": NaN,
        "data_reference_date": "2026-03-20",
        "coordinate_note": "source_columns_swapped_and_normalized"
      }
    },
    {
      "type": "Feature",
      "geometry": {
        "type": "Point",
        "coordinates": [
          126.9604971,
          37.49951996
        ]
      },
      "properties": {
        "crosswalk_id": "06-0000049512",
        "district": "동작구",
        "address": "동작구 흑석동 257-7대",
        "crosswalk_type": "일단(화살표없음)",
        "has_pedestrian_light": "Y",
        "has_audio_signal": "Y",
        "has_push_button": "N",
        "is_raised_crosswalk": "N",
        "has_traffic_safety_detail": "Y",
        "accessibility_score": 5,
        "route_recommendation_tier": "recommended",
        "support_evidence": "보행등, 음향신호기, 교통안전시설 상세",
        "nearest_audio_signal_id": NaN,
        "nearest_audio_signal_distance_m": NaN,
        "nearest_push_button_id": NaN,
        "nearest_push_button_distance_m": NaN,
        "data_reference_date": "2026-03-20",
        "coordinate_note": "source_columns_swapped_and_normalized"
      }
    },
    {
      "type": "Feature",
      "geometry": {
        "type": "Point",
        "coordinates": [
          126.9449103,
          37.50056826
        ]
      },
      "properties": {
        "crosswalk_id": "06-0000050747",
        "district": "동작구",
        "address": "동작구 상도동 521-3 도",
        "crosswalk_type": "이단(화살표있음)",
        "has_pedestrian_light": "Y",
        "has_audio_signal": "Y",
        "has_push_button": "N",
        "is_raised_crosswalk": "N",
        "has_traffic_safety_detail": "Y",
        "accessibility_score": 5,
        "route_recommendation_tier": "recommended",
        "support_evidence": "보행등, 음향신호기, 교통안전시설 상세",
        "nearest_audio_signal_id": NaN,
        "nearest_audio_signal_distance_m": NaN,
        "nearest_push_button_id": NaN,
        "nearest_push_button_distance_m": NaN,
        "data_reference_date": "2026-03-20",
        "coordinate_note": "source_columns_swapped_and_normalized"
      }
    },
    {
      "type": "Feature",
      "geometry": {
        "type": "Point",
        "coordinates": [
          126.9452901,
          37.50070398
        ]
      },
      "properties": {
        "crosswalk_id": "06-0000050749",
        "district": "동작구",
        "address": "동작구 상도동 904-1 도",
        "crosswalk_type": "이단(화살표있음)",
        "has_pedestrian_light": "Y",
        "has_audio_signal": "Y",
        "has_push_button": "N",
        "is_raised_crosswalk": "N",
        "has_traffic_safety_detail": "Y",
        "accessibility_score": 5,
        "route_recommendation_tier": "recommended",
        "support_evidence": "보행등, 음향신호기, 교통안전시설 상세",
        "nearest_audio_signal_id": NaN,
        "nearest_audio_signal_distance_m": NaN,
        "nearest_push_button_id": NaN,
        "nearest_push_button_distance_m": NaN,
        "data_reference_date": "2026-03-20",
        "coordinate_note": "source_columns_swapped_and_normalized"
      }
    },
    {
      "type": "Feature",
      "geometry": {
        "type": "Point",
        "coordinates": [
          126.9458025,
          37.50176832
        ]
      },
      "properties": {
        "crosswalk_id": "06-0000050753",
        "district": "동작구",
        "address": "동작구 상도동 159-19도",
        "crosswalk_type": "이단(화살표있음)",
        "has_pedestrian_light": "Y",
        "has_audio_signal": "Y",
        "has_push_button": "N",
        "is_raised_crosswalk": "N",
        "has_traffic_safety_detail": "Y",
        "accessibility_score": 5,
        "route_recommendation_tier": "recommended",
        "support_evidence": "보행등, 음향신호기, 교통안전시설 상세",
        "nearest_audio_signal_id": NaN,
        "nearest_audio_signal_distance_m": NaN,
        "nearest_push_button_id": NaN,
        "nearest_push_button_distance_m": NaN,
        "data_reference_date": "2026-03-20",
        "coordinate_note": "source_columns_swapped_and_normalized"
      }
    },
    {
      "type": "Feature",
      "geometry": {
        "type": "Point",
        "coordinates": [
          126.9457204,
          37.50137585
        ]
      },
      "properties": {
        "crosswalk_id": "06-0000052009",
        "district": "동작구",
        "address": "동작구 상도동 904-1 도",
        "crosswalk_type": "일단(화살표없음)",
        "has_pedestrian_light": "N",
        "has_audio_signal": "Y",
        "has_push_button": "Y",
        "is_raised_crosswalk": "N",
        "has_traffic_safety_detail": "N",
        "accessibility_score": 5,
        "route_recommendation_tier": "recommended",
        "support_evidence": "음향신호기, 보행자작동신호기",
        "nearest_audio_signal_id": "24-0000003448",
        "nearest_audio_signal_distance_m": 12.9,
        "nearest_push_button_id": "29-0000000314",
        "nearest_push_button_distance_m": 13.4,
        "data_reference_date": "2026-03-20",
        "coordinate_note": "source_columns_swapped_and_normalized"
      }
    },
    {
      "type": "Feature",
      "geometry": {
        "type": "Point",
        "coordinates": [
          126.9450786,
          37.50079158
        ]
      },
      "properties": {
        "crosswalk_id": "06-0000052010",
        "district": "동작구",
        "address": "동작구 상도동 521-3 도",
        "crosswalk_type": "이단(화살표있음)",
        "has_pedestrian_light": "Y",
        "has_audio_signal": "Y",
        "has_push_button": "N",
        "is_raised_crosswalk": "Y",
        "has_traffic_safety_detail": "N",
        "accessibility_score": 5,
        "route_recommendation_tier": "recommended",
        "support_evidence": "보행등, 음향신호기, 고원식횡단보도",
        "nearest_audio_signal_id": NaN,
        "nearest_audio_signal_distance_m": NaN,
        "nearest_push_button_id": NaN,
        "nearest_push_button_distance_m": NaN,
        "data_reference_date": "2026-03-20",
        "coordinate_note": "source_columns_swapped_and_normalized"
      }
    },
    {
      "type": "Feature",
      "geometry": {
        "type": "Point",
        "coordinates": [
          126.9451033,
          37.50053323
        ]
      },
      "properties": {
        "crosswalk_id": "06-0000052011",
        "district": "동작구",
        "address": "동작구 상도동 904-1 도",
        "crosswalk_type": "이단(화살표있음)",
        "has_pedestrian_light": "Y",
        "has_audio_signal": "Y",
        "has_push_button": "N",
        "is_raised_crosswalk": "Y",
        "has_traffic_safety_detail": "N",
        "accessibility_score": 5,
        "route_recommendation_tier": "recommended",
        "support_evidence": "보행등, 음향신호기, 고원식횡단보도",
        "nearest_audio_signal_id": NaN,
        "nearest_audio_signal_distance_m": NaN,
        "nearest_push_button_id": NaN,
        "nearest_push_button_distance_m": NaN,
        "data_reference_date": "2026-03-20",
        "coordinate_note": "source_columns_swapped_and_normalized"
      }
    },
    {
      "type": "Feature",
      "geometry": {
        "type": "Point",
        "coordinates": [
          126.9816039,
          37.48000102
        ]
      },
      "properties": {
        "crosswalk_id": "06-0000003112",
        "district": "동작구",
        "address": "동작구 사당동 1112도",
        "crosswalk_type": "이단(화살표없음)",
        "has_pedestrian_light": "N",
        "has_audio_signal": "Y",
        "has_push_button": "N",
        "is_raised_crosswalk": "N",
        "has_traffic_safety_detail": "Y",
        "accessibility_score": 4,
        "route_recommendation_tier": "recommended",
        "support_evidence": "음향신호기, 교통안전시설 상세",
        "nearest_audio_signal_id": "24-0000011257",
        "nearest_audio_signal_distance_m": 29.3,
        "nearest_push_button_id": NaN,
        "nearest_push_button_distance_m": NaN,
        "data_reference_date": "2026-03-20",
        "coordinate_note": "source_columns_swapped_and_normalized"
      }
    },
    {
      "type": "Feature",
      "geometry": {
        "type": "Point",
        "coordinates": [
          126.9818581,
          37.48495925
        ]
      },
      "properties": {
        "crosswalk_id": "06-0000003515",
        "district": "동작구",
        "address": "동작구 사당동 144-4도",
        "crosswalk_type": "이단(화살표있음)",
        "has_pedestrian_light": "N",
        "has_audio_signal": "Y",
        "has_push_button": "N",
        "is_raised_crosswalk": "N",
        "has_traffic_safety_detail": "Y",
        "accessibility_score": 4,
        "route_recommendation_tier": "recommended",
        "support_evidence": "음향신호기, 교통안전시설 상세",
        "nearest_audio_signal_id": "24-0000005790",
        "nearest_audio_signal_distance_m": 24.1,
        "nearest_push_button_id": NaN,
        "nearest_push_button_distance_m": NaN,
        "data_reference_date": "2026-03-20",
        "coordinate_note": "source_columns_swapped_and_normalized"
      }
    },
    {
      "type": "Feature",
      "geometry": {
        "type": "Point",
        "coordinates": [
          126.9817657,
          37.48294588
        ]
      },
      "properties": {
        "crosswalk_id": "06-0000003520",
        "district": "동작구",
        "address": "동작구 사당동 1112도",
        "crosswalk_type": "이단(화살표없음)",
        "has_pedestrian_light": "N",
        "has_audio_signal": "Y",
        "has_push_button": "N",
        "is_raised_crosswalk": "N",
        "has_traffic_safety_detail": "Y",
        "accessibility_score": 4,
        "route_recommendation_tier": "recommended",
        "support_evidence": "음향신호기, 교통안전시설 상세",
        "nearest_audio_signal_id": "24-0000005786",
        "nearest_audio_signal_distance_m": 3.3,
        "nearest_push_button_id": NaN,
        "nearest_push_button_distance_m": NaN,
        "data_reference_date": "2026-03-20",
        "coordinate_note": "source_columns_swapped_and_normalized"
      }
    },
    {
      "type": "Feature",
      "geometry": {
        "type": "Point",
        "coordinates": [
          126.9817811,
          37.4831756
        ]
      },
      "properties": {
        "crosswalk_id": "06-0000003521",
        "district": "동작구",
        "address": "동작구 사당동 1112도",
        "crosswalk_type": "이단(화살표없음)",
        "has_pedestrian_light": "N",
        "has_audio_signal": "Y",
        "has_push_button": "N",
        "is_raised_crosswalk": "N",
        "has_traffic_safety_detail": "Y",
        "accessibility_score": 4,
        "route_recommendation_tier": "recommended",
        "support_evidence": "음향신호기, 교통안전시설 상세",
        "nearest_audio_signal_id": "24-0000005786",
        "nearest_audio_signal_distance_m": 28.8,
        "nearest_push_button_id": NaN,
        "nearest_push_button_distance_m": NaN,
        "data_reference_date": "2026-03-20",
        "coordinate_note": "source_columns_swapped_and_normalized"
      }
    },
    {
      "type": "Feature",
      "geometry": {
        "type": "Point",
        "coordinates": [
          126.9817589,
          37.48270541
        ]
      },
      "properties": {
        "crosswalk_id": "06-0000003775",
        "district": "동작구",
        "address": "동작구 사당동 1112도",
        "crosswalk_type": "이단(화살표없음)",
        "has_pedestrian_light": "N",
        "has_audio_signal": "Y",
        "has_push_button": "N",
        "is_raised_crosswalk": "N",
        "has_traffic_safety_detail": "Y",
        "accessibility_score": 4,
        "route_recommendation_tier": "recommended",
        "support_evidence": "음향신호기, 교통안전시설 상세",
        "nearest_audio_signal_id": "24-0000005784",
        "nearest_audio_signal_distance_m": 18.2,
        "nearest_push_button_id": NaN,
        "nearest_push_button_distance_m": NaN,
        "data_reference_date": "2026-03-20",
        "coordinate_note": "source_columns_swapped_and_normalized"
      }
    },
    {
      "type": "Feature",
      "geometry": {
        "type": "Point",
        "coordinates": [
          126.9816272,
          37.4805389
        ]
      },
      "properties": {
        "crosswalk_id": "06-0000003779",
        "district": "동작구",
        "address": "동작구 사당동 1112도",
        "crosswalk_type": "일단(화살표없음)",
        "has_pedestrian_light": "N",
        "has_audio_signal": "Y",
        "has_push_button": "N",
        "is_raised_crosswalk": "N",
        "has_traffic_safety_detail": "Y",
        "accessibility_score": 4,
        "route_recommendation_tier": "recommended",
        "support_evidence": "음향신호기, 교통안전시설 상세",
        "nearest_audio_signal_id": "24-0000005773",
        "nearest_audio_signal_distance_m": 22.3,
        "nearest_push_button_id": NaN,
        "nearest_push_button_distance_m": NaN,
        "data_reference_date": "2026-03-20",
        "coordinate_note": "source_columns_swapped_and_normalized"
      }
    },
    {
      "type": "Feature",
      "geometry": {
        "type": "Point",
        "coordinates": [
          126.9824111,
          37.49125056
        ]
      },
      "properties": {
        "crosswalk_id": "06-0000004066",
        "district": "동작구",
        "address": "동작구 사당동 38-12도",
        "crosswalk_type": "일단(화살표없음)",
        "has_pedestrian_light": "N",
        "has_audio_signal": "Y",
        "has_push_button": "N",
        "is_raised_crosswalk": "N",
        "has_traffic_safety_detail": "Y",
        "accessibility_score": 4,
        "route_recommendation_tier": "recommended",
        "support_evidence": "음향신호기, 교통안전시설 상세",
        "nearest_audio_signal_id": "24-0000005804",
        "nearest_audio_signal_distance_m": 16.2,
        "nearest_push_button_id": NaN,
        "nearest_push_button_distance_m": NaN,
        "data_reference_date": "2026-03-20",
        "coordinate_note": "source_columns_swapped_and_normalized"
      }
    },
    {
      "type": "Feature",
      "geometry": {
        "type": "Point",
        "coordinates": [
          126.9111683,
          37.48712787
        ]
      },
      "properties": {
        "crosswalk_id": "06-0000004395",
        "district": "동작구",
        "address": "동작구 신대방동 700-4도",
        "crosswalk_type": "이단(화살표있음)",
        "has_pedestrian_light": "Y",
        "has_audio_signal": "N",
        "has_push_button": "Y",
        "is_raised_crosswalk": "N",
        "has_traffic_safety_detail": "Y",
        "accessibility_score": 4,
        "route_recommendation_tier": "recommended",
        "support_evidence": "보행등, 보행자작동신호기, 교통안전시설 상세",
        "nearest_audio_signal_id": NaN,
        "nearest_audio_signal_distance_m": NaN,
        "nearest_push_button_id": "29-0000000321",
        "nearest_push_button_distance_m": 2.8,
        "data_reference_date": "2026-03-20",
        "coordinate_note": "source_columns_swapped_and_normalized"
      }
    },
    {
      "type": "Feature",
      "geometry": {
        "type": "Point",
        "coordinates": [
          126.9125004,
          37.4875394
        ]
      },
      "properties": {
        "crosswalk_id": "06-0000004396",
        "district": "동작구",
        "address": "동작구 신대방동 700-4도",
        "crosswalk_type": "이단(화살표있음)",
        "has_pedestrian_light": "Y",
        "has_audio_signal": "N",
        "has_push_button": "Y",
        "is_raised_crosswalk": "N",
        "has_traffic_safety_detail": "Y",
        "accessibility_score": 4,
        "route_recommendation_tier": "recommended",
        "support_evidence": "보행등, 보행자작동신호기, 교통안전시설 상세",
        "nearest_audio_signal_id": NaN,
        "nearest_audio_signal_distance_m": NaN,
        "nearest_push_button_id": "29-0000000107",
        "nearest_push_button_distance_m": 2.7,
        "data_reference_date": "2026-03-20",
        "coordinate_note": "source_columns_swapped_and_normalized"
      }
    },
    {
      "type": "Feature",
      "geometry": {
        "type": "Point",
        "coordinates": [
          126.9127324,
          37.48751695
        ]
      },
      "properties": {
        "crosswalk_id": "06-0000004397",
        "district": "동작구",
        "address": "동작구 신대방동 643-1 천",
        "crosswalk_type": "이단(화살표있음)",
        "has_pedestrian_light": "Y",
        "has_audio_signal": "N",
        "has_push_button": "Y",
        "is_raised_crosswalk": "N",
        "has_traffic_safety_detail": "Y",
        "accessibility_score": 4,
        "route_recommendation_tier": "recommended",
        "support_evidence": "보행등, 보행자작동신호기, 교통안전시설 상세",
        "nearest_audio_signal_id": NaN,
        "nearest_audio_signal_distance_m": NaN,
        "nearest_push_button_id": "29-0000000108",
        "nearest_push_button_distance_m": 7.4,
        "data_reference_date": "2026-03-20",
        "coordinate_note": "source_columns_swapped_and_normalized"
      }
    },
    {
      "type": "Feature",
      "geometry": {
        "type": "Point",
        "coordinates": [
          126.9068257,
          37.48900636
        ]
      },
      "properties": {
        "crosswalk_id": "06-0000004864",
        "district": "동작구",
        "address": "동작구 신대방동 699도",
        "crosswalk_type": "일단(화살표없음)",
        "has_pedestrian_light": "N",
        "has_audio_signal": "Y",
        "has_push_button": "N",
        "is_raised_crosswalk": "N",
        "has_traffic_safety_detail": "Y",
        "accessibility_score": 4,
        "route_recommendation_tier": "recommended",
        "support_evidence": "음향신호기, 교통안전시설 상세",
        "nearest_audio_signal_id": "24-0000002436",
        "nearest_audio_signal_distance_m": 13.6,
        "nearest_push_button_id": NaN,
        "nearest_push_button_distance_m": NaN,
        "data_reference_date": "2026-03-20",
        "coordinate_note": "source_columns_swapped_and_normalized"
      }
    },
    {
      "type": "Feature",
      "geometry": {
        "type": "Point",
        "coordinates": [
          126.9384179,
          37.51324545
        ]
      },
      "properties": {
        "crosswalk_id": "06-0000004874",
        "district": "동작구",
        "address": "동작구 노량진동 40-12 도",
        "crosswalk_type": "일단(화살표없음)",
        "has_pedestrian_light": "N",
        "has_audio_signal": "Y",
        "has_push_button": "N",
        "is_raised_crosswalk": "N",
        "has_traffic_safety_detail": "Y",
        "accessibility_score": 4,
        "route_recommendation_tier": "recommended",
        "support_evidence": "음향신호기, 교통안전시설 상세",
        "nearest_audio_signal_id": "24-0000005857",
        "nearest_audio_signal_distance_m": 19.6,
        "nearest_push_button_id": NaN,
        "nearest_push_button_distance_m": NaN,
        "data_reference_date": "2026-03-20",
        "coordinate_note": "source_columns_swapped_and_normalized"
      }
    },
    {
      "type": "Feature",
      "geometry": {
        "type": "Point",
        "coordinates": [
          126.9443794,
          37.51348056
        ]
      },
      "properties": {
        "crosswalk_id": "06-0000004892",
        "district": "동작구",
        "address": "동작구 노량진동 114-12도",
        "crosswalk_type": "일단(화살표없음)",
        "has_pedestrian_light": "N",
        "has_audio_signal": "Y",
        "has_push_button": "N",
        "is_raised_crosswalk": "N",
        "has_traffic_safety_detail": "Y",
        "accessibility_score": 4,
        "route_recommendation_tier": "recommended",
        "support_evidence": "음향신호기, 교통안전시설 상세",
        "nearest_audio_signal_id": "24-0000009446",
        "nearest_audio_signal_distance_m": 19.4,
        "nearest_push_button_id": NaN,
        "nearest_push_button_distance_m": NaN,
        "data_reference_date": "2026-03-20",
        "coordinate_note": "source_columns_swapped_and_normalized"
      }
    },
    {
      "type": "Feature",
      "geometry": {
        "type": "Point",
        "coordinates": [
          126.9436876,
          37.5135685
        ]
      },
      "properties": {
        "crosswalk_id": "06-0000004912",
        "district": "동작구",
        "address": "동작구 노량진동 113-1도",
        "crosswalk_type": "일단(화살표없음)",
        "has_pedestrian_light": "N",
        "has_audio_signal": "Y",
        "has_push_button": "N",
        "is_raised_crosswalk": "N",
        "has_traffic_safety_detail": "Y",
        "accessibility_score": 4,
        "route_recommendation_tier": "recommended",
        "support_evidence": "음향신호기, 교통안전시설 상세",
        "nearest_audio_signal_id": "24-0000009444",
        "nearest_audio_signal_distance_m": 30.0,
        "nearest_push_button_id": NaN,
        "nearest_push_button_distance_m": NaN,
        "data_reference_date": "2026-03-20",
        "coordinate_note": "source_columns_swapped_and_normalized"
      }
    },
    {
      "type": "Feature",
      "geometry": {
        "type": "Point",
        "coordinates": [
          126.9366425,
          37.51314393
        ]
      },
      "properties": {
        "crosswalk_id": "06-0000005074",
        "district": "동작구",
        "address": "동작구 노량진동 27-5도",
        "crosswalk_type": "일단(화살표없음)",
        "has_pedestrian_light": "N",
        "has_audio_signal": "Y",
        "has_push_button": "N",
        "is_raised_crosswalk": "N",
        "has_traffic_safety_detail": "Y",
        "accessibility_score": 4,
        "route_recommendation_tier": "recommended",
        "support_evidence": "음향신호기, 교통안전시설 상세",
        "nearest_audio_signal_id": "24-0000014282",
        "nearest_audio_signal_distance_m": 26.1,
        "nearest_push_button_id": NaN,
        "nearest_push_button_distance_m": NaN,
        "data_reference_date": "2026-03-20",
        "coordinate_note": "source_columns_swapped_and_normalized"
      }
    },
    {
      "type": "Feature",
      "geometry": {
        "type": "Point",
        "coordinates": [
          126.9489892,
          37.50127744
        ]
      },
      "properties": {
        "crosswalk_id": "06-0000005599",
        "district": "동작구",
        "address": "동작구 상도1동 794-1도",
        "crosswalk_type": "일단(화살표없음)",
        "has_pedestrian_light": "N",
        "has_audio_signal": "Y",
        "has_push_button": "N",
        "is_raised_crosswalk": "N",
        "has_traffic_safety_detail": "Y",
        "accessibility_score": 4,
        "route_recommendation_tier": "recommended",
        "support_evidence": "음향신호기, 교통안전시설 상세",
        "nearest_audio_signal_id": "24-0000014298",
        "nearest_audio_signal_distance_m": 14.6,
        "nearest_push_button_id": NaN,
        "nearest_push_button_distance_m": NaN,
        "data_reference_date": "2026-03-20",
        "coordinate_note": "source_columns_swapped_and_normalized"
      }
    },
    {
      "type": "Feature",
      "geometry": {
        "type": "Point",
        "coordinates": [
          126.9493261,
          37.50146152
        ]
      },
      "properties": {
        "crosswalk_id": "06-0000005601",
        "district": "동작구",
        "address": "동작구 상도1동 390-2도",
        "crosswalk_type": "일단(화살표없음)",
        "has_pedestrian_light": "N",
        "has_audio_signal": "Y",
        "has_push_button": "N",
        "is_raised_crosswalk": "N",
        "has_traffic_safety_detail": "Y",
        "accessibility_score": 4,
        "route_recommendation_tier": "recommended",
        "support_evidence": "음향신호기, 교통안전시설 상세",
        "nearest_audio_signal_id": "24-0000014299",
        "nearest_audio_signal_distance_m": 4.1,
        "nearest_push_button_id": NaN,
        "nearest_push_button_distance_m": NaN,
        "data_reference_date": "2026-03-20",
        "coordinate_note": "source_columns_swapped_and_normalized"
      }
    },
    {
      "type": "Feature",
      "geometry": {
        "type": "Point",
        "coordinates": [
          126.9252972,
          37.49966336
        ]
      },
      "properties": {
        "crosswalk_id": "06-0000006094",
        "district": "동작구",
        "address": "동작구 대방동 466-60도",
        "crosswalk_type": "일단(화살표없음)",
        "has_pedestrian_light": "N",
        "has_audio_signal": "Y",
        "has_push_button": "N",
        "is_raised_crosswalk": "N",
        "has_traffic_safety_detail": "Y",
        "accessibility_score": 4,
        "route_recommendation_tier": "recommended",
        "support_evidence": "음향신호기, 교통안전시설 상세",
        "nearest_audio_signal_id": "24-0000011924",
        "nearest_audio_signal_distance_m": 19.3,
        "nearest_push_button_id": NaN,
        "nearest_push_button_distance_m": NaN,
        "data_reference_date": "2026-03-20",
        "coordinate_note": "source_columns_swapped_and_normalized"
      }
    },
    {
      "type": "Feature",
      "geometry": {
        "type": "Point",
        "coordinates": [
          126.9256405,
          37.51240798
        ]
      },
      "properties": {
        "crosswalk_id": "06-0000006108",
        "district": "동작구",
        "address": "동작구 대방동 466-1도",
        "crosswalk_type": "이단(화살표없음)",
        "has_pedestrian_light": "N",
        "has_audio_signal": "Y",
        "has_push_button": "N",
        "is_raised_crosswalk": "N",
        "has_traffic_safety_detail": "Y",
        "accessibility_score": 4,
        "route_recommendation_tier": "recommended",
        "support_evidence": "음향신호기, 교통안전시설 상세",
        "nearest_audio_signal_id": "24-0000000079",
        "nearest_audio_signal_distance_m": 17.1,
        "nearest_push_button_id": NaN,
        "nearest_push_button_distance_m": NaN,
        "data_reference_date": "2026-03-20",
        "coordinate_note": "source_columns_swapped_and_normalized"
      }
    },
    {
      "type": "Feature",
      "geometry": {
        "type": "Point",
        "coordinates": [
          126.9265754,
          37.51098715
        ]
      },
      "properties": {
        "crosswalk_id": "06-0000006118",
        "district": "동작구",
        "address": "동작구 대방동 466-55도",
        "crosswalk_type": "이단(화살표있음)",
        "has_pedestrian_light": "N",
        "has_audio_signal": "N",
        "has_push_button": "Y",
        "is_raised_crosswalk": "Y",
        "has_traffic_safety_detail": "Y",
        "accessibility_score": 4,
        "route_recommendation_tier": "recommended",
        "support_evidence": "보행자작동신호기, 고원식횡단보도, 교통안전시설 상세",
        "nearest_audio_signal_id": NaN,
        "nearest_audio_signal_distance_m": NaN,
        "nearest_push_button_id": "29-0000000349",
        "nearest_push_button_distance_m": 7.8,
        "data_reference_date": "2026-03-20",
        "coordinate_note": "source_columns_swapped_and_normalized"
      }
    },
    {
      "type": "Feature",
      "geometry": {
        "type": "Point",
        "coordinates": [
          126.9347581,
          37.50230559
        ]
      },
      "properties": {
        "crosswalk_id": "06-0000006144",
        "district": "동작구",
        "address": "동작구 상도동 187-2도",
        "crosswalk_type": "일단(화살표없음)",
        "has_pedestrian_light": "N",
        "has_audio_signal": "Y",
        "has_push_button": "N",
        "is_raised_crosswalk": "N",
        "has_traffic_safety_detail": "Y",
        "accessibility_score": 4,
        "route_recommendation_tier": "recommended",
        "support_evidence": "음향신호기, 교통안전시설 상세",
        "nearest_audio_signal_id": "24-0000002390",
        "nearest_audio_signal_distance_m": 16.6,
        "nearest_push_button_id": NaN,
        "nearest_push_button_distance_m": NaN,
        "data_reference_date": "2026-03-20",
        "coordinate_note": "source_columns_swapped_and_normalized"
      }
    },
    {
      "type": "Feature",
      "geometry": {
        "type": "Point",
        "coordinates": [
          126.9461691,
          37.50491894
        ]
      },
      "properties": {
        "crosswalk_id": "06-0000006159",
        "district": "동작구",
        "address": "동작구 상도동 22-206 도",
        "crosswalk_type": "일단(화살표없음)",
        "has_pedestrian_light": "N",
        "has_audio_signal": "Y",
        "has_push_button": "N",
        "is_raised_crosswalk": "N",
        "has_traffic_safety_detail": "Y",
        "accessibility_score": 4,
        "route_recommendation_tier": "recommended",
        "support_evidence": "음향신호기, 교통안전시설 상세",
        "nearest_audio_signal_id": "24-0000014301",
        "nearest_audio_signal_distance_m": 12.8,
        "nearest_push_button_id": NaN,
        "nearest_push_button_distance_m": NaN,
        "data_reference_date": "2026-03-20",
        "coordinate_note": "source_columns_swapped_and_normalized"
      }
    },
    {
      "type": "Feature",
      "geometry": {
        "type": "Point",
        "coordinates": [
          126.9475464,
          37.50356765
        ]
      },
      "properties": {
        "crosswalk_id": "06-0000006162",
        "district": "동작구",
        "address": "동작구 상도1동 691-1도",
        "crosswalk_type": "일단(화살표없음)",
        "has_pedestrian_light": "N",
        "has_audio_signal": "Y",
        "has_push_button": "N",
        "is_raised_crosswalk": "N",
        "has_traffic_safety_detail": "Y",
        "accessibility_score": 4,
        "route_recommendation_tier": "recommended",
        "support_evidence": "음향신호기, 교통안전시설 상세",
        "nearest_audio_signal_id": "24-0000002396",
        "nearest_audio_signal_distance_m": 17.7,
        "nearest_push_button_id": NaN,
        "nearest_push_button_distance_m": NaN,
        "data_reference_date": "2026-03-20",
        "coordinate_note": "source_columns_swapped_and_normalized"
      }
    },
    {
      "type": "Feature",
      "geometry": {
        "type": "Point",
        "coordinates": [
          126.9230155,
          37.50626457
        ]
      },
      "properties": {
        "crosswalk_id": "06-0000006424",
        "district": "동작구",
        "address": "동작구 대방동 466-41도",
        "crosswalk_type": "일단(화살표없음)",
        "has_pedestrian_light": "N",
        "has_audio_signal": "Y",
        "has_push_button": "N",
        "is_raised_crosswalk": "N",
        "has_traffic_safety_detail": "Y",
        "accessibility_score": 4,
        "route_recommendation_tier": "recommended",
        "support_evidence": "음향신호기, 교통안전시설 상세",
        "nearest_audio_signal_id": "24-0000002482",
        "nearest_audio_signal_distance_m": 27.1,
        "nearest_push_button_id": NaN,
        "nearest_push_button_distance_m": NaN,
        "data_reference_date": "2026-03-20",
        "coordinate_note": "source_columns_swapped_and_normalized"
      }
    },
    {
      "type": "Feature",
      "geometry": {
        "type": "Point",
        "coordinates": [
          126.9391941,
          37.50515077
        ]
      },
      "properties": {
        "crosswalk_id": "06-0000006505",
        "district": "동작구",
        "address": "동작구 상도동 26-20도",
        "crosswalk_type": "일단(화살표없음)",
        "has_pedestrian_light": "N",
        "has_audio_signal": "Y",
        "has_push_button": "N",
        "is_raised_crosswalk": "N",
        "has_traffic_safety_detail": "Y",
        "accessibility_score": 4,
        "route_recommendation_tier": "recommended",
        "support_evidence": "음향신호기, 교통안전시설 상세",
        "nearest_audio_signal_id": "24-0000014303",
        "nearest_audio_signal_distance_m": 27.8,
        "nearest_push_button_id": NaN,
        "nearest_push_button_distance_m": NaN,
        "data_reference_date": "2026-03-20",
        "coordinate_note": "source_columns_swapped_and_normalized"
      }
    },
    {
      "type": "Feature",
      "geometry": {
        "type": "Point",
        "coordinates": [
          126.9381614,
          37.50442194
        ]
      },
      "properties": {
        "crosswalk_id": "06-0000006507",
        "district": "동작구",
        "address": "동작구 상도동 26-20도",
        "crosswalk_type": "일단(화살표없음)",
        "has_pedestrian_light": "N",
        "has_audio_signal": "Y",
        "has_push_button": "N",
        "is_raised_crosswalk": "N",
        "has_traffic_safety_detail": "Y",
        "accessibility_score": 4,
        "route_recommendation_tier": "recommended",
        "support_evidence": "음향신호기, 교통안전시설 상세",
        "nearest_audio_signal_id": "24-0000003442",
        "nearest_audio_signal_distance_m": 27.7,
        "nearest_push_button_id": NaN,
        "nearest_push_button_distance_m": NaN,
        "data_reference_date": "2026-03-20",
        "coordinate_note": "source_columns_swapped_and_normalized"
      }
    },
    {
      "type": "Feature",
      "geometry": {
        "type": "Point",
        "coordinates": [
          126.9389424,
          37.50455448
        ]
      },
      "properties": {
        "crosswalk_id": "06-0000006509",
        "district": "동작구",
        "address": "동작구 상도동 26-20도",
        "crosswalk_type": "이단(화살표있음)",
        "has_pedestrian_light": "N",
        "has_audio_signal": "Y",
        "has_push_button": "N",
        "is_raised_crosswalk": "N",
        "has_traffic_safety_detail": "Y",
        "accessibility_score": 4,
        "route_recommendation_tier": "recommended",
        "support_evidence": "음향신호기, 교통안전시설 상세",
        "nearest_audio_signal_id": "24-0000011415",
        "nearest_audio_signal_distance_m": 23.5,
        "nearest_push_button_id": NaN,
        "nearest_push_button_distance_m": NaN,
        "data_reference_date": "2026-03-20",
        "coordinate_note": "source_columns_swapped_and_normalized"
      }
    },
    {
      "type": "Feature",
      "geometry": {
        "type": "Point",
        "coordinates": [
          126.9397209,
          37.50525747
        ]
      },
      "properties": {
        "crosswalk_id": "06-0000006514",
        "district": "동작구",
        "address": "동작구 상도동 26-20도",
        "crosswalk_type": "일단(화살표없음)",
        "has_pedestrian_light": "N",
        "has_audio_signal": "Y",
        "has_push_button": "N",
        "is_raised_crosswalk": "N",
        "has_traffic_safety_detail": "Y",
        "accessibility_score": 4,
        "route_recommendation_tier": "recommended",
        "support_evidence": "음향신호기, 교통안전시설 상세",
        "nearest_audio_signal_id": "24-0000011412",
        "nearest_audio_signal_distance_m": 6.0,
        "nearest_push_button_id": NaN,
        "nearest_push_button_distance_m": NaN,
        "data_reference_date": "2026-03-20",
        "coordinate_note": "source_columns_swapped_and_normalized"
      }
    },
    {
      "type": "Feature",
      "geometry": {
        "type": "Point",
        "coordinates": [
          126.9686014,
          37.50612123
        ]
      },
      "properties": {
        "crosswalk_id": "06-0000006528",
        "district": "동작구",
        "address": "동작구 흑석동 34-1 도",
        "crosswalk_type": "일단(화살표없음)",
        "has_pedestrian_light": "N",
        "has_audio_signal": "Y",
        "has_push_button": "N",
        "is_raised_crosswalk": "N",
        "has_traffic_safety_detail": "Y",
        "accessibility_score": 4,
        "route_recommendation_tier": "recommended",
        "support_evidence": "음향신호기, 교통안전시설 상세",
        "nearest_audio_signal_id": "24-0000011656",
        "nearest_audio_signal_distance_m": 16.2,
        "nearest_push_button_id": NaN,
        "nearest_push_button_distance_m": NaN,
        "data_reference_date": "2026-03-20",
        "coordinate_note": "source_columns_swapped_and_normalized"
      }
    },
    {
      "type": "Feature",
      "geometry": {
        "type": "Point",
        "coordinates": [
          126.9364187,
          37.50311274
        ]
      },
      "properties": {
        "crosswalk_id": "06-0000006564",
        "district": "동작구",
        "address": "동작구 상도동 187-2도",
        "crosswalk_type": "일단(화살표없음)",
        "has_pedestrian_light": "N",
        "has_audio_signal": "Y",
        "has_push_button": "N",
        "is_raised_crosswalk": "N",
        "has_traffic_safety_detail": "Y",
        "accessibility_score": 4,
        "route_recommendation_tier": "recommended",
        "support_evidence": "음향신호기, 교통안전시설 상세",
        "nearest_audio_signal_id": "24-0000006962",
        "nearest_audio_signal_distance_m": 17.1,
        "nearest_push_button_id": NaN,
        "nearest_push_button_distance_m": NaN,
        "data_reference_date": "2026-03-20",
        "coordinate_note": "source_columns_swapped_and_normalized"
      }
    },
    {
      "type": "Feature",
      "geometry": {
        "type": "Point",
        "coordinates": [
          126.9377016,
          37.50392069
        ]
      },
      "properties": {
        "crosswalk_id": "06-0000006567",
        "district": "동작구",
        "address": "동작구 상도동 26-20도",
        "crosswalk_type": "일단(화살표없음)",
        "has_pedestrian_light": "N",
        "has_audio_signal": "Y",
        "has_push_button": "N",
        "is_raised_crosswalk": "N",
        "has_traffic_safety_detail": "Y",
        "accessibility_score": 4,
        "route_recommendation_tier": "recommended",
        "support_evidence": "음향신호기, 교통안전시설 상세",
        "nearest_audio_signal_id": "24-0000003443",
        "nearest_audio_signal_distance_m": 24.6,
        "nearest_push_button_id": NaN,
        "nearest_push_button_distance_m": NaN,
        "data_reference_date": "2026-03-20",
        "coordinate_note": "source_columns_swapped_and_normalized"
      }
    },
    {
      "type": "Feature",
      "geometry": {
        "type": "Point",
        "coordinates": [
          126.9417672,
          37.50505975
        ]
      },
      "properties": {
        "crosswalk_id": "06-0000006689",
        "district": "동작구",
        "address": "동작구 상도동 26-20도",
        "crosswalk_type": "일단(화살표없음)",
        "has_pedestrian_light": "N",
        "has_audio_signal": "Y",
        "has_push_button": "N",
        "is_raised_crosswalk": "N",
        "has_traffic_safety_detail": "Y",
        "accessibility_score": 4,
        "route_recommendation_tier": "recommended",
        "support_evidence": "음향신호기, 교통안전시설 상세",
        "nearest_audio_signal_id": "24-0000011419",
        "nearest_audio_signal_distance_m": 16.7,
        "nearest_push_button_id": NaN,
        "nearest_push_button_distance_m": NaN,
        "data_reference_date": "2026-03-20",
        "coordinate_note": "source_columns_swapped_and_normalized"
      }
    },
    {
      "type": "Feature",
      "geometry": {
        "type": "Point",
        "coordinates": [
          126.9521045,
          37.50483842
        ]
      },
      "properties": {
        "crosswalk_id": "06-0000006728",
        "district": "동작구",
        "address": "동작구 상도1동 528-1도",
        "crosswalk_type": "이단(화살표있음)",
        "has_pedestrian_light": "Y",
        "has_audio_signal": "N",
        "has_push_button": "Y",
        "is_raised_crosswalk": "N",
        "has_traffic_safety_detail": "Y",
        "accessibility_score": 4,
        "route_recommendation_tier": "recommended",
        "support_evidence": "보행등, 보행자작동신호기, 교통안전시설 상세",
        "nearest_audio_signal_id": NaN,
        "nearest_audio_signal_distance_m": NaN,
        "nearest_push_button_id": "29-0000000337",
        "nearest_push_button_distance_m": 3.3,
        "data_reference_date": "2026-03-20",
        "coordinate_note": "source_columns_swapped_and_normalized"
      }
    },
    {
      "type": "Feature",
      "geometry": {
        "type": "Point",
        "coordinates": [
          126.9400954,
          37.51179197
        ]
      },
      "properties": {
        "crosswalk_id": "06-0000006883",
        "district": "동작구",
        "address": "동작구 노량진동 49-1도",
        "crosswalk_type": "일단(화살표없음)",
        "has_pedestrian_light": "N",
        "has_audio_signal": "Y",
        "has_push_button": "N",
        "is_raised_crosswalk": "N",
        "has_traffic_safety_detail": "Y",
        "accessibility_score": 4,
        "route_recommendation_tier": "recommended",
        "support_evidence": "음향신호기, 교통안전시설 상세",
        "nearest_audio_signal_id": "24-0000014203",
        "nearest_audio_signal_distance_m": 27.5,
        "nearest_push_button_id": NaN,
        "nearest_push_button_distance_m": NaN,
        "data_reference_date": "2026-03-20",
        "coordinate_note": "source_columns_swapped_and_normalized"
      }
    },
    {
      "type": "Feature",
      "geometry": {
        "type": "Point",
        "coordinates": [
          126.9668835,
          37.50705762
        ]
      },
      "properties": {
        "crosswalk_id": "06-0000006886",
        "district": "동작구",
        "address": "동작구 흑석동 10-5도",
        "crosswalk_type": "일단(화살표없음)",
        "has_pedestrian_light": "N",
        "has_audio_signal": "Y",
        "has_push_button": "N",
        "is_raised_crosswalk": "N",
        "has_traffic_safety_detail": "Y",
        "accessibility_score": 4,
        "route_recommendation_tier": "recommended",
        "support_evidence": "음향신호기, 교통안전시설 상세",
        "nearest_audio_signal_id": "24-0000014285",
        "nearest_audio_signal_distance_m": 22.6,
        "nearest_push_button_id": NaN,
        "nearest_push_button_distance_m": NaN,
        "data_reference_date": "2026-03-20",
        "coordinate_note": "source_columns_swapped_and_normalized"
      }
    },
    {
      "type": "Feature",
      "geometry": {
        "type": "Point",
        "coordinates": [
          126.9795775,
          37.48426883
        ]
      },
      "properties": {
        "crosswalk_id": "06-0000016830",
        "district": "동작구",
        "address": "동작구 사당동 708-345 도",
        "crosswalk_type": "일단(화살표없음)",
        "has_pedestrian_light": "N",
        "has_audio_signal": "Y",
        "has_push_button": "N",
        "is_raised_crosswalk": "N",
        "has_traffic_safety_detail": "Y",
        "accessibility_score": 4,
        "route_recommendation_tier": "recommended",
        "support_evidence": "음향신호기, 교통안전시설 상세",
        "nearest_audio_signal_id": "24-0000014284",
        "nearest_audio_signal_distance_m": 25.2,
        "nearest_push_button_id": NaN,
        "nearest_push_button_distance_m": NaN,
        "data_reference_date": "2026-03-20",
        "coordinate_note": "source_columns_swapped_and_normalized"
      }
    },
    {
      "type": "Feature",
      "geometry": {
        "type": "Point",
        "coordinates": [
          126.9399165,
          37.50274959
        ]
      },
      "properties": {
        "crosswalk_id": "06-0000018865",
        "district": "동작구",
        "address": "동작구 상도동 184-2도",
        "crosswalk_type": "이단(화살표있음)",
        "has_pedestrian_light": "Y",
        "has_audio_signal": "N",
        "has_push_button": "Y",
        "is_raised_crosswalk": "N",
        "has_traffic_safety_detail": "Y",
        "accessibility_score": 4,
        "route_recommendation_tier": "recommended",
        "support_evidence": "보행등, 보행자작동신호기, 교통안전시설 상세",
        "nearest_audio_signal_id": NaN,
        "nearest_audio_signal_distance_m": NaN,
        "nearest_push_button_id": "29-0000001158",
        "nearest_push_button_distance_m": 8.9,
        "data_reference_date": "2026-03-20",
        "coordinate_note": "source_columns_swapped_and_normalized"
      }
    },
    {
      "type": "Feature",
      "geometry": {
        "type": "Point",
        "coordinates": [
          126.9254264,
          37.49272528
        ]
      },
      "properties": {
        "crosswalk_id": "06-0000019134",
        "district": "동작구",
        "address": "동작구 신대방동 425-20도",
        "crosswalk_type": "일단(화살표없음)",
        "has_pedestrian_light": "N",
        "has_audio_signal": "Y",
        "has_push_button": "N",
        "is_raised_crosswalk": "N",
        "has_traffic_safety_detail": "Y",
        "accessibility_score": 4,
        "route_recommendation_tier": "recommended",
        "support_evidence": "음향신호기, 교통안전시설 상세",
        "nearest_audio_signal_id": "24-0000004996",
        "nearest_audio_signal_distance_m": 28.6,
        "nearest_push_button_id": NaN,
        "nearest_push_button_distance_m": NaN,
        "data_reference_date": "2026-03-20",
        "coordinate_note": "source_columns_swapped_and_normalized"
      }
    },
    {
      "type": "Feature",
      "geometry": {
        "type": "Point",
        "coordinates": [
          126.9607968,
          37.49458515
        ]
      },
      "properties": {
        "crosswalk_id": "06-0000019358",
        "district": "동작구",
        "address": "동작구 상도동 산49-120도",
        "crosswalk_type": "일단(화살표없음)",
        "has_pedestrian_light": "N",
        "has_audio_signal": "Y",
        "has_push_button": "N",
        "is_raised_crosswalk": "N",
        "has_traffic_safety_detail": "Y",
        "accessibility_score": 4,
        "route_recommendation_tier": "recommended",
        "support_evidence": "음향신호기, 교통안전시설 상세",
        "nearest_audio_signal_id": "24-0000014296",
        "nearest_audio_signal_distance_m": 22.3,
        "nearest_push_button_id": NaN,
        "nearest_push_button_distance_m": NaN,
        "data_reference_date": "2026-03-20",
        "coordinate_note": "source_columns_swapped_and_normalized"
      }
    },
    {
      "type": "Feature",
      "geometry": {
        "type": "Point",
        "coordinates": [
          126.9444956,
          37.49939965
        ]
      },
      "properties": {
        "crosswalk_id": "06-0000022422",
        "district": "동작구",
        "address": "동작구 상도동 211-456도",
        "crosswalk_type": "일단(화살표없음)",
        "has_pedestrian_light": "N",
        "has_audio_signal": "Y",
        "has_push_button": "N",
        "is_raised_crosswalk": "N",
        "has_traffic_safety_detail": "Y",
        "accessibility_score": 4,
        "route_recommendation_tier": "recommended",
        "support_evidence": "음향신호기, 교통안전시설 상세",
        "nearest_audio_signal_id": "24-0000002164",
        "nearest_audio_signal_distance_m": 18.2,
        "nearest_push_button_id": NaN,
        "nearest_push_button_distance_m": NaN,
        "data_reference_date": "2026-03-20",
        "coordinate_note": "source_columns_swapped_and_normalized"
      }
    },
    {
      "type": "Feature",
      "geometry": {
        "type": "Point",
        "coordinates": [
          126.9433363,
          37.49744052
        ]
      },
      "properties": {
        "crosswalk_id": "06-0000023160",
        "district": "동작구",
        "address": "동작구 상도동 210-6 도",
        "crosswalk_type": "일단(화살표없음)",
        "has_pedestrian_light": "N",
        "has_audio_signal": "Y",
        "has_push_button": "N",
        "is_raised_crosswalk": "N",
        "has_traffic_safety_detail": "Y",
        "accessibility_score": 4,
        "route_recommendation_tier": "recommended",
        "support_evidence": "음향신호기, 교통안전시설 상세",
        "nearest_audio_signal_id": "24-0000011391",
        "nearest_audio_signal_distance_m": 8.6,
        "nearest_push_button_id": NaN,
        "nearest_push_button_distance_m": NaN,
        "data_reference_date": "2026-03-20",
        "coordinate_note": "source_columns_swapped_and_normalized"
      }
    },
    {
      "type": "Feature",
      "geometry": {
        "type": "Point",
        "coordinates": [
          126.9431886,
          37.49756861
        ]
      },
      "properties": {
        "crosswalk_id": "06-0000023387",
        "district": "동작구",
        "address": "동작구 상도동 210-6 도",
        "crosswalk_type": "일단(화살표없음)",
        "has_pedestrian_light": "N",
        "has_audio_signal": "Y",
        "has_push_button": "N",
        "is_raised_crosswalk": "N",
        "has_traffic_safety_detail": "Y",
        "accessibility_score": 4,
        "route_recommendation_tier": "recommended",
        "support_evidence": "음향신호기, 교통안전시설 상세",
        "nearest_audio_signal_id": "24-0000011390",
        "nearest_audio_signal_distance_m": 10.9,
        "nearest_push_button_id": NaN,
        "nearest_push_button_distance_m": NaN,
        "data_reference_date": "2026-03-20",
        "coordinate_note": "source_columns_swapped_and_normalized"
      }
    },
    {
      "type": "Feature",
      "geometry": {
        "type": "Point",
        "coordinates": [
          126.961053,
          37.50612815
        ]
      },
      "properties": {
        "crosswalk_id": "06-0000023605",
        "district": "동작구",
        "address": "동작구 흑석동 233-5 도",
        "crosswalk_type": "이단(화살표있음)",
        "has_pedestrian_light": "N",
        "has_audio_signal": "N",
        "has_push_button": "Y",
        "is_raised_crosswalk": "Y",
        "has_traffic_safety_detail": "Y",
        "accessibility_score": 4,
        "route_recommendation_tier": "recommended",
        "support_evidence": "보행자작동신호기, 고원식횡단보도, 교통안전시설 상세",
        "nearest_audio_signal_id": NaN,
        "nearest_audio_signal_distance_m": NaN,
        "nearest_push_button_id": "29-0000001444",
        "nearest_push_button_distance_m": 22.4,
        "data_reference_date": "2026-03-20",
        "coordinate_note": "source_columns_swapped_and_normalized"
      }
    },
    {
      "type": "Feature",
      "geometry": {
        "type": "Point",
        "coordinates": [
          126.9612044,
          37.50624351
        ]
      },
      "properties": {
        "crosswalk_id": "06-0000024189",
        "district": "동작구",
        "address": "동작구 흑석동 86-181 도",
        "crosswalk_type": "이단(화살표있음)",
        "has_pedestrian_light": "Y",
        "has_audio_signal": "N",
        "has_push_button": "Y",
        "is_raised_crosswalk": "N",
        "has_traffic_safety_detail": "Y",
        "accessibility_score": 4,
        "route_recommendation_tier": "recommended",
        "support_evidence": "보행등, 보행자작동신호기, 교통안전시설 상세",
        "nearest_audio_signal_id": NaN,
        "nearest_audio_signal_distance_m": NaN,
        "nearest_push_button_id": "29-0000001444",
        "nearest_push_button_distance_m": 5.2,
        "data_reference_date": "2026-03-20",
        "coordinate_note": "source_columns_swapped_and_normalized"
      }
    },
    {
      "type": "Feature",
      "geometry": {
        "type": "Point",
        "coordinates": [
          126.9403064,
          37.50989682
        ]
      },
      "properties": {
        "crosswalk_id": "06-0000025905",
        "district": "동작구",
        "address": "동작구 노량진동 231-185 도",
        "crosswalk_type": "일단(화살표없음)",
        "has_pedestrian_light": "N",
        "has_audio_signal": "Y",
        "has_push_button": "N",
        "is_raised_crosswalk": "N",
        "has_traffic_safety_detail": "Y",
        "accessibility_score": 4,
        "route_recommendation_tier": "recommended",
        "support_evidence": "음향신호기, 교통안전시설 상세",
        "nearest_audio_signal_id": "24-0000002397",
        "nearest_audio_signal_distance_m": 25.5,
        "nearest_push_button_id": NaN,
        "nearest_push_button_distance_m": NaN,
        "data_reference_date": "2026-03-20",
        "coordinate_note": "source_columns_swapped_and_normalized"
      }
    },
    {
      "type": "Feature",
      "geometry": {
        "type": "Point",
        "coordinates": [
          126.9167892,
          37.49686124
        ]
      },
      "properties": {
        "crosswalk_id": "06-0000026621",
        "district": "동작구",
        "address": "동작구 신대방동 500-8도",
        "crosswalk_type": "일단(화살표없음)",
        "has_pedestrian_light": "N",
        "has_audio_signal": "Y",
        "has_push_button": "N",
        "is_raised_crosswalk": "N",
        "has_traffic_safety_detail": "Y",
        "accessibility_score": 4,
        "route_recommendation_tier": "recommended",
        "support_evidence": "음향신호기, 교통안전시설 상세",
        "nearest_audio_signal_id": "24-0000003988",
        "nearest_audio_signal_distance_m": 28.4,
        "nearest_push_button_id": NaN,
        "nearest_push_button_distance_m": NaN,
        "data_reference_date": "2026-03-20",
        "coordinate_note": "source_columns_swapped_and_normalized"
      }
    },
    {
      "type": "Feature",
      "geometry": {
        "type": "Point",
        "coordinates": [
          126.9754169,
          37.48779146
        ]
      },
      "properties": {
        "crosswalk_id": "06-0000028165",
        "district": "동작구",
        "address": "동작구 사당동 105-21도",
        "crosswalk_type": "일단(화살표없음)",
        "has_pedestrian_light": "Y",
        "has_audio_signal": "N",
        "has_push_button": "Y",
        "is_raised_crosswalk": "N",
        "has_traffic_safety_detail": "Y",
        "accessibility_score": 4,
        "route_recommendation_tier": "recommended",
        "support_evidence": "보행등, 보행자작동신호기, 교통안전시설 상세",
        "nearest_audio_signal_id": NaN,
        "nearest_audio_signal_distance_m": NaN,
        "nearest_push_button_id": "29-0000001160",
        "nearest_push_button_distance_m": 8.1,
        "data_reference_date": "2026-03-20",
        "coordinate_note": "source_columns_swapped_and_normalized"
      }
    },
    {
      "type": "Feature",
      "geometry": {
        "type": "Point",
        "coordinates": [
          126.9745796,
          37.48312064
        ]
      },
      "properties": {
        "crosswalk_id": "06-0000029922",
        "district": "동작구",
        "address": "동작구 사당동 318-10 답",
        "crosswalk_type": "일단(화살표없음)",
        "has_pedestrian_light": "N",
        "has_audio_signal": "Y",
        "has_push_button": "N",
        "is_raised_crosswalk": "N",
        "has_traffic_safety_detail": "Y",
        "accessibility_score": 4,
        "route_recommendation_tier": "recommended",
        "support_evidence": "음향신호기, 교통안전시설 상세",
        "nearest_audio_signal_id": "24-0000009476",
        "nearest_audio_signal_distance_m": 13.4,
        "nearest_push_button_id": NaN,
        "nearest_push_button_distance_m": NaN,
        "data_reference_date": "2026-03-20",
        "coordinate_note": "source_columns_swapped_and_normalized"
      }
    },
    {
      "type": "Feature",
      "geometry": {
        "type": "Point",
        "coordinates": [
          126.9818661,
          37.48543741
        ]
      },
      "properties": {
        "crosswalk_id": "06-0000031406",
        "district": "동작구",
        "address": "동작구 사당동 144-4도",
        "crosswalk_type": "이단(화살표없음)",
        "has_pedestrian_light": "N",
        "has_audio_signal": "Y",
        "has_push_button": "N",
        "is_raised_crosswalk": "N",
        "has_traffic_safety_detail": "Y",
        "accessibility_score": 4,
        "route_recommendation_tier": "recommended",
        "support_evidence": "음향신호기, 교통안전시설 상세",
        "nearest_audio_signal_id": "24-0000012767",
        "nearest_audio_signal_distance_m": 7.8,
        "nearest_push_button_id": NaN,
        "nearest_push_button_distance_m": NaN,
        "data_reference_date": "2026-03-20",
        "coordinate_note": "source_columns_swapped_and_normalized"
      }
    },
    {
      "type": "Feature",
      "geometry": {
        "type": "Point",
        "coordinates": [
          126.9400403,
          37.51329254
        ]
      },
      "properties": {
        "crosswalk_id": "06-0000031617",
        "district": "동작구",
        "address": "동작구 노량진동 60-11도",
        "crosswalk_type": "이단(화살표없음)",
        "has_pedestrian_light": "N",
        "has_audio_signal": "Y",
        "has_push_button": "N",
        "is_raised_crosswalk": "N",
        "has_traffic_safety_detail": "Y",
        "accessibility_score": 4,
        "route_recommendation_tier": "recommended",
        "support_evidence": "음향신호기, 교통안전시설 상세",
        "nearest_audio_signal_id": "24-0000011539",
        "nearest_audio_signal_distance_m": 12.2,
        "nearest_push_button_id": NaN,
        "nearest_push_button_distance_m": NaN,
        "data_reference_date": "2026-03-20",
        "coordinate_note": "source_columns_swapped_and_normalized"
      }
    },
    {
      "type": "Feature",
      "geometry": {
        "type": "Point",
        "coordinates": [
          126.9403705,
          37.51333078
        ]
      },
      "properties": {
        "crosswalk_id": "06-0000031618",
        "district": "동작구",
        "address": "동작구 노량진동 63-12도",
        "crosswalk_type": "일단(화살표없음)",
        "has_pedestrian_light": "N",
        "has_audio_signal": "Y",
        "has_push_button": "N",
        "is_raised_crosswalk": "N",
        "has_traffic_safety_detail": "Y",
        "accessibility_score": 4,
        "route_recommendation_tier": "recommended",
        "support_evidence": "음향신호기, 교통안전시설 상세",
        "nearest_audio_signal_id": "24-0000009436",
        "nearest_audio_signal_distance_m": 10.3,
        "nearest_push_button_id": NaN,
        "nearest_push_button_distance_m": NaN,
        "data_reference_date": "2026-03-20",
        "coordinate_note": "source_columns_swapped_and_normalized"
      }
    },
    {
      "type": "Feature",
      "geometry": {
        "type": "Point",
        "coordinates": [
          126.9243407,
          37.50956251
        ]
      },
      "properties": {
        "crosswalk_id": "06-0000032119",
        "district": "동작구",
        "address": "동작구 대방동 466-33도",
        "crosswalk_type": "일단(화살표없음)",
        "has_pedestrian_light": "N",
        "has_audio_signal": "Y",
        "has_push_button": "N",
        "is_raised_crosswalk": "N",
        "has_traffic_safety_detail": "Y",
        "accessibility_score": 4,
        "route_recommendation_tier": "recommended",
        "support_evidence": "음향신호기, 교통안전시설 상세",
        "nearest_audio_signal_id": "24-0000002393",
        "nearest_audio_signal_distance_m": 14.8,
        "nearest_push_button_id": NaN,
        "nearest_push_button_distance_m": NaN,
        "data_reference_date": "2026-03-20",
        "coordinate_note": "source_columns_swapped_and_normalized"
      }
    },
    {
      "type": "Feature",
      "geometry": {
        "type": "Point",
        "coordinates": [
          126.9678921,
          37.48683362
        ]
      },
      "properties": {
        "crosswalk_id": "06-0000036075",
        "district": "동작구",
        "address": "동작구 사당동 708-651도",
        "crosswalk_type": "일단(화살표없음)",
        "has_pedestrian_light": "N",
        "has_audio_signal": "Y",
        "has_push_button": "N",
        "is_raised_crosswalk": "N",
        "has_traffic_safety_detail": "Y",
        "accessibility_score": 4,
        "route_recommendation_tier": "recommended",
        "support_evidence": "음향신호기, 교통안전시설 상세",
        "nearest_audio_signal_id": "24-0000000668",
        "nearest_audio_signal_distance_m": 20.1,
        "nearest_push_button_id": NaN,
        "nearest_push_button_distance_m": NaN,
        "data_reference_date": "2026-03-20",
        "coordinate_note": "source_columns_swapped_and_normalized"
      }
    },
    {
      "type": "Feature",
      "geometry": {
        "type": "Point",
        "coordinates": [
          126.9563283,
          37.49247245
        ]
      },
      "properties": {
        "crosswalk_id": "06-0000037531",
        "district": "동작구",
        "address": "동작구 상도동 121-101 도",
        "crosswalk_type": "일단(화살표없음)",
        "has_pedestrian_light": "N",
        "has_audio_signal": "Y",
        "has_push_button": "N",
        "is_raised_crosswalk": "N",
        "has_traffic_safety_detail": "Y",
        "accessibility_score": 4,
        "route_recommendation_tier": "recommended",
        "support_evidence": "음향신호기, 교통안전시설 상세",
        "nearest_audio_signal_id": "24-0000004160",
        "nearest_audio_signal_distance_m": 12.0,
        "nearest_push_button_id": NaN,
        "nearest_push_button_distance_m": NaN,
        "data_reference_date": "2026-03-20",
        "coordinate_note": "source_columns_swapped_and_normalized"
      }
    },
    {
      "type": "Feature",
      "geometry": {
        "type": "Point",
        "coordinates": [
          126.9744054,
          37.48312922
        ]
      },
      "properties": {
        "crosswalk_id": "06-0000037868",
        "district": "동작구",
        "address": "동작구 사당동 708-529도",
        "crosswalk_type": "일단(화살표없음)",
        "has_pedestrian_light": "N",
        "has_audio_signal": "Y",
        "has_push_button": "N",
        "is_raised_crosswalk": "N",
        "has_traffic_safety_detail": "Y",
        "accessibility_score": 4,
        "route_recommendation_tier": "recommended",
        "support_evidence": "음향신호기, 교통안전시설 상세",
        "nearest_audio_signal_id": "24-0000009476",
        "nearest_audio_signal_distance_m": 27.1,
        "nearest_push_button_id": NaN,
        "nearest_push_button_distance_m": NaN,
        "data_reference_date": "2026-03-20",
        "coordinate_note": "source_columns_swapped_and_normalized"
      }
    },
    {
      "type": "Feature",
      "geometry": {
        "type": "Point",
        "coordinates": [
          126.9499134,
          37.49734829
        ]
      },
      "properties": {
        "crosswalk_id": "06-0000038793",
        "district": "동작구",
        "address": "동작구 상도동 533-0 대",
        "crosswalk_type": "이단(화살표없음)",
        "has_pedestrian_light": "N",
        "has_audio_signal": "Y",
        "has_push_button": "N",
        "is_raised_crosswalk": "N",
        "has_traffic_safety_detail": "Y",
        "accessibility_score": 4,
        "route_recommendation_tier": "recommended",
        "support_evidence": "음향신호기, 교통안전시설 상세",
        "nearest_audio_signal_id": "24-0000014887",
        "nearest_audio_signal_distance_m": 18.7,
        "nearest_push_button_id": NaN,
        "nearest_push_button_distance_m": NaN,
        "data_reference_date": "2026-03-20",
        "coordinate_note": "source_columns_swapped_and_normalized"
      }
    },
    {
      "type": "Feature",
      "geometry": {
        "type": "Point",
        "coordinates": [
          126.9812097,
          37.47693462
        ]
      },
      "properties": {
        "crosswalk_id": "06-0000039014",
        "district": "동작구",
        "address": "동작구 사당동 1043-16도",
        "crosswalk_type": "이단(화살표있음)",
        "has_pedestrian_light": "N",
        "has_audio_signal": "Y",
        "has_push_button": "N",
        "is_raised_crosswalk": "N",
        "has_traffic_safety_detail": "Y",
        "accessibility_score": 4,
        "route_recommendation_tier": "recommended",
        "support_evidence": "음향신호기, 교통안전시설 상세",
        "nearest_audio_signal_id": "24-0000008720",
        "nearest_audio_signal_distance_m": 21.0,
        "nearest_push_button_id": NaN,
        "nearest_push_button_distance_m": NaN,
        "data_reference_date": "2026-03-20",
        "coordinate_note": "source_columns_swapped_and_normalized"
      }
    },
    {
      "type": "Feature",
      "geometry": {
        "type": "Point",
        "coordinates": [
          126.960191,
          37.50176488
        ]
      },
      "properties": {
        "crosswalk_id": "06-0000039320",
        "district": "동작구",
        "address": "동작구 흑석동 253-79임",
        "crosswalk_type": "이단(화살표있음)",
        "has_pedestrian_light": "Y",
        "has_audio_signal": "N",
        "has_push_button": "Y",
        "is_raised_crosswalk": "N",
        "has_traffic_safety_detail": "Y",
        "accessibility_score": 4,
        "route_recommendation_tier": "recommended",
        "support_evidence": "보행등, 보행자작동신호기, 교통안전시설 상세",
        "nearest_audio_signal_id": NaN,
        "nearest_audio_signal_distance_m": NaN,
        "nearest_push_button_id": "29-0000001400",
        "nearest_push_button_distance_m": 6.1,
        "data_reference_date": "2026-03-20",
        "coordinate_note": "source_columns_swapped_and_normalized"
      }
    },
    {
      "type": "Feature",
      "geometry": {
        "type": "Point",
        "coordinates": [
          126.9671849,
          37.48407275
        ]
      },
      "properties": {
        "crosswalk_id": "06-0000040024",
        "district": "동작구",
        "address": "동작구 사당동 산32-61임",
        "crosswalk_type": "이단(화살표있음)",
        "has_pedestrian_light": "Y",
        "has_audio_signal": "N",
        "has_push_button": "Y",
        "is_raised_crosswalk": "N",
        "has_traffic_safety_detail": "Y",
        "accessibility_score": 4,
        "route_recommendation_tier": "recommended",
        "support_evidence": "보행등, 보행자작동신호기, 교통안전시설 상세",
        "nearest_audio_signal_id": NaN,
        "nearest_audio_signal_distance_m": NaN,
        "nearest_push_button_id": "29-0000001469",
        "nearest_push_button_distance_m": 20.2,
        "data_reference_date": "2026-03-20",
        "coordinate_note": "source_columns_swapped_and_normalized"
      }
    },
    {
      "type": "Feature",
      "geometry": {
        "type": "Point",
        "coordinates": [
          126.922521,
          37.49972288
        ]
      },
      "properties": {
        "crosswalk_id": "06-0000040199",
        "district": "동작구",
        "address": "동작구 대방동 466-59도",
        "crosswalk_type": "일단(화살표없음)",
        "has_pedestrian_light": "N",
        "has_audio_signal": "Y",
        "has_push_button": "N",
        "is_raised_crosswalk": "N",
        "has_traffic_safety_detail": "Y",
        "accessibility_score": 4,
        "route_recommendation_tier": "recommended",
        "support_evidence": "음향신호기, 교통안전시설 상세",
        "nearest_audio_signal_id": "24-0000007122",
        "nearest_audio_signal_distance_m": 17.5,
        "nearest_push_button_id": NaN,
        "nearest_push_button_distance_m": NaN,
        "data_reference_date": "2026-03-20",
        "coordinate_note": "source_columns_swapped_and_normalized"
      }
    },
    {
      "type": "Feature",
      "geometry": {
        "type": "Point",
        "coordinates": [
          126.9513045,
          37.49862436
        ]
      },
      "properties": {
        "crosswalk_id": "06-0000040998",
        "district": "동작구",
        "address": "동작구 상도1동 257-1도",
        "crosswalk_type": "일단(화살표없음)",
        "has_pedestrian_light": "N",
        "has_audio_signal": "Y",
        "has_push_button": "N",
        "is_raised_crosswalk": "N",
        "has_traffic_safety_detail": "Y",
        "accessibility_score": 4,
        "route_recommendation_tier": "recommended",
        "support_evidence": "음향신호기, 교통안전시설 상세",
        "nearest_audio_signal_id": "24-0000014297",
        "nearest_audio_signal_distance_m": 15.5,
        "nearest_push_button_id": NaN,
        "nearest_push_button_distance_m": NaN,
        "data_reference_date": "2026-03-20",
        "coordinate_note": "source_columns_swapped_and_normalized"
      }
    },
    {
      "type": "Feature",
      "geometry": {
        "type": "Point",
        "coordinates": [
          126.970685,
          37.48468358
        ]
      },
      "properties": {
        "crosswalk_id": "06-0000041073",
        "district": "동작구",
        "address": "동작구 사당동 708-530도",
        "crosswalk_type": "일단(화살표없음)",
        "has_pedestrian_light": "N",
        "has_audio_signal": "Y",
        "has_push_button": "N",
        "is_raised_crosswalk": "N",
        "has_traffic_safety_detail": "Y",
        "accessibility_score": 4,
        "route_recommendation_tier": "recommended",
        "support_evidence": "음향신호기, 교통안전시설 상세",
        "nearest_audio_signal_id": "24-0000011932",
        "nearest_audio_signal_distance_m": 27.1,
        "nearest_push_button_id": NaN,
        "nearest_push_button_distance_m": NaN,
        "data_reference_date": "2026-03-20",
        "coordinate_note": "source_columns_swapped_and_normalized"
      }
    },
    {
      "type": "Feature",
      "geometry": {
        "type": "Point",
        "coordinates": [
          126.9603094,
          37.50181693
        ]
      },
      "properties": {
        "crosswalk_id": "06-0000044967",
        "district": "동작구",
        "address": "동작구 흑석동 79-289도",
        "crosswalk_type": "일단(화살표없음)",
        "has_pedestrian_light": "N",
        "has_audio_signal": "N",
        "has_push_button": "Y",
        "is_raised_crosswalk": "Y",
        "has_traffic_safety_detail": "Y",
        "accessibility_score": 4,
        "route_recommendation_tier": "recommended",
        "support_evidence": "보행자작동신호기, 고원식횡단보도, 교통안전시설 상세",
        "nearest_audio_signal_id": NaN,
        "nearest_audio_signal_distance_m": NaN,
        "nearest_push_button_id": "29-0000001400",
        "nearest_push_button_distance_m": 6.0,
        "data_reference_date": "2026-03-20",
        "coordinate_note": "source_columns_swapped_and_normalized"
      }
    },
    {
      "type": "Feature",
      "geometry": {
        "type": "Point",
        "coordinates": [
          126.9830355,
          37.49722083
        ]
      },
      "properties": {
        "crosswalk_id": "06-0000045318",
        "district": "동작구",
        "address": "동작구 동작동 97-7도",
        "crosswalk_type": "일단(화살표없음)",
        "has_pedestrian_light": "N",
        "has_audio_signal": "Y",
        "has_push_button": "N",
        "is_raised_crosswalk": "N",
        "has_traffic_safety_detail": "Y",
        "accessibility_score": 4,
        "route_recommendation_tier": "recommended",
        "support_evidence": "음향신호기, 교통안전시설 상세",
        "nearest_audio_signal_id": "24-0000005820",
        "nearest_audio_signal_distance_m": 12.4,
        "nearest_push_button_id": NaN,
        "nearest_push_button_distance_m": NaN,
        "data_reference_date": "2026-03-20",
        "coordinate_note": "source_columns_swapped_and_normalized"
      }
    },
    {
      "type": "Feature",
      "geometry": {
        "type": "Point",
        "coordinates": [
          126.9279296,
          37.4967953
        ]
      },
      "properties": {
        "crosswalk_id": "06-0000049240",
        "district": "동작구",
        "address": "동작구 신대방동 345-6도",
        "crosswalk_type": "일단(화살표없음)",
        "has_pedestrian_light": "N",
        "has_audio_signal": "Y",
        "has_push_button": "N",
        "is_raised_crosswalk": "N",
        "has_traffic_safety_detail": "Y",
        "accessibility_score": 4,
        "route_recommendation_tier": "recommended",
        "support_evidence": "음향신호기, 교통안전시설 상세",
        "nearest_audio_signal_id": "24-0000014309",
        "nearest_audio_signal_distance_m": 10.3,
        "nearest_push_button_id": NaN,
        "nearest_push_button_distance_m": NaN,
        "data_reference_date": "2026-03-20",
        "coordinate_note": "source_columns_swapped_and_normalized"
      }
    },
    {
      "type": "Feature",
      "geometry": {
        "type": "Point",
        "coordinates": [
          126.9287516,
          37.49958474
        ]
      },
      "properties": {
        "crosswalk_id": "06-0000049373",
        "district": "동작구",
        "address": "동작구 대방동 335-33도",
        "crosswalk_type": "일단(화살표없음)",
        "has_pedestrian_light": "N",
        "has_audio_signal": "Y",
        "has_push_button": "N",
        "is_raised_crosswalk": "N",
        "has_traffic_safety_detail": "Y",
        "accessibility_score": 4,
        "route_recommendation_tier": "recommended",
        "support_evidence": "음향신호기, 교통안전시설 상세",
        "nearest_audio_signal_id": "24-0000002402",
        "nearest_audio_signal_distance_m": 16.9,
        "nearest_push_button_id": NaN,
        "nearest_push_button_distance_m": NaN,
        "data_reference_date": "2026-03-20",
        "coordinate_note": "source_columns_swapped_and_normalized"
      }
    },
    {
      "type": "Feature",
      "geometry": {
        "type": "Point",
        "coordinates": [
          126.9480837,
          37.50349404
        ]
      },
      "properties": {
        "crosswalk_id": "06-0000049392",
        "district": "동작구",
        "address": "동작구 상도1동 676-3도",
        "crosswalk_type": "일단(화살표없음)",
        "has_pedestrian_light": "N",
        "has_audio_signal": "Y",
        "has_push_button": "N",
        "is_raised_crosswalk": "N",
        "has_traffic_safety_detail": "Y",
        "accessibility_score": 4,
        "route_recommendation_tier": "recommended",
        "support_evidence": "음향신호기, 교통안전시설 상세",
        "nearest_audio_signal_id": "24-0000011955",
        "nearest_audio_signal_distance_m": 29.9,
        "nearest_push_button_id": NaN,
        "nearest_push_button_distance_m": NaN,
        "data_reference_date": "2026-03-20",
        "coordinate_note": "source_columns_swapped_and_normalized"
      }
    },
    {
      "type": "Feature",
      "geometry": {
        "type": "Point",
        "coordinates": [
          126.9046911,
          37.48639224
        ]
      },
      "properties": {
        "crosswalk_id": "06-0000049688",
        "district": "동작구",
        "address": "동작구 신대방동 699-4도",
        "crosswalk_type": "일단(화살표없음)",
        "has_pedestrian_light": "N",
        "has_audio_signal": "Y",
        "has_push_button": "N",
        "is_raised_crosswalk": "N",
        "has_traffic_safety_detail": "Y",
        "accessibility_score": 4,
        "route_recommendation_tier": "recommended",
        "support_evidence": "음향신호기, 교통안전시설 상세",
        "nearest_audio_signal_id": "24-0000003742",
        "nearest_audio_signal_distance_m": 27.7,
        "nearest_push_button_id": NaN,
        "nearest_push_button_distance_m": NaN,
        "data_reference_date": "2026-03-20",
        "coordinate_note": "source_columns_swapped_and_normalized"
      }
    },
    {
      "type": "Feature",
      "geometry": {
        "type": "Point",
        "coordinates": [
          126.925125,
          37.49873569
        ]
      },
      "properties": {
        "crosswalk_id": "06-0000051203",
        "district": "동작구",
        "address": "동작구 대방동 408-2천",
        "crosswalk_type": "일단(화살표없음)",
        "has_pedestrian_light": "Y",
        "has_audio_signal": "Y",
        "has_push_button": "N",
        "is_raised_crosswalk": "N",
        "has_traffic_safety_detail": "N",
        "accessibility_score": 4,
        "route_recommendation_tier": "recommended",
        "support_evidence": "보행등, 음향신호기",
        "nearest_audio_signal_id": NaN,
        "nearest_audio_signal_distance_m": NaN,
        "nearest_push_button_id": NaN,
        "nearest_push_button_distance_m": NaN,
        "data_reference_date": "2026-03-20",
        "coordinate_note": "source_columns_swapped_and_normalized"
      }
    },
    {
      "type": "Feature",
      "geometry": {
        "type": "Point",
        "coordinates": [
          126.9280778,
          37.51110699
        ]
      },
      "properties": {
        "crosswalk_id": "06-0000052850",
        "district": "동작구",
        "address": "동작구 대방동 466-55도",
        "crosswalk_type": "일단(화살표없음)",
        "has_pedestrian_light": "Y",
        "has_audio_signal": "Y",
        "has_push_button": "N",
        "is_raised_crosswalk": "N",
        "has_traffic_safety_detail": "N",
        "accessibility_score": 4,
        "route_recommendation_tier": "recommended",
        "support_evidence": "보행등, 음향신호기",
        "nearest_audio_signal_id": NaN,
        "nearest_audio_signal_distance_m": NaN,
        "nearest_push_button_id": NaN,
        "nearest_push_button_distance_m": NaN,
        "data_reference_date": "2026-03-20",
        "coordinate_note": "source_columns_swapped_and_normalized"
      }
    },
    {
      "type": "Feature",
      "geometry": {
        "type": "Point",
        "coordinates": [
          126.9455987,
          37.50955619
        ]
      },
      "properties": {
        "crosswalk_id": "06-0000052853",
        "district": "동작구",
        "address": "동작구 노량진동 215-179도",
        "crosswalk_type": "일단(화살표없음)",
        "has_pedestrian_light": "Y",
        "has_audio_signal": "Y",
        "has_push_button": "N",
        "is_raised_crosswalk": "N",
        "has_traffic_safety_detail": "N",
        "accessibility_score": 4,
        "route_recommendation_tier": "recommended",
        "support_evidence": "보행등, 음향신호기",
        "nearest_audio_signal_id": NaN,
        "nearest_audio_signal_distance_m": NaN,
        "nearest_push_button_id": NaN,
        "nearest_push_button_distance_m": NaN,
        "data_reference_date": "2026-03-20",
        "coordinate_note": "source_columns_swapped_and_normalized"
      }
    },
    {
      "type": "Feature",
      "geometry": {
        "type": "Point",
        "coordinates": [
          126.9240752,
          37.49988739
        ]
      },
      "properties": {
        "crosswalk_id": "06-0000053619",
        "district": "동작구",
        "address": "동작구 대방동 466-60도",
        "crosswalk_type": "일단(화살표없음)",
        "has_pedestrian_light": "Y",
        "has_audio_signal": "Y",
        "has_push_button": "N",
        "is_raised_crosswalk": "N",
        "has_traffic_safety_detail": "N",
        "accessibility_score": 4,
        "route_recommendation_tier": "recommended",
        "support_evidence": "보행등, 음향신호기",
        "nearest_audio_signal_id": "24-0000002471",
        "nearest_audio_signal_distance_m": 6.3,
        "nearest_push_button_id": NaN,
        "nearest_push_button_distance_m": NaN,
        "data_reference_date": "2026-03-20",
        "coordinate_note": "source_columns_swapped_and_normalized"
      }
    },
    {
      "type": "Feature",
      "geometry": {
        "type": "Point",
        "coordinates": [
          126.9395706,
          37.50346382
        ]
      },
      "properties": {
        "crosswalk_id": "06-0000055555",
        "district": "동작구",
        "address": "동작구 상도동 181-62 도",
        "crosswalk_type": "이단(화살표있음)",
        "has_pedestrian_light": "Y",
        "has_audio_signal": "Y",
        "has_push_button": "N",
        "is_raised_crosswalk": "N",
        "has_traffic_safety_detail": "N",
        "accessibility_score": 4,
        "route_recommendation_tier": "recommended",
        "support_evidence": "보행등, 음향신호기",
        "nearest_audio_signal_id": NaN,
        "nearest_audio_signal_distance_m": NaN,
        "nearest_push_button_id": NaN,
        "nearest_push_button_distance_m": NaN,
        "data_reference_date": "2026-03-20",
        "coordinate_note": "source_columns_swapped_and_normalized"
      }
    },
    {
      "type": "Feature",
      "geometry": {
        "type": "Point",
        "coordinates": [
          126.9396286,
          37.50363401
        ]
      },
      "properties": {
        "crosswalk_id": "06-0000055557",
        "district": "동작구",
        "address": "동작구 상도동 181-15 대",
        "crosswalk_type": "일단(화살표없음)",
        "has_pedestrian_light": "Y",
        "has_audio_signal": "Y",
        "has_push_button": "N",
        "is_raised_crosswalk": "N",
        "has_traffic_safety_detail": "N",
        "accessibility_score": 4,
        "route_recommendation_tier": "recommended",
        "support_evidence": "보행등, 음향신호기",
        "nearest_audio_signal_id": NaN,
        "nearest_audio_signal_distance_m": NaN,
        "nearest_push_button_id": NaN,
        "nearest_push_button_distance_m": NaN,
        "data_reference_date": "2026-03-20",
        "coordinate_note": "source_columns_swapped_and_normalized"
      }
    },
    {
      "type": "Feature",
      "geometry": {
        "type": "Point",
        "coordinates": [
          126.9412942,
          37.5051136
        ]
      },
      "properties": {
        "crosswalk_id": "06-0000055925",
        "district": "동작구",
        "address": "동작구 상도동 373도",
        "crosswalk_type": "이단(화살표있음)",
        "has_pedestrian_light": "Y",
        "has_audio_signal": "Y",
        "has_push_button": "N",
        "is_raised_crosswalk": "N",
        "has_traffic_safety_detail": "N",
        "accessibility_score": 4,
        "route_recommendation_tier": "recommended",
        "support_evidence": "보행등, 음향신호기",
        "nearest_audio_signal_id": "24-0000011416",
        "nearest_audio_signal_distance_m": 24.7,
        "nearest_push_button_id": NaN,
        "nearest_push_button_distance_m": NaN,
        "data_reference_date": "2026-03-20",
        "coordinate_note": "source_columns_swapped_and_normalized"
      }
    },
    {
      "type": "Feature",
      "geometry": {
        "type": "Point",
        "coordinates": [
          126.9412909,
          37.50579855
        ]
      },
      "properties": {
        "crosswalk_id": "06-0000055926",
        "district": "동작구",
        "address": "동작구 상도동 329-3도",
        "crosswalk_type": "일단(화살표없음)",
        "has_pedestrian_light": "Y",
        "has_audio_signal": "Y",
        "has_push_button": "N",
        "is_raised_crosswalk": "N",
        "has_traffic_safety_detail": "N",
        "accessibility_score": 4,
        "route_recommendation_tier": "recommended",
        "support_evidence": "보행등, 음향신호기",
        "nearest_audio_signal_id": NaN,
        "nearest_audio_signal_distance_m": NaN,
        "nearest_push_button_id": NaN,
        "nearest_push_button_distance_m": NaN,
        "data_reference_date": "2026-03-20",
        "coordinate_note": "source_columns_swapped_and_normalized"
      }
    },
    {
      "type": "Feature",
      "geometry": {
        "type": "Point",
        "coordinates": [
          126.9658541,
          37.48123589
        ]
      },
      "properties": {
        "crosswalk_id": "06-0000003952",
        "district": "동작구",
        "address": "동작구 사당동 236-23 학",
        "crosswalk_type": "일단(화살표없음)",
        "has_pedestrian_light": "N",
        "has_audio_signal": "N",
        "has_push_button": "Y",
        "is_raised_crosswalk": "N",
        "has_traffic_safety_detail": "Y",
        "accessibility_score": 3,
        "route_recommendation_tier": "recommended",
        "support_evidence": "보행자작동신호기, 교통안전시설 상세",
        "nearest_audio_signal_id": NaN,
        "nearest_audio_signal_distance_m": NaN,
        "nearest_push_button_id": "29-0000000346",
        "nearest_push_button_distance_m": 17.8,
        "data_reference_date": "2026-03-20",
        "coordinate_note": "source_columns_swapped_and_normalized"
      }
    },
    {
      "type": "Feature",
      "geometry": {
        "type": "Point",
        "coordinates": [
          126.9571677,
          37.50646921
        ]
      },
      "properties": {
        "crosswalk_id": "06-0000005984",
        "district": "동작구",
        "address": "동작구 흑석동 204-172 도",
        "crosswalk_type": "이단(화살표있음)",
        "has_pedestrian_light": "Y",
        "has_audio_signal": "N",
        "has_push_button": "N",
        "is_raised_crosswalk": "Y",
        "has_traffic_safety_detail": "Y",
        "accessibility_score": 3,
        "route_recommendation_tier": "recommended",
        "support_evidence": "보행등, 고원식횡단보도, 교통안전시설 상세",
        "nearest_audio_signal_id": NaN,
        "nearest_audio_signal_distance_m": NaN,
        "nearest_push_button_id": NaN,
        "nearest_push_button_distance_m": NaN,
        "data_reference_date": "2026-03-20",
        "coordinate_note": "source_columns_swapped_and_normalized"
      }
    },
    {
      "type": "Feature",
      "geometry": {
        "type": "Point",
        "coordinates": [
          126.9415896,
          37.50055759
        ]
      },
      "properties": {
        "crosswalk_id": "06-0000006007",
        "district": "동작구",
        "address": "동작구 상도동 201-38 도",
        "crosswalk_type": "일단(화살표없음)",
        "has_pedestrian_light": "N",
        "has_audio_signal": "N",
        "has_push_button": "Y",
        "is_raised_crosswalk": "N",
        "has_traffic_safety_detail": "Y",
        "accessibility_score": 3,
        "route_recommendation_tier": "recommended",
        "support_evidence": "보행자작동신호기, 교통안전시설 상세",
        "nearest_audio_signal_id": NaN,
        "nearest_audio_signal_distance_m": NaN,
        "nearest_push_button_id": "29-0000000091",
        "nearest_push_button_distance_m": 19.0,
        "data_reference_date": "2026-03-20",
        "coordinate_note": "source_columns_swapped_and_normalized"
      }
    },
    {
      "type": "Feature",
      "geometry": {
        "type": "Point",
        "coordinates": [
          126.9437865,
          37.49834216
        ]
      },
      "properties": {
        "crosswalk_id": "06-0000006586",
        "district": "동작구",
        "address": "동작구 상도동 210-361 구",
        "crosswalk_type": "일단(화살표없음)",
        "has_pedestrian_light": "N",
        "has_audio_signal": "N",
        "has_push_button": "Y",
        "is_raised_crosswalk": "N",
        "has_traffic_safety_detail": "Y",
        "accessibility_score": 3,
        "route_recommendation_tier": "recommended",
        "support_evidence": "보행자작동신호기, 교통안전시설 상세",
        "nearest_audio_signal_id": NaN,
        "nearest_audio_signal_distance_m": NaN,
        "nearest_push_button_id": "29-0000000094",
        "nearest_push_button_distance_m": 7.5,
        "data_reference_date": "2026-03-20",
        "coordinate_note": "source_columns_swapped_and_normalized"
      }
    },
    {
      "type": "Feature",
      "geometry": {
        "type": "Point",
        "coordinates": [
          126.9608881,
          37.50559076
        ]
      },
      "properties": {
        "crosswalk_id": "06-0000023150",
        "district": "동작구",
        "address": "동작구 흑석동 340-10 도",
        "crosswalk_type": "일단(화살표없음)",
        "has_pedestrian_light": "N",
        "has_audio_signal": "N",
        "has_push_button": "Y",
        "is_raised_crosswalk": "N",
        "has_traffic_safety_detail": "Y",
        "accessibility_score": 3,
        "route_recommendation_tier": "recommended",
        "support_evidence": "보행자작동신호기, 교통안전시설 상세",
        "nearest_audio_signal_id": NaN,
        "nearest_audio_signal_distance_m": NaN,
        "nearest_push_button_id": "29-0000001161",
        "nearest_push_button_distance_m": 17.4,
        "data_reference_date": "2026-03-20",
        "coordinate_note": "source_columns_swapped_and_normalized"
      }
    },
    {
      "type": "Feature",
      "geometry": {
        "type": "Point",
        "coordinates": [
          126.9585461,
          37.50684943
        ]
      },
      "properties": {
        "crosswalk_id": "06-0000023585",
        "district": "동작구",
        "address": "동작구 흑석동 221-1도",
        "crosswalk_type": "이단(화살표있음)",
        "has_pedestrian_light": "Y",
        "has_audio_signal": "N",
        "has_push_button": "N",
        "is_raised_crosswalk": "Y",
        "has_traffic_safety_detail": "Y",
        "accessibility_score": 3,
        "route_recommendation_tier": "recommended",
        "support_evidence": "보행등, 고원식횡단보도, 교통안전시설 상세",
        "nearest_audio_signal_id": NaN,
        "nearest_audio_signal_distance_m": NaN,
        "nearest_push_button_id": NaN,
        "nearest_push_button_distance_m": NaN,
        "data_reference_date": "2026-03-20",
        "coordinate_note": "source_columns_swapped_and_normalized"
      }
    },
    {
      "type": "Feature",
      "geometry": {
        "type": "Point",
        "coordinates": [
          126.9520132,
          37.50487389
        ]
      },
      "properties": {
        "crosswalk_id": "06-0000025140",
        "district": "동작구",
        "address": "동작구 상도1동 528-1도",
        "crosswalk_type": "일단(화살표없음)",
        "has_pedestrian_light": "N",
        "has_audio_signal": "N",
        "has_push_button": "Y",
        "is_raised_crosswalk": "N",
        "has_traffic_safety_detail": "Y",
        "accessibility_score": 3,
        "route_recommendation_tier": "recommended",
        "support_evidence": "보행자작동신호기, 교통안전시설 상세",
        "nearest_audio_signal_id": NaN,
        "nearest_audio_signal_distance_m": NaN,
        "nearest_push_button_id": "29-0000000337",
        "nearest_push_button_distance_m": 11.4,
        "data_reference_date": "2026-03-20",
        "coordinate_note": "source_columns_swapped_and_normalized"
      }
    },
    {
      "type": "Feature",
      "geometry": {
        "type": "Point",
        "coordinates": [
          126.9519467,
          37.50477305
        ]
      },
      "properties": {
        "crosswalk_id": "06-0000025141",
        "district": "동작구",
        "address": "동작구 상도1동 528-1도",
        "crosswalk_type": "일단(화살표없음)",
        "has_pedestrian_light": "N",
        "has_audio_signal": "N",
        "has_push_button": "Y",
        "is_raised_crosswalk": "N",
        "has_traffic_safety_detail": "Y",
        "accessibility_score": 3,
        "route_recommendation_tier": "recommended",
        "support_evidence": "보행자작동신호기, 교통안전시설 상세",
        "nearest_audio_signal_id": NaN,
        "nearest_audio_signal_distance_m": NaN,
        "nearest_push_button_id": "29-0000000337",
        "nearest_push_button_distance_m": 19.0,
        "data_reference_date": "2026-03-20",
        "coordinate_note": "source_columns_swapped_and_normalized"
      }
    },
    {
      "type": "Feature",
      "geometry": {
        "type": "Point",
        "coordinates": [
          126.9124818,
          37.48765273
        ]
      },
      "properties": {
        "crosswalk_id": "06-0000025144",
        "district": "동작구",
        "address": "동작구 신대방동 700-4도",
        "crosswalk_type": "일단(화살표없음)",
        "has_pedestrian_light": "N",
        "has_audio_signal": "N",
        "has_push_button": "Y",
        "is_raised_crosswalk": "N",
        "has_traffic_safety_detail": "Y",
        "accessibility_score": 3,
        "route_recommendation_tier": "recommended",
        "support_evidence": "보행자작동신호기, 교통안전시설 상세",
        "nearest_audio_signal_id": NaN,
        "nearest_audio_signal_distance_m": NaN,
        "nearest_push_button_id": "29-0000000988",
        "nearest_push_button_distance_m": 2.0,
        "data_reference_date": "2026-03-20",
        "coordinate_note": "source_columns_swapped_and_normalized"
      }
    },
    {
      "type": "Feature",
      "geometry": {
        "type": "Point",
        "coordinates": [
          126.9125656,
          37.48767509
        ]
      },
      "properties": {
        "crosswalk_id": "06-0000025145",
        "district": "동작구",
        "address": "동작구 신대방동 700-4도",
        "crosswalk_type": "일단(화살표없음)",
        "has_pedestrian_light": "N",
        "has_audio_signal": "N",
        "has_push_button": "Y",
        "is_raised_crosswalk": "N",
        "has_traffic_safety_detail": "Y",
        "accessibility_score": 3,
        "route_recommendation_tier": "recommended",
        "support_evidence": "보행자작동신호기, 교통안전시설 상세",
        "nearest_audio_signal_id": NaN,
        "nearest_audio_signal_distance_m": NaN,
        "nearest_push_button_id": "29-0000000110",
        "nearest_push_button_distance_m": 4.0,
        "data_reference_date": "2026-03-20",
        "coordinate_note": "source_columns_swapped_and_normalized"
      }
    },
    {
      "type": "Feature",
      "geometry": {
        "type": "Point",
        "coordinates": [
          126.9126843,
          37.48767462
        ]
      },
      "properties": {
        "crosswalk_id": "06-0000025146",
        "district": "동작구",
        "address": "동작구 신대방동 618-37임",
        "crosswalk_type": "일단(화살표없음)",
        "has_pedestrian_light": "N",
        "has_audio_signal": "N",
        "has_push_button": "Y",
        "is_raised_crosswalk": "N",
        "has_traffic_safety_detail": "Y",
        "accessibility_score": 3,
        "route_recommendation_tier": "recommended",
        "support_evidence": "보행자작동신호기, 교통안전시설 상세",
        "nearest_audio_signal_id": NaN,
        "nearest_audio_signal_distance_m": NaN,
        "nearest_push_button_id": "29-0000000110",
        "nearest_push_button_distance_m": 12.3,
        "data_reference_date": "2026-03-20",
        "coordinate_note": "source_columns_swapped_and_normalized"
      }
    },
    {
      "type": "Feature",
      "geometry": {
        "type": "Point",
        "coordinates": [
          126.961375,
          37.50634047
        ]
      },
      "properties": {
        "crosswalk_id": "06-0000027307",
        "district": "동작구",
        "address": "동작구 흑석동 86-181 도",
        "crosswalk_type": "일단(화살표없음)",
        "has_pedestrian_light": "N",
        "has_audio_signal": "N",
        "has_push_button": "Y",
        "is_raised_crosswalk": "N",
        "has_traffic_safety_detail": "Y",
        "accessibility_score": 3,
        "route_recommendation_tier": "recommended",
        "support_evidence": "보행자작동신호기, 교통안전시설 상세",
        "nearest_audio_signal_id": NaN,
        "nearest_audio_signal_distance_m": NaN,
        "nearest_push_button_id": "29-0000001444",
        "nearest_push_button_distance_m": 14.8,
        "data_reference_date": "2026-03-20",
        "coordinate_note": "source_columns_swapped_and_normalized"
      }
    },
    {
      "type": "Feature",
      "geometry": {
        "type": "Point",
        "coordinates": [
          126.9267413,
          37.51089645
        ]
      },
      "properties": {
        "crosswalk_id": "06-0000027308",
        "district": "동작구",
        "address": "동작구 대방동 466-55도",
        "crosswalk_type": "일단(화살표없음)",
        "has_pedestrian_light": "N",
        "has_audio_signal": "N",
        "has_push_button": "Y",
        "is_raised_crosswalk": "N",
        "has_traffic_safety_detail": "Y",
        "accessibility_score": 3,
        "route_recommendation_tier": "recommended",
        "support_evidence": "보행자작동신호기, 교통안전시설 상세",
        "nearest_audio_signal_id": NaN,
        "nearest_audio_signal_distance_m": NaN,
        "nearest_push_button_id": "29-0000000351",
        "nearest_push_button_distance_m": 8.8,
        "data_reference_date": "2026-03-20",
        "coordinate_note": "source_columns_swapped_and_normalized"
      }
    },
    {
      "type": "Feature",
      "geometry": {
        "type": "Point",
        "coordinates": [
          126.9504932,
          37.50487166
        ]
      },
      "properties": {
        "crosswalk_id": "06-0000027452",
        "district": "동작구",
        "address": "동작구 상도1동 528-1도",
        "crosswalk_type": "일단(화살표없음)",
        "has_pedestrian_light": "N",
        "has_audio_signal": "N",
        "has_push_button": "Y",
        "is_raised_crosswalk": "N",
        "has_traffic_safety_detail": "Y",
        "accessibility_score": 3,
        "route_recommendation_tier": "recommended",
        "support_evidence": "보행자작동신호기, 교통안전시설 상세",
        "nearest_audio_signal_id": NaN,
        "nearest_audio_signal_distance_m": NaN,
        "nearest_push_button_id": "29-0000000338",
        "nearest_push_button_distance_m": 15.2,
        "data_reference_date": "2026-03-20",
        "coordinate_note": "source_columns_swapped_and_normalized"
      }
    },
    {
      "type": "Feature",
      "geometry": {
        "type": "Point",
        "coordinates": [
          126.9753831,
          37.48765576
        ]
      },
      "properties": {
        "crosswalk_id": "06-0000029320",
        "district": "동작구",
        "address": "동작구 사당동 105-20 도",
        "crosswalk_type": "일단(화살표없음)",
        "has_pedestrian_light": "N",
        "has_audio_signal": "N",
        "has_push_button": "Y",
        "is_raised_crosswalk": "N",
        "has_traffic_safety_detail": "Y",
        "accessibility_score": 3,
        "route_recommendation_tier": "recommended",
        "support_evidence": "보행자작동신호기, 교통안전시설 상세",
        "nearest_audio_signal_id": NaN,
        "nearest_audio_signal_distance_m": NaN,
        "nearest_push_button_id": "29-0000001160",
        "nearest_push_button_distance_m": 20.8,
        "data_reference_date": "2026-03-20",
        "coordinate_note": "source_columns_swapped_and_normalized"
      }
    },
    {
      "type": "Feature",
      "geometry": {
        "type": "Point",
        "coordinates": [
          126.9757517,
          37.48795966
        ]
      },
      "properties": {
        "crosswalk_id": "06-0000029321",
        "district": "동작구",
        "address": "동작구 사당동 105-18도",
        "crosswalk_type": "일단(화살표없음)",
        "has_pedestrian_light": "N",
        "has_audio_signal": "N",
        "has_push_button": "Y",
        "is_raised_crosswalk": "N",
        "has_traffic_safety_detail": "Y",
        "accessibility_score": 3,
        "route_recommendation_tier": "recommended",
        "support_evidence": "보행자작동신호기, 교통안전시설 상세",
        "nearest_audio_signal_id": NaN,
        "nearest_audio_signal_distance_m": NaN,
        "nearest_push_button_id": "29-0000001160",
        "nearest_push_button_distance_m": 27.1,
        "data_reference_date": "2026-03-20",
        "coordinate_note": "source_columns_swapped_and_normalized"
      }
    },
    {
      "type": "Feature",
      "geometry": {
        "type": "Point",
        "coordinates": [
          126.9653124,
          37.50437621
        ]
      },
      "properties": {
        "crosswalk_id": "06-0000039771",
        "district": "동작구",
        "address": "동작구 흑석동 336-7 도",
        "crosswalk_type": "이단(화살표있음)",
        "has_pedestrian_light": "Y",
        "has_audio_signal": "N",
        "has_push_button": "N",
        "is_raised_crosswalk": "Y",
        "has_traffic_safety_detail": "Y",
        "accessibility_score": 3,
        "route_recommendation_tier": "recommended",
        "support_evidence": "보행등, 고원식횡단보도, 교통안전시설 상세",
        "nearest_audio_signal_id": NaN,
        "nearest_audio_signal_distance_m": NaN,
        "nearest_push_button_id": NaN,
        "nearest_push_button_distance_m": NaN,
        "data_reference_date": "2026-03-20",
        "coordinate_note": "source_columns_swapped_and_normalized"
      }
    },
    {
      "type": "Feature",
      "geometry": {
        "type": "Point",
        "coordinates": [
          126.911482,
          37.48710567
        ]
      },
      "properties": {
        "crosswalk_id": "06-0000044829",
        "district": "동작구",
        "address": "동작구 신대방동 700-4도",
        "crosswalk_type": "일단(화살표없음)",
        "has_pedestrian_light": "N",
        "has_audio_signal": "N",
        "has_push_button": "Y",
        "is_raised_crosswalk": "N",
        "has_traffic_safety_detail": "Y",
        "accessibility_score": 3,
        "route_recommendation_tier": "recommended",
        "support_evidence": "보행자작동신호기, 교통안전시설 상세",
        "nearest_audio_signal_id": NaN,
        "nearest_audio_signal_distance_m": NaN,
        "nearest_push_button_id": "29-0000000321",
        "nearest_push_button_distance_m": 27.8,
        "data_reference_date": "2026-03-20",
        "coordinate_note": "source_columns_swapped_and_normalized"
      }
    },
    {
      "type": "Feature",
      "geometry": {
        "type": "Point",
        "coordinates": [
          126.9421295,
          37.50047937
        ]
      },
      "properties": {
        "crosswalk_id": "06-0000045218",
        "district": "동작구",
        "address": "동작구 상도동 201-174도",
        "crosswalk_type": "일단(화살표없음)",
        "has_pedestrian_light": "N",
        "has_audio_signal": "N",
        "has_push_button": "Y",
        "is_raised_crosswalk": "N",
        "has_traffic_safety_detail": "Y",
        "accessibility_score": 3,
        "route_recommendation_tier": "recommended",
        "support_evidence": "보행자작동신호기, 교통안전시설 상세",
        "nearest_audio_signal_id": NaN,
        "nearest_audio_signal_distance_m": NaN,
        "nearest_push_button_id": "29-0000000091",
        "nearest_push_button_distance_m": 29.5,
        "data_reference_date": "2026-03-20",
        "coordinate_note": "source_columns_swapped_and_normalized"
      }
    },
    {
      "type": "Feature",
      "geometry": {
        "type": "Point",
        "coordinates": [
          126.9672745,
          37.48414689
        ]
      },
      "properties": {
        "crosswalk_id": "06-0000046432",
        "district": "동작구",
        "address": "동작구 사당동 산32-61임",
        "crosswalk_type": "일단(화살표없음)",
        "has_pedestrian_light": "N",
        "has_audio_signal": "N",
        "has_push_button": "Y",
        "is_raised_crosswalk": "N",
        "has_traffic_safety_detail": "Y",
        "accessibility_score": 3,
        "route_recommendation_tier": "recommended",
        "support_evidence": "보행자작동신호기, 교통안전시설 상세",
        "nearest_audio_signal_id": NaN,
        "nearest_audio_signal_distance_m": NaN,
        "nearest_push_button_id": "29-0000001469",
        "nearest_push_button_distance_m": 10.1,
        "data_reference_date": "2026-03-20",
        "coordinate_note": "source_columns_swapped_and_normalized"
      }
    },
    {
      "type": "Feature",
      "geometry": {
        "type": "Point",
        "coordinates": [
          126.9459768,
          37.50167378
        ]
      },
      "properties": {
        "crosswalk_id": "06-0000050751",
        "district": "동작구",
        "address": "동작구 상도동 904-1 도",
        "crosswalk_type": "일단(화살표없음)",
        "has_pedestrian_light": "N",
        "has_audio_signal": "N",
        "has_push_button": "Y",
        "is_raised_crosswalk": "N",
        "has_traffic_safety_detail": "Y",
        "accessibility_score": 3,
        "route_recommendation_tier": "recommended",
        "support_evidence": "보행자작동신호기, 교통안전시설 상세",
        "nearest_audio_signal_id": NaN,
        "nearest_audio_signal_distance_m": NaN,
        "nearest_push_button_id": "29-0000000314",
        "nearest_push_button_distance_m": 29.9,
        "data_reference_date": "2026-03-20",
        "coordinate_note": "source_columns_swapped_and_normalized"
      }
    },
    {
      "type": "Feature",
      "geometry": {
        "type": "Point",
        "coordinates": [
          126.94453,
          37.49950219
        ]
      },
      "properties": {
        "crosswalk_id": "06-0000052012",
        "district": "동작구",
        "address": "동작구 상도동 211-496 대",
        "crosswalk_type": "일단(화살표없음)",
        "has_pedestrian_light": "N",
        "has_audio_signal": "Y",
        "has_push_button": "N",
        "is_raised_crosswalk": "N",
        "has_traffic_safety_detail": "N",
        "accessibility_score": 3,
        "route_recommendation_tier": "recommended",
        "support_evidence": "음향신호기",
        "nearest_audio_signal_id": "24-0000002164",
        "nearest_audio_signal_distance_m": 27.0,
        "nearest_push_button_id": NaN,
        "nearest_push_button_distance_m": NaN,
        "data_reference_date": "2026-03-20",
        "coordinate_note": "source_columns_swapped_and_normalized"
      }
    },
    {
      "type": "Feature",
      "geometry": {
        "type": "Point",
        "coordinates": [
          126.925308,
          37.49985672
        ]
      },
      "properties": {
        "crosswalk_id": "06-0000054117",
        "district": "동작구",
        "address": "동작구 대방동 466-60도",
        "crosswalk_type": "일단(화살표없음)",
        "has_pedestrian_light": "N",
        "has_audio_signal": "Y",
        "has_push_button": "N",
        "is_raised_crosswalk": "N",
        "has_traffic_safety_detail": "N",
        "accessibility_score": 3,
        "route_recommendation_tier": "recommended",
        "support_evidence": "음향신호기",
        "nearest_audio_signal_id": "24-0000005132",
        "nearest_audio_signal_distance_m": 15.0,
        "nearest_push_button_id": NaN,
        "nearest_push_button_distance_m": NaN,
        "data_reference_date": "2026-03-20",
        "coordinate_note": "source_columns_swapped_and_normalized"
      }
    },
    {
      "type": "Feature",
      "geometry": {
        "type": "Point",
        "coordinates": [
          126.9697789,
          37.48506742
        ]
      },
      "properties": {
        "crosswalk_id": "06-0000054317",
        "district": "동작구",
        "address": "동작구 사당동 221도",
        "crosswalk_type": "일단(화살표없음)",
        "has_pedestrian_light": "N",
        "has_audio_signal": "Y",
        "has_push_button": "N",
        "is_raised_crosswalk": "N",
        "has_traffic_safety_detail": "N",
        "accessibility_score": 3,
        "route_recommendation_tier": "recommended",
        "support_evidence": "음향신호기",
        "nearest_audio_signal_id": "24-0000002177",
        "nearest_audio_signal_distance_m": 15.6,
        "nearest_push_button_id": NaN,
        "nearest_push_button_distance_m": NaN,
        "data_reference_date": "2026-03-20",
        "coordinate_note": "source_columns_swapped_and_normalized"
      }
    },
    {
      "type": "Feature",
      "geometry": {
        "type": "Point",
        "coordinates": [
          126.9677115,
          37.48502424
        ]
      },
      "properties": {
        "crosswalk_id": "06-0000003719",
        "district": "동작구",
        "address": "동작구 사당동 산32-59 도",
        "crosswalk_type": "이단(화살표있음)",
        "has_pedestrian_light": "Y",
        "has_audio_signal": "N",
        "has_push_button": "N",
        "is_raised_crosswalk": "N",
        "has_traffic_safety_detail": "Y",
        "accessibility_score": 2,
        "route_recommendation_tier": "basic",
        "support_evidence": "보행등, 교통안전시설 상세",
        "nearest_audio_signal_id": NaN,
        "nearest_audio_signal_distance_m": NaN,
        "nearest_push_button_id": NaN,
        "nearest_push_button_distance_m": NaN,
        "data_reference_date": "2026-03-20",
        "coordinate_note": "source_columns_swapped_and_normalized"
      }
    },
    {
      "type": "Feature",
      "geometry": {
        "type": "Point",
        "coordinates": [
          126.9817035,
          37.48165874
        ]
      },
      "properties": {
        "crosswalk_id": "06-0000003777",
        "district": "동작구",
        "address": "동작구 사당동 1112도",
        "crosswalk_type": "일단(화살표없음)",
        "has_pedestrian_light": "N",
        "has_audio_signal": "N",
        "has_push_button": "N",
        "is_raised_crosswalk": "Y",
        "has_traffic_safety_detail": "Y",
        "accessibility_score": 2,
        "route_recommendation_tier": "basic",
        "support_evidence": "고원식횡단보도, 교통안전시설 상세",
        "nearest_audio_signal_id": NaN,
        "nearest_audio_signal_distance_m": NaN,
        "nearest_push_button_id": NaN,
        "nearest_push_button_distance_m": NaN,
        "data_reference_date": "2026-03-20",
        "coordinate_note": "source_columns_swapped_and_normalized"
      }
    },
    {
      "type": "Feature",
      "geometry": {
        "type": "Point",
        "coordinates": [
          126.9427467,
          37.49550273
        ]
      },
      "properties": {
        "crosswalk_id": "06-0000003875",
        "district": "동작구",
        "address": "동작구 상도동 210-6 도",
        "crosswalk_type": "이단(화살표있음)",
        "has_pedestrian_light": "Y",
        "has_audio_signal": "N",
        "has_push_button": "N",
        "is_raised_crosswalk": "N",
        "has_traffic_safety_detail": "Y",
        "accessibility_score": 2,
        "route_recommendation_tier": "basic",
        "support_evidence": "보행등, 교통안전시설 상세",
        "nearest_audio_signal_id": NaN,
        "nearest_audio_signal_distance_m": NaN,
        "nearest_push_button_id": NaN,
        "nearest_push_button_distance_m": NaN,
        "data_reference_date": "2026-03-20",
        "coordinate_note": "source_columns_swapped_and_normalized"
      }
    },
    {
      "type": "Feature",
      "geometry": {
        "type": "Point",
        "coordinates": [
          126.9220158,
          37.49781198
        ]
      },
      "properties": {
        "crosswalk_id": "06-0000003923",
        "district": "동작구",
        "address": "동작구 신대방동 378-10 도",
        "crosswalk_type": "일단(화살표없음)",
        "has_pedestrian_light": "N",
        "has_audio_signal": "N",
        "has_push_button": "N",
        "is_raised_crosswalk": "Y",
        "has_traffic_safety_detail": "Y",
        "accessibility_score": 2,
        "route_recommendation_tier": "basic",
        "support_evidence": "고원식횡단보도, 교통안전시설 상세",
        "nearest_audio_signal_id": NaN,
        "nearest_audio_signal_distance_m": NaN,
        "nearest_push_button_id": NaN,
        "nearest_push_button_distance_m": NaN,
        "data_reference_date": "2026-03-20",
        "coordinate_note": "source_columns_swapped_and_normalized"
      }
    },
    {
      "type": "Feature",
      "geometry": {
        "type": "Point",
        "coordinates": [
          126.9821062,
          37.48843323
        ]
      },
      "properties": {
        "crosswalk_id": "06-0000004063",
        "district": "동작구",
        "address": "동작구 사당동 87-8도",
        "crosswalk_type": "일단(화살표없음)",
        "has_pedestrian_light": "N",
        "has_audio_signal": "N",
        "has_push_button": "N",
        "is_raised_crosswalk": "Y",
        "has_traffic_safety_detail": "Y",
        "accessibility_score": 2,
        "route_recommendation_tier": "basic",
        "support_evidence": "고원식횡단보도, 교통안전시설 상세",
        "nearest_audio_signal_id": NaN,
        "nearest_audio_signal_distance_m": NaN,
        "nearest_push_button_id": NaN,
        "nearest_push_button_distance_m": NaN,
        "data_reference_date": "2026-03-20",
        "coordinate_note": "source_columns_swapped_and_normalized"
      }
    },
    {
      "type": "Feature",
      "geometry": {
        "type": "Point",
        "coordinates": [
          126.9175871,
          37.49692895
        ]
      },
      "properties": {
        "crosswalk_id": "06-0000005974",
        "district": "동작구",
        "address": "동작구 신대방동 722 공",
        "crosswalk_type": "이단(화살표있음)",
        "has_pedestrian_light": "Y",
        "has_audio_signal": "N",
        "has_push_button": "N",
        "is_raised_crosswalk": "N",
        "has_traffic_safety_detail": "Y",
        "accessibility_score": 2,
        "route_recommendation_tier": "basic",
        "support_evidence": "보행등, 교통안전시설 상세",
        "nearest_audio_signal_id": NaN,
        "nearest_audio_signal_distance_m": NaN,
        "nearest_push_button_id": NaN,
        "nearest_push_button_distance_m": NaN,
        "data_reference_date": "2026-03-20",
        "coordinate_note": "source_columns_swapped_and_normalized"
      }
    },
    {
      "type": "Feature",
      "geometry": {
        "type": "Point",
        "coordinates": [
          126.941111,
          37.50134066
        ]
      },
      "properties": {
        "crosswalk_id": "06-0000006005",
        "district": "동작구",
        "address": "동작구 상도동 201-38 도",
        "crosswalk_type": "이단(화살표있음)",
        "has_pedestrian_light": "Y",
        "has_audio_signal": "N",
        "has_push_button": "N",
        "is_raised_crosswalk": "N",
        "has_traffic_safety_detail": "Y",
        "accessibility_score": 2,
        "route_recommendation_tier": "basic",
        "support_evidence": "보행등, 교통안전시설 상세",
        "nearest_audio_signal_id": NaN,
        "nearest_audio_signal_distance_m": NaN,
        "nearest_push_button_id": NaN,
        "nearest_push_button_distance_m": NaN,
        "data_reference_date": "2026-03-20",
        "coordinate_note": "source_columns_swapped_and_normalized"
      }
    },
    {
      "type": "Feature",
      "geometry": {
        "type": "Point",
        "coordinates": [
          126.9224055,
          37.49766913
        ]
      },
      "properties": {
        "crosswalk_id": "06-0000006008",
        "district": "동작구",
        "address": "동작구 신대방동 378-10 도",
        "crosswalk_type": "일단(화살표없음)",
        "has_pedestrian_light": "N",
        "has_audio_signal": "N",
        "has_push_button": "N",
        "is_raised_crosswalk": "Y",
        "has_traffic_safety_detail": "Y",
        "accessibility_score": 2,
        "route_recommendation_tier": "basic",
        "support_evidence": "고원식횡단보도, 교통안전시설 상세",
        "nearest_audio_signal_id": NaN,
        "nearest_audio_signal_distance_m": NaN,
        "nearest_push_button_id": NaN,
        "nearest_push_button_distance_m": NaN,
        "data_reference_date": "2026-03-20",
        "coordinate_note": "source_columns_swapped_and_normalized"
      }
    },
    {
      "type": "Feature",
      "geometry": {
        "type": "Point",
        "coordinates": [
          126.9219889,
          37.49765948
        ]
      },
      "properties": {
        "crosswalk_id": "06-0000006010",
        "district": "동작구",
        "address": "동작구 신대방동 378-10 도",
        "crosswalk_type": "일단(화살표없음)",
        "has_pedestrian_light": "N",
        "has_audio_signal": "N",
        "has_push_button": "N",
        "is_raised_crosswalk": "Y",
        "has_traffic_safety_detail": "Y",
        "accessibility_score": 2,
        "route_recommendation_tier": "basic",
        "support_evidence": "고원식횡단보도, 교통안전시설 상세",
        "nearest_audio_signal_id": NaN,
        "nearest_audio_signal_distance_m": NaN,
        "nearest_push_button_id": NaN,
        "nearest_push_button_distance_m": NaN,
        "data_reference_date": "2026-03-20",
        "coordinate_note": "source_columns_swapped_and_normalized"
      }
    },
    {
      "type": "Feature",
      "geometry": {
        "type": "Point",
        "coordinates": [
          126.932069,
          37.50873876
        ]
      },
      "properties": {
        "crosswalk_id": "06-0000006025",
        "district": "동작구",
        "address": "동작구 대방동 17-5도",
        "crosswalk_type": "이단(화살표있음)",
        "has_pedestrian_light": "Y",
        "has_audio_signal": "N",
        "has_push_button": "N",
        "is_raised_crosswalk": "N",
        "has_traffic_safety_detail": "Y",
        "accessibility_score": 2,
        "route_recommendation_tier": "basic",
        "support_evidence": "보행등, 교통안전시설 상세",
        "nearest_audio_signal_id": NaN,
        "nearest_audio_signal_distance_m": NaN,
        "nearest_push_button_id": NaN,
        "nearest_push_button_distance_m": NaN,
        "data_reference_date": "2026-03-20",
        "coordinate_note": "source_columns_swapped_and_normalized"
      }
    },
    {
      "type": "Feature",
      "geometry": {
        "type": "Point",
        "coordinates": [
          126.9322355,
          37.50860927
        ]
      },
      "properties": {
        "crosswalk_id": "06-0000006026",
        "district": "동작구",
        "address": "동작구 대방동 17-5도",
        "crosswalk_type": "이단(화살표있음)",
        "has_pedestrian_light": "Y",
        "has_audio_signal": "N",
        "has_push_button": "N",
        "is_raised_crosswalk": "N",
        "has_traffic_safety_detail": "Y",
        "accessibility_score": 2,
        "route_recommendation_tier": "basic",
        "support_evidence": "보행등, 교통안전시설 상세",
        "nearest_audio_signal_id": NaN,
        "nearest_audio_signal_distance_m": NaN,
        "nearest_push_button_id": NaN,
        "nearest_push_button_distance_m": NaN,
        "data_reference_date": "2026-03-20",
        "coordinate_note": "source_columns_swapped_and_normalized"
      }
    },
    {
      "type": "Feature",
      "geometry": {
        "type": "Point",
        "coordinates": [
          126.9322031,
          37.50888617
        ]
      },
      "properties": {
        "crosswalk_id": "06-0000006027",
        "district": "동작구",
        "address": "동작구 대방동 17-5도",
        "crosswalk_type": "이단(화살표있음)",
        "has_pedestrian_light": "Y",
        "has_audio_signal": "N",
        "has_push_button": "N",
        "is_raised_crosswalk": "N",
        "has_traffic_safety_detail": "Y",
        "accessibility_score": 2,
        "route_recommendation_tier": "basic",
        "support_evidence": "보행등, 교통안전시설 상세",
        "nearest_audio_signal_id": NaN,
        "nearest_audio_signal_distance_m": NaN,
        "nearest_push_button_id": NaN,
        "nearest_push_button_distance_m": NaN,
        "data_reference_date": "2026-03-20",
        "coordinate_note": "source_columns_swapped_and_normalized"
      }
    },
    {
      "type": "Feature",
      "geometry": {
        "type": "Point",
        "coordinates": [
          126.9240442,
          37.49830378
        ]
      },
      "properties": {
        "crosswalk_id": "06-0000006081",
        "district": "동작구",
        "address": "동작구 신대방동 355-29 도",
        "crosswalk_type": "일단(화살표없음)",
        "has_pedestrian_light": "Y",
        "has_audio_signal": "N",
        "has_push_button": "N",
        "is_raised_crosswalk": "N",
        "has_traffic_safety_detail": "Y",
        "accessibility_score": 2,
        "route_recommendation_tier": "basic",
        "support_evidence": "보행등, 교통안전시설 상세",
        "nearest_audio_signal_id": NaN,
        "nearest_audio_signal_distance_m": NaN,
        "nearest_push_button_id": NaN,
        "nearest_push_button_distance_m": NaN,
        "data_reference_date": "2026-03-20",
        "coordinate_note": "source_columns_swapped_and_normalized"
      }
    },
    {
      "type": "Feature",
      "geometry": {
        "type": "Point",
        "coordinates": [
          126.9239796,
          37.49834167
        ]
      },
      "properties": {
        "crosswalk_id": "06-0000006082",
        "district": "동작구",
        "address": "동작구 대방동 408-2천",
        "crosswalk_type": "일단(화살표없음)",
        "has_pedestrian_light": "Y",
        "has_audio_signal": "N",
        "has_push_button": "N",
        "is_raised_crosswalk": "N",
        "has_traffic_safety_detail": "Y",
        "accessibility_score": 2,
        "route_recommendation_tier": "basic",
        "support_evidence": "보행등, 교통안전시설 상세",
        "nearest_audio_signal_id": NaN,
        "nearest_audio_signal_distance_m": NaN,
        "nearest_push_button_id": NaN,
        "nearest_push_button_distance_m": NaN,
        "data_reference_date": "2026-03-20",
        "coordinate_note": "source_columns_swapped_and_normalized"
      }
    },
    {
      "type": "Feature",
      "geometry": {
        "type": "Point",
        "coordinates": [
          126.9266396,
          37.49982902
        ]
      },
      "properties": {
        "crosswalk_id": "06-0000006096",
        "district": "동작구",
        "address": "동작구 대방동 406-10도",
        "crosswalk_type": "일단(화살표없음)",
        "has_pedestrian_light": "N",
        "has_audio_signal": "N",
        "has_push_button": "N",
        "is_raised_crosswalk": "Y",
        "has_traffic_safety_detail": "Y",
        "accessibility_score": 2,
        "route_recommendation_tier": "basic",
        "support_evidence": "고원식횡단보도, 교통안전시설 상세",
        "nearest_audio_signal_id": NaN,
        "nearest_audio_signal_distance_m": NaN,
        "nearest_push_button_id": NaN,
        "nearest_push_button_distance_m": NaN,
        "data_reference_date": "2026-03-20",
        "coordinate_note": "source_columns_swapped_and_normalized"
      }
    },
    {
      "type": "Feature",
      "geometry": {
        "type": "Point",
        "coordinates": [
          126.9251366,
          37.50880324
        ]
      },
      "properties": {
        "crosswalk_id": "06-0000006129",
        "district": "동작구",
        "address": "동작구 대방동 503-2도",
        "crosswalk_type": "이단(화살표있음)",
        "has_pedestrian_light": "Y",
        "has_audio_signal": "N",
        "has_push_button": "N",
        "is_raised_crosswalk": "N",
        "has_traffic_safety_detail": "Y",
        "accessibility_score": 2,
        "route_recommendation_tier": "basic",
        "support_evidence": "보행등, 교통안전시설 상세",
        "nearest_audio_signal_id": NaN,
        "nearest_audio_signal_distance_m": NaN,
        "nearest_push_button_id": NaN,
        "nearest_push_button_distance_m": NaN,
        "data_reference_date": "2026-03-20",
        "coordinate_note": "source_columns_swapped_and_normalized"
      }
    },
    {
      "type": "Feature",
      "geometry": {
        "type": "Point",
        "coordinates": [
          126.9478378,
          37.5067214
        ]
      },
      "properties": {
        "crosswalk_id": "06-0000006146",
        "district": "동작구",
        "address": "동작구 상도동 414-2도",
        "crosswalk_type": "이단(화살표있음)",
        "has_pedestrian_light": "Y",
        "has_audio_signal": "N",
        "has_push_button": "N",
        "is_raised_crosswalk": "N",
        "has_traffic_safety_detail": "Y",
        "accessibility_score": 2,
        "route_recommendation_tier": "basic",
        "support_evidence": "보행등, 교통안전시설 상세",
        "nearest_audio_signal_id": NaN,
        "nearest_audio_signal_distance_m": NaN,
        "nearest_push_button_id": NaN,
        "nearest_push_button_distance_m": NaN,
        "data_reference_date": "2026-03-20",
        "coordinate_note": "source_columns_swapped_and_normalized"
      }
    },
    {
      "type": "Feature",
      "geometry": {
        "type": "Point",
        "coordinates": [
          126.9283113,
          37.49889273
        ]
      },
      "properties": {
        "crosswalk_id": "06-0000006447",
        "district": "동작구",
        "address": "동작구 신대방동 355-26천",
        "crosswalk_type": "일단(화살표없음)",
        "has_pedestrian_light": "N",
        "has_audio_signal": "N",
        "has_push_button": "N",
        "is_raised_crosswalk": "Y",
        "has_traffic_safety_detail": "Y",
        "accessibility_score": 2,
        "route_recommendation_tier": "basic",
        "support_evidence": "고원식횡단보도, 교통안전시설 상세",
        "nearest_audio_signal_id": NaN,
        "nearest_audio_signal_distance_m": NaN,
        "nearest_push_button_id": NaN,
        "nearest_push_button_distance_m": NaN,
        "data_reference_date": "2026-03-20",
        "coordinate_note": "source_columns_swapped_and_normalized"
      }
    },
    {
      "type": "Feature",
      "geometry": {
        "type": "Point",
        "coordinates": [
          126.9320057,
          37.51141704
        ]
      },
      "properties": {
        "crosswalk_id": "06-0000006519",
        "district": "동작구",
        "address": "동작구 대방동 23-2도",
        "crosswalk_type": "이단(화살표있음)",
        "has_pedestrian_light": "Y",
        "has_audio_signal": "N",
        "has_push_button": "N",
        "is_raised_crosswalk": "N",
        "has_traffic_safety_detail": "Y",
        "accessibility_score": 2,
        "route_recommendation_tier": "basic",
        "support_evidence": "보행등, 교통안전시설 상세",
        "nearest_audio_signal_id": NaN,
        "nearest_audio_signal_distance_m": NaN,
        "nearest_push_button_id": NaN,
        "nearest_push_button_distance_m": NaN,
        "data_reference_date": "2026-03-20",
        "coordinate_note": "source_columns_swapped_and_normalized"
      }
    },
    {
      "type": "Feature",
      "geometry": {
        "type": "Point",
        "coordinates": [
          126.9318848,
          37.5115456
        ]
      },
      "properties": {
        "crosswalk_id": "06-0000006520",
        "district": "동작구",
        "address": "동작구 대방동 37-1도",
        "crosswalk_type": "일단(화살표없음)",
        "has_pedestrian_light": "Y",
        "has_audio_signal": "N",
        "has_push_button": "N",
        "is_raised_crosswalk": "N",
        "has_traffic_safety_detail": "Y",
        "accessibility_score": 2,
        "route_recommendation_tier": "basic",
        "support_evidence": "보행등, 교통안전시설 상세",
        "nearest_audio_signal_id": NaN,
        "nearest_audio_signal_distance_m": NaN,
        "nearest_push_button_id": NaN,
        "nearest_push_button_distance_m": NaN,
        "data_reference_date": "2026-03-20",
        "coordinate_note": "source_columns_swapped_and_normalized"
      }
    },
    {
      "type": "Feature",
      "geometry": {
        "type": "Point",
        "coordinates": [
          126.9435591,
          37.50814876
        ]
      },
      "properties": {
        "crosswalk_id": "06-0000006530",
        "district": "동작구",
        "address": "동작구 상도동 329도",
        "crosswalk_type": "이단(화살표있음)",
        "has_pedestrian_light": "Y",
        "has_audio_signal": "N",
        "has_push_button": "N",
        "is_raised_crosswalk": "N",
        "has_traffic_safety_detail": "Y",
        "accessibility_score": 2,
        "route_recommendation_tier": "basic",
        "support_evidence": "보행등, 교통안전시설 상세",
        "nearest_audio_signal_id": NaN,
        "nearest_audio_signal_distance_m": NaN,
        "nearest_push_button_id": NaN,
        "nearest_push_button_distance_m": NaN,
        "data_reference_date": "2026-03-20",
        "coordinate_note": "source_columns_swapped_and_normalized"
      }
    },
    {
      "type": "Feature",
      "geometry": {
        "type": "Point",
        "coordinates": [
          126.9592846,
          37.50715656
        ]
      },
      "properties": {
        "crosswalk_id": "06-0000006550",
        "district": "동작구",
        "address": "동작구 흑석동 221-1도",
        "crosswalk_type": "이단(화살표있음)",
        "has_pedestrian_light": "N",
        "has_audio_signal": "N",
        "has_push_button": "N",
        "is_raised_crosswalk": "Y",
        "has_traffic_safety_detail": "Y",
        "accessibility_score": 2,
        "route_recommendation_tier": "basic",
        "support_evidence": "고원식횡단보도, 교통안전시설 상세",
        "nearest_audio_signal_id": NaN,
        "nearest_audio_signal_distance_m": NaN,
        "nearest_push_button_id": NaN,
        "nearest_push_button_distance_m": NaN,
        "data_reference_date": "2026-03-20",
        "coordinate_note": "source_columns_swapped_and_normalized"
      }
    },
    {
      "type": "Feature",
      "geometry": {
        "type": "Point",
        "coordinates": [
          126.9606928,
          37.50759887
        ]
      },
      "properties": {
        "crosswalk_id": "06-0000006551",
        "district": "동작구",
        "address": "동작구 흑석동 86-181 도",
        "crosswalk_type": "이단(화살표있음)",
        "has_pedestrian_light": "Y",
        "has_audio_signal": "N",
        "has_push_button": "N",
        "is_raised_crosswalk": "N",
        "has_traffic_safety_detail": "Y",
        "accessibility_score": 2,
        "route_recommendation_tier": "basic",
        "support_evidence": "보행등, 교통안전시설 상세",
        "nearest_audio_signal_id": NaN,
        "nearest_audio_signal_distance_m": NaN,
        "nearest_push_button_id": NaN,
        "nearest_push_button_distance_m": NaN,
        "data_reference_date": "2026-03-20",
        "coordinate_note": "source_columns_swapped_and_normalized"
      }
    },
    {
      "type": "Feature",
      "geometry": {
        "type": "Point",
        "coordinates": [
          126.9613049,
          37.50777401
        ]
      },
      "properties": {
        "crosswalk_id": "06-0000006553",
        "district": "동작구",
        "address": "동작구 흑석동 86-181 도",
        "crosswalk_type": "이단(화살표있음)",
        "has_pedestrian_light": "Y",
        "has_audio_signal": "N",
        "has_push_button": "N",
        "is_raised_crosswalk": "N",
        "has_traffic_safety_detail": "Y",
        "accessibility_score": 2,
        "route_recommendation_tier": "basic",
        "support_evidence": "보행등, 교통안전시설 상세",
        "nearest_audio_signal_id": NaN,
        "nearest_audio_signal_distance_m": NaN,
        "nearest_push_button_id": NaN,
        "nearest_push_button_distance_m": NaN,
        "data_reference_date": "2026-03-20",
        "coordinate_note": "source_columns_swapped_and_normalized"
      }
    },
    {
      "type": "Feature",
      "geometry": {
        "type": "Point",
        "coordinates": [
          126.9619777,
          37.50744656
        ]
      },
      "properties": {
        "crosswalk_id": "06-0000006554",
        "district": "동작구",
        "address": "동작구 흑석동 99-3도",
        "crosswalk_type": "이단(화살표있음)",
        "has_pedestrian_light": "Y",
        "has_audio_signal": "N",
        "has_push_button": "N",
        "is_raised_crosswalk": "N",
        "has_traffic_safety_detail": "Y",
        "accessibility_score": 2,
        "route_recommendation_tier": "basic",
        "support_evidence": "보행등, 교통안전시설 상세",
        "nearest_audio_signal_id": NaN,
        "nearest_audio_signal_distance_m": NaN,
        "nearest_push_button_id": NaN,
        "nearest_push_button_distance_m": NaN,
        "data_reference_date": "2026-03-20",
        "coordinate_note": "source_columns_swapped_and_normalized"
      }
    },
    {
      "type": "Feature",
      "geometry": {
        "type": "Point",
        "coordinates": [
          126.9615757,
          37.50668528
        ]
      },
      "properties": {
        "crosswalk_id": "06-0000006557",
        "district": "동작구",
        "address": "동작구 흑석동 86-181 도",
        "crosswalk_type": "이단(화살표있음)",
        "has_pedestrian_light": "Y",
        "has_audio_signal": "N",
        "has_push_button": "N",
        "is_raised_crosswalk": "N",
        "has_traffic_safety_detail": "Y",
        "accessibility_score": 2,
        "route_recommendation_tier": "basic",
        "support_evidence": "보행등, 교통안전시설 상세",
        "nearest_audio_signal_id": NaN,
        "nearest_audio_signal_distance_m": NaN,
        "nearest_push_button_id": NaN,
        "nearest_push_button_distance_m": NaN,
        "data_reference_date": "2026-03-20",
        "coordinate_note": "source_columns_swapped_and_normalized"
      }
    },
    {
      "type": "Feature",
      "geometry": {
        "type": "Point",
        "coordinates": [
          126.960781,
          37.50457991
        ]
      },
      "properties": {
        "crosswalk_id": "06-0000006560",
        "district": "동작구",
        "address": "동작구 흑석동 340-10 도",
        "crosswalk_type": "이단(화살표있음)",
        "has_pedestrian_light": "Y",
        "has_audio_signal": "N",
        "has_push_button": "N",
        "is_raised_crosswalk": "N",
        "has_traffic_safety_detail": "Y",
        "accessibility_score": 2,
        "route_recommendation_tier": "basic",
        "support_evidence": "보행등, 교통안전시설 상세",
        "nearest_audio_signal_id": NaN,
        "nearest_audio_signal_distance_m": NaN,
        "nearest_push_button_id": NaN,
        "nearest_push_button_distance_m": NaN,
        "data_reference_date": "2026-03-20",
        "coordinate_note": "source_columns_swapped_and_normalized"
      }
    },
    {
      "type": "Feature",
      "geometry": {
        "type": "Point",
        "coordinates": [
          126.9411077,
          37.50583379
        ]
      },
      "properties": {
        "crosswalk_id": "06-0000006690",
        "district": "동작구",
        "address": "동작구 상도동 329-3도",
        "crosswalk_type": "일단(화살표없음)",
        "has_pedestrian_light": "Y",
        "has_audio_signal": "N",
        "has_push_button": "N",
        "is_raised_crosswalk": "N",
        "has_traffic_safety_detail": "Y",
        "accessibility_score": 2,
        "route_recommendation_tier": "basic",
        "support_evidence": "보행등, 교통안전시설 상세",
        "nearest_audio_signal_id": NaN,
        "nearest_audio_signal_distance_m": NaN,
        "nearest_push_button_id": NaN,
        "nearest_push_button_distance_m": NaN,
        "data_reference_date": "2026-03-20",
        "coordinate_note": "source_columns_swapped_and_normalized"
      }
    },
    {
      "type": "Feature",
      "geometry": {
        "type": "Point",
        "coordinates": [
          126.9521664,
          37.50591876
        ]
      },
      "properties": {
        "crosswalk_id": "06-0000006729",
        "district": "동작구",
        "address": "동작구 상도1동 500-1도",
        "crosswalk_type": "일단(화살표없음)",
        "has_pedestrian_light": "Y",
        "has_audio_signal": "N",
        "has_push_button": "N",
        "is_raised_crosswalk": "N",
        "has_traffic_safety_detail": "Y",
        "accessibility_score": 2,
        "route_recommendation_tier": "basic",
        "support_evidence": "보행등, 교통안전시설 상세",
        "nearest_audio_signal_id": NaN,
        "nearest_audio_signal_distance_m": NaN,
        "nearest_push_button_id": NaN,
        "nearest_push_button_distance_m": NaN,
        "data_reference_date": "2026-03-20",
        "coordinate_note": "source_columns_swapped_and_normalized"
      }
    },
    {
      "type": "Feature",
      "geometry": {
        "type": "Point",
        "coordinates": [
          126.9479229,
          37.50714793
        ]
      },
      "properties": {
        "crosswalk_id": "06-0000006731",
        "district": "동작구",
        "address": "동작구 상도동 329도",
        "crosswalk_type": "이단(화살표있음)",
        "has_pedestrian_light": "Y",
        "has_audio_signal": "N",
        "has_push_button": "N",
        "is_raised_crosswalk": "N",
        "has_traffic_safety_detail": "Y",
        "accessibility_score": 2,
        "route_recommendation_tier": "basic",
        "support_evidence": "보행등, 교통안전시설 상세",
        "nearest_audio_signal_id": NaN,
        "nearest_audio_signal_distance_m": NaN,
        "nearest_push_button_id": NaN,
        "nearest_push_button_distance_m": NaN,
        "data_reference_date": "2026-03-20",
        "coordinate_note": "source_columns_swapped_and_normalized"
      }
    },
    {
      "type": "Feature",
      "geometry": {
        "type": "Point",
        "coordinates": [
          126.9481103,
          37.50729844
        ]
      },
      "properties": {
        "crosswalk_id": "06-0000006732",
        "district": "동작구",
        "address": "동작구 노량진동 215-334도",
        "crosswalk_type": "이단(화살표있음)",
        "has_pedestrian_light": "Y",
        "has_audio_signal": "N",
        "has_push_button": "N",
        "is_raised_crosswalk": "N",
        "has_traffic_safety_detail": "Y",
        "accessibility_score": 2,
        "route_recommendation_tier": "basic",
        "support_evidence": "보행등, 교통안전시설 상세",
        "nearest_audio_signal_id": NaN,
        "nearest_audio_signal_distance_m": NaN,
        "nearest_push_button_id": NaN,
        "nearest_push_button_distance_m": NaN,
        "data_reference_date": "2026-03-20",
        "coordinate_note": "source_columns_swapped_and_normalized"
      }
    },
    {
      "type": "Feature",
      "geometry": {
        "type": "Point",
        "coordinates": [
          126.9482493,
          37.50726289
        ]
      },
      "properties": {
        "crosswalk_id": "06-0000006733",
        "district": "동작구",
        "address": "동작구 노량진동 324-2도",
        "crosswalk_type": "일단(화살표없음)",
        "has_pedestrian_light": "Y",
        "has_audio_signal": "N",
        "has_push_button": "N",
        "is_raised_crosswalk": "N",
        "has_traffic_safety_detail": "Y",
        "accessibility_score": 2,
        "route_recommendation_tier": "basic",
        "support_evidence": "보행등, 교통안전시설 상세",
        "nearest_audio_signal_id": NaN,
        "nearest_audio_signal_distance_m": NaN,
        "nearest_push_button_id": NaN,
        "nearest_push_button_distance_m": NaN,
        "data_reference_date": "2026-03-20",
        "coordinate_note": "source_columns_swapped_and_normalized"
      }
    },
    {
      "type": "Feature",
      "geometry": {
        "type": "Point",
        "coordinates": [
          126.9749365,
          37.48739464
        ]
      },
      "properties": {
        "crosswalk_id": "06-0000015357",
        "district": "동작구",
        "address": "동작구 사당동 105-21도",
        "crosswalk_type": "이단(화살표있음)",
        "has_pedestrian_light": "Y",
        "has_audio_signal": "N",
        "has_push_button": "N",
        "is_raised_crosswalk": "N",
        "has_traffic_safety_detail": "Y",
        "accessibility_score": 2,
        "route_recommendation_tier": "basic",
        "support_evidence": "보행등, 교통안전시설 상세",
        "nearest_audio_signal_id": NaN,
        "nearest_audio_signal_distance_m": NaN,
        "nearest_push_button_id": NaN,
        "nearest_push_button_distance_m": NaN,
        "data_reference_date": "2026-03-20",
        "coordinate_note": "source_columns_swapped_and_normalized"
      }
    },
    {
      "type": "Feature",
      "geometry": {
        "type": "Point",
        "coordinates": [
          126.9820198,
          37.48750742
        ]
      },
      "properties": {
        "crosswalk_id": "06-0000018802",
        "district": "동작구",
        "address": "동작구 사당동 134-1도",
        "crosswalk_type": "일단(화살표없음)",
        "has_pedestrian_light": "N",
        "has_audio_signal": "N",
        "has_push_button": "N",
        "is_raised_crosswalk": "Y",
        "has_traffic_safety_detail": "Y",
        "accessibility_score": 2,
        "route_recommendation_tier": "basic",
        "support_evidence": "고원식횡단보도, 교통안전시설 상세",
        "nearest_audio_signal_id": NaN,
        "nearest_audio_signal_distance_m": NaN,
        "nearest_push_button_id": NaN,
        "nearest_push_button_distance_m": NaN,
        "data_reference_date": "2026-03-20",
        "coordinate_note": "source_columns_swapped_and_normalized"
      }
    },
    {
      "type": "Feature",
      "geometry": {
        "type": "Point",
        "coordinates": [
          126.9819583,
          37.48652671
        ]
      },
      "properties": {
        "crosswalk_id": "06-0000018804",
        "district": "동작구",
        "address": "동작구 사당동 708-500천",
        "crosswalk_type": "일단(화살표없음)",
        "has_pedestrian_light": "N",
        "has_audio_signal": "N",
        "has_push_button": "N",
        "is_raised_crosswalk": "Y",
        "has_traffic_safety_detail": "Y",
        "accessibility_score": 2,
        "route_recommendation_tier": "basic",
        "support_evidence": "고원식횡단보도, 교통안전시설 상세",
        "nearest_audio_signal_id": NaN,
        "nearest_audio_signal_distance_m": NaN,
        "nearest_push_button_id": NaN,
        "nearest_push_button_distance_m": NaN,
        "data_reference_date": "2026-03-20",
        "coordinate_note": "source_columns_swapped_and_normalized"
      }
    },
    {
      "type": "Feature",
      "geometry": {
        "type": "Point",
        "coordinates": [
          126.9821584,
          37.48870505
        ]
      },
      "properties": {
        "crosswalk_id": "06-0000018809",
        "district": "동작구",
        "address": "동작구 사당동 708-559도",
        "crosswalk_type": "일단(화살표없음)",
        "has_pedestrian_light": "N",
        "has_audio_signal": "N",
        "has_push_button": "N",
        "is_raised_crosswalk": "Y",
        "has_traffic_safety_detail": "Y",
        "accessibility_score": 2,
        "route_recommendation_tier": "basic",
        "support_evidence": "고원식횡단보도, 교통안전시설 상세",
        "nearest_audio_signal_id": NaN,
        "nearest_audio_signal_distance_m": NaN,
        "nearest_push_button_id": NaN,
        "nearest_push_button_distance_m": NaN,
        "data_reference_date": "2026-03-20",
        "coordinate_note": "source_columns_swapped_and_normalized"
      }
    },
    {
      "type": "Feature",
      "geometry": {
        "type": "Point",
        "coordinates": [
          126.9428372,
          37.49537636
        ]
      },
      "properties": {
        "crosswalk_id": "06-0000018863",
        "district": "동작구",
        "address": "동작구 상도동 215-38구",
        "crosswalk_type": "일단(화살표없음)",
        "has_pedestrian_light": "Y",
        "has_audio_signal": "N",
        "has_push_button": "N",
        "is_raised_crosswalk": "N",
        "has_traffic_safety_detail": "Y",
        "accessibility_score": 2,
        "route_recommendation_tier": "basic",
        "support_evidence": "보행등, 교통안전시설 상세",
        "nearest_audio_signal_id": NaN,
        "nearest_audio_signal_distance_m": NaN,
        "nearest_push_button_id": NaN,
        "nearest_push_button_distance_m": NaN,
        "data_reference_date": "2026-03-20",
        "coordinate_note": "source_columns_swapped_and_normalized"
      }
    },
    {
      "type": "Feature",
      "geometry": {
        "type": "Point",
        "coordinates": [
          126.9425815,
          37.49544211
        ]
      },
      "properties": {
        "crosswalk_id": "06-0000018864",
        "district": "동작구",
        "address": "동작구 상도동 215-44구",
        "crosswalk_type": "이단(화살표있음)",
        "has_pedestrian_light": "Y",
        "has_audio_signal": "N",
        "has_push_button": "N",
        "is_raised_crosswalk": "N",
        "has_traffic_safety_detail": "Y",
        "accessibility_score": 2,
        "route_recommendation_tier": "basic",
        "support_evidence": "보행등, 교통안전시설 상세",
        "nearest_audio_signal_id": NaN,
        "nearest_audio_signal_distance_m": NaN,
        "nearest_push_button_id": NaN,
        "nearest_push_button_distance_m": NaN,
        "data_reference_date": "2026-03-20",
        "coordinate_note": "source_columns_swapped_and_normalized"
      }
    },
    {
      "type": "Feature",
      "geometry": {
        "type": "Point",
        "coordinates": [
          126.9517657,
          37.50732208
        ]
      },
      "properties": {
        "crosswalk_id": "06-0000019520",
        "district": "동작구",
        "address": "동작구 상도1동 508-1도",
        "crosswalk_type": "이단(화살표있음)",
        "has_pedestrian_light": "Y",
        "has_audio_signal": "N",
        "has_push_button": "N",
        "is_raised_crosswalk": "N",
        "has_traffic_safety_detail": "Y",
        "accessibility_score": 2,
        "route_recommendation_tier": "basic",
        "support_evidence": "보행등, 교통안전시설 상세",
        "nearest_audio_signal_id": NaN,
        "nearest_audio_signal_distance_m": NaN,
        "nearest_push_button_id": NaN,
        "nearest_push_button_distance_m": NaN,
        "data_reference_date": "2026-03-20",
        "coordinate_note": "source_columns_swapped_and_normalized"
      }
    },
    {
      "type": "Feature",
      "geometry": {
        "type": "Point",
        "coordinates": [
          126.9209053,
          37.49826168
        ]
      },
      "properties": {
        "crosswalk_id": "06-0000021416",
        "district": "동작구",
        "address": "동작구 대방동 407-9 도",
        "crosswalk_type": "일단(화살표없음)",
        "has_pedestrian_light": "N",
        "has_audio_signal": "N",
        "has_push_button": "N",
        "is_raised_crosswalk": "Y",
        "has_traffic_safety_detail": "Y",
        "accessibility_score": 2,
        "route_recommendation_tier": "basic",
        "support_evidence": "고원식횡단보도, 교통안전시설 상세",
        "nearest_audio_signal_id": NaN,
        "nearest_audio_signal_distance_m": NaN,
        "nearest_push_button_id": NaN,
        "nearest_push_button_distance_m": NaN,
        "data_reference_date": "2026-03-20",
        "coordinate_note": "source_columns_swapped_and_normalized"
      }
    },
    {
      "type": "Feature",
      "geometry": {
        "type": "Point",
        "coordinates": [
          126.9611744,
          37.50760344
        ]
      },
      "properties": {
        "crosswalk_id": "06-0000023152",
        "district": "동작구",
        "address": "동작구 흑석동 224-8 도",
        "crosswalk_type": "이단(화살표있음)",
        "has_pedestrian_light": "Y",
        "has_audio_signal": "N",
        "has_push_button": "N",
        "is_raised_crosswalk": "N",
        "has_traffic_safety_detail": "Y",
        "accessibility_score": 2,
        "route_recommendation_tier": "basic",
        "support_evidence": "보행등, 교통안전시설 상세",
        "nearest_audio_signal_id": NaN,
        "nearest_audio_signal_distance_m": NaN,
        "nearest_push_button_id": NaN,
        "nearest_push_button_distance_m": NaN,
        "data_reference_date": "2026-03-20",
        "coordinate_note": "source_columns_swapped_and_normalized"
      }
    },
    {
      "type": "Feature",
      "geometry": {
        "type": "Point",
        "coordinates": [
          126.9610363,
          37.50777849
        ]
      },
      "properties": {
        "crosswalk_id": "06-0000023153",
        "district": "동작구",
        "address": "동작구 흑석동 86-181 도",
        "crosswalk_type": "이단(화살표있음)",
        "has_pedestrian_light": "Y",
        "has_audio_signal": "N",
        "has_push_button": "N",
        "is_raised_crosswalk": "N",
        "has_traffic_safety_detail": "Y",
        "accessibility_score": 2,
        "route_recommendation_tier": "basic",
        "support_evidence": "보행등, 교통안전시설 상세",
        "nearest_audio_signal_id": NaN,
        "nearest_audio_signal_distance_m": NaN,
        "nearest_push_button_id": NaN,
        "nearest_push_button_distance_m": NaN,
        "data_reference_date": "2026-03-20",
        "coordinate_note": "source_columns_swapped_and_normalized"
      }
    },
    {
      "type": "Feature",
      "geometry": {
        "type": "Point",
        "coordinates": [
          126.9835229,
          37.4978169
        ]
      },
      "properties": {
        "crosswalk_id": "06-0000023188",
        "district": "동작구",
        "address": "동작구 동작동 89-6천",
        "crosswalk_type": "일단(화살표없음)",
        "has_pedestrian_light": "N",
        "has_audio_signal": "N",
        "has_push_button": "N",
        "is_raised_crosswalk": "Y",
        "has_traffic_safety_detail": "Y",
        "accessibility_score": 2,
        "route_recommendation_tier": "basic",
        "support_evidence": "고원식횡단보도, 교통안전시설 상세",
        "nearest_audio_signal_id": NaN,
        "nearest_audio_signal_distance_m": NaN,
        "nearest_push_button_id": NaN,
        "nearest_push_button_distance_m": NaN,
        "data_reference_date": "2026-03-20",
        "coordinate_note": "source_columns_swapped_and_normalized"
      }
    },
    {
      "type": "Feature",
      "geometry": {
        "type": "Point",
        "coordinates": [
          126.9413788,
          37.50122529
        ]
      },
      "properties": {
        "crosswalk_id": "06-0000024187",
        "district": "동작구",
        "address": "동작구 상도동 521-5 도",
        "crosswalk_type": "이단(화살표있음)",
        "has_pedestrian_light": "Y",
        "has_audio_signal": "N",
        "has_push_button": "N",
        "is_raised_crosswalk": "N",
        "has_traffic_safety_detail": "Y",
        "accessibility_score": 2,
        "route_recommendation_tier": "basic",
        "support_evidence": "보행등, 교통안전시설 상세",
        "nearest_audio_signal_id": NaN,
        "nearest_audio_signal_distance_m": NaN,
        "nearest_push_button_id": NaN,
        "nearest_push_button_distance_m": NaN,
        "data_reference_date": "2026-03-20",
        "coordinate_note": "source_columns_swapped_and_normalized"
      }
    },
    {
      "type": "Feature",
      "geometry": {
        "type": "Point",
        "coordinates": [
          126.9294768,
          37.49966774
        ]
      },
      "properties": {
        "crosswalk_id": "06-0000024190",
        "district": "동작구",
        "address": "동작구 대방동 335-53도",
        "crosswalk_type": "이단(화살표있음)",
        "has_pedestrian_light": "Y",
        "has_audio_signal": "N",
        "has_push_button": "N",
        "is_raised_crosswalk": "N",
        "has_traffic_safety_detail": "Y",
        "accessibility_score": 2,
        "route_recommendation_tier": "basic",
        "support_evidence": "보행등, 교통안전시설 상세",
        "nearest_audio_signal_id": NaN,
        "nearest_audio_signal_distance_m": NaN,
        "nearest_push_button_id": NaN,
        "nearest_push_button_distance_m": NaN,
        "data_reference_date": "2026-03-20",
        "coordinate_note": "source_columns_swapped_and_normalized"
      }
    },
    {
      "type": "Feature",
      "geometry": {
        "type": "Point",
        "coordinates": [
          126.9750815,
          37.48739323
        ]
      },
      "properties": {
        "crosswalk_id": "06-0000029317",
        "district": "동작구",
        "address": "동작구 사당동 105-20 도",
        "crosswalk_type": "일단(화살표없음)",
        "has_pedestrian_light": "Y",
        "has_audio_signal": "N",
        "has_push_button": "N",
        "is_raised_crosswalk": "N",
        "has_traffic_safety_detail": "Y",
        "accessibility_score": 2,
        "route_recommendation_tier": "basic",
        "support_evidence": "보행등, 교통안전시설 상세",
        "nearest_audio_signal_id": NaN,
        "nearest_audio_signal_distance_m": NaN,
        "nearest_push_button_id": NaN,
        "nearest_push_button_distance_m": NaN,
        "data_reference_date": "2026-03-20",
        "coordinate_note": "source_columns_swapped_and_normalized"
      }
    },
    {
      "type": "Feature",
      "geometry": {
        "type": "Point",
        "coordinates": [
          126.9267895,
          37.4982305
        ]
      },
      "properties": {
        "crosswalk_id": "06-0000029678",
        "district": "동작구",
        "address": "동작구 신대방동 724 대",
        "crosswalk_type": "일단(화살표없음)",
        "has_pedestrian_light": "N",
        "has_audio_signal": "N",
        "has_push_button": "N",
        "is_raised_crosswalk": "Y",
        "has_traffic_safety_detail": "Y",
        "accessibility_score": 2,
        "route_recommendation_tier": "basic",
        "support_evidence": "고원식횡단보도, 교통안전시설 상세",
        "nearest_audio_signal_id": NaN,
        "nearest_audio_signal_distance_m": NaN,
        "nearest_push_button_id": NaN,
        "nearest_push_button_distance_m": NaN,
        "data_reference_date": "2026-03-20",
        "coordinate_note": "source_columns_swapped_and_normalized"
      }
    },
    {
      "type": "Feature",
      "geometry": {
        "type": "Point",
        "coordinates": [
          126.9265653,
          37.50023149
        ]
      },
      "properties": {
        "crosswalk_id": "06-0000030184",
        "district": "동작구",
        "address": "동작구 대방동 466-10 도",
        "crosswalk_type": "일단(화살표없음)",
        "has_pedestrian_light": "N",
        "has_audio_signal": "N",
        "has_push_button": "N",
        "is_raised_crosswalk": "Y",
        "has_traffic_safety_detail": "Y",
        "accessibility_score": 2,
        "route_recommendation_tier": "basic",
        "support_evidence": "고원식횡단보도, 교통안전시설 상세",
        "nearest_audio_signal_id": NaN,
        "nearest_audio_signal_distance_m": NaN,
        "nearest_push_button_id": NaN,
        "nearest_push_button_distance_m": NaN,
        "data_reference_date": "2026-03-20",
        "coordinate_note": "source_columns_swapped_and_normalized"
      }
    },
    {
      "type": "Feature",
      "geometry": {
        "type": "Point",
        "coordinates": [
          126.9278381,
          37.49756384
        ]
      },
      "properties": {
        "crosswalk_id": "06-0000032159",
        "district": "동작구",
        "address": "동작구 신대방동 345-2도",
        "crosswalk_type": "일단(화살표없음)",
        "has_pedestrian_light": "N",
        "has_audio_signal": "N",
        "has_push_button": "N",
        "is_raised_crosswalk": "Y",
        "has_traffic_safety_detail": "Y",
        "accessibility_score": 2,
        "route_recommendation_tier": "basic",
        "support_evidence": "고원식횡단보도, 교통안전시설 상세",
        "nearest_audio_signal_id": NaN,
        "nearest_audio_signal_distance_m": NaN,
        "nearest_push_button_id": NaN,
        "nearest_push_button_distance_m": NaN,
        "data_reference_date": "2026-03-20",
        "coordinate_note": "source_columns_swapped_and_normalized"
      }
    },
    {
      "type": "Feature",
      "geometry": {
        "type": "Point",
        "coordinates": [
          126.92757,
          37.49635586
        ]
      },
      "properties": {
        "crosswalk_id": "06-0000032160",
        "district": "동작구",
        "address": "동작구 신대방동 343-77 도",
        "crosswalk_type": "일단(화살표없음)",
        "has_pedestrian_light": "N",
        "has_audio_signal": "N",
        "has_push_button": "N",
        "is_raised_crosswalk": "Y",
        "has_traffic_safety_detail": "Y",
        "accessibility_score": 2,
        "route_recommendation_tier": "basic",
        "support_evidence": "고원식횡단보도, 교통안전시설 상세",
        "nearest_audio_signal_id": NaN,
        "nearest_audio_signal_distance_m": NaN,
        "nearest_push_button_id": NaN,
        "nearest_push_button_distance_m": NaN,
        "data_reference_date": "2026-03-20",
        "coordinate_note": "source_columns_swapped_and_normalized"
      }
    },
    {
      "type": "Feature",
      "geometry": {
        "type": "Point",
        "coordinates": [
          126.9609586,
          37.50753719
        ]
      },
      "properties": {
        "crosswalk_id": "06-0000033628",
        "district": "동작구",
        "address": "동작구 흑석동 224-8 도",
        "crosswalk_type": "이단(화살표있음)",
        "has_pedestrian_light": "Y",
        "has_audio_signal": "N",
        "has_push_button": "N",
        "is_raised_crosswalk": "N",
        "has_traffic_safety_detail": "Y",
        "accessibility_score": 2,
        "route_recommendation_tier": "basic",
        "support_evidence": "보행등, 교통안전시설 상세",
        "nearest_audio_signal_id": NaN,
        "nearest_audio_signal_distance_m": NaN,
        "nearest_push_button_id": NaN,
        "nearest_push_button_distance_m": NaN,
        "data_reference_date": "2026-03-20",
        "coordinate_note": "source_columns_swapped_and_normalized"
      }
    },
    {
      "type": "Feature",
      "geometry": {
        "type": "Point",
        "coordinates": [
          126.9442546,
          37.50079188
        ]
      },
      "properties": {
        "crosswalk_id": "06-0000034498",
        "district": "동작구",
        "address": "동작구 상도동 521-5 도",
        "crosswalk_type": "일단(화살표있음)",
        "has_pedestrian_light": "Y",
        "has_audio_signal": "N",
        "has_push_button": "N",
        "is_raised_crosswalk": "N",
        "has_traffic_safety_detail": "Y",
        "accessibility_score": 2,
        "route_recommendation_tier": "basic",
        "support_evidence": "보행등, 교통안전시설 상세",
        "nearest_audio_signal_id": NaN,
        "nearest_audio_signal_distance_m": NaN,
        "nearest_push_button_id": NaN,
        "nearest_push_button_distance_m": NaN,
        "data_reference_date": "2026-03-20",
        "coordinate_note": "source_columns_swapped_and_normalized"
      }
    },
    {
      "type": "Feature",
      "geometry": {
        "type": "Point",
        "coordinates": [
          126.9280085,
          37.50015214
        ]
      },
      "properties": {
        "crosswalk_id": "06-0000034504",
        "district": "동작구",
        "address": "동작구 대방동 466-10 도",
        "crosswalk_type": "일단(화살표없음)",
        "has_pedestrian_light": "N",
        "has_audio_signal": "N",
        "has_push_button": "N",
        "is_raised_crosswalk": "Y",
        "has_traffic_safety_detail": "Y",
        "accessibility_score": 2,
        "route_recommendation_tier": "basic",
        "support_evidence": "고원식횡단보도, 교통안전시설 상세",
        "nearest_audio_signal_id": NaN,
        "nearest_audio_signal_distance_m": NaN,
        "nearest_push_button_id": NaN,
        "nearest_push_button_distance_m": NaN,
        "data_reference_date": "2026-03-20",
        "coordinate_note": "source_columns_swapped_and_normalized"
      }
    },
    {
      "type": "Feature",
      "geometry": {
        "type": "Point",
        "coordinates": [
          126.9665431,
          37.50609791
        ]
      },
      "properties": {
        "crosswalk_id": "06-0000035306",
        "district": "동작구",
        "address": "동작구 흑석동 335-4 도",
        "crosswalk_type": "이단(화살표있음)",
        "has_pedestrian_light": "Y",
        "has_audio_signal": "N",
        "has_push_button": "N",
        "is_raised_crosswalk": "N",
        "has_traffic_safety_detail": "Y",
        "accessibility_score": 2,
        "route_recommendation_tier": "basic",
        "support_evidence": "보행등, 교통안전시설 상세",
        "nearest_audio_signal_id": NaN,
        "nearest_audio_signal_distance_m": NaN,
        "nearest_push_button_id": NaN,
        "nearest_push_button_distance_m": NaN,
        "data_reference_date": "2026-03-20",
        "coordinate_note": "source_columns_swapped_and_normalized"
      }
    },
    {
      "type": "Feature",
      "geometry": {
        "type": "Point",
        "coordinates": [
          126.9664489,
          37.50624825
        ]
      },
      "properties": {
        "crosswalk_id": "06-0000035307",
        "district": "동작구",
        "address": "동작구 흑석동 335-4 도",
        "crosswalk_type": "일단(화살표없음)",
        "has_pedestrian_light": "N",
        "has_audio_signal": "N",
        "has_push_button": "N",
        "is_raised_crosswalk": "Y",
        "has_traffic_safety_detail": "Y",
        "accessibility_score": 2,
        "route_recommendation_tier": "basic",
        "support_evidence": "고원식횡단보도, 교통안전시설 상세",
        "nearest_audio_signal_id": NaN,
        "nearest_audio_signal_distance_m": NaN,
        "nearest_push_button_id": NaN,
        "nearest_push_button_distance_m": NaN,
        "data_reference_date": "2026-03-20",
        "coordinate_note": "source_columns_swapped_and_normalized"
      }
    },
    {
      "type": "Feature",
      "geometry": {
        "type": "Point",
        "coordinates": [
          126.9519086,
          37.51386824
        ]
      },
      "properties": {
        "crosswalk_id": "06-0000035414",
        "district": "동작구",
        "address": "동작구 본동 258-68수",
        "crosswalk_type": "일단(화살표있음)",
        "has_pedestrian_light": "Y",
        "has_audio_signal": "N",
        "has_push_button": "N",
        "is_raised_crosswalk": "N",
        "has_traffic_safety_detail": "Y",
        "accessibility_score": 2,
        "route_recommendation_tier": "basic",
        "support_evidence": "보행등, 교통안전시설 상세",
        "nearest_audio_signal_id": NaN,
        "nearest_audio_signal_distance_m": NaN,
        "nearest_push_button_id": NaN,
        "nearest_push_button_distance_m": NaN,
        "data_reference_date": "2026-03-20",
        "coordinate_note": "source_columns_swapped_and_normalized"
      }
    },
    {
      "type": "Feature",
      "geometry": {
        "type": "Point",
        "coordinates": [
          126.9511354,
          37.51453546
        ]
      },
      "properties": {
        "crosswalk_id": "06-0000035416",
        "district": "동작구",
        "address": "동작구 본동 258-40수",
        "crosswalk_type": "일단(화살표있음)",
        "has_pedestrian_light": "Y",
        "has_audio_signal": "N",
        "has_push_button": "N",
        "is_raised_crosswalk": "N",
        "has_traffic_safety_detail": "Y",
        "accessibility_score": 2,
        "route_recommendation_tier": "basic",
        "support_evidence": "보행등, 교통안전시설 상세",
        "nearest_audio_signal_id": NaN,
        "nearest_audio_signal_distance_m": NaN,
        "nearest_push_button_id": NaN,
        "nearest_push_button_distance_m": NaN,
        "data_reference_date": "2026-03-20",
        "coordinate_note": "source_columns_swapped_and_normalized"
      }
    },
    {
      "type": "Feature",
      "geometry": {
        "type": "Point",
        "coordinates": [
          126.952026,
          37.5137944
        ]
      },
      "properties": {
        "crosswalk_id": "06-0000035435",
        "district": "동작구",
        "address": "동작구 본동 258-68수",
        "crosswalk_type": "이단(화살표있음)",
        "has_pedestrian_light": "Y",
        "has_audio_signal": "N",
        "has_push_button": "N",
        "is_raised_crosswalk": "N",
        "has_traffic_safety_detail": "Y",
        "accessibility_score": 2,
        "route_recommendation_tier": "basic",
        "support_evidence": "보행등, 교통안전시설 상세",
        "nearest_audio_signal_id": NaN,
        "nearest_audio_signal_distance_m": NaN,
        "nearest_push_button_id": NaN,
        "nearest_push_button_distance_m": NaN,
        "data_reference_date": "2026-03-20",
        "coordinate_note": "source_columns_swapped_and_normalized"
      }
    },
    {
      "type": "Feature",
      "geometry": {
        "type": "Point",
        "coordinates": [
          126.9507147,
          37.49710504
        ]
      },
      "properties": {
        "crosswalk_id": "06-0000038789",
        "district": "동작구",
        "address": "동작구 상도1동 531-5 도",
        "crosswalk_type": "일단(화살표없음)",
        "has_pedestrian_light": "N",
        "has_audio_signal": "N",
        "has_push_button": "N",
        "is_raised_crosswalk": "Y",
        "has_traffic_safety_detail": "Y",
        "accessibility_score": 2,
        "route_recommendation_tier": "basic",
        "support_evidence": "고원식횡단보도, 교통안전시설 상세",
        "nearest_audio_signal_id": NaN,
        "nearest_audio_signal_distance_m": NaN,
        "nearest_push_button_id": NaN,
        "nearest_push_button_distance_m": NaN,
        "data_reference_date": "2026-03-20",
        "coordinate_note": "source_columns_swapped_and_normalized"
      }
    },
    {
      "type": "Feature",
      "geometry": {
        "type": "Point",
        "coordinates": [
          126.9601145,
          37.50129782
        ]
      },
      "properties": {
        "crosswalk_id": "06-0000039319",
        "district": "동작구",
        "address": "동작구 흑석동 253-79임",
        "crosswalk_type": "이단(화살표있음)",
        "has_pedestrian_light": "Y",
        "has_audio_signal": "N",
        "has_push_button": "N",
        "is_raised_crosswalk": "N",
        "has_traffic_safety_detail": "Y",
        "accessibility_score": 2,
        "route_recommendation_tier": "basic",
        "support_evidence": "보행등, 교통안전시설 상세",
        "nearest_audio_signal_id": NaN,
        "nearest_audio_signal_distance_m": NaN,
        "nearest_push_button_id": NaN,
        "nearest_push_button_distance_m": NaN,
        "data_reference_date": "2026-03-20",
        "coordinate_note": "source_columns_swapped_and_normalized"
      }
    },
    {
      "type": "Feature",
      "geometry": {
        "type": "Point",
        "coordinates": [
          126.974947,
          37.4875508
        ]
      },
      "properties": {
        "crosswalk_id": "06-0000039894",
        "district": "동작구",
        "address": "동작구 사당동 105-21도",
        "crosswalk_type": "이단(화살표있음)",
        "has_pedestrian_light": "Y",
        "has_audio_signal": "N",
        "has_push_button": "N",
        "is_raised_crosswalk": "N",
        "has_traffic_safety_detail": "Y",
        "accessibility_score": 2,
        "route_recommendation_tier": "basic",
        "support_evidence": "보행등, 교통안전시설 상세",
        "nearest_audio_signal_id": NaN,
        "nearest_audio_signal_distance_m": NaN,
        "nearest_push_button_id": NaN,
        "nearest_push_button_distance_m": NaN,
        "data_reference_date": "2026-03-20",
        "coordinate_note": "source_columns_swapped_and_normalized"
      }
    },
    {
      "type": "Feature",
      "geometry": {
        "type": "Point",
        "coordinates": [
          126.9751496,
          37.48756602
        ]
      },
      "properties": {
        "crosswalk_id": "06-0000039895",
        "district": "동작구",
        "address": "동작구 사당동 105-21도",
        "crosswalk_type": "이단(화살표있음)",
        "has_pedestrian_light": "Y",
        "has_audio_signal": "N",
        "has_push_button": "N",
        "is_raised_crosswalk": "N",
        "has_traffic_safety_detail": "Y",
        "accessibility_score": 2,
        "route_recommendation_tier": "basic",
        "support_evidence": "보행등, 교통안전시설 상세",
        "nearest_audio_signal_id": NaN,
        "nearest_audio_signal_distance_m": NaN,
        "nearest_push_button_id": NaN,
        "nearest_push_button_distance_m": NaN,
        "data_reference_date": "2026-03-20",
        "coordinate_note": "source_columns_swapped_and_normalized"
      }
    },
    {
      "type": "Feature",
      "geometry": {
        "type": "Point",
        "coordinates": [
          126.9617037,
          37.50742492
        ]
      },
      "properties": {
        "crosswalk_id": "06-0000040141",
        "district": "동작구",
        "address": "동작구 흑석동 86-181 도",
        "crosswalk_type": "이단(화살표있음)",
        "has_pedestrian_light": "Y",
        "has_audio_signal": "N",
        "has_push_button": "N",
        "is_raised_crosswalk": "N",
        "has_traffic_safety_detail": "Y",
        "accessibility_score": 2,
        "route_recommendation_tier": "basic",
        "support_evidence": "보행등, 교통안전시설 상세",
        "nearest_audio_signal_id": NaN,
        "nearest_audio_signal_distance_m": NaN,
        "nearest_push_button_id": NaN,
        "nearest_push_button_distance_m": NaN,
        "data_reference_date": "2026-03-20",
        "coordinate_note": "source_columns_swapped_and_normalized"
      }
    },
    {
      "type": "Feature",
      "geometry": {
        "type": "Point",
        "coordinates": [
          126.9617927,
          37.50727174
        ]
      },
      "properties": {
        "crosswalk_id": "06-0000040142",
        "district": "동작구",
        "address": "동작구 흑석동 99-3도",
        "crosswalk_type": "이단(화살표있음)",
        "has_pedestrian_light": "Y",
        "has_audio_signal": "N",
        "has_push_button": "N",
        "is_raised_crosswalk": "N",
        "has_traffic_safety_detail": "Y",
        "accessibility_score": 2,
        "route_recommendation_tier": "basic",
        "support_evidence": "보행등, 교통안전시설 상세",
        "nearest_audio_signal_id": NaN,
        "nearest_audio_signal_distance_m": NaN,
        "nearest_push_button_id": NaN,
        "nearest_push_button_distance_m": NaN,
        "data_reference_date": "2026-03-20",
        "coordinate_note": "source_columns_swapped_and_normalized"
      }
    },
    {
      "type": "Feature",
      "geometry": {
        "type": "Point",
        "coordinates": [
          126.9333472,
          37.50131794
        ]
      },
      "properties": {
        "crosswalk_id": "06-0000043760",
        "district": "동작구",
        "address": "동작구 상도동 354-7도",
        "crosswalk_type": "이단(화살표있음)",
        "has_pedestrian_light": "Y",
        "has_audio_signal": "N",
        "has_push_button": "N",
        "is_raised_crosswalk": "N",
        "has_traffic_safety_detail": "Y",
        "accessibility_score": 2,
        "route_recommendation_tier": "basic",
        "support_evidence": "보행등, 교통안전시설 상세",
        "nearest_audio_signal_id": NaN,
        "nearest_audio_signal_distance_m": NaN,
        "nearest_push_button_id": NaN,
        "nearest_push_button_distance_m": NaN,
        "data_reference_date": "2026-03-20",
        "coordinate_note": "source_columns_swapped_and_normalized"
      }
    },
    {
      "type": "Feature",
      "geometry": {
        "type": "Point",
        "coordinates": [
          126.9427184,
          37.49528696
        ]
      },
      "properties": {
        "crosswalk_id": "06-0000044549",
        "district": "동작구",
        "address": "동작구 상도동 산65-163임",
        "crosswalk_type": "이단(화살표있음)",
        "has_pedestrian_light": "Y",
        "has_audio_signal": "N",
        "has_push_button": "N",
        "is_raised_crosswalk": "N",
        "has_traffic_safety_detail": "Y",
        "accessibility_score": 2,
        "route_recommendation_tier": "basic",
        "support_evidence": "보행등, 교통안전시설 상세",
        "nearest_audio_signal_id": NaN,
        "nearest_audio_signal_distance_m": NaN,
        "nearest_push_button_id": NaN,
        "nearest_push_button_distance_m": NaN,
        "data_reference_date": "2026-03-20",
        "coordinate_note": "source_columns_swapped_and_normalized"
      }
    },
    {
      "type": "Feature",
      "geometry": {
        "type": "Point",
        "coordinates": [
          126.9223676,
          37.49783077
        ]
      },
      "properties": {
        "crosswalk_id": "06-0000045209",
        "district": "동작구",
        "address": "동작구 신대방동 378-10 도",
        "crosswalk_type": "일단(화살표없음)",
        "has_pedestrian_light": "N",
        "has_audio_signal": "N",
        "has_push_button": "N",
        "is_raised_crosswalk": "Y",
        "has_traffic_safety_detail": "Y",
        "accessibility_score": 2,
        "route_recommendation_tier": "basic",
        "support_evidence": "고원식횡단보도, 교통안전시설 상세",
        "nearest_audio_signal_id": NaN,
        "nearest_audio_signal_distance_m": NaN,
        "nearest_push_button_id": NaN,
        "nearest_push_button_distance_m": NaN,
        "data_reference_date": "2026-03-20",
        "coordinate_note": "source_columns_swapped_and_normalized"
      }
    },
    {
      "type": "Feature",
      "geometry": {
        "type": "Point",
        "coordinates": [
          126.9255932,
          37.50996783
        ]
      },
      "properties": {
        "crosswalk_id": "06-0000045219",
        "district": "동작구",
        "address": "동작구 대방동 466-70대",
        "crosswalk_type": "일단(화살표없음)",
        "has_pedestrian_light": "N",
        "has_audio_signal": "N",
        "has_push_button": "N",
        "is_raised_crosswalk": "Y",
        "has_traffic_safety_detail": "Y",
        "accessibility_score": 2,
        "route_recommendation_tier": "basic",
        "support_evidence": "고원식횡단보도, 교통안전시설 상세",
        "nearest_audio_signal_id": NaN,
        "nearest_audio_signal_distance_m": NaN,
        "nearest_push_button_id": NaN,
        "nearest_push_button_distance_m": NaN,
        "data_reference_date": "2026-03-20",
        "coordinate_note": "source_columns_swapped_and_normalized"
      }
    },
    {
      "type": "Feature",
      "geometry": {
        "type": "Point",
        "coordinates": [
          126.9607774,
          37.50441103
        ]
      },
      "properties": {
        "crosswalk_id": "06-0000048047",
        "district": "동작구",
        "address": "동작구 흑석동 340-10 도",
        "crosswalk_type": "이단(화살표있음)",
        "has_pedestrian_light": "Y",
        "has_audio_signal": "N",
        "has_push_button": "N",
        "is_raised_crosswalk": "N",
        "has_traffic_safety_detail": "Y",
        "accessibility_score": 2,
        "route_recommendation_tier": "basic",
        "support_evidence": "보행등, 교통안전시설 상세",
        "nearest_audio_signal_id": NaN,
        "nearest_audio_signal_distance_m": NaN,
        "nearest_push_button_id": NaN,
        "nearest_push_button_distance_m": NaN,
        "data_reference_date": "2026-03-20",
        "coordinate_note": "source_columns_swapped_and_normalized"
      }
    },
    {
      "type": "Feature",
      "geometry": {
        "type": "Point",
        "coordinates": [
          126.9738074,
          37.48875076
        ]
      },
      "properties": {
        "crosswalk_id": "06-0000048355",
        "district": "동작구",
        "address": "동작구 사당동 1157-2 도",
        "crosswalk_type": "일단(화살표없음)",
        "has_pedestrian_light": "N",
        "has_audio_signal": "N",
        "has_push_button": "N",
        "is_raised_crosswalk": "Y",
        "has_traffic_safety_detail": "Y",
        "accessibility_score": 2,
        "route_recommendation_tier": "basic",
        "support_evidence": "고원식횡단보도, 교통안전시설 상세",
        "nearest_audio_signal_id": NaN,
        "nearest_audio_signal_distance_m": NaN,
        "nearest_push_button_id": NaN,
        "nearest_push_button_distance_m": NaN,
        "data_reference_date": "2026-03-20",
        "coordinate_note": "source_columns_swapped_and_normalized"
      }
    },
    {
      "type": "Feature",
      "geometry": {
        "type": "Point",
        "coordinates": [
          126.9739522,
          37.48860174
        ]
      },
      "properties": {
        "crosswalk_id": "06-0000048357",
        "district": "동작구",
        "address": "동작구 사당동 1157-2 도",
        "crosswalk_type": "일단(화살표없음)",
        "has_pedestrian_light": "N",
        "has_audio_signal": "N",
        "has_push_button": "N",
        "is_raised_crosswalk": "Y",
        "has_traffic_safety_detail": "Y",
        "accessibility_score": 2,
        "route_recommendation_tier": "basic",
        "support_evidence": "고원식횡단보도, 교통안전시설 상세",
        "nearest_audio_signal_id": NaN,
        "nearest_audio_signal_distance_m": NaN,
        "nearest_push_button_id": NaN,
        "nearest_push_button_distance_m": NaN,
        "data_reference_date": "2026-03-20",
        "coordinate_note": "source_columns_swapped_and_normalized"
      }
    },
    {
      "type": "Feature",
      "geometry": {
        "type": "Point",
        "coordinates": [
          126.9605466,
          37.50051635
        ]
      },
      "properties": {
        "crosswalk_id": "06-0000049507",
        "district": "동작구",
        "address": "동작구 흑석동 257-49대",
        "crosswalk_type": "일단(화살표없음)",
        "has_pedestrian_light": "N",
        "has_audio_signal": "N",
        "has_push_button": "N",
        "is_raised_crosswalk": "Y",
        "has_traffic_safety_detail": "Y",
        "accessibility_score": 2,
        "route_recommendation_tier": "basic",
        "support_evidence": "고원식횡단보도, 교통안전시설 상세",
        "nearest_audio_signal_id": NaN,
        "nearest_audio_signal_distance_m": NaN,
        "nearest_push_button_id": NaN,
        "nearest_push_button_distance_m": NaN,
        "data_reference_date": "2026-03-20",
        "coordinate_note": "source_columns_swapped_and_normalized"
      }
    },
    {
      "type": "Feature",
      "geometry": {
        "type": "Point",
        "coordinates": [
          126.982524,
          37.49476896
        ]
      },
      "properties": {
        "crosswalk_id": "06-0000000164",
        "district": "동작구",
        "address": "동작구 동작동 66-29도",
        "crosswalk_type": "일단(화살표없음)",
        "has_pedestrian_light": "N",
        "has_audio_signal": "N",
        "has_push_button": "N",
        "is_raised_crosswalk": "N",
        "has_traffic_safety_detail": "Y",
        "accessibility_score": 1,
        "route_recommendation_tier": "basic",
        "support_evidence": "교통안전시설 상세",
        "nearest_audio_signal_id": NaN,
        "nearest_audio_signal_distance_m": NaN,
        "nearest_push_button_id": NaN,
        "nearest_push_button_distance_m": NaN,
        "data_reference_date": "2026-03-20",
        "coordinate_note": "source_columns_swapped_and_normalized"
      }
    },
    {
      "type": "Feature",
      "geometry": {
        "type": "Point",
        "coordinates": [
          126.9634967,
          37.48863388
        ]
      },
      "properties": {
        "crosswalk_id": "06-0000002073",
        "district": "동작구",
        "address": "동작구 사당동 708-1108 천",
        "crosswalk_type": "일단(화살표없음)",
        "has_pedestrian_light": "N",
        "has_audio_signal": "N",
        "has_push_button": "N",
        "is_raised_crosswalk": "N",
        "has_traffic_safety_detail": "Y",
        "accessibility_score": 1,
        "route_recommendation_tier": "basic",
        "support_evidence": "교통안전시설 상세",
        "nearest_audio_signal_id": NaN,
        "nearest_audio_signal_distance_m": NaN,
        "nearest_push_button_id": NaN,
        "nearest_push_button_distance_m": NaN,
        "data_reference_date": "2026-03-20",
        "coordinate_note": "source_columns_swapped_and_normalized"
      }
    },
    {
      "type": "Feature",
      "geometry": {
        "type": "Point",
        "coordinates": [
          126.922617,
          37.49790157
        ]
      },
      "properties": {
        "crosswalk_id": "06-0000002840",
        "district": "동작구",
        "address": "동작구 신대방동 378-10 도",
        "crosswalk_type": "일단(화살표없음)",
        "has_pedestrian_light": "N",
        "has_audio_signal": "N",
        "has_push_button": "N",
        "is_raised_crosswalk": "N",
        "has_traffic_safety_detail": "Y",
        "accessibility_score": 1,
        "route_recommendation_tier": "basic",
        "support_evidence": "교통안전시설 상세",
        "nearest_audio_signal_id": NaN,
        "nearest_audio_signal_distance_m": NaN,
        "nearest_push_button_id": NaN,
        "nearest_push_button_distance_m": NaN,
        "data_reference_date": "2026-03-20",
        "coordinate_note": "source_columns_swapped_and_normalized"
      }
    },
    {
      "type": "Feature",
      "geometry": {
        "type": "Point",
        "coordinates": [
          126.9209315,
          37.49810084
        ]
      },
      "properties": {
        "crosswalk_id": "06-0000002961",
        "district": "동작구",
        "address": "동작구 신대방동 378-10 도",
        "crosswalk_type": "일단(화살표없음)",
        "has_pedestrian_light": "N",
        "has_audio_signal": "N",
        "has_push_button": "N",
        "is_raised_crosswalk": "N",
        "has_traffic_safety_detail": "Y",
        "accessibility_score": 1,
        "route_recommendation_tier": "basic",
        "support_evidence": "교통안전시설 상세",
        "nearest_audio_signal_id": NaN,
        "nearest_audio_signal_distance_m": NaN,
        "nearest_push_button_id": NaN,
        "nearest_push_button_distance_m": NaN,
        "data_reference_date": "2026-03-20",
        "coordinate_note": "source_columns_swapped_and_normalized"
      }
    },
    {
      "type": "Feature",
      "geometry": {
        "type": "Point",
        "coordinates": [
          126.9210422,
          37.49813324
        ]
      },
      "properties": {
        "crosswalk_id": "06-0000002962",
        "district": "동작구",
        "address": "동작구 신대방동 378-10 도",
        "crosswalk_type": "일단(화살표없음)",
        "has_pedestrian_light": "N",
        "has_audio_signal": "N",
        "has_push_button": "N",
        "is_raised_crosswalk": "N",
        "has_traffic_safety_detail": "Y",
        "accessibility_score": 1,
        "route_recommendation_tier": "basic",
        "support_evidence": "교통안전시설 상세",
        "nearest_audio_signal_id": NaN,
        "nearest_audio_signal_distance_m": NaN,
        "nearest_push_button_id": NaN,
        "nearest_push_button_distance_m": NaN,
        "data_reference_date": "2026-03-20",
        "coordinate_note": "source_columns_swapped_and_normalized"
      }
    },
    {
      "type": "Feature",
      "geometry": {
        "type": "Point",
        "coordinates": [
          126.9646878,
          37.48789397
        ]
      },
      "properties": {
        "crosswalk_id": "06-0000002990",
        "district": "동작구",
        "address": "동작구 사당동 708-1110천",
        "crosswalk_type": "일단(화살표없음)",
        "has_pedestrian_light": "N",
        "has_audio_signal": "N",
        "has_push_button": "N",
        "is_raised_crosswalk": "N",
        "has_traffic_safety_detail": "Y",
        "accessibility_score": 1,
        "route_recommendation_tier": "basic",
        "support_evidence": "교통안전시설 상세",
        "nearest_audio_signal_id": NaN,
        "nearest_audio_signal_distance_m": NaN,
        "nearest_push_button_id": NaN,
        "nearest_push_button_distance_m": NaN,
        "data_reference_date": "2026-03-20",
        "coordinate_note": "source_columns_swapped_and_normalized"
      }
    },
    {
      "type": "Feature",
      "geometry": {
        "type": "Point",
        "coordinates": [
          126.9644728,
          37.48784526
        ]
      },
      "properties": {
        "crosswalk_id": "06-0000003221",
        "district": "동작구",
        "address": "동작구 사당동 708-535 도",
        "crosswalk_type": "이단(화살표있음)",
        "has_pedestrian_light": "N",
        "has_audio_signal": "N",
        "has_push_button": "N",
        "is_raised_crosswalk": "N",
        "has_traffic_safety_detail": "Y",
        "accessibility_score": 1,
        "route_recommendation_tier": "basic",
        "support_evidence": "교통안전시설 상세",
        "nearest_audio_signal_id": NaN,
        "nearest_audio_signal_distance_m": NaN,
        "nearest_push_button_id": NaN,
        "nearest_push_button_distance_m": NaN,
        "data_reference_date": "2026-03-20",
        "coordinate_note": "source_columns_swapped_and_normalized"
      }
    },
    {
      "type": "Feature",
      "geometry": {
        "type": "Point",
        "coordinates": [
          126.963713,
          37.48850732
        ]
      },
      "properties": {
        "crosswalk_id": "06-0000003222",
        "district": "동작구",
        "address": "동작구 사당동 708-1108 천",
        "crosswalk_type": "일단(화살표없음)",
        "has_pedestrian_light": "N",
        "has_audio_signal": "N",
        "has_push_button": "N",
        "is_raised_crosswalk": "N",
        "has_traffic_safety_detail": "Y",
        "accessibility_score": 1,
        "route_recommendation_tier": "basic",
        "support_evidence": "교통안전시설 상세",
        "nearest_audio_signal_id": NaN,
        "nearest_audio_signal_distance_m": NaN,
        "nearest_push_button_id": NaN,
        "nearest_push_button_distance_m": NaN,
        "data_reference_date": "2026-03-20",
        "coordinate_note": "source_columns_swapped_and_normalized"
      }
    },
    {
      "type": "Feature",
      "geometry": {
        "type": "Point",
        "coordinates": [
          126.9818485,
          37.48429991
        ]
      },
      "properties": {
        "crosswalk_id": "06-0000003522",
        "district": "동작구",
        "address": "동작구 사당동 708-517도",
        "crosswalk_type": "일단(화살표없음)",
        "has_pedestrian_light": "N",
        "has_audio_signal": "N",
        "has_push_button": "N",
        "is_raised_crosswalk": "N",
        "has_traffic_safety_detail": "Y",
        "accessibility_score": 1,
        "route_recommendation_tier": "basic",
        "support_evidence": "교통안전시설 상세",
        "nearest_audio_signal_id": NaN,
        "nearest_audio_signal_distance_m": NaN,
        "nearest_push_button_id": NaN,
        "nearest_push_button_distance_m": NaN,
        "data_reference_date": "2026-03-20",
        "coordinate_note": "source_columns_swapped_and_normalized"
      }
    },
    {
      "type": "Feature",
      "geometry": {
        "type": "Point",
        "coordinates": [
          126.9719092,
          37.47580428
        ]
      },
      "properties": {
        "crosswalk_id": "06-0000003527",
        "district": "동작구",
        "address": "동작구 사당동 1129도",
        "crosswalk_type": "일단(화살표없음)",
        "has_pedestrian_light": "N",
        "has_audio_signal": "N",
        "has_push_button": "N",
        "is_raised_crosswalk": "N",
        "has_traffic_safety_detail": "Y",
        "accessibility_score": 1,
        "route_recommendation_tier": "basic",
        "support_evidence": "교통안전시설 상세",
        "nearest_audio_signal_id": NaN,
        "nearest_audio_signal_distance_m": NaN,
        "nearest_push_button_id": NaN,
        "nearest_push_button_distance_m": NaN,
        "data_reference_date": "2026-03-20",
        "coordinate_note": "source_columns_swapped_and_normalized"
      }
    },
    {
      "type": "Feature",
      "geometry": {
        "type": "Point",
        "coordinates": [
          126.9783759,
          37.47677685
        ]
      },
      "properties": {
        "crosswalk_id": "06-0000003699",
        "district": "동작구",
        "address": "동작구 사당동 1129도",
        "crosswalk_type": "일단(화살표없음)",
        "has_pedestrian_light": "N",
        "has_audio_signal": "N",
        "has_push_button": "N",
        "is_raised_crosswalk": "N",
        "has_traffic_safety_detail": "Y",
        "accessibility_score": 1,
        "route_recommendation_tier": "basic",
        "support_evidence": "교통안전시설 상세",
        "nearest_audio_signal_id": NaN,
        "nearest_audio_signal_distance_m": NaN,
        "nearest_push_button_id": NaN,
        "nearest_push_button_distance_m": NaN,
        "data_reference_date": "2026-03-20",
        "coordinate_note": "source_columns_swapped_and_normalized"
      }
    },
    {
      "type": "Feature",
      "geometry": {
        "type": "Point",
        "coordinates": [
          126.9800067,
          37.47679717
        ]
      },
      "properties": {
        "crosswalk_id": "06-0000003701",
        "district": "동작구",
        "address": "동작구 사당동 1129도",
        "crosswalk_type": "일단(화살표없음)",
        "has_pedestrian_light": "N",
        "has_audio_signal": "N",
        "has_push_button": "N",
        "is_raised_crosswalk": "N",
        "has_traffic_safety_detail": "Y",
        "accessibility_score": 1,
        "route_recommendation_tier": "basic",
        "support_evidence": "교통안전시설 상세",
        "nearest_audio_signal_id": NaN,
        "nearest_audio_signal_distance_m": NaN,
        "nearest_push_button_id": NaN,
        "nearest_push_button_distance_m": NaN,
        "data_reference_date": "2026-03-20",
        "coordinate_note": "source_columns_swapped_and_normalized"
      }
    },
    {
      "type": "Feature",
      "geometry": {
        "type": "Point",
        "coordinates": [
          126.981417,
          37.47721304
        ]
      },
      "properties": {
        "crosswalk_id": "06-0000003702",
        "district": "동작구",
        "address": "동작구 사당동 1112도",
        "crosswalk_type": "이단(화살표있음)",
        "has_pedestrian_light": "N",
        "has_audio_signal": "N",
        "has_push_button": "N",
        "is_raised_crosswalk": "N",
        "has_traffic_safety_detail": "Y",
        "accessibility_score": 1,
        "route_recommendation_tier": "basic",
        "support_evidence": "교통안전시설 상세",
        "nearest_audio_signal_id": NaN,
        "nearest_audio_signal_distance_m": NaN,
        "nearest_push_button_id": NaN,
        "nearest_push_button_distance_m": NaN,
        "data_reference_date": "2026-03-20",
        "coordinate_note": "source_columns_swapped_and_normalized"
      }
    },
    {
      "type": "Feature",
      "geometry": {
        "type": "Point",
        "coordinates": [
          126.9627565,
          37.48930154
        ]
      },
      "properties": {
        "crosswalk_id": "06-0000003714",
        "district": "동작구",
        "address": "동작구 사당동 708-535 도",
        "crosswalk_type": "이단(화살표있음)",
        "has_pedestrian_light": "N",
        "has_audio_signal": "N",
        "has_push_button": "N",
        "is_raised_crosswalk": "N",
        "has_traffic_safety_detail": "Y",
        "accessibility_score": 1,
        "route_recommendation_tier": "basic",
        "support_evidence": "교통안전시설 상세",
        "nearest_audio_signal_id": NaN,
        "nearest_audio_signal_distance_m": NaN,
        "nearest_push_button_id": NaN,
        "nearest_push_button_distance_m": NaN,
        "data_reference_date": "2026-03-20",
        "coordinate_note": "source_columns_swapped_and_normalized"
      }
    },
    {
      "type": "Feature",
      "geometry": {
        "type": "Point",
        "coordinates": [
          126.9669047,
          37.4827649
        ]
      },
      "properties": {
        "crosswalk_id": "06-0000003717",
        "district": "동작구",
        "address": "동작구 사당동 235-54도",
        "crosswalk_type": "일단(화살표없음)",
        "has_pedestrian_light": "N",
        "has_audio_signal": "N",
        "has_push_button": "N",
        "is_raised_crosswalk": "N",
        "has_traffic_safety_detail": "Y",
        "accessibility_score": 1,
        "route_recommendation_tier": "basic",
        "support_evidence": "교통안전시설 상세",
        "nearest_audio_signal_id": NaN,
        "nearest_audio_signal_distance_m": NaN,
        "nearest_push_button_id": NaN,
        "nearest_push_button_distance_m": NaN,
        "data_reference_date": "2026-03-20",
        "coordinate_note": "source_columns_swapped_and_normalized"
      }
    },
    {
      "type": "Feature",
      "geometry": {
        "type": "Point",
        "coordinates": [
          126.9763664,
          37.49022722
        ]
      },
      "properties": {
        "crosswalk_id": "06-0000003718",
        "district": "동작구",
        "address": "동작구 사당동 105대",
        "crosswalk_type": "일단(화살표없음)",
        "has_pedestrian_light": "N",
        "has_audio_signal": "N",
        "has_push_button": "N",
        "is_raised_crosswalk": "N",
        "has_traffic_safety_detail": "Y",
        "accessibility_score": 1,
        "route_recommendation_tier": "basic",
        "support_evidence": "교통안전시설 상세",
        "nearest_audio_signal_id": NaN,
        "nearest_audio_signal_distance_m": NaN,
        "nearest_push_button_id": NaN,
        "nearest_push_button_distance_m": NaN,
        "data_reference_date": "2026-03-20",
        "coordinate_note": "source_columns_swapped_and_normalized"
      }
    },
    {
      "type": "Feature",
      "geometry": {
        "type": "Point",
        "coordinates": [
          126.9767511,
          37.49244625
        ]
      },
      "properties": {
        "crosswalk_id": "06-0000003720",
        "district": "동작구",
        "address": "동작구 사당동 59-1도",
        "crosswalk_type": "일단(화살표없음)",
        "has_pedestrian_light": "N",
        "has_audio_signal": "N",
        "has_push_button": "N",
        "is_raised_crosswalk": "N",
        "has_traffic_safety_detail": "Y",
        "accessibility_score": 1,
        "route_recommendation_tier": "basic",
        "support_evidence": "교통안전시설 상세",
        "nearest_audio_signal_id": NaN,
        "nearest_audio_signal_distance_m": NaN,
        "nearest_push_button_id": NaN,
        "nearest_push_button_distance_m": NaN,
        "data_reference_date": "2026-03-20",
        "coordinate_note": "source_columns_swapped_and_normalized"
      }
    },
    {
      "type": "Feature",
      "geometry": {
        "type": "Point",
        "coordinates": [
          126.9815068,
          37.47828783
        ]
      },
      "properties": {
        "crosswalk_id": "06-0000003784",
        "district": "동작구",
        "address": "동작구 사당동 1112도",
        "crosswalk_type": "이단(화살표없음)",
        "has_pedestrian_light": "N",
        "has_audio_signal": "N",
        "has_push_button": "N",
        "is_raised_crosswalk": "N",
        "has_traffic_safety_detail": "Y",
        "accessibility_score": 1,
        "route_recommendation_tier": "basic",
        "support_evidence": "교통안전시설 상세",
        "nearest_audio_signal_id": NaN,
        "nearest_audio_signal_distance_m": NaN,
        "nearest_push_button_id": NaN,
        "nearest_push_button_distance_m": NaN,
        "data_reference_date": "2026-03-20",
        "coordinate_note": "source_columns_swapped_and_normalized"
      }
    },
    {
      "type": "Feature",
      "geometry": {
        "type": "Point",
        "coordinates": [
          126.9728804,
          37.48212912
        ]
      },
      "properties": {
        "crosswalk_id": "06-0000003804",
        "district": "동작구",
        "address": "동작구 사당동 708-529도",
        "crosswalk_type": "일단(화살표없음)",
        "has_pedestrian_light": "N",
        "has_audio_signal": "N",
        "has_push_button": "N",
        "is_raised_crosswalk": "N",
        "has_traffic_safety_detail": "Y",
        "accessibility_score": 1,
        "route_recommendation_tier": "basic",
        "support_evidence": "교통안전시설 상세",
        "nearest_audio_signal_id": NaN,
        "nearest_audio_signal_distance_m": NaN,
        "nearest_push_button_id": NaN,
        "nearest_push_button_distance_m": NaN,
        "data_reference_date": "2026-03-20",
        "coordinate_note": "source_columns_swapped_and_normalized"
      }
    },
    {
      "type": "Feature",
      "geometry": {
        "type": "Point",
        "coordinates": [
          126.9224813,
          37.49791817
        ]
      },
      "properties": {
        "crosswalk_id": "06-0000003924",
        "district": "동작구",
        "address": "동작구 신대방동 378-10 도",
        "crosswalk_type": "일단(화살표없음)",
        "has_pedestrian_light": "N",
        "has_audio_signal": "N",
        "has_push_button": "N",
        "is_raised_crosswalk": "N",
        "has_traffic_safety_detail": "Y",
        "accessibility_score": 1,
        "route_recommendation_tier": "basic",
        "support_evidence": "교통안전시설 상세",
        "nearest_audio_signal_id": NaN,
        "nearest_audio_signal_distance_m": NaN,
        "nearest_push_button_id": NaN,
        "nearest_push_button_distance_m": NaN,
        "data_reference_date": "2026-03-20",
        "coordinate_note": "source_columns_swapped_and_normalized"
      }
    },
    {
      "type": "Feature",
      "geometry": {
        "type": "Point",
        "coordinates": [
          126.966291,
          37.48159391
        ]
      },
      "properties": {
        "crosswalk_id": "06-0000003944",
        "district": "동작구",
        "address": "동작구 사당동 708-745천",
        "crosswalk_type": "일단(화살표없음)",
        "has_pedestrian_light": "N",
        "has_audio_signal": "N",
        "has_push_button": "N",
        "is_raised_crosswalk": "N",
        "has_traffic_safety_detail": "Y",
        "accessibility_score": 1,
        "route_recommendation_tier": "basic",
        "support_evidence": "교통안전시설 상세",
        "nearest_audio_signal_id": NaN,
        "nearest_audio_signal_distance_m": NaN,
        "nearest_push_button_id": NaN,
        "nearest_push_button_distance_m": NaN,
        "data_reference_date": "2026-03-20",
        "coordinate_note": "source_columns_swapped_and_normalized"
      }
    },
    {
      "type": "Feature",
      "geometry": {
        "type": "Point",
        "coordinates": [
          126.9667824,
          37.48256227
        ]
      },
      "properties": {
        "crosswalk_id": "06-0000003948",
        "district": "동작구",
        "address": "동작구 사당동 708-743도",
        "crosswalk_type": "이단(화살표있음)",
        "has_pedestrian_light": "N",
        "has_audio_signal": "N",
        "has_push_button": "N",
        "is_raised_crosswalk": "N",
        "has_traffic_safety_detail": "Y",
        "accessibility_score": 1,
        "route_recommendation_tier": "basic",
        "support_evidence": "교통안전시설 상세",
        "nearest_audio_signal_id": NaN,
        "nearest_audio_signal_distance_m": NaN,
        "nearest_push_button_id": NaN,
        "nearest_push_button_distance_m": NaN,
        "data_reference_date": "2026-03-20",
        "coordinate_note": "source_columns_swapped_and_normalized"
      }
    },
    {
      "type": "Feature",
      "geometry": {
        "type": "Point",
        "coordinates": [
          126.9665509,
          37.48199621
        ]
      },
      "properties": {
        "crosswalk_id": "06-0000003949",
        "district": "동작구",
        "address": "동작구 사당동 235-55도",
        "crosswalk_type": "일단(화살표없음)",
        "has_pedestrian_light": "N",
        "has_audio_signal": "N",
        "has_push_button": "N",
        "is_raised_crosswalk": "N",
        "has_traffic_safety_detail": "Y",
        "accessibility_score": 1,
        "route_recommendation_tier": "basic",
        "support_evidence": "교통안전시설 상세",
        "nearest_audio_signal_id": NaN,
        "nearest_audio_signal_distance_m": NaN,
        "nearest_push_button_id": NaN,
        "nearest_push_button_distance_m": NaN,
        "data_reference_date": "2026-03-20",
        "coordinate_note": "source_columns_swapped_and_normalized"
      }
    },
    {
      "type": "Feature",
      "geometry": {
        "type": "Point",
        "coordinates": [
          126.9666438,
          37.48188507
        ]
      },
      "properties": {
        "crosswalk_id": "06-0000003950",
        "district": "동작구",
        "address": "동작구 사당동 235-55도",
        "crosswalk_type": "일단(화살표없음)",
        "has_pedestrian_light": "N",
        "has_audio_signal": "N",
        "has_push_button": "N",
        "is_raised_crosswalk": "N",
        "has_traffic_safety_detail": "Y",
        "accessibility_score": 1,
        "route_recommendation_tier": "basic",
        "support_evidence": "교통안전시설 상세",
        "nearest_audio_signal_id": NaN,
        "nearest_audio_signal_distance_m": NaN,
        "nearest_push_button_id": NaN,
        "nearest_push_button_distance_m": NaN,
        "data_reference_date": "2026-03-20",
        "coordinate_note": "source_columns_swapped_and_normalized"
      }
    },
    {
      "type": "Feature",
      "geometry": {
        "type": "Point",
        "coordinates": [
          126.9656008,
          37.48102844
        ]
      },
      "properties": {
        "crosswalk_id": "06-0000003953",
        "district": "동작구",
        "address": "동작구 사당동 산32-82 도",
        "crosswalk_type": "일단(화살표없음)",
        "has_pedestrian_light": "N",
        "has_audio_signal": "N",
        "has_push_button": "N",
        "is_raised_crosswalk": "N",
        "has_traffic_safety_detail": "Y",
        "accessibility_score": 1,
        "route_recommendation_tier": "basic",
        "support_evidence": "교통안전시설 상세",
        "nearest_audio_signal_id": NaN,
        "nearest_audio_signal_distance_m": NaN,
        "nearest_push_button_id": NaN,
        "nearest_push_button_distance_m": NaN,
        "data_reference_date": "2026-03-20",
        "coordinate_note": "source_columns_swapped_and_normalized"
      }
    },
    {
      "type": "Feature",
      "geometry": {
        "type": "Point",
        "coordinates": [
          126.9825158,
          37.49513089
        ]
      },
      "properties": {
        "crosswalk_id": "06-0000003956",
        "district": "동작구",
        "address": "동작구 동작동 산18-4임",
        "crosswalk_type": "일단(화살표없음)",
        "has_pedestrian_light": "N",
        "has_audio_signal": "N",
        "has_push_button": "N",
        "is_raised_crosswalk": "N",
        "has_traffic_safety_detail": "Y",
        "accessibility_score": 1,
        "route_recommendation_tier": "basic",
        "support_evidence": "교통안전시설 상세",
        "nearest_audio_signal_id": NaN,
        "nearest_audio_signal_distance_m": NaN,
        "nearest_push_button_id": NaN,
        "nearest_push_button_distance_m": NaN,
        "data_reference_date": "2026-03-20",
        "coordinate_note": "source_columns_swapped_and_normalized"
      }
    },
    {
      "type": "Feature",
      "geometry": {
        "type": "Point",
        "coordinates": [
          126.9700874,
          37.48516927
        ]
      },
      "properties": {
        "crosswalk_id": "06-0000003960",
        "district": "동작구",
        "address": "동작구 사당동 산25-33도",
        "crosswalk_type": "일단(화살표없음)",
        "has_pedestrian_light": "N",
        "has_audio_signal": "N",
        "has_push_button": "N",
        "is_raised_crosswalk": "N",
        "has_traffic_safety_detail": "Y",
        "accessibility_score": 1,
        "route_recommendation_tier": "basic",
        "support_evidence": "교통안전시설 상세",
        "nearest_audio_signal_id": NaN,
        "nearest_audio_signal_distance_m": NaN,
        "nearest_push_button_id": NaN,
        "nearest_push_button_distance_m": NaN,
        "data_reference_date": "2026-03-20",
        "coordinate_note": "source_columns_swapped_and_normalized"
      }
    },
    {
      "type": "Feature",
      "geometry": {
        "type": "Point",
        "coordinates": [
          126.9719817,
          37.48445693
        ]
      },
      "properties": {
        "crosswalk_id": "06-0000003961",
        "district": "동작구",
        "address": "동작구 사당동 1131-8도",
        "crosswalk_type": "일단(화살표없음)",
        "has_pedestrian_light": "N",
        "has_audio_signal": "N",
        "has_push_button": "N",
        "is_raised_crosswalk": "N",
        "has_traffic_safety_detail": "Y",
        "accessibility_score": 1,
        "route_recommendation_tier": "basic",
        "support_evidence": "교통안전시설 상세",
        "nearest_audio_signal_id": NaN,
        "nearest_audio_signal_distance_m": NaN,
        "nearest_push_button_id": NaN,
        "nearest_push_button_distance_m": NaN,
        "data_reference_date": "2026-03-20",
        "coordinate_note": "source_columns_swapped_and_normalized"
      }
    },
    {
      "type": "Feature",
      "geometry": {
        "type": "Point",
        "coordinates": [
          126.9723983,
          37.48634813
        ]
      },
      "properties": {
        "crosswalk_id": "06-0000003962",
        "district": "동작구",
        "address": "동작구 사당동 169-14도",
        "crosswalk_type": "이단(화살표있음)",
        "has_pedestrian_light": "N",
        "has_audio_signal": "N",
        "has_push_button": "N",
        "is_raised_crosswalk": "N",
        "has_traffic_safety_detail": "Y",
        "accessibility_score": 1,
        "route_recommendation_tier": "basic",
        "support_evidence": "교통안전시설 상세",
        "nearest_audio_signal_id": NaN,
        "nearest_audio_signal_distance_m": NaN,
        "nearest_push_button_id": NaN,
        "nearest_push_button_distance_m": NaN,
        "data_reference_date": "2026-03-20",
        "coordinate_note": "source_columns_swapped_and_normalized"
      }
    },
    {
      "type": "Feature",
      "geometry": {
        "type": "Point",
        "coordinates": [
          126.9038102,
          37.48533083
        ]
      },
      "properties": {
        "crosswalk_id": "06-0000004007",
        "district": "동작구",
        "address": "동작구 신대방동 699-4도",
        "crosswalk_type": "일단(화살표없음)",
        "has_pedestrian_light": "N",
        "has_audio_signal": "N",
        "has_push_button": "N",
        "is_raised_crosswalk": "N",
        "has_traffic_safety_detail": "Y",
        "accessibility_score": 1,
        "route_recommendation_tier": "basic",
        "support_evidence": "교통안전시설 상세",
        "nearest_audio_signal_id": NaN,
        "nearest_audio_signal_distance_m": NaN,
        "nearest_push_button_id": NaN,
        "nearest_push_button_distance_m": NaN,
        "data_reference_date": "2026-03-20",
        "coordinate_note": "source_columns_swapped_and_normalized"
      }
    },
    {
      "type": "Feature",
      "geometry": {
        "type": "Point",
        "coordinates": [
          126.905196,
          37.48700059
        ]
      },
      "properties": {
        "crosswalk_id": "06-0000004009",
        "district": "동작구",
        "address": "동작구 신대방동 699-3도",
        "crosswalk_type": "일단(화살표없음)",
        "has_pedestrian_light": "N",
        "has_audio_signal": "N",
        "has_push_button": "N",
        "is_raised_crosswalk": "N",
        "has_traffic_safety_detail": "Y",
        "accessibility_score": 1,
        "route_recommendation_tier": "basic",
        "support_evidence": "교통안전시설 상세",
        "nearest_audio_signal_id": NaN,
        "nearest_audio_signal_distance_m": NaN,
        "nearest_push_button_id": NaN,
        "nearest_push_button_distance_m": NaN,
        "data_reference_date": "2026-03-20",
        "coordinate_note": "source_columns_swapped_and_normalized"
      }
    },
    {
      "type": "Feature",
      "geometry": {
        "type": "Point",
        "coordinates": [
          126.9055964,
          37.48745491
        ]
      },
      "properties": {
        "crosswalk_id": "06-0000004010",
        "district": "동작구",
        "address": "동작구 신대방동 719-4 도",
        "crosswalk_type": "일단(화살표없음)",
        "has_pedestrian_light": "N",
        "has_audio_signal": "N",
        "has_push_button": "N",
        "is_raised_crosswalk": "N",
        "has_traffic_safety_detail": "Y",
        "accessibility_score": 1,
        "route_recommendation_tier": "basic",
        "support_evidence": "교통안전시설 상세",
        "nearest_audio_signal_id": NaN,
        "nearest_audio_signal_distance_m": NaN,
        "nearest_push_button_id": NaN,
        "nearest_push_button_distance_m": NaN,
        "data_reference_date": "2026-03-20",
        "coordinate_note": "source_columns_swapped_and_normalized"
      }
    },
    {
      "type": "Feature",
      "geometry": {
        "type": "Point",
        "coordinates": [
          126.9675739,
          37.48500339
        ]
      },
      "properties": {
        "crosswalk_id": "06-0000004047",
        "district": "동작구",
        "address": "동작구 사당동 산32-95 도",
        "crosswalk_type": "이단(화살표있음)",
        "has_pedestrian_light": "N",
        "has_audio_signal": "N",
        "has_push_button": "N",
        "is_raised_crosswalk": "N",
        "has_traffic_safety_detail": "Y",
        "accessibility_score": 1,
        "route_recommendation_tier": "basic",
        "support_evidence": "교통안전시설 상세",
        "nearest_audio_signal_id": NaN,
        "nearest_audio_signal_distance_m": NaN,
        "nearest_push_button_id": NaN,
        "nearest_push_button_distance_m": NaN,
        "data_reference_date": "2026-03-20",
        "coordinate_note": "source_columns_swapped_and_normalized"
      }
    },
    {
      "type": "Feature",
      "geometry": {
        "type": "Point",
        "coordinates": [
          126.9665315,
          37.48575996
        ]
      },
      "properties": {
        "crosswalk_id": "06-0000004048",
        "district": "동작구",
        "address": "동작구 사당동 산32-59 도",
        "crosswalk_type": "이단(화살표있음)",
        "has_pedestrian_light": "N",
        "has_audio_signal": "N",
        "has_push_button": "N",
        "is_raised_crosswalk": "N",
        "has_traffic_safety_detail": "Y",
        "accessibility_score": 1,
        "route_recommendation_tier": "basic",
        "support_evidence": "교통안전시설 상세",
        "nearest_audio_signal_id": NaN,
        "nearest_audio_signal_distance_m": NaN,
        "nearest_push_button_id": NaN,
        "nearest_push_button_distance_m": NaN,
        "data_reference_date": "2026-03-20",
        "coordinate_note": "source_columns_swapped_and_normalized"
      }
    },
    {
      "type": "Feature",
      "geometry": {
        "type": "Point",
        "coordinates": [
          126.9657347,
          37.48636054
        ]
      },
      "properties": {
        "crosswalk_id": "06-0000004050",
        "district": "동작구",
        "address": "동작구 사당동 708-533도",
        "crosswalk_type": "이단(화살표있음)",
        "has_pedestrian_light": "N",
        "has_audio_signal": "N",
        "has_push_button": "N",
        "is_raised_crosswalk": "N",
        "has_traffic_safety_detail": "Y",
        "accessibility_score": 1,
        "route_recommendation_tier": "basic",
        "support_evidence": "교통안전시설 상세",
        "nearest_audio_signal_id": NaN,
        "nearest_audio_signal_distance_m": NaN,
        "nearest_push_button_id": NaN,
        "nearest_push_button_distance_m": NaN,
        "data_reference_date": "2026-03-20",
        "coordinate_note": "source_columns_swapped_and_normalized"
      }
    },
    {
      "type": "Feature",
      "geometry": {
        "type": "Point",
        "coordinates": [
          126.9647578,
          37.48766605
        ]
      },
      "properties": {
        "crosswalk_id": "06-0000004052",
        "district": "동작구",
        "address": "동작구 사당동 708-535 도",
        "crosswalk_type": "이단(화살표없음)",
        "has_pedestrian_light": "N",
        "has_audio_signal": "N",
        "has_push_button": "N",
        "is_raised_crosswalk": "N",
        "has_traffic_safety_detail": "Y",
        "accessibility_score": 1,
        "route_recommendation_tier": "basic",
        "support_evidence": "교통안전시설 상세",
        "nearest_audio_signal_id": NaN,
        "nearest_audio_signal_distance_m": NaN,
        "nearest_push_button_id": NaN,
        "nearest_push_button_distance_m": NaN,
        "data_reference_date": "2026-03-20",
        "coordinate_note": "source_columns_swapped_and_normalized"
      }
    },
    {
      "type": "Feature",
      "geometry": {
        "type": "Point",
        "coordinates": [
          126.9769408,
          37.47670209
        ]
      },
      "properties": {
        "crosswalk_id": "06-0000004073",
        "district": "동작구",
        "address": "동작구 사당동 1129도",
        "crosswalk_type": "일단(화살표없음)",
        "has_pedestrian_light": "N",
        "has_audio_signal": "N",
        "has_push_button": "N",
        "is_raised_crosswalk": "N",
        "has_traffic_safety_detail": "Y",
        "accessibility_score": 1,
        "route_recommendation_tier": "basic",
        "support_evidence": "교통안전시설 상세",
        "nearest_audio_signal_id": NaN,
        "nearest_audio_signal_distance_m": NaN,
        "nearest_push_button_id": NaN,
        "nearest_push_button_distance_m": NaN,
        "data_reference_date": "2026-03-20",
        "coordinate_note": "source_columns_swapped_and_normalized"
      }
    },
    {
      "type": "Feature",
      "geometry": {
        "type": "Point",
        "coordinates": [
          126.9755028,
          37.47654706
        ]
      },
      "properties": {
        "crosswalk_id": "06-0000004075",
        "district": "동작구",
        "address": "동작구 사당동 1129도",
        "crosswalk_type": "일단(화살표없음)",
        "has_pedestrian_light": "N",
        "has_audio_signal": "N",
        "has_push_button": "N",
        "is_raised_crosswalk": "N",
        "has_traffic_safety_detail": "Y",
        "accessibility_score": 1,
        "route_recommendation_tier": "basic",
        "support_evidence": "교통안전시설 상세",
        "nearest_audio_signal_id": NaN,
        "nearest_audio_signal_distance_m": NaN,
        "nearest_push_button_id": NaN,
        "nearest_push_button_distance_m": NaN,
        "data_reference_date": "2026-03-20",
        "coordinate_note": "source_columns_swapped_and_normalized"
      }
    },
    {
      "type": "Feature",
      "geometry": {
        "type": "Point",
        "coordinates": [
          126.9749023,
          37.47645574
        ]
      },
      "properties": {
        "crosswalk_id": "06-0000004076",
        "district": "동작구",
        "address": "동작구 사당동 1129도",
        "crosswalk_type": "일단(화살표없음)",
        "has_pedestrian_light": "N",
        "has_audio_signal": "N",
        "has_push_button": "N",
        "is_raised_crosswalk": "N",
        "has_traffic_safety_detail": "Y",
        "accessibility_score": 1,
        "route_recommendation_tier": "basic",
        "support_evidence": "교통안전시설 상세",
        "nearest_audio_signal_id": NaN,
        "nearest_audio_signal_distance_m": NaN,
        "nearest_push_button_id": NaN,
        "nearest_push_button_distance_m": NaN,
        "data_reference_date": "2026-03-20",
        "coordinate_note": "source_columns_swapped_and_normalized"
      }
    },
    {
      "type": "Feature",
      "geometry": {
        "type": "Point",
        "coordinates": [
          126.9744038,
          37.47636236
        ]
      },
      "properties": {
        "crosswalk_id": "06-0000004078",
        "district": "동작구",
        "address": "동작구 사당동 1129도",
        "crosswalk_type": "일단(화살표없음)",
        "has_pedestrian_light": "N",
        "has_audio_signal": "N",
        "has_push_button": "N",
        "is_raised_crosswalk": "N",
        "has_traffic_safety_detail": "Y",
        "accessibility_score": 1,
        "route_recommendation_tier": "basic",
        "support_evidence": "교통안전시설 상세",
        "nearest_audio_signal_id": NaN,
        "nearest_audio_signal_distance_m": NaN,
        "nearest_push_button_id": NaN,
        "nearest_push_button_distance_m": NaN,
        "data_reference_date": "2026-03-20",
        "coordinate_note": "source_columns_swapped_and_normalized"
      }
    },
    {
      "type": "Feature",
      "geometry": {
        "type": "Point",
        "coordinates": [
          126.9764715,
          37.48863909
        ]
      },
      "properties": {
        "crosswalk_id": "06-0000004080",
        "district": "동작구",
        "address": "동작구 사당동 105대",
        "crosswalk_type": "이단(화살표있음)",
        "has_pedestrian_light": "N",
        "has_audio_signal": "N",
        "has_push_button": "N",
        "is_raised_crosswalk": "N",
        "has_traffic_safety_detail": "Y",
        "accessibility_score": 1,
        "route_recommendation_tier": "basic",
        "support_evidence": "교통안전시설 상세",
        "nearest_audio_signal_id": NaN,
        "nearest_audio_signal_distance_m": NaN,
        "nearest_push_button_id": NaN,
        "nearest_push_button_distance_m": NaN,
        "data_reference_date": "2026-03-20",
        "coordinate_note": "source_columns_swapped_and_normalized"
      }
    },
    {
      "type": "Feature",
      "geometry": {
        "type": "Point",
        "coordinates": [
          126.9766707,
          37.48861326
        ]
      },
      "properties": {
        "crosswalk_id": "06-0000004082",
        "district": "동작구",
        "address": "동작구 사당동 105대",
        "crosswalk_type": "이단(화살표있음)",
        "has_pedestrian_light": "N",
        "has_audio_signal": "N",
        "has_push_button": "N",
        "is_raised_crosswalk": "N",
        "has_traffic_safety_detail": "Y",
        "accessibility_score": 1,
        "route_recommendation_tier": "basic",
        "support_evidence": "교통안전시설 상세",
        "nearest_audio_signal_id": NaN,
        "nearest_audio_signal_distance_m": NaN,
        "nearest_push_button_id": NaN,
        "nearest_push_button_distance_m": NaN,
        "data_reference_date": "2026-03-20",
        "coordinate_note": "source_columns_swapped_and_normalized"
      }
    },
    {
      "type": "Feature",
      "geometry": {
        "type": "Point",
        "coordinates": [
          126.976859,
          37.48861392
        ]
      },
      "properties": {
        "crosswalk_id": "06-0000004083",
        "district": "동작구",
        "address": "동작구 사당동 105대",
        "crosswalk_type": "일단(화살표없음)",
        "has_pedestrian_light": "N",
        "has_audio_signal": "N",
        "has_push_button": "N",
        "is_raised_crosswalk": "N",
        "has_traffic_safety_detail": "Y",
        "accessibility_score": 1,
        "route_recommendation_tier": "basic",
        "support_evidence": "교통안전시설 상세",
        "nearest_audio_signal_id": NaN,
        "nearest_audio_signal_distance_m": NaN,
        "nearest_push_button_id": NaN,
        "nearest_push_button_distance_m": NaN,
        "data_reference_date": "2026-03-20",
        "coordinate_note": "source_columns_swapped_and_normalized"
      }
    },
    {
      "type": "Feature",
      "geometry": {
        "type": "Point",
        "coordinates": [
          126.9764709,
          37.48877065
        ]
      },
      "properties": {
        "crosswalk_id": "06-0000004084",
        "district": "동작구",
        "address": "동작구 사당동 105대",
        "crosswalk_type": "이단(화살표없음)",
        "has_pedestrian_light": "N",
        "has_audio_signal": "N",
        "has_push_button": "N",
        "is_raised_crosswalk": "N",
        "has_traffic_safety_detail": "Y",
        "accessibility_score": 1,
        "route_recommendation_tier": "basic",
        "support_evidence": "교통안전시설 상세",
        "nearest_audio_signal_id": NaN,
        "nearest_audio_signal_distance_m": NaN,
        "nearest_push_button_id": NaN,
        "nearest_push_button_distance_m": NaN,
        "data_reference_date": "2026-03-20",
        "coordinate_note": "source_columns_swapped_and_normalized"
      }
    },
    {
      "type": "Feature",
      "geometry": {
        "type": "Point",
        "coordinates": [
          126.9766164,
          37.48980334
        ]
      },
      "properties": {
        "crosswalk_id": "06-0000004085",
        "district": "동작구",
        "address": "동작구 사당동 105-6도",
        "crosswalk_type": "일단(화살표없음)",
        "has_pedestrian_light": "N",
        "has_audio_signal": "N",
        "has_push_button": "N",
        "is_raised_crosswalk": "N",
        "has_traffic_safety_detail": "Y",
        "accessibility_score": 1,
        "route_recommendation_tier": "basic",
        "support_evidence": "교통안전시설 상세",
        "nearest_audio_signal_id": NaN,
        "nearest_audio_signal_distance_m": NaN,
        "nearest_push_button_id": NaN,
        "nearest_push_button_distance_m": NaN,
        "data_reference_date": "2026-03-20",
        "coordinate_note": "source_columns_swapped_and_normalized"
      }
    },
    {
      "type": "Feature",
      "geometry": {
        "type": "Point",
        "coordinates": [
          126.9768834,
          37.49266528
        ]
      },
      "properties": {
        "crosswalk_id": "06-0000004205",
        "district": "동작구",
        "address": "동작구 사당동 56-9 도",
        "crosswalk_type": "일단(화살표없음)",
        "has_pedestrian_light": "N",
        "has_audio_signal": "N",
        "has_push_button": "N",
        "is_raised_crosswalk": "N",
        "has_traffic_safety_detail": "Y",
        "accessibility_score": 1,
        "route_recommendation_tier": "basic",
        "support_evidence": "교통안전시설 상세",
        "nearest_audio_signal_id": NaN,
        "nearest_audio_signal_distance_m": NaN,
        "nearest_push_button_id": NaN,
        "nearest_push_button_distance_m": NaN,
        "data_reference_date": "2026-03-20",
        "coordinate_note": "source_columns_swapped_and_normalized"
      }
    },
    {
      "type": "Feature",
      "geometry": {
        "type": "Point",
        "coordinates": [
          126.972533,
          37.48846323
        ]
      },
      "properties": {
        "crosswalk_id": "06-0000004206",
        "district": "동작구",
        "address": "동작구 사당동 169-25도",
        "crosswalk_type": "이단(화살표있음)",
        "has_pedestrian_light": "N",
        "has_audio_signal": "N",
        "has_push_button": "N",
        "is_raised_crosswalk": "N",
        "has_traffic_safety_detail": "Y",
        "accessibility_score": 1,
        "route_recommendation_tier": "basic",
        "support_evidence": "교통안전시설 상세",
        "nearest_audio_signal_id": NaN,
        "nearest_audio_signal_distance_m": NaN,
        "nearest_push_button_id": NaN,
        "nearest_push_button_distance_m": NaN,
        "data_reference_date": "2026-03-20",
        "coordinate_note": "source_columns_swapped_and_normalized"
      }
    },
    {
      "type": "Feature",
      "geometry": {
        "type": "Point",
        "coordinates": [
          126.9229592,
          37.4917056
        ]
      },
      "properties": {
        "crosswalk_id": "06-0000004213",
        "district": "동작구",
        "address": "동작구 신대방동 395-61도",
        "crosswalk_type": "이단(화살표있음)",
        "has_pedestrian_light": "N",
        "has_audio_signal": "N",
        "has_push_button": "N",
        "is_raised_crosswalk": "N",
        "has_traffic_safety_detail": "Y",
        "accessibility_score": 1,
        "route_recommendation_tier": "basic",
        "support_evidence": "교통안전시설 상세",
        "nearest_audio_signal_id": NaN,
        "nearest_audio_signal_distance_m": NaN,
        "nearest_push_button_id": NaN,
        "nearest_push_button_distance_m": NaN,
        "data_reference_date": "2026-03-20",
        "coordinate_note": "source_columns_swapped_and_normalized"
      }
    },
    {
      "type": "Feature",
      "geometry": {
        "type": "Point",
        "coordinates": [
          126.9739981,
          37.48392589
        ]
      },
      "properties": {
        "crosswalk_id": "06-0000004215",
        "district": "동작구",
        "address": "동작구 사당동 169-18도",
        "crosswalk_type": "이단(화살표있음)",
        "has_pedestrian_light": "N",
        "has_audio_signal": "N",
        "has_push_button": "N",
        "is_raised_crosswalk": "N",
        "has_traffic_safety_detail": "Y",
        "accessibility_score": 1,
        "route_recommendation_tier": "basic",
        "support_evidence": "교통안전시설 상세",
        "nearest_audio_signal_id": NaN,
        "nearest_audio_signal_distance_m": NaN,
        "nearest_push_button_id": NaN,
        "nearest_push_button_distance_m": NaN,
        "data_reference_date": "2026-03-20",
        "coordinate_note": "source_columns_swapped_and_normalized"
      }
    },
    {
      "type": "Feature",
      "geometry": {
        "type": "Point",
        "coordinates": [
          126.9231976,
          37.49179396
        ]
      },
      "properties": {
        "crosswalk_id": "06-0000004217",
        "district": "동작구",
        "address": "동작구 신대방동 395-61도",
        "crosswalk_type": "이단(화살표있음)",
        "has_pedestrian_light": "N",
        "has_audio_signal": "N",
        "has_push_button": "N",
        "is_raised_crosswalk": "N",
        "has_traffic_safety_detail": "Y",
        "accessibility_score": 1,
        "route_recommendation_tier": "basic",
        "support_evidence": "교통안전시설 상세",
        "nearest_audio_signal_id": NaN,
        "nearest_audio_signal_distance_m": NaN,
        "nearest_push_button_id": NaN,
        "nearest_push_button_distance_m": NaN,
        "data_reference_date": "2026-03-20",
        "coordinate_note": "source_columns_swapped_and_normalized"
      }
    },
    {
      "type": "Feature",
      "geometry": {
        "type": "Point",
        "coordinates": [
          126.9246242,
          37.49145159
        ]
      },
      "properties": {
        "crosswalk_id": "06-0000004258",
        "district": "동작구",
        "address": "동작구 신대방동 395-61도",
        "crosswalk_type": "이단(화살표있음)",
        "has_pedestrian_light": "N",
        "has_audio_signal": "N",
        "has_push_button": "N",
        "is_raised_crosswalk": "N",
        "has_traffic_safety_detail": "Y",
        "accessibility_score": 1,
        "route_recommendation_tier": "basic",
        "support_evidence": "교통안전시설 상세",
        "nearest_audio_signal_id": NaN,
        "nearest_audio_signal_distance_m": NaN,
        "nearest_push_button_id": NaN,
        "nearest_push_button_distance_m": NaN,
        "data_reference_date": "2026-03-20",
        "coordinate_note": "source_columns_swapped_and_normalized"
      }
    },
    {
      "type": "Feature",
      "geometry": {
        "type": "Point",
        "coordinates": [
          126.9248195,
          37.49155797
        ]
      },
      "properties": {
        "crosswalk_id": "06-0000004284",
        "district": "동작구",
        "address": "동작구 신대방동 395-61도",
        "crosswalk_type": "이단(화살표있음)",
        "has_pedestrian_light": "N",
        "has_audio_signal": "N",
        "has_push_button": "N",
        "is_raised_crosswalk": "N",
        "has_traffic_safety_detail": "Y",
        "accessibility_score": 1,
        "route_recommendation_tier": "basic",
        "support_evidence": "교통안전시설 상세",
        "nearest_audio_signal_id": NaN,
        "nearest_audio_signal_distance_m": NaN,
        "nearest_push_button_id": NaN,
        "nearest_push_button_distance_m": NaN,
        "data_reference_date": "2026-03-20",
        "coordinate_note": "source_columns_swapped_and_normalized"
      }
    },
    {
      "type": "Feature",
      "geometry": {
        "type": "Point",
        "coordinates": [
          126.9244586,
          37.49162281
        ]
      },
      "properties": {
        "crosswalk_id": "06-0000004295",
        "district": "동작구",
        "address": "동작구 신대방동 395-61도",
        "crosswalk_type": "이단(화살표있음)",
        "has_pedestrian_light": "N",
        "has_audio_signal": "N",
        "has_push_button": "N",
        "is_raised_crosswalk": "N",
        "has_traffic_safety_detail": "Y",
        "accessibility_score": 1,
        "route_recommendation_tier": "basic",
        "support_evidence": "교통안전시설 상세",
        "nearest_audio_signal_id": NaN,
        "nearest_audio_signal_distance_m": NaN,
        "nearest_push_button_id": NaN,
        "nearest_push_button_distance_m": NaN,
        "data_reference_date": "2026-03-20",
        "coordinate_note": "source_columns_swapped_and_normalized"
      }
    },
    {
      "type": "Feature",
      "geometry": {
        "type": "Point",
        "coordinates": [
          126.9603288,
          37.49379584
        ]
      },
      "properties": {
        "crosswalk_id": "06-0000004308",
        "district": "동작구",
        "address": "동작구 상도동 111-58 도",
        "crosswalk_type": "일단(화살표없음)",
        "has_pedestrian_light": "N",
        "has_audio_signal": "N",
        "has_push_button": "N",
        "is_raised_crosswalk": "N",
        "has_traffic_safety_detail": "Y",
        "accessibility_score": 1,
        "route_recommendation_tier": "basic",
        "support_evidence": "교통안전시설 상세",
        "nearest_audio_signal_id": NaN,
        "nearest_audio_signal_distance_m": NaN,
        "nearest_push_button_id": NaN,
        "nearest_push_button_distance_m": NaN,
        "data_reference_date": "2026-03-20",
        "coordinate_note": "source_columns_swapped_and_normalized"
      }
    },
    {
      "type": "Feature",
      "geometry": {
        "type": "Point",
        "coordinates": [
          126.9602297,
          37.49374576
        ]
      },
      "properties": {
        "crosswalk_id": "06-0000004309",
        "district": "동작구",
        "address": "동작구 상도동 407-3도",
        "crosswalk_type": "이단(화살표있음)",
        "has_pedestrian_light": "N",
        "has_audio_signal": "N",
        "has_push_button": "N",
        "is_raised_crosswalk": "N",
        "has_traffic_safety_detail": "Y",
        "accessibility_score": 1,
        "route_recommendation_tier": "basic",
        "support_evidence": "교통안전시설 상세",
        "nearest_audio_signal_id": NaN,
        "nearest_audio_signal_distance_m": NaN,
        "nearest_push_button_id": NaN,
        "nearest_push_button_distance_m": NaN,
        "data_reference_date": "2026-03-20",
        "coordinate_note": "source_columns_swapped_and_normalized"
      }
    },
    {
      "type": "Feature",
      "geometry": {
        "type": "Point",
        "coordinates": [
          126.9247,
          37.49173889
        ]
      },
      "properties": {
        "crosswalk_id": "06-0000004333",
        "district": "동작구",
        "address": "동작구 신대방동 395-61도",
        "crosswalk_type": "이단(화살표있음)",
        "has_pedestrian_light": "N",
        "has_audio_signal": "N",
        "has_push_button": "N",
        "is_raised_crosswalk": "N",
        "has_traffic_safety_detail": "Y",
        "accessibility_score": 1,
        "route_recommendation_tier": "basic",
        "support_evidence": "교통안전시설 상세",
        "nearest_audio_signal_id": NaN,
        "nearest_audio_signal_distance_m": NaN,
        "nearest_push_button_id": NaN,
        "nearest_push_button_distance_m": NaN,
        "data_reference_date": "2026-03-20",
        "coordinate_note": "source_columns_swapped_and_normalized"
      }
    },
    {
      "type": "Feature",
      "geometry": {
        "type": "Point",
        "coordinates": [
          126.9274656,
          37.49590246
        ]
      },
      "properties": {
        "crosswalk_id": "06-0000004503",
        "district": "동작구",
        "address": "동작구 신대방동 344-78대",
        "crosswalk_type": "일단(화살표없음)",
        "has_pedestrian_light": "N",
        "has_audio_signal": "N",
        "has_push_button": "N",
        "is_raised_crosswalk": "N",
        "has_traffic_safety_detail": "Y",
        "accessibility_score": 1,
        "route_recommendation_tier": "basic",
        "support_evidence": "교통안전시설 상세",
        "nearest_audio_signal_id": NaN,
        "nearest_audio_signal_distance_m": NaN,
        "nearest_push_button_id": NaN,
        "nearest_push_button_distance_m": NaN,
        "data_reference_date": "2026-03-20",
        "coordinate_note": "source_columns_swapped_and_normalized"
      }
    },
    {
      "type": "Feature",
      "geometry": {
        "type": "Point",
        "coordinates": [
          126.9209616,
          37.49975809
        ]
      },
      "properties": {
        "crosswalk_id": "06-0000004506",
        "district": "동작구",
        "address": "동작구 대방동 466-51도",
        "crosswalk_type": "일단(화살표없음)",
        "has_pedestrian_light": "N",
        "has_audio_signal": "N",
        "has_push_button": "N",
        "is_raised_crosswalk": "N",
        "has_traffic_safety_detail": "Y",
        "accessibility_score": 1,
        "route_recommendation_tier": "basic",
        "support_evidence": "교통안전시설 상세",
        "nearest_audio_signal_id": NaN,
        "nearest_audio_signal_distance_m": NaN,
        "nearest_push_button_id": NaN,
        "nearest_push_button_distance_m": NaN,
        "data_reference_date": "2026-03-20",
        "coordinate_note": "source_columns_swapped_and_normalized"
      }
    },
    {
      "type": "Feature",
      "geometry": {
        "type": "Point",
        "coordinates": [
          126.9240727,
          37.49292528
        ]
      },
      "properties": {
        "crosswalk_id": "06-0000004508",
        "district": "동작구",
        "address": "동작구 신대방동 395-61도",
        "crosswalk_type": "일단(화살표없음)",
        "has_pedestrian_light": "N",
        "has_audio_signal": "N",
        "has_push_button": "N",
        "is_raised_crosswalk": "N",
        "has_traffic_safety_detail": "Y",
        "accessibility_score": 1,
        "route_recommendation_tier": "basic",
        "support_evidence": "교통안전시설 상세",
        "nearest_audio_signal_id": NaN,
        "nearest_audio_signal_distance_m": NaN,
        "nearest_push_button_id": NaN,
        "nearest_push_button_distance_m": NaN,
        "data_reference_date": "2026-03-20",
        "coordinate_note": "source_columns_swapped_and_normalized"
      }
    },
    {
      "type": "Feature",
      "geometry": {
        "type": "Point",
        "coordinates": [
          126.9231658,
          37.49294363
        ]
      },
      "properties": {
        "crosswalk_id": "06-0000004511",
        "district": "동작구",
        "address": "동작구 신대방동 395-61도",
        "crosswalk_type": "일단(화살표없음)",
        "has_pedestrian_light": "N",
        "has_audio_signal": "N",
        "has_push_button": "N",
        "is_raised_crosswalk": "N",
        "has_traffic_safety_detail": "Y",
        "accessibility_score": 1,
        "route_recommendation_tier": "basic",
        "support_evidence": "교통안전시설 상세",
        "nearest_audio_signal_id": NaN,
        "nearest_audio_signal_distance_m": NaN,
        "nearest_push_button_id": NaN,
        "nearest_push_button_distance_m": NaN,
        "data_reference_date": "2026-03-20",
        "coordinate_note": "source_columns_swapped_and_normalized"
      }
    },
    {
      "type": "Feature",
      "geometry": {
        "type": "Point",
        "coordinates": [
          126.9272858,
          37.51470957
        ]
      },
      "properties": {
        "crosswalk_id": "06-0000004759",
        "district": "동작구",
        "address": "동작구 대방동 498-1도",
        "crosswalk_type": "이단(화살표있음)",
        "has_pedestrian_light": "N",
        "has_audio_signal": "N",
        "has_push_button": "N",
        "is_raised_crosswalk": "N",
        "has_traffic_safety_detail": "Y",
        "accessibility_score": 1,
        "route_recommendation_tier": "basic",
        "support_evidence": "교통안전시설 상세",
        "nearest_audio_signal_id": NaN,
        "nearest_audio_signal_distance_m": NaN,
        "nearest_push_button_id": NaN,
        "nearest_push_button_distance_m": NaN,
        "data_reference_date": "2026-03-20",
        "coordinate_note": "source_columns_swapped_and_normalized"
      }
    },
    {
      "type": "Feature",
      "geometry": {
        "type": "Point",
        "coordinates": [
          126.9271592,
          37.51444742
        ]
      },
      "properties": {
        "crosswalk_id": "06-0000004760",
        "district": "동작구",
        "address": "동작구 대방동 87-1도",
        "crosswalk_type": "이단(화살표있음)",
        "has_pedestrian_light": "N",
        "has_audio_signal": "N",
        "has_push_button": "N",
        "is_raised_crosswalk": "N",
        "has_traffic_safety_detail": "Y",
        "accessibility_score": 1,
        "route_recommendation_tier": "basic",
        "support_evidence": "교통안전시설 상세",
        "nearest_audio_signal_id": NaN,
        "nearest_audio_signal_distance_m": NaN,
        "nearest_push_button_id": NaN,
        "nearest_push_button_distance_m": NaN,
        "data_reference_date": "2026-03-20",
        "coordinate_note": "source_columns_swapped_and_normalized"
      }
    },
    {
      "type": "Feature",
      "geometry": {
        "type": "Point",
        "coordinates": [
          126.9420089,
          37.51346209
        ]
      },
      "properties": {
        "crosswalk_id": "06-0000004880",
        "district": "동작구",
        "address": "동작구 노량진동 62-13도",
        "crosswalk_type": "일단(화살표없음)",
        "has_pedestrian_light": "N",
        "has_audio_signal": "N",
        "has_push_button": "N",
        "is_raised_crosswalk": "N",
        "has_traffic_safety_detail": "Y",
        "accessibility_score": 1,
        "route_recommendation_tier": "basic",
        "support_evidence": "교통안전시설 상세",
        "nearest_audio_signal_id": NaN,
        "nearest_audio_signal_distance_m": NaN,
        "nearest_push_button_id": NaN,
        "nearest_push_button_distance_m": NaN,
        "data_reference_date": "2026-03-20",
        "coordinate_note": "source_columns_swapped_and_normalized"
      }
    },
    {
      "type": "Feature",
      "geometry": {
        "type": "Point",
        "coordinates": [
          126.941381,
          37.51340248
        ]
      },
      "properties": {
        "crosswalk_id": "06-0000004881",
        "district": "동작구",
        "address": "동작구 노량진동 60-11도",
        "crosswalk_type": "일단(화살표없음)",
        "has_pedestrian_light": "N",
        "has_audio_signal": "N",
        "has_push_button": "N",
        "is_raised_crosswalk": "N",
        "has_traffic_safety_detail": "Y",
        "accessibility_score": 1,
        "route_recommendation_tier": "basic",
        "support_evidence": "교통안전시설 상세",
        "nearest_audio_signal_id": NaN,
        "nearest_audio_signal_distance_m": NaN,
        "nearest_push_button_id": NaN,
        "nearest_push_button_distance_m": NaN,
        "data_reference_date": "2026-03-20",
        "coordinate_note": "source_columns_swapped_and_normalized"
      }
    },
    {
      "type": "Feature",
      "geometry": {
        "type": "Point",
        "coordinates": [
          126.946462,
          37.51330967
        ]
      },
      "properties": {
        "crosswalk_id": "06-0000004890",
        "district": "동작구",
        "address": "동작구 노량진동 147-20도",
        "crosswalk_type": "일단(화살표없음)",
        "has_pedestrian_light": "N",
        "has_audio_signal": "N",
        "has_push_button": "N",
        "is_raised_crosswalk": "N",
        "has_traffic_safety_detail": "Y",
        "accessibility_score": 1,
        "route_recommendation_tier": "basic",
        "support_evidence": "교통안전시설 상세",
        "nearest_audio_signal_id": NaN,
        "nearest_audio_signal_distance_m": NaN,
        "nearest_push_button_id": NaN,
        "nearest_push_button_distance_m": NaN,
        "data_reference_date": "2026-03-20",
        "coordinate_note": "source_columns_swapped_and_normalized"
      }
    },
    {
      "type": "Feature",
      "geometry": {
        "type": "Point",
        "coordinates": [
          126.9310384,
          37.51330529
        ]
      },
      "properties": {
        "crosswalk_id": "06-0000005064",
        "district": "동작구",
        "address": "동작구 대방동 54-2도",
        "crosswalk_type": "일단(화살표없음)",
        "has_pedestrian_light": "N",
        "has_audio_signal": "N",
        "has_push_button": "N",
        "is_raised_crosswalk": "N",
        "has_traffic_safety_detail": "Y",
        "accessibility_score": 1,
        "route_recommendation_tier": "basic",
        "support_evidence": "교통안전시설 상세",
        "nearest_audio_signal_id": NaN,
        "nearest_audio_signal_distance_m": NaN,
        "nearest_push_button_id": NaN,
        "nearest_push_button_distance_m": NaN,
        "data_reference_date": "2026-03-20",
        "coordinate_note": "source_columns_swapped_and_normalized"
      }
    },
    {
      "type": "Feature",
      "geometry": {
        "type": "Point",
        "coordinates": [
          126.9318664,
          37.51332484
        ]
      },
      "properties": {
        "crosswalk_id": "06-0000005066",
        "district": "동작구",
        "address": "동작구 대방동 51-14도",
        "crosswalk_type": "이단(화살표없음)",
        "has_pedestrian_light": "N",
        "has_audio_signal": "N",
        "has_push_button": "N",
        "is_raised_crosswalk": "N",
        "has_traffic_safety_detail": "Y",
        "accessibility_score": 1,
        "route_recommendation_tier": "basic",
        "support_evidence": "교통안전시설 상세",
        "nearest_audio_signal_id": NaN,
        "nearest_audio_signal_distance_m": NaN,
        "nearest_push_button_id": NaN,
        "nearest_push_button_distance_m": NaN,
        "data_reference_date": "2026-03-20",
        "coordinate_note": "source_columns_swapped_and_normalized"
      }
    },
    {
      "type": "Feature",
      "geometry": {
        "type": "Point",
        "coordinates": [
          126.9214053,
          37.49994711
        ]
      },
      "properties": {
        "crosswalk_id": "06-0000005596",
        "district": "동작구",
        "address": "동작구 대방동 466-59도",
        "crosswalk_type": "일단(화살표없음)",
        "has_pedestrian_light": "N",
        "has_audio_signal": "N",
        "has_push_button": "N",
        "is_raised_crosswalk": "N",
        "has_traffic_safety_detail": "Y",
        "accessibility_score": 1,
        "route_recommendation_tier": "basic",
        "support_evidence": "교통안전시설 상세",
        "nearest_audio_signal_id": NaN,
        "nearest_audio_signal_distance_m": NaN,
        "nearest_push_button_id": NaN,
        "nearest_push_button_distance_m": NaN,
        "data_reference_date": "2026-03-20",
        "coordinate_note": "source_columns_swapped_and_normalized"
      }
    },
    {
      "type": "Feature",
      "geometry": {
        "type": "Point",
        "coordinates": [
          126.9489271,
          37.50190871
        ]
      },
      "properties": {
        "crosswalk_id": "06-0000005602",
        "district": "동작구",
        "address": "동작구 상도1동 752-2도",
        "crosswalk_type": "일단(화살표없음)",
        "has_pedestrian_light": "N",
        "has_audio_signal": "N",
        "has_push_button": "N",
        "is_raised_crosswalk": "N",
        "has_traffic_safety_detail": "Y",
        "accessibility_score": 1,
        "route_recommendation_tier": "basic",
        "support_evidence": "교통안전시설 상세",
        "nearest_audio_signal_id": NaN,
        "nearest_audio_signal_distance_m": NaN,
        "nearest_push_button_id": NaN,
        "nearest_push_button_distance_m": NaN,
        "data_reference_date": "2026-03-20",
        "coordinate_note": "source_columns_swapped_and_normalized"
      }
    },
    {
      "type": "Feature",
      "geometry": {
        "type": "Point",
        "coordinates": [
          126.9480938,
          37.50230731
        ]
      },
      "properties": {
        "crosswalk_id": "06-0000005603",
        "district": "동작구",
        "address": "동작구 상도1동 751-1도",
        "crosswalk_type": "일단(화살표없음)",
        "has_pedestrian_light": "N",
        "has_audio_signal": "N",
        "has_push_button": "N",
        "is_raised_crosswalk": "N",
        "has_traffic_safety_detail": "Y",
        "accessibility_score": 1,
        "route_recommendation_tier": "basic",
        "support_evidence": "교통안전시설 상세",
        "nearest_audio_signal_id": NaN,
        "nearest_audio_signal_distance_m": NaN,
        "nearest_push_button_id": NaN,
        "nearest_push_button_distance_m": NaN,
        "data_reference_date": "2026-03-20",
        "coordinate_note": "source_columns_swapped_and_normalized"
      }
    },
    {
      "type": "Feature",
      "geometry": {
        "type": "Point",
        "coordinates": [
          126.9484157,
          37.50249339
        ]
      },
      "properties": {
        "crosswalk_id": "06-0000005604",
        "district": "동작구",
        "address": "동작구 상도1동 752-2도",
        "crosswalk_type": "일단(화살표없음)",
        "has_pedestrian_light": "N",
        "has_audio_signal": "N",
        "has_push_button": "N",
        "is_raised_crosswalk": "N",
        "has_traffic_safety_detail": "Y",
        "accessibility_score": 1,
        "route_recommendation_tier": "basic",
        "support_evidence": "교통안전시설 상세",
        "nearest_audio_signal_id": NaN,
        "nearest_audio_signal_distance_m": NaN,
        "nearest_push_button_id": NaN,
        "nearest_push_button_distance_m": NaN,
        "data_reference_date": "2026-03-20",
        "coordinate_note": "source_columns_swapped_and_normalized"
      }
    },
    {
      "type": "Feature",
      "geometry": {
        "type": "Point",
        "coordinates": [
          126.951071,
          37.49945287
        ]
      },
      "properties": {
        "crosswalk_id": "06-0000005606",
        "district": "동작구",
        "address": "동작구 상도1동 518-1 도",
        "crosswalk_type": "일단(화살표없음)",
        "has_pedestrian_light": "N",
        "has_audio_signal": "N",
        "has_push_button": "N",
        "is_raised_crosswalk": "N",
        "has_traffic_safety_detail": "Y",
        "accessibility_score": 1,
        "route_recommendation_tier": "basic",
        "support_evidence": "교통안전시설 상세",
        "nearest_audio_signal_id": NaN,
        "nearest_audio_signal_distance_m": NaN,
        "nearest_push_button_id": NaN,
        "nearest_push_button_distance_m": NaN,
        "data_reference_date": "2026-03-20",
        "coordinate_note": "source_columns_swapped_and_normalized"
      }
    },
    {
      "type": "Feature",
      "geometry": {
        "type": "Point",
        "coordinates": [
          126.9504786,
          37.50014311
        ]
      },
      "properties": {
        "crosswalk_id": "06-0000005607",
        "district": "동작구",
        "address": "동작구 상도1동 250도",
        "crosswalk_type": "일단(화살표없음)",
        "has_pedestrian_light": "N",
        "has_audio_signal": "N",
        "has_push_button": "N",
        "is_raised_crosswalk": "N",
        "has_traffic_safety_detail": "Y",
        "accessibility_score": 1,
        "route_recommendation_tier": "basic",
        "support_evidence": "교통안전시설 상세",
        "nearest_audio_signal_id": NaN,
        "nearest_audio_signal_distance_m": NaN,
        "nearest_push_button_id": NaN,
        "nearest_push_button_distance_m": NaN,
        "data_reference_date": "2026-03-20",
        "coordinate_note": "source_columns_swapped_and_normalized"
      }
    },
    {
      "type": "Feature",
      "geometry": {
        "type": "Point",
        "coordinates": [
          126.9498964,
          37.50080271
        ]
      },
      "properties": {
        "crosswalk_id": "06-0000005608",
        "district": "동작구",
        "address": "동작구 상도1동 250도",
        "crosswalk_type": "일단(화살표없음)",
        "has_pedestrian_light": "N",
        "has_audio_signal": "N",
        "has_push_button": "N",
        "is_raised_crosswalk": "N",
        "has_traffic_safety_detail": "Y",
        "accessibility_score": 1,
        "route_recommendation_tier": "basic",
        "support_evidence": "교통안전시설 상세",
        "nearest_audio_signal_id": NaN,
        "nearest_audio_signal_distance_m": NaN,
        "nearest_push_button_id": NaN,
        "nearest_push_button_distance_m": NaN,
        "data_reference_date": "2026-03-20",
        "coordinate_note": "source_columns_swapped_and_normalized"
      }
    },
    {
      "type": "Feature",
      "geometry": {
        "type": "Point",
        "coordinates": [
          126.9516335,
          37.4988052
        ]
      },
      "properties": {
        "crosswalk_id": "06-0000005609",
        "district": "동작구",
        "address": "동작구 상도1동 518-1 도",
        "crosswalk_type": "일단(화살표없음)",
        "has_pedestrian_light": "N",
        "has_audio_signal": "N",
        "has_push_button": "N",
        "is_raised_crosswalk": "N",
        "has_traffic_safety_detail": "Y",
        "accessibility_score": 1,
        "route_recommendation_tier": "basic",
        "support_evidence": "교통안전시설 상세",
        "nearest_audio_signal_id": NaN,
        "nearest_audio_signal_distance_m": NaN,
        "nearest_push_button_id": NaN,
        "nearest_push_button_distance_m": NaN,
        "data_reference_date": "2026-03-20",
        "coordinate_note": "source_columns_swapped_and_normalized"
      }
    },
    {
      "type": "Feature",
      "geometry": {
        "type": "Point",
        "coordinates": [
          126.952031,
          37.49835023
        ]
      },
      "properties": {
        "crosswalk_id": "06-0000005610",
        "district": "동작구",
        "address": "동작구 상도1동 518-1 도",
        "crosswalk_type": "일단(화살표없음)",
        "has_pedestrian_light": "N",
        "has_audio_signal": "N",
        "has_push_button": "N",
        "is_raised_crosswalk": "N",
        "has_traffic_safety_detail": "Y",
        "accessibility_score": 1,
        "route_recommendation_tier": "basic",
        "support_evidence": "교통안전시설 상세",
        "nearest_audio_signal_id": NaN,
        "nearest_audio_signal_distance_m": NaN,
        "nearest_push_button_id": NaN,
        "nearest_push_button_distance_m": NaN,
        "data_reference_date": "2026-03-20",
        "coordinate_note": "source_columns_swapped_and_normalized"
      }
    },
    {
      "type": "Feature",
      "geometry": {
        "type": "Point",
        "coordinates": [
          126.9094303,
          37.49217449
        ]
      },
      "properties": {
        "crosswalk_id": "06-0000005613",
        "district": "동작구",
        "address": "동작구 신대방동 551-8도",
        "crosswalk_type": "일단(화살표없음)",
        "has_pedestrian_light": "N",
        "has_audio_signal": "N",
        "has_push_button": "N",
        "is_raised_crosswalk": "N",
        "has_traffic_safety_detail": "Y",
        "accessibility_score": 1,
        "route_recommendation_tier": "basic",
        "support_evidence": "교통안전시설 상세",
        "nearest_audio_signal_id": NaN,
        "nearest_audio_signal_distance_m": NaN,
        "nearest_push_button_id": NaN,
        "nearest_push_button_distance_m": NaN,
        "data_reference_date": "2026-03-20",
        "coordinate_note": "source_columns_swapped_and_normalized"
      }
    },
    {
      "type": "Feature",
      "geometry": {
        "type": "Point",
        "coordinates": [
          126.9606248,
          37.50264365
        ]
      },
      "properties": {
        "crosswalk_id": "06-0000005882",
        "district": "동작구",
        "address": "동작구 흑석동 86-213 도",
        "crosswalk_type": "이단(화살표있음)",
        "has_pedestrian_light": "N",
        "has_audio_signal": "N",
        "has_push_button": "N",
        "is_raised_crosswalk": "N",
        "has_traffic_safety_detail": "Y",
        "accessibility_score": 1,
        "route_recommendation_tier": "basic",
        "support_evidence": "교통안전시설 상세",
        "nearest_audio_signal_id": NaN,
        "nearest_audio_signal_distance_m": NaN,
        "nearest_push_button_id": NaN,
        "nearest_push_button_distance_m": NaN,
        "data_reference_date": "2026-03-20",
        "coordinate_note": "source_columns_swapped_and_normalized"
      }
    },
    {
      "type": "Feature",
      "geometry": {
        "type": "Point",
        "coordinates": [
          126.9226216,
          37.50395505
        ]
      },
      "properties": {
        "crosswalk_id": "06-0000005936",
        "district": "동작구",
        "address": "동작구 대방동 466-10 도",
        "crosswalk_type": "일단(화살표없음)",
        "has_pedestrian_light": "N",
        "has_audio_signal": "N",
        "has_push_button": "N",
        "is_raised_crosswalk": "N",
        "has_traffic_safety_detail": "Y",
        "accessibility_score": 1,
        "route_recommendation_tier": "basic",
        "support_evidence": "교통안전시설 상세",
        "nearest_audio_signal_id": NaN,
        "nearest_audio_signal_distance_m": NaN,
        "nearest_push_button_id": NaN,
        "nearest_push_button_distance_m": NaN,
        "data_reference_date": "2026-03-20",
        "coordinate_note": "source_columns_swapped_and_normalized"
      }
    },
    {
      "type": "Feature",
      "geometry": {
        "type": "Point",
        "coordinates": [
          126.9228655,
          37.50401806
        ]
      },
      "properties": {
        "crosswalk_id": "06-0000005937",
        "district": "동작구",
        "address": "동작구 대방동 466-10 도",
        "crosswalk_type": "일단(화살표있음)",
        "has_pedestrian_light": "N",
        "has_audio_signal": "N",
        "has_push_button": "N",
        "is_raised_crosswalk": "N",
        "has_traffic_safety_detail": "Y",
        "accessibility_score": 1,
        "route_recommendation_tier": "basic",
        "support_evidence": "교통안전시설 상세",
        "nearest_audio_signal_id": NaN,
        "nearest_audio_signal_distance_m": NaN,
        "nearest_push_button_id": NaN,
        "nearest_push_button_distance_m": NaN,
        "data_reference_date": "2026-03-20",
        "coordinate_note": "source_columns_swapped_and_normalized"
      }
    },
    {
      "type": "Feature",
      "geometry": {
        "type": "Point",
        "coordinates": [
          126.9227505,
          37.50409078
        ]
      },
      "properties": {
        "crosswalk_id": "06-0000005938",
        "district": "동작구",
        "address": "동작구 대방동 466-43도",
        "crosswalk_type": "일단(화살표없음)",
        "has_pedestrian_light": "N",
        "has_audio_signal": "N",
        "has_push_button": "N",
        "is_raised_crosswalk": "N",
        "has_traffic_safety_detail": "Y",
        "accessibility_score": 1,
        "route_recommendation_tier": "basic",
        "support_evidence": "교통안전시설 상세",
        "nearest_audio_signal_id": NaN,
        "nearest_audio_signal_distance_m": NaN,
        "nearest_push_button_id": NaN,
        "nearest_push_button_distance_m": NaN,
        "data_reference_date": "2026-03-20",
        "coordinate_note": "source_columns_swapped_and_normalized"
      }
    },
    {
      "type": "Feature",
      "geometry": {
        "type": "Point",
        "coordinates": [
          126.914444,
          37.49565978
        ]
      },
      "properties": {
        "crosswalk_id": "06-0000005962",
        "district": "동작구",
        "address": "동작구 신대방동 470-10대",
        "crosswalk_type": "이단(화살표있음)",
        "has_pedestrian_light": "N",
        "has_audio_signal": "N",
        "has_push_button": "N",
        "is_raised_crosswalk": "N",
        "has_traffic_safety_detail": "Y",
        "accessibility_score": 1,
        "route_recommendation_tier": "basic",
        "support_evidence": "교통안전시설 상세",
        "nearest_audio_signal_id": NaN,
        "nearest_audio_signal_distance_m": NaN,
        "nearest_push_button_id": NaN,
        "nearest_push_button_distance_m": NaN,
        "data_reference_date": "2026-03-20",
        "coordinate_note": "source_columns_swapped_and_normalized"
      }
    },
    {
      "type": "Feature",
      "geometry": {
        "type": "Point",
        "coordinates": [
          126.9143543,
          37.49572263
        ]
      },
      "properties": {
        "crosswalk_id": "06-0000005963",
        "district": "동작구",
        "address": "동작구 신대방동 470-10대",
        "crosswalk_type": "일단(화살표없음)",
        "has_pedestrian_light": "N",
        "has_audio_signal": "N",
        "has_push_button": "N",
        "is_raised_crosswalk": "N",
        "has_traffic_safety_detail": "Y",
        "accessibility_score": 1,
        "route_recommendation_tier": "basic",
        "support_evidence": "교통안전시설 상세",
        "nearest_audio_signal_id": NaN,
        "nearest_audio_signal_distance_m": NaN,
        "nearest_push_button_id": NaN,
        "nearest_push_button_distance_m": NaN,
        "data_reference_date": "2026-03-20",
        "coordinate_note": "source_columns_swapped_and_normalized"
      }
    },
    {
      "type": "Feature",
      "geometry": {
        "type": "Point",
        "coordinates": [
          126.914506,
          37.49575693
        ]
      },
      "properties": {
        "crosswalk_id": "06-0000005964",
        "district": "동작구",
        "address": "동작구 신대방동 470-8대",
        "crosswalk_type": "일단(화살표없음)",
        "has_pedestrian_light": "N",
        "has_audio_signal": "N",
        "has_push_button": "N",
        "is_raised_crosswalk": "N",
        "has_traffic_safety_detail": "Y",
        "accessibility_score": 1,
        "route_recommendation_tier": "basic",
        "support_evidence": "교통안전시설 상세",
        "nearest_audio_signal_id": NaN,
        "nearest_audio_signal_distance_m": NaN,
        "nearest_push_button_id": NaN,
        "nearest_push_button_distance_m": NaN,
        "data_reference_date": "2026-03-20",
        "coordinate_note": "source_columns_swapped_and_normalized"
      }
    },
    {
      "type": "Feature",
      "geometry": {
        "type": "Point",
        "coordinates": [
          126.9146682,
          37.4945671
        ]
      },
      "properties": {
        "crosswalk_id": "06-0000005965",
        "district": "동작구",
        "address": "동작구 신대방동 492-209도",
        "crosswalk_type": "이단(화살표있음)",
        "has_pedestrian_light": "N",
        "has_audio_signal": "N",
        "has_push_button": "N",
        "is_raised_crosswalk": "N",
        "has_traffic_safety_detail": "Y",
        "accessibility_score": 1,
        "route_recommendation_tier": "basic",
        "support_evidence": "교통안전시설 상세",
        "nearest_audio_signal_id": NaN,
        "nearest_audio_signal_distance_m": NaN,
        "nearest_push_button_id": NaN,
        "nearest_push_button_distance_m": NaN,
        "data_reference_date": "2026-03-20",
        "coordinate_note": "source_columns_swapped_and_normalized"
      }
    },
    {
      "type": "Feature",
      "geometry": {
        "type": "Point",
        "coordinates": [
          126.9165965,
          37.49434018
        ]
      },
      "properties": {
        "crosswalk_id": "06-0000005966",
        "district": "동작구",
        "address": "동작구 신대방동 460-37 도",
        "crosswalk_type": "이단(화살표있음)",
        "has_pedestrian_light": "N",
        "has_audio_signal": "N",
        "has_push_button": "N",
        "is_raised_crosswalk": "N",
        "has_traffic_safety_detail": "Y",
        "accessibility_score": 1,
        "route_recommendation_tier": "basic",
        "support_evidence": "교통안전시설 상세",
        "nearest_audio_signal_id": NaN,
        "nearest_audio_signal_distance_m": NaN,
        "nearest_push_button_id": NaN,
        "nearest_push_button_distance_m": NaN,
        "data_reference_date": "2026-03-20",
        "coordinate_note": "source_columns_swapped_and_normalized"
      }
    },
    {
      "type": "Feature",
      "geometry": {
        "type": "Point",
        "coordinates": [
          126.9163776,
          37.494183
        ]
      },
      "properties": {
        "crosswalk_id": "06-0000005967",
        "district": "동작구",
        "address": "동작구 신대방동 460-37 도",
        "crosswalk_type": "이단(화살표있음)",
        "has_pedestrian_light": "N",
        "has_audio_signal": "N",
        "has_push_button": "N",
        "is_raised_crosswalk": "N",
        "has_traffic_safety_detail": "Y",
        "accessibility_score": 1,
        "route_recommendation_tier": "basic",
        "support_evidence": "교통안전시설 상세",
        "nearest_audio_signal_id": NaN,
        "nearest_audio_signal_distance_m": NaN,
        "nearest_push_button_id": NaN,
        "nearest_push_button_distance_m": NaN,
        "data_reference_date": "2026-03-20",
        "coordinate_note": "source_columns_swapped_and_normalized"
      }
    },
    {
      "type": "Feature",
      "geometry": {
        "type": "Point",
        "coordinates": [
          126.9161235,
          37.49362107
        ]
      },
      "properties": {
        "crosswalk_id": "06-0000005968",
        "district": "동작구",
        "address": "동작구 신대방동 460-37 도",
        "crosswalk_type": "이단(화살표있음)",
        "has_pedestrian_light": "N",
        "has_audio_signal": "N",
        "has_push_button": "N",
        "is_raised_crosswalk": "N",
        "has_traffic_safety_detail": "Y",
        "accessibility_score": 1,
        "route_recommendation_tier": "basic",
        "support_evidence": "교통안전시설 상세",
        "nearest_audio_signal_id": NaN,
        "nearest_audio_signal_distance_m": NaN,
        "nearest_push_button_id": NaN,
        "nearest_push_button_distance_m": NaN,
        "data_reference_date": "2026-03-20",
        "coordinate_note": "source_columns_swapped_and_normalized"
      }
    },
    {
      "type": "Feature",
      "geometry": {
        "type": "Point",
        "coordinates": [
          126.9149844,
          37.49365197
        ]
      },
      "properties": {
        "crosswalk_id": "06-0000005969",
        "district": "동작구",
        "address": "동작구 신대방동 460-30 도",
        "crosswalk_type": "이단(화살표있음)",
        "has_pedestrian_light": "N",
        "has_audio_signal": "N",
        "has_push_button": "N",
        "is_raised_crosswalk": "N",
        "has_traffic_safety_detail": "Y",
        "accessibility_score": 1,
        "route_recommendation_tier": "basic",
        "support_evidence": "교통안전시설 상세",
        "nearest_audio_signal_id": NaN,
        "nearest_audio_signal_distance_m": NaN,
        "nearest_push_button_id": NaN,
        "nearest_push_button_distance_m": NaN,
        "data_reference_date": "2026-03-20",
        "coordinate_note": "source_columns_swapped_and_normalized"
      }
    },
    {
      "type": "Feature",
      "geometry": {
        "type": "Point",
        "coordinates": [
          126.9148076,
          37.4937591
        ]
      },
      "properties": {
        "crosswalk_id": "06-0000005970",
        "district": "동작구",
        "address": "동작구 신대방동 460-30 도",
        "crosswalk_type": "이단(화살표있음)",
        "has_pedestrian_light": "N",
        "has_audio_signal": "N",
        "has_push_button": "N",
        "is_raised_crosswalk": "N",
        "has_traffic_safety_detail": "Y",
        "accessibility_score": 1,
        "route_recommendation_tier": "basic",
        "support_evidence": "교통안전시설 상세",
        "nearest_audio_signal_id": NaN,
        "nearest_audio_signal_distance_m": NaN,
        "nearest_push_button_id": NaN,
        "nearest_push_button_distance_m": NaN,
        "data_reference_date": "2026-03-20",
        "coordinate_note": "source_columns_swapped_and_normalized"
      }
    },
    {
      "type": "Feature",
      "geometry": {
        "type": "Point",
        "coordinates": [
          126.9551671,
          37.5062509
        ]
      },
      "properties": {
        "crosswalk_id": "06-0000005981",
        "district": "동작구",
        "address": "동작구 흑석동 211-32대",
        "crosswalk_type": "이단(화살표있음)",
        "has_pedestrian_light": "N",
        "has_audio_signal": "N",
        "has_push_button": "N",
        "is_raised_crosswalk": "N",
        "has_traffic_safety_detail": "Y",
        "accessibility_score": 1,
        "route_recommendation_tier": "basic",
        "support_evidence": "교통안전시설 상세",
        "nearest_audio_signal_id": NaN,
        "nearest_audio_signal_distance_m": NaN,
        "nearest_push_button_id": NaN,
        "nearest_push_button_distance_m": NaN,
        "data_reference_date": "2026-03-20",
        "coordinate_note": "source_columns_swapped_and_normalized"
      }
    },
    {
      "type": "Feature",
      "geometry": {
        "type": "Point",
        "coordinates": [
          126.9552302,
          37.50618811
        ]
      },
      "properties": {
        "crosswalk_id": "06-0000005982",
        "district": "동작구",
        "address": "동작구 흑석동 204-141도",
        "crosswalk_type": "이단(화살표있음)",
        "has_pedestrian_light": "N",
        "has_audio_signal": "N",
        "has_push_button": "N",
        "is_raised_crosswalk": "N",
        "has_traffic_safety_detail": "Y",
        "accessibility_score": 1,
        "route_recommendation_tier": "basic",
        "support_evidence": "교통안전시설 상세",
        "nearest_audio_signal_id": NaN,
        "nearest_audio_signal_distance_m": NaN,
        "nearest_push_button_id": NaN,
        "nearest_push_button_distance_m": NaN,
        "data_reference_date": "2026-03-20",
        "coordinate_note": "source_columns_swapped_and_normalized"
      }
    },
    {
      "type": "Feature",
      "geometry": {
        "type": "Point",
        "coordinates": [
          126.957085,
          37.50638347
        ]
      },
      "properties": {
        "crosswalk_id": "06-0000005985",
        "district": "동작구",
        "address": "동작구 흑석동 204-172 도",
        "crosswalk_type": "일단(화살표없음)",
        "has_pedestrian_light": "N",
        "has_audio_signal": "N",
        "has_push_button": "N",
        "is_raised_crosswalk": "N",
        "has_traffic_safety_detail": "Y",
        "accessibility_score": 1,
        "route_recommendation_tier": "basic",
        "support_evidence": "교통안전시설 상세",
        "nearest_audio_signal_id": NaN,
        "nearest_audio_signal_distance_m": NaN,
        "nearest_push_button_id": NaN,
        "nearest_push_button_distance_m": NaN,
        "data_reference_date": "2026-03-20",
        "coordinate_note": "source_columns_swapped_and_normalized"
      }
    },
    {
      "type": "Feature",
      "geometry": {
        "type": "Point",
        "coordinates": [
          126.9222743,
          37.49761349
        ]
      },
      "properties": {
        "crosswalk_id": "06-0000006009",
        "district": "동작구",
        "address": "동작구 신대방동 378-12도",
        "crosswalk_type": "일단(화살표없음)",
        "has_pedestrian_light": "N",
        "has_audio_signal": "N",
        "has_push_button": "N",
        "is_raised_crosswalk": "N",
        "has_traffic_safety_detail": "Y",
        "accessibility_score": 1,
        "route_recommendation_tier": "basic",
        "support_evidence": "교통안전시설 상세",
        "nearest_audio_signal_id": NaN,
        "nearest_audio_signal_distance_m": NaN,
        "nearest_push_button_id": NaN,
        "nearest_push_button_distance_m": NaN,
        "data_reference_date": "2026-03-20",
        "coordinate_note": "source_columns_swapped_and_normalized"
      }
    },
    {
      "type": "Feature",
      "geometry": {
        "type": "Point",
        "coordinates": [
          126.920956,
          37.49768092
        ]
      },
      "properties": {
        "crosswalk_id": "06-0000006013",
        "district": "동작구",
        "address": "동작구 신대방동 375-25도",
        "crosswalk_type": "일단(화살표없음)",
        "has_pedestrian_light": "N",
        "has_audio_signal": "N",
        "has_push_button": "N",
        "is_raised_crosswalk": "N",
        "has_traffic_safety_detail": "Y",
        "accessibility_score": 1,
        "route_recommendation_tier": "basic",
        "support_evidence": "교통안전시설 상세",
        "nearest_audio_signal_id": NaN,
        "nearest_audio_signal_distance_m": NaN,
        "nearest_push_button_id": NaN,
        "nearest_push_button_distance_m": NaN,
        "data_reference_date": "2026-03-20",
        "coordinate_note": "source_columns_swapped_and_normalized"
      }
    },
    {
      "type": "Feature",
      "geometry": {
        "type": "Point",
        "coordinates": [
          126.9208482,
          37.49761264
        ]
      },
      "properties": {
        "crosswalk_id": "06-0000006014",
        "district": "동작구",
        "address": "동작구 신대방동 375-50 도",
        "crosswalk_type": "이단(화살표있음)",
        "has_pedestrian_light": "N",
        "has_audio_signal": "N",
        "has_push_button": "N",
        "is_raised_crosswalk": "N",
        "has_traffic_safety_detail": "Y",
        "accessibility_score": 1,
        "route_recommendation_tier": "basic",
        "support_evidence": "교통안전시설 상세",
        "nearest_audio_signal_id": NaN,
        "nearest_audio_signal_distance_m": NaN,
        "nearest_push_button_id": NaN,
        "nearest_push_button_distance_m": NaN,
        "data_reference_date": "2026-03-20",
        "coordinate_note": "source_columns_swapped_and_normalized"
      }
    },
    {
      "type": "Feature",
      "geometry": {
        "type": "Point",
        "coordinates": [
          126.9207741,
          37.49755559
        ]
      },
      "properties": {
        "crosswalk_id": "06-0000006015",
        "district": "동작구",
        "address": "동작구 신대방동 375-50 도",
        "crosswalk_type": "일단(화살표없음)",
        "has_pedestrian_light": "N",
        "has_audio_signal": "N",
        "has_push_button": "N",
        "is_raised_crosswalk": "N",
        "has_traffic_safety_detail": "Y",
        "accessibility_score": 1,
        "route_recommendation_tier": "basic",
        "support_evidence": "교통안전시설 상세",
        "nearest_audio_signal_id": NaN,
        "nearest_audio_signal_distance_m": NaN,
        "nearest_push_button_id": NaN,
        "nearest_push_button_distance_m": NaN,
        "data_reference_date": "2026-03-20",
        "coordinate_note": "source_columns_swapped_and_normalized"
      }
    },
    {
      "type": "Feature",
      "geometry": {
        "type": "Point",
        "coordinates": [
          126.9199699,
          37.49765581
        ]
      },
      "properties": {
        "crosswalk_id": "06-0000006016",
        "district": "동작구",
        "address": "동작구 신대방동 375-32도",
        "crosswalk_type": "이단(화살표없음)",
        "has_pedestrian_light": "N",
        "has_audio_signal": "N",
        "has_push_button": "N",
        "is_raised_crosswalk": "N",
        "has_traffic_safety_detail": "Y",
        "accessibility_score": 1,
        "route_recommendation_tier": "basic",
        "support_evidence": "교통안전시설 상세",
        "nearest_audio_signal_id": NaN,
        "nearest_audio_signal_distance_m": NaN,
        "nearest_push_button_id": NaN,
        "nearest_push_button_distance_m": NaN,
        "data_reference_date": "2026-03-20",
        "coordinate_note": "source_columns_swapped_and_normalized"
      }
    },
    {
      "type": "Feature",
      "geometry": {
        "type": "Point",
        "coordinates": [
          126.9197695,
          37.49753391
        ]
      },
      "properties": {
        "crosswalk_id": "06-0000006017",
        "district": "동작구",
        "address": "동작구 신대방동 375-32도",
        "crosswalk_type": "일단(화살표없음)",
        "has_pedestrian_light": "N",
        "has_audio_signal": "N",
        "has_push_button": "N",
        "is_raised_crosswalk": "N",
        "has_traffic_safety_detail": "Y",
        "accessibility_score": 1,
        "route_recommendation_tier": "basic",
        "support_evidence": "교통안전시설 상세",
        "nearest_audio_signal_id": NaN,
        "nearest_audio_signal_distance_m": NaN,
        "nearest_push_button_id": NaN,
        "nearest_push_button_distance_m": NaN,
        "data_reference_date": "2026-03-20",
        "coordinate_note": "source_columns_swapped_and_normalized"
      }
    },
    {
      "type": "Feature",
      "geometry": {
        "type": "Point",
        "coordinates": [
          126.9301566,
          37.50788857
        ]
      },
      "properties": {
        "crosswalk_id": "06-0000006023",
        "district": "동작구",
        "address": "동작구 대방동 503-2도",
        "crosswalk_type": "이단(화살표있음)",
        "has_pedestrian_light": "N",
        "has_audio_signal": "N",
        "has_push_button": "N",
        "is_raised_crosswalk": "N",
        "has_traffic_safety_detail": "Y",
        "accessibility_score": 1,
        "route_recommendation_tier": "basic",
        "support_evidence": "교통안전시설 상세",
        "nearest_audio_signal_id": NaN,
        "nearest_audio_signal_distance_m": NaN,
        "nearest_push_button_id": NaN,
        "nearest_push_button_distance_m": NaN,
        "data_reference_date": "2026-03-20",
        "coordinate_note": "source_columns_swapped_and_normalized"
      }
    },
    {
      "type": "Feature",
      "geometry": {
        "type": "Point",
        "coordinates": [
          126.9306969,
          37.50799508
        ]
      },
      "properties": {
        "crosswalk_id": "06-0000006024",
        "district": "동작구",
        "address": "동작구 대방동 68-11도",
        "crosswalk_type": "일단(화살표없음)",
        "has_pedestrian_light": "N",
        "has_audio_signal": "N",
        "has_push_button": "N",
        "is_raised_crosswalk": "N",
        "has_traffic_safety_detail": "Y",
        "accessibility_score": 1,
        "route_recommendation_tier": "basic",
        "support_evidence": "교통안전시설 상세",
        "nearest_audio_signal_id": NaN,
        "nearest_audio_signal_distance_m": NaN,
        "nearest_push_button_id": NaN,
        "nearest_push_button_distance_m": NaN,
        "data_reference_date": "2026-03-20",
        "coordinate_note": "source_columns_swapped_and_normalized"
      }
    },
    {
      "type": "Feature",
      "geometry": {
        "type": "Point",
        "coordinates": [
          126.9240529,
          37.49843548
        ]
      },
      "properties": {
        "crosswalk_id": "06-0000006083",
        "district": "동작구",
        "address": "동작구 대방동 407-28도",
        "crosswalk_type": "일단(화살표없음)",
        "has_pedestrian_light": "N",
        "has_audio_signal": "N",
        "has_push_button": "N",
        "is_raised_crosswalk": "N",
        "has_traffic_safety_detail": "Y",
        "accessibility_score": 1,
        "route_recommendation_tier": "basic",
        "support_evidence": "교통안전시설 상세",
        "nearest_audio_signal_id": NaN,
        "nearest_audio_signal_distance_m": NaN,
        "nearest_push_button_id": NaN,
        "nearest_push_button_distance_m": NaN,
        "data_reference_date": "2026-03-20",
        "coordinate_note": "source_columns_swapped_and_normalized"
      }
    },
    {
      "type": "Feature",
      "geometry": {
        "type": "Point",
        "coordinates": [
          126.9253165,
          37.49886843
        ]
      },
      "properties": {
        "crosswalk_id": "06-0000006084",
        "district": "동작구",
        "address": "동작구 대방동 407-28도",
        "crosswalk_type": "일단(화살표없음)",
        "has_pedestrian_light": "N",
        "has_audio_signal": "N",
        "has_push_button": "N",
        "is_raised_crosswalk": "N",
        "has_traffic_safety_detail": "Y",
        "accessibility_score": 1,
        "route_recommendation_tier": "basic",
        "support_evidence": "교통안전시설 상세",
        "nearest_audio_signal_id": NaN,
        "nearest_audio_signal_distance_m": NaN,
        "nearest_push_button_id": NaN,
        "nearest_push_button_distance_m": NaN,
        "data_reference_date": "2026-03-20",
        "coordinate_note": "source_columns_swapped_and_normalized"
      }
    },
    {
      "type": "Feature",
      "geometry": {
        "type": "Point",
        "coordinates": [
          126.9266581,
          37.49963526
        ]
      },
      "properties": {
        "crosswalk_id": "06-0000006095",
        "district": "동작구",
        "address": "동작구 대방동 406-10도",
        "crosswalk_type": "일단(화살표없음)",
        "has_pedestrian_light": "N",
        "has_audio_signal": "N",
        "has_push_button": "N",
        "is_raised_crosswalk": "N",
        "has_traffic_safety_detail": "Y",
        "accessibility_score": 1,
        "route_recommendation_tier": "basic",
        "support_evidence": "교통안전시설 상세",
        "nearest_audio_signal_id": NaN,
        "nearest_audio_signal_distance_m": NaN,
        "nearest_push_button_id": NaN,
        "nearest_push_button_distance_m": NaN,
        "data_reference_date": "2026-03-20",
        "coordinate_note": "source_columns_swapped_and_normalized"
      }
    },
    {
      "type": "Feature",
      "geometry": {
        "type": "Point",
        "coordinates": [
          126.9278188,
          37.50023012
        ]
      },
      "properties": {
        "crosswalk_id": "06-0000006098",
        "district": "동작구",
        "address": "동작구 대방동 466-10 도",
        "crosswalk_type": "일단(화살표없음)",
        "has_pedestrian_light": "N",
        "has_audio_signal": "N",
        "has_push_button": "N",
        "is_raised_crosswalk": "N",
        "has_traffic_safety_detail": "Y",
        "accessibility_score": 1,
        "route_recommendation_tier": "basic",
        "support_evidence": "교통안전시설 상세",
        "nearest_audio_signal_id": NaN,
        "nearest_audio_signal_distance_m": NaN,
        "nearest_push_button_id": NaN,
        "nearest_push_button_distance_m": NaN,
        "data_reference_date": "2026-03-20",
        "coordinate_note": "source_columns_swapped_and_normalized"
      }
    },
    {
      "type": "Feature",
      "geometry": {
        "type": "Point",
        "coordinates": [
          126.9253894,
          37.50026035
        ]
      },
      "properties": {
        "crosswalk_id": "06-0000006099",
        "district": "동작구",
        "address": "동작구 대방동 466-10 도",
        "crosswalk_type": "일단(화살표없음)",
        "has_pedestrian_light": "N",
        "has_audio_signal": "N",
        "has_push_button": "N",
        "is_raised_crosswalk": "N",
        "has_traffic_safety_detail": "Y",
        "accessibility_score": 1,
        "route_recommendation_tier": "basic",
        "support_evidence": "교통안전시설 상세",
        "nearest_audio_signal_id": NaN,
        "nearest_audio_signal_distance_m": NaN,
        "nearest_push_button_id": NaN,
        "nearest_push_button_distance_m": NaN,
        "data_reference_date": "2026-03-20",
        "coordinate_note": "source_columns_swapped_and_normalized"
      }
    },
    {
      "type": "Feature",
      "geometry": {
        "type": "Point",
        "coordinates": [
          126.9253229,
          37.50022262
        ]
      },
      "properties": {
        "crosswalk_id": "06-0000006100",
        "district": "동작구",
        "address": "동작구 대방동 466-10 도",
        "crosswalk_type": "일단(화살표없음)",
        "has_pedestrian_light": "N",
        "has_audio_signal": "N",
        "has_push_button": "N",
        "is_raised_crosswalk": "N",
        "has_traffic_safety_detail": "Y",
        "accessibility_score": 1,
        "route_recommendation_tier": "basic",
        "support_evidence": "교통안전시설 상세",
        "nearest_audio_signal_id": NaN,
        "nearest_audio_signal_distance_m": NaN,
        "nearest_push_button_id": NaN,
        "nearest_push_button_distance_m": NaN,
        "data_reference_date": "2026-03-20",
        "coordinate_note": "source_columns_swapped_and_normalized"
      }
    },
    {
      "type": "Feature",
      "geometry": {
        "type": "Point",
        "coordinates": [
          126.9240102,
          37.50029242
        ]
      },
      "properties": {
        "crosswalk_id": "06-0000006101",
        "district": "동작구",
        "address": "동작구 대방동 466-10 도",
        "crosswalk_type": "일단(화살표없음)",
        "has_pedestrian_light": "N",
        "has_audio_signal": "N",
        "has_push_button": "N",
        "is_raised_crosswalk": "N",
        "has_traffic_safety_detail": "Y",
        "accessibility_score": 1,
        "route_recommendation_tier": "basic",
        "support_evidence": "교통안전시설 상세",
        "nearest_audio_signal_id": NaN,
        "nearest_audio_signal_distance_m": NaN,
        "nearest_push_button_id": NaN,
        "nearest_push_button_distance_m": NaN,
        "data_reference_date": "2026-03-20",
        "coordinate_note": "source_columns_swapped_and_normalized"
      }
    },
    {
      "type": "Feature",
      "geometry": {
        "type": "Point",
        "coordinates": [
          126.9265039,
          37.5119372
        ]
      },
      "properties": {
        "crosswalk_id": "06-0000006114",
        "district": "동작구",
        "address": "동작구 대방동 466-2도",
        "crosswalk_type": "일단(화살표없음)",
        "has_pedestrian_light": "N",
        "has_audio_signal": "N",
        "has_push_button": "N",
        "is_raised_crosswalk": "N",
        "has_traffic_safety_detail": "Y",
        "accessibility_score": 1,
        "route_recommendation_tier": "basic",
        "support_evidence": "교통안전시설 상세",
        "nearest_audio_signal_id": NaN,
        "nearest_audio_signal_distance_m": NaN,
        "nearest_push_button_id": NaN,
        "nearest_push_button_distance_m": NaN,
        "data_reference_date": "2026-03-20",
        "coordinate_note": "source_columns_swapped_and_normalized"
      }
    },
    {
      "type": "Feature",
      "geometry": {
        "type": "Point",
        "coordinates": [
          126.9269354,
          37.51195351
        ]
      },
      "properties": {
        "crosswalk_id": "06-0000006115",
        "district": "동작구",
        "address": "동작구 대방동 466-2도",
        "crosswalk_type": "일단(화살표없음)",
        "has_pedestrian_light": "N",
        "has_audio_signal": "N",
        "has_push_button": "N",
        "is_raised_crosswalk": "N",
        "has_traffic_safety_detail": "Y",
        "accessibility_score": 1,
        "route_recommendation_tier": "basic",
        "support_evidence": "교통안전시설 상세",
        "nearest_audio_signal_id": NaN,
        "nearest_audio_signal_distance_m": NaN,
        "nearest_push_button_id": NaN,
        "nearest_push_button_distance_m": NaN,
        "data_reference_date": "2026-03-20",
        "coordinate_note": "source_columns_swapped_and_normalized"
      }
    },
    {
      "type": "Feature",
      "geometry": {
        "type": "Point",
        "coordinates": [
          126.9276429,
          37.51207255
        ]
      },
      "properties": {
        "crosswalk_id": "06-0000006116",
        "district": "동작구",
        "address": "동작구 대방동 466-2도",
        "crosswalk_type": "일단(화살표없음)",
        "has_pedestrian_light": "N",
        "has_audio_signal": "N",
        "has_push_button": "N",
        "is_raised_crosswalk": "N",
        "has_traffic_safety_detail": "Y",
        "accessibility_score": 1,
        "route_recommendation_tier": "basic",
        "support_evidence": "교통안전시설 상세",
        "nearest_audio_signal_id": NaN,
        "nearest_audio_signal_distance_m": NaN,
        "nearest_push_button_id": NaN,
        "nearest_push_button_distance_m": NaN,
        "data_reference_date": "2026-03-20",
        "coordinate_note": "source_columns_swapped_and_normalized"
      }
    },
    {
      "type": "Feature",
      "geometry": {
        "type": "Point",
        "coordinates": [
          126.9273123,
          37.51108376
        ]
      },
      "properties": {
        "crosswalk_id": "06-0000006117",
        "district": "동작구",
        "address": "동작구 대방동 466-55도",
        "crosswalk_type": "일단(화살표없음)",
        "has_pedestrian_light": "N",
        "has_audio_signal": "N",
        "has_push_button": "N",
        "is_raised_crosswalk": "N",
        "has_traffic_safety_detail": "Y",
        "accessibility_score": 1,
        "route_recommendation_tier": "basic",
        "support_evidence": "교통안전시설 상세",
        "nearest_audio_signal_id": NaN,
        "nearest_audio_signal_distance_m": NaN,
        "nearest_push_button_id": NaN,
        "nearest_push_button_distance_m": NaN,
        "data_reference_date": "2026-03-20",
        "coordinate_note": "source_columns_swapped_and_normalized"
      }
    },
    {
      "type": "Feature",
      "geometry": {
        "type": "Point",
        "coordinates": [
          126.9260382,
          37.51093311
        ]
      },
      "properties": {
        "crosswalk_id": "06-0000006119",
        "district": "동작구",
        "address": "동작구 대방동 466-31도",
        "crosswalk_type": "일단(화살표없음)",
        "has_pedestrian_light": "N",
        "has_audio_signal": "N",
        "has_push_button": "N",
        "is_raised_crosswalk": "N",
        "has_traffic_safety_detail": "Y",
        "accessibility_score": 1,
        "route_recommendation_tier": "basic",
        "support_evidence": "교통안전시설 상세",
        "nearest_audio_signal_id": NaN,
        "nearest_audio_signal_distance_m": NaN,
        "nearest_push_button_id": NaN,
        "nearest_push_button_distance_m": NaN,
        "data_reference_date": "2026-03-20",
        "coordinate_note": "source_columns_swapped_and_normalized"
      }
    },
    {
      "type": "Feature",
      "geometry": {
        "type": "Point",
        "coordinates": [
          126.9250451,
          37.51110229
        ]
      },
      "properties": {
        "crosswalk_id": "06-0000006121",
        "district": "동작구",
        "address": "동작구 대방동 466-31도",
        "crosswalk_type": "일단(화살표없음)",
        "has_pedestrian_light": "N",
        "has_audio_signal": "N",
        "has_push_button": "N",
        "is_raised_crosswalk": "N",
        "has_traffic_safety_detail": "Y",
        "accessibility_score": 1,
        "route_recommendation_tier": "basic",
        "support_evidence": "교통안전시설 상세",
        "nearest_audio_signal_id": NaN,
        "nearest_audio_signal_distance_m": NaN,
        "nearest_push_button_id": NaN,
        "nearest_push_button_distance_m": NaN,
        "data_reference_date": "2026-03-20",
        "coordinate_note": "source_columns_swapped_and_normalized"
      }
    },
    {
      "type": "Feature",
      "geometry": {
        "type": "Point",
        "coordinates": [
          126.9262193,
          37.50844253
        ]
      },
      "properties": {
        "crosswalk_id": "06-0000006130",
        "district": "동작구",
        "address": "동작구 대방동 501-4도",
        "crosswalk_type": "이단(화살표있음)",
        "has_pedestrian_light": "N",
        "has_audio_signal": "N",
        "has_push_button": "N",
        "is_raised_crosswalk": "N",
        "has_traffic_safety_detail": "Y",
        "accessibility_score": 1,
        "route_recommendation_tier": "basic",
        "support_evidence": "교통안전시설 상세",
        "nearest_audio_signal_id": NaN,
        "nearest_audio_signal_distance_m": NaN,
        "nearest_push_button_id": NaN,
        "nearest_push_button_distance_m": NaN,
        "data_reference_date": "2026-03-20",
        "coordinate_note": "source_columns_swapped_and_normalized"
      }
    },
    {
      "type": "Feature",
      "geometry": {
        "type": "Point",
        "coordinates": [
          126.9764743,
          37.50364484
        ]
      },
      "properties": {
        "crosswalk_id": "06-0000006137",
        "district": "동작구",
        "address": "동작구 동작동 326-3 공",
        "crosswalk_type": "일단(화살표없음)",
        "has_pedestrian_light": "N",
        "has_audio_signal": "N",
        "has_push_button": "N",
        "is_raised_crosswalk": "N",
        "has_traffic_safety_detail": "Y",
        "accessibility_score": 1,
        "route_recommendation_tier": "basic",
        "support_evidence": "교통안전시설 상세",
        "nearest_audio_signal_id": NaN,
        "nearest_audio_signal_distance_m": NaN,
        "nearest_push_button_id": NaN,
        "nearest_push_button_distance_m": NaN,
        "data_reference_date": "2026-03-20",
        "coordinate_note": "source_columns_swapped_and_normalized"
      }
    },
    {
      "type": "Feature",
      "geometry": {
        "type": "Point",
        "coordinates": [
          126.9344552,
          37.50189601
        ]
      },
      "properties": {
        "crosswalk_id": "06-0000006142",
        "district": "동작구",
        "address": "동작구 상도동 188-42 구",
        "crosswalk_type": "일단(화살표없음)",
        "has_pedestrian_light": "N",
        "has_audio_signal": "N",
        "has_push_button": "N",
        "is_raised_crosswalk": "N",
        "has_traffic_safety_detail": "Y",
        "accessibility_score": 1,
        "route_recommendation_tier": "basic",
        "support_evidence": "교통안전시설 상세",
        "nearest_audio_signal_id": NaN,
        "nearest_audio_signal_distance_m": NaN,
        "nearest_push_button_id": NaN,
        "nearest_push_button_distance_m": NaN,
        "data_reference_date": "2026-03-20",
        "coordinate_note": "source_columns_swapped_and_normalized"
      }
    },
    {
      "type": "Feature",
      "geometry": {
        "type": "Point",
        "coordinates": [
          126.9472848,
          37.50760584
        ]
      },
      "properties": {
        "crosswalk_id": "06-0000006145",
        "district": "동작구",
        "address": "동작구 상도동 329도",
        "crosswalk_type": "이단(화살표있음)",
        "has_pedestrian_light": "N",
        "has_audio_signal": "N",
        "has_push_button": "N",
        "is_raised_crosswalk": "N",
        "has_traffic_safety_detail": "Y",
        "accessibility_score": 1,
        "route_recommendation_tier": "basic",
        "support_evidence": "교통안전시설 상세",
        "nearest_audio_signal_id": NaN,
        "nearest_audio_signal_distance_m": NaN,
        "nearest_push_button_id": NaN,
        "nearest_push_button_distance_m": NaN,
        "data_reference_date": "2026-03-20",
        "coordinate_note": "source_columns_swapped_and_normalized"
      }
    },
    {
      "type": "Feature",
      "geometry": {
        "type": "Point",
        "coordinates": [
          126.9473697,
          37.50626617
        ]
      },
      "properties": {
        "crosswalk_id": "06-0000006147",
        "district": "동작구",
        "address": "동작구 상도동 329-9도",
        "crosswalk_type": "일단(화살표없음)",
        "has_pedestrian_light": "N",
        "has_audio_signal": "N",
        "has_push_button": "N",
        "is_raised_crosswalk": "N",
        "has_traffic_safety_detail": "Y",
        "accessibility_score": 1,
        "route_recommendation_tier": "basic",
        "support_evidence": "교통안전시설 상세",
        "nearest_audio_signal_id": NaN,
        "nearest_audio_signal_distance_m": NaN,
        "nearest_push_button_id": NaN,
        "nearest_push_button_distance_m": NaN,
        "data_reference_date": "2026-03-20",
        "coordinate_note": "source_columns_swapped_and_normalized"
      }
    },
    {
      "type": "Feature",
      "geometry": {
        "type": "Point",
        "coordinates": [
          126.9468894,
          37.50556348
        ]
      },
      "properties": {
        "crosswalk_id": "06-0000006148",
        "district": "동작구",
        "address": "동작구 상도동 17-1도",
        "crosswalk_type": "이단(화살표있음)",
        "has_pedestrian_light": "N",
        "has_audio_signal": "N",
        "has_push_button": "N",
        "is_raised_crosswalk": "N",
        "has_traffic_safety_detail": "Y",
        "accessibility_score": 1,
        "route_recommendation_tier": "basic",
        "support_evidence": "교통안전시설 상세",
        "nearest_audio_signal_id": NaN,
        "nearest_audio_signal_distance_m": NaN,
        "nearest_push_button_id": NaN,
        "nearest_push_button_distance_m": NaN,
        "data_reference_date": "2026-03-20",
        "coordinate_note": "source_columns_swapped_and_normalized"
      }
    },
    {
      "type": "Feature",
      "geometry": {
        "type": "Point",
        "coordinates": [
          126.9450239,
          37.50337605
        ]
      },
      "properties": {
        "crosswalk_id": "06-0000006167",
        "district": "동작구",
        "address": "동작구 상도동 157-50도",
        "crosswalk_type": "이단(화살표있음)",
        "has_pedestrian_light": "N",
        "has_audio_signal": "N",
        "has_push_button": "N",
        "is_raised_crosswalk": "N",
        "has_traffic_safety_detail": "Y",
        "accessibility_score": 1,
        "route_recommendation_tier": "basic",
        "support_evidence": "교통안전시설 상세",
        "nearest_audio_signal_id": NaN,
        "nearest_audio_signal_distance_m": NaN,
        "nearest_push_button_id": NaN,
        "nearest_push_button_distance_m": NaN,
        "data_reference_date": "2026-03-20",
        "coordinate_note": "source_columns_swapped_and_normalized"
      }
    },
    {
      "type": "Feature",
      "geometry": {
        "type": "Point",
        "coordinates": [
          126.9455359,
          37.50395358
        ]
      },
      "properties": {
        "crosswalk_id": "06-0000006168",
        "district": "동작구",
        "address": "동작구 상도동 29-8 도",
        "crosswalk_type": "이단(화살표있음)",
        "has_pedestrian_light": "N",
        "has_audio_signal": "N",
        "has_push_button": "N",
        "is_raised_crosswalk": "N",
        "has_traffic_safety_detail": "Y",
        "accessibility_score": 1,
        "route_recommendation_tier": "basic",
        "support_evidence": "교통안전시설 상세",
        "nearest_audio_signal_id": NaN,
        "nearest_audio_signal_distance_m": NaN,
        "nearest_push_button_id": NaN,
        "nearest_push_button_distance_m": NaN,
        "data_reference_date": "2026-03-20",
        "coordinate_note": "source_columns_swapped_and_normalized"
      }
    },
    {
      "type": "Feature",
      "geometry": {
        "type": "Point",
        "coordinates": [
          126.9565676,
          37.49310121
        ]
      },
      "properties": {
        "crosswalk_id": "06-0000006261",
        "district": "동작구",
        "address": "동작구 상도동 124 도",
        "crosswalk_type": "일단(화살표없음)",
        "has_pedestrian_light": "N",
        "has_audio_signal": "N",
        "has_push_button": "N",
        "is_raised_crosswalk": "N",
        "has_traffic_safety_detail": "Y",
        "accessibility_score": 1,
        "route_recommendation_tier": "basic",
        "support_evidence": "교통안전시설 상세",
        "nearest_audio_signal_id": NaN,
        "nearest_audio_signal_distance_m": NaN,
        "nearest_push_button_id": NaN,
        "nearest_push_button_distance_m": NaN,
        "data_reference_date": "2026-03-20",
        "coordinate_note": "source_columns_swapped_and_normalized"
      }
    },
    {
      "type": "Feature",
      "geometry": {
        "type": "Point",
        "coordinates": [
          126.9559641,
          37.4932537
        ]
      },
      "properties": {
        "crosswalk_id": "06-0000006262",
        "district": "동작구",
        "address": "동작구 상도동 121-101 도",
        "crosswalk_type": "일단(화살표없음)",
        "has_pedestrian_light": "N",
        "has_audio_signal": "N",
        "has_push_button": "N",
        "is_raised_crosswalk": "N",
        "has_traffic_safety_detail": "Y",
        "accessibility_score": 1,
        "route_recommendation_tier": "basic",
        "support_evidence": "교통안전시설 상세",
        "nearest_audio_signal_id": NaN,
        "nearest_audio_signal_distance_m": NaN,
        "nearest_push_button_id": NaN,
        "nearest_push_button_distance_m": NaN,
        "data_reference_date": "2026-03-20",
        "coordinate_note": "source_columns_swapped_and_normalized"
      }
    },
    {
      "type": "Feature",
      "geometry": {
        "type": "Point",
        "coordinates": [
          126.9559828,
          37.49379817
        ]
      },
      "properties": {
        "crosswalk_id": "06-0000006263",
        "district": "동작구",
        "address": "동작구 상도동 121-121도",
        "crosswalk_type": "일단(화살표없음)",
        "has_pedestrian_light": "N",
        "has_audio_signal": "N",
        "has_push_button": "N",
        "is_raised_crosswalk": "N",
        "has_traffic_safety_detail": "Y",
        "accessibility_score": 1,
        "route_recommendation_tier": "basic",
        "support_evidence": "교통안전시설 상세",
        "nearest_audio_signal_id": NaN,
        "nearest_audio_signal_distance_m": NaN,
        "nearest_push_button_id": NaN,
        "nearest_push_button_distance_m": NaN,
        "data_reference_date": "2026-03-20",
        "coordinate_note": "source_columns_swapped_and_normalized"
      }
    },
    {
      "type": "Feature",
      "geometry": {
        "type": "Point",
        "coordinates": [
          126.9551884,
          37.49416833
        ]
      },
      "properties": {
        "crosswalk_id": "06-0000006265",
        "district": "동작구",
        "address": "동작구 상도1동 514-11 도",
        "crosswalk_type": "일단(화살표없음)",
        "has_pedestrian_light": "N",
        "has_audio_signal": "N",
        "has_push_button": "N",
        "is_raised_crosswalk": "N",
        "has_traffic_safety_detail": "Y",
        "accessibility_score": 1,
        "route_recommendation_tier": "basic",
        "support_evidence": "교통안전시설 상세",
        "nearest_audio_signal_id": NaN,
        "nearest_audio_signal_distance_m": NaN,
        "nearest_push_button_id": NaN,
        "nearest_push_button_distance_m": NaN,
        "data_reference_date": "2026-03-20",
        "coordinate_note": "source_columns_swapped_and_normalized"
      }
    },
    {
      "type": "Feature",
      "geometry": {
        "type": "Point",
        "coordinates": [
          126.9555083,
          37.4943587
        ]
      },
      "properties": {
        "crosswalk_id": "06-0000006266",
        "district": "동작구",
        "address": "동작구 상도1동 512-16 도",
        "crosswalk_type": "일단(화살표없음)",
        "has_pedestrian_light": "N",
        "has_audio_signal": "N",
        "has_push_button": "N",
        "is_raised_crosswalk": "N",
        "has_traffic_safety_detail": "Y",
        "accessibility_score": 1,
        "route_recommendation_tier": "basic",
        "support_evidence": "교통안전시설 상세",
        "nearest_audio_signal_id": NaN,
        "nearest_audio_signal_distance_m": NaN,
        "nearest_push_button_id": NaN,
        "nearest_push_button_distance_m": NaN,
        "data_reference_date": "2026-03-20",
        "coordinate_note": "source_columns_swapped_and_normalized"
      }
    },
    {
      "type": "Feature",
      "geometry": {
        "type": "Point",
        "coordinates": [
          126.9531253,
          37.49711435
        ]
      },
      "properties": {
        "crosswalk_id": "06-0000006268",
        "district": "동작구",
        "address": "동작구 상도1동 517 도",
        "crosswalk_type": "일단(화살표없음)",
        "has_pedestrian_light": "N",
        "has_audio_signal": "N",
        "has_push_button": "N",
        "is_raised_crosswalk": "N",
        "has_traffic_safety_detail": "Y",
        "accessibility_score": 1,
        "route_recommendation_tier": "basic",
        "support_evidence": "교통안전시설 상세",
        "nearest_audio_signal_id": NaN,
        "nearest_audio_signal_distance_m": NaN,
        "nearest_push_button_id": NaN,
        "nearest_push_button_distance_m": NaN,
        "data_reference_date": "2026-03-20",
        "coordinate_note": "source_columns_swapped_and_normalized"
      }
    },
    {
      "type": "Feature",
      "geometry": {
        "type": "Point",
        "coordinates": [
          126.9532307,
          37.49641623
        ]
      },
      "properties": {
        "crosswalk_id": "06-0000006269",
        "district": "동작구",
        "address": "동작구 상도1동 516-2 도",
        "crosswalk_type": "일단(화살표없음)",
        "has_pedestrian_light": "N",
        "has_audio_signal": "N",
        "has_push_button": "N",
        "is_raised_crosswalk": "N",
        "has_traffic_safety_detail": "Y",
        "accessibility_score": 1,
        "route_recommendation_tier": "basic",
        "support_evidence": "교통안전시설 상세",
        "nearest_audio_signal_id": NaN,
        "nearest_audio_signal_distance_m": NaN,
        "nearest_push_button_id": NaN,
        "nearest_push_button_distance_m": NaN,
        "data_reference_date": "2026-03-20",
        "coordinate_note": "source_columns_swapped_and_normalized"
      }
    },
    {
      "type": "Feature",
      "geometry": {
        "type": "Point",
        "coordinates": [
          126.9535882,
          37.49603136
        ]
      },
      "properties": {
        "crosswalk_id": "06-0000006270",
        "district": "동작구",
        "address": "동작구 상도1동 514 도",
        "crosswalk_type": "일단(화살표없음)",
        "has_pedestrian_light": "N",
        "has_audio_signal": "N",
        "has_push_button": "N",
        "is_raised_crosswalk": "N",
        "has_traffic_safety_detail": "Y",
        "accessibility_score": 1,
        "route_recommendation_tier": "basic",
        "support_evidence": "교통안전시설 상세",
        "nearest_audio_signal_id": NaN,
        "nearest_audio_signal_distance_m": NaN,
        "nearest_push_button_id": NaN,
        "nearest_push_button_distance_m": NaN,
        "data_reference_date": "2026-03-20",
        "coordinate_note": "source_columns_swapped_and_normalized"
      }
    },
    {
      "type": "Feature",
      "geometry": {
        "type": "Point",
        "coordinates": [
          126.954326,
          37.49520072
        ]
      },
      "properties": {
        "crosswalk_id": "06-0000006273",
        "district": "동작구",
        "address": "동작구 상도1동 514 도",
        "crosswalk_type": "일단(화살표없음)",
        "has_pedestrian_light": "N",
        "has_audio_signal": "N",
        "has_push_button": "N",
        "is_raised_crosswalk": "N",
        "has_traffic_safety_detail": "Y",
        "accessibility_score": 1,
        "route_recommendation_tier": "basic",
        "support_evidence": "교통안전시설 상세",
        "nearest_audio_signal_id": NaN,
        "nearest_audio_signal_distance_m": NaN,
        "nearest_push_button_id": NaN,
        "nearest_push_button_distance_m": NaN,
        "data_reference_date": "2026-03-20",
        "coordinate_note": "source_columns_swapped_and_normalized"
      }
    },
    {
      "type": "Feature",
      "geometry": {
        "type": "Point",
        "coordinates": [
          126.954977,
          37.49498502
        ]
      },
      "properties": {
        "crosswalk_id": "06-0000006274",
        "district": "동작구",
        "address": "동작구 상도1동 513-7 도",
        "crosswalk_type": "일단(화살표없음)",
        "has_pedestrian_light": "N",
        "has_audio_signal": "N",
        "has_push_button": "N",
        "is_raised_crosswalk": "N",
        "has_traffic_safety_detail": "Y",
        "accessibility_score": 1,
        "route_recommendation_tier": "basic",
        "support_evidence": "교통안전시설 상세",
        "nearest_audio_signal_id": NaN,
        "nearest_audio_signal_distance_m": NaN,
        "nearest_push_button_id": NaN,
        "nearest_push_button_distance_m": NaN,
        "data_reference_date": "2026-03-20",
        "coordinate_note": "source_columns_swapped_and_normalized"
      }
    },
    {
      "type": "Feature",
      "geometry": {
        "type": "Point",
        "coordinates": [
          126.9629699,
          37.50811323
        ]
      },
      "properties": {
        "crosswalk_id": "06-0000006357",
        "district": "동작구",
        "address": "동작구 흑석동 103-4 도",
        "crosswalk_type": "일단(화살표없음)",
        "has_pedestrian_light": "N",
        "has_audio_signal": "N",
        "has_push_button": "N",
        "is_raised_crosswalk": "N",
        "has_traffic_safety_detail": "Y",
        "accessibility_score": 1,
        "route_recommendation_tier": "basic",
        "support_evidence": "교통안전시설 상세",
        "nearest_audio_signal_id": NaN,
        "nearest_audio_signal_distance_m": NaN,
        "nearest_push_button_id": NaN,
        "nearest_push_button_distance_m": NaN,
        "data_reference_date": "2026-03-20",
        "coordinate_note": "source_columns_swapped_and_normalized"
      }
    },
    {
      "type": "Feature",
      "geometry": {
        "type": "Point",
        "coordinates": [
          126.9242253,
          37.50554773
        ]
      },
      "properties": {
        "crosswalk_id": "06-0000006425",
        "district": "동작구",
        "address": "동작구 대방동 466-56도",
        "crosswalk_type": "이단(화살표있음)",
        "has_pedestrian_light": "N",
        "has_audio_signal": "N",
        "has_push_button": "N",
        "is_raised_crosswalk": "N",
        "has_traffic_safety_detail": "Y",
        "accessibility_score": 1,
        "route_recommendation_tier": "basic",
        "support_evidence": "교통안전시설 상세",
        "nearest_audio_signal_id": NaN,
        "nearest_audio_signal_distance_m": NaN,
        "nearest_push_button_id": NaN,
        "nearest_push_button_distance_m": NaN,
        "data_reference_date": "2026-03-20",
        "coordinate_note": "source_columns_swapped_and_normalized"
      }
    },
    {
      "type": "Feature",
      "geometry": {
        "type": "Point",
        "coordinates": [
          126.9241988,
          37.50543831
        ]
      },
      "properties": {
        "crosswalk_id": "06-0000006426",
        "district": "동작구",
        "address": "동작구 대방동 466-56도",
        "crosswalk_type": "이단(화살표있음)",
        "has_pedestrian_light": "N",
        "has_audio_signal": "N",
        "has_push_button": "N",
        "is_raised_crosswalk": "N",
        "has_traffic_safety_detail": "Y",
        "accessibility_score": 1,
        "route_recommendation_tier": "basic",
        "support_evidence": "교통안전시설 상세",
        "nearest_audio_signal_id": NaN,
        "nearest_audio_signal_distance_m": NaN,
        "nearest_push_button_id": NaN,
        "nearest_push_button_distance_m": NaN,
        "data_reference_date": "2026-03-20",
        "coordinate_note": "source_columns_swapped_and_normalized"
      }
    },
    {
      "type": "Feature",
      "geometry": {
        "type": "Point",
        "coordinates": [
          126.9243898,
          37.50556125
        ]
      },
      "properties": {
        "crosswalk_id": "06-0000006427",
        "district": "동작구",
        "address": "동작구 대방동 466-56도",
        "crosswalk_type": "이단(화살표있음)",
        "has_pedestrian_light": "N",
        "has_audio_signal": "N",
        "has_push_button": "N",
        "is_raised_crosswalk": "N",
        "has_traffic_safety_detail": "Y",
        "accessibility_score": 1,
        "route_recommendation_tier": "basic",
        "support_evidence": "교통안전시설 상세",
        "nearest_audio_signal_id": NaN,
        "nearest_audio_signal_distance_m": NaN,
        "nearest_push_button_id": NaN,
        "nearest_push_button_distance_m": NaN,
        "data_reference_date": "2026-03-20",
        "coordinate_note": "source_columns_swapped_and_normalized"
      }
    },
    {
      "type": "Feature",
      "geometry": {
        "type": "Point",
        "coordinates": [
          126.9243574,
          37.50543488
        ]
      },
      "properties": {
        "crosswalk_id": "06-0000006428",
        "district": "동작구",
        "address": "동작구 대방동 466-56도",
        "crosswalk_type": "이단(화살표있음)",
        "has_pedestrian_light": "N",
        "has_audio_signal": "N",
        "has_push_button": "N",
        "is_raised_crosswalk": "N",
        "has_traffic_safety_detail": "Y",
        "accessibility_score": 1,
        "route_recommendation_tier": "basic",
        "support_evidence": "교통안전시설 상세",
        "nearest_audio_signal_id": NaN,
        "nearest_audio_signal_distance_m": NaN,
        "nearest_push_button_id": NaN,
        "nearest_push_button_distance_m": NaN,
        "data_reference_date": "2026-03-20",
        "coordinate_note": "source_columns_swapped_and_normalized"
      }
    },
    {
      "type": "Feature",
      "geometry": {
        "type": "Point",
        "coordinates": [
          126.9261159,
          37.50625876
        ]
      },
      "properties": {
        "crosswalk_id": "06-0000006429",
        "district": "동작구",
        "address": "동작구 대방동 466-56도",
        "crosswalk_type": "이단(화살표있음)",
        "has_pedestrian_light": "N",
        "has_audio_signal": "N",
        "has_push_button": "N",
        "is_raised_crosswalk": "N",
        "has_traffic_safety_detail": "Y",
        "accessibility_score": 1,
        "route_recommendation_tier": "basic",
        "support_evidence": "교통안전시설 상세",
        "nearest_audio_signal_id": NaN,
        "nearest_audio_signal_distance_m": NaN,
        "nearest_push_button_id": NaN,
        "nearest_push_button_distance_m": NaN,
        "data_reference_date": "2026-03-20",
        "coordinate_note": "source_columns_swapped_and_normalized"
      }
    },
    {
      "type": "Feature",
      "geometry": {
        "type": "Point",
        "coordinates": [
          126.9262547,
          37.50642745
        ]
      },
      "properties": {
        "crosswalk_id": "06-0000006430",
        "district": "동작구",
        "address": "동작구 대방동 466-67도",
        "crosswalk_type": "이단(화살표있음)",
        "has_pedestrian_light": "N",
        "has_audio_signal": "N",
        "has_push_button": "N",
        "is_raised_crosswalk": "N",
        "has_traffic_safety_detail": "Y",
        "accessibility_score": 1,
        "route_recommendation_tier": "basic",
        "support_evidence": "교통안전시설 상세",
        "nearest_audio_signal_id": NaN,
        "nearest_audio_signal_distance_m": NaN,
        "nearest_push_button_id": NaN,
        "nearest_push_button_distance_m": NaN,
        "data_reference_date": "2026-03-20",
        "coordinate_note": "source_columns_swapped_and_normalized"
      }
    },
    {
      "type": "Feature",
      "geometry": {
        "type": "Point",
        "coordinates": [
          126.9254178,
          37.50285865
        ]
      },
      "properties": {
        "crosswalk_id": "06-0000006431",
        "district": "동작구",
        "address": "동작구 대방동 466-10 도",
        "crosswalk_type": "일단(화살표없음)",
        "has_pedestrian_light": "N",
        "has_audio_signal": "N",
        "has_push_button": "N",
        "is_raised_crosswalk": "N",
        "has_traffic_safety_detail": "Y",
        "accessibility_score": 1,
        "route_recommendation_tier": "basic",
        "support_evidence": "교통안전시설 상세",
        "nearest_audio_signal_id": NaN,
        "nearest_audio_signal_distance_m": NaN,
        "nearest_push_button_id": NaN,
        "nearest_push_button_distance_m": NaN,
        "data_reference_date": "2026-03-20",
        "coordinate_note": "source_columns_swapped_and_normalized"
      }
    },
    {
      "type": "Feature",
      "geometry": {
        "type": "Point",
        "coordinates": [
          126.925296,
          37.50277048
        ]
      },
      "properties": {
        "crosswalk_id": "06-0000006432",
        "district": "동작구",
        "address": "동작구 대방동 466-10 도",
        "crosswalk_type": "일단(화살표없음)",
        "has_pedestrian_light": "N",
        "has_audio_signal": "N",
        "has_push_button": "N",
        "is_raised_crosswalk": "N",
        "has_traffic_safety_detail": "Y",
        "accessibility_score": 1,
        "route_recommendation_tier": "basic",
        "support_evidence": "교통안전시설 상세",
        "nearest_audio_signal_id": NaN,
        "nearest_audio_signal_distance_m": NaN,
        "nearest_push_button_id": NaN,
        "nearest_push_button_distance_m": NaN,
        "data_reference_date": "2026-03-20",
        "coordinate_note": "source_columns_swapped_and_normalized"
      }
    },
    {
      "type": "Feature",
      "geometry": {
        "type": "Point",
        "coordinates": [
          126.9255242,
          37.50275317
        ]
      },
      "properties": {
        "crosswalk_id": "06-0000006433",
        "district": "동작구",
        "address": "동작구 대방동 466-10 도",
        "crosswalk_type": "일단(화살표없음)",
        "has_pedestrian_light": "N",
        "has_audio_signal": "N",
        "has_push_button": "N",
        "is_raised_crosswalk": "N",
        "has_traffic_safety_detail": "Y",
        "accessibility_score": 1,
        "route_recommendation_tier": "basic",
        "support_evidence": "교통안전시설 상세",
        "nearest_audio_signal_id": NaN,
        "nearest_audio_signal_distance_m": NaN,
        "nearest_push_button_id": NaN,
        "nearest_push_button_distance_m": NaN,
        "data_reference_date": "2026-03-20",
        "coordinate_note": "source_columns_swapped_and_normalized"
      }
    },
    {
      "type": "Feature",
      "geometry": {
        "type": "Point",
        "coordinates": [
          126.925435,
          37.50350645
        ]
      },
      "properties": {
        "crosswalk_id": "06-0000006434",
        "district": "동작구",
        "address": "동작구 대방동 466-10 도",
        "crosswalk_type": "일단(화살표없음)",
        "has_pedestrian_light": "N",
        "has_audio_signal": "N",
        "has_push_button": "N",
        "is_raised_crosswalk": "N",
        "has_traffic_safety_detail": "Y",
        "accessibility_score": 1,
        "route_recommendation_tier": "basic",
        "support_evidence": "교통안전시설 상세",
        "nearest_audio_signal_id": NaN,
        "nearest_audio_signal_distance_m": NaN,
        "nearest_push_button_id": NaN,
        "nearest_push_button_distance_m": NaN,
        "data_reference_date": "2026-03-20",
        "coordinate_note": "source_columns_swapped_and_normalized"
      }
    },
    {
      "type": "Feature",
      "geometry": {
        "type": "Point",
        "coordinates": [
          126.9254463,
          37.50390205
        ]
      },
      "properties": {
        "crosswalk_id": "06-0000006435",
        "district": "동작구",
        "address": "동작구 대방동 466-10 도",
        "crosswalk_type": "일단(화살표없음)",
        "has_pedestrian_light": "N",
        "has_audio_signal": "N",
        "has_push_button": "N",
        "is_raised_crosswalk": "N",
        "has_traffic_safety_detail": "Y",
        "accessibility_score": 1,
        "route_recommendation_tier": "basic",
        "support_evidence": "교통안전시설 상세",
        "nearest_audio_signal_id": NaN,
        "nearest_audio_signal_distance_m": NaN,
        "nearest_push_button_id": NaN,
        "nearest_push_button_distance_m": NaN,
        "data_reference_date": "2026-03-20",
        "coordinate_note": "source_columns_swapped_and_normalized"
      }
    },
    {
      "type": "Feature",
      "geometry": {
        "type": "Point",
        "coordinates": [
          126.925337,
          37.50445946
        ]
      },
      "properties": {
        "crosswalk_id": "06-0000006436",
        "district": "동작구",
        "address": "동작구 대방동 466-10 도",
        "crosswalk_type": "일단(화살표없음)",
        "has_pedestrian_light": "N",
        "has_audio_signal": "N",
        "has_push_button": "N",
        "is_raised_crosswalk": "N",
        "has_traffic_safety_detail": "Y",
        "accessibility_score": 1,
        "route_recommendation_tier": "basic",
        "support_evidence": "교통안전시설 상세",
        "nearest_audio_signal_id": NaN,
        "nearest_audio_signal_distance_m": NaN,
        "nearest_push_button_id": NaN,
        "nearest_push_button_distance_m": NaN,
        "data_reference_date": "2026-03-20",
        "coordinate_note": "source_columns_swapped_and_normalized"
      }
    },
    {
      "type": "Feature",
      "geometry": {
        "type": "Point",
        "coordinates": [
          126.9247007,
          37.50494885
        ]
      },
      "properties": {
        "crosswalk_id": "06-0000006437",
        "district": "동작구",
        "address": "동작구 대방동 466-10 도",
        "crosswalk_type": "일단(화살표없음)",
        "has_pedestrian_light": "N",
        "has_audio_signal": "N",
        "has_push_button": "N",
        "is_raised_crosswalk": "N",
        "has_traffic_safety_detail": "Y",
        "accessibility_score": 1,
        "route_recommendation_tier": "basic",
        "support_evidence": "교통안전시설 상세",
        "nearest_audio_signal_id": NaN,
        "nearest_audio_signal_distance_m": NaN,
        "nearest_push_button_id": NaN,
        "nearest_push_button_distance_m": NaN,
        "data_reference_date": "2026-03-20",
        "coordinate_note": "source_columns_swapped_and_normalized"
      }
    },
    {
      "type": "Feature",
      "geometry": {
        "type": "Point",
        "coordinates": [
          126.924238,
          37.50406677
        ]
      },
      "properties": {
        "crosswalk_id": "06-0000006438",
        "district": "동작구",
        "address": "동작구 대방동 466-10 도",
        "crosswalk_type": "일단(화살표없음)",
        "has_pedestrian_light": "N",
        "has_audio_signal": "N",
        "has_push_button": "N",
        "is_raised_crosswalk": "N",
        "has_traffic_safety_detail": "Y",
        "accessibility_score": 1,
        "route_recommendation_tier": "basic",
        "support_evidence": "교통안전시설 상세",
        "nearest_audio_signal_id": NaN,
        "nearest_audio_signal_distance_m": NaN,
        "nearest_push_button_id": NaN,
        "nearest_push_button_distance_m": NaN,
        "data_reference_date": "2026-03-20",
        "coordinate_note": "source_columns_swapped_and_normalized"
      }
    },
    {
      "type": "Feature",
      "geometry": {
        "type": "Point",
        "coordinates": [
          126.9241366,
          37.50399952
        ]
      },
      "properties": {
        "crosswalk_id": "06-0000006439",
        "district": "동작구",
        "address": "동작구 대방동 466-10 도",
        "crosswalk_type": "일단(화살표없음)",
        "has_pedestrian_light": "N",
        "has_audio_signal": "N",
        "has_push_button": "N",
        "is_raised_crosswalk": "N",
        "has_traffic_safety_detail": "Y",
        "accessibility_score": 1,
        "route_recommendation_tier": "basic",
        "support_evidence": "교통안전시설 상세",
        "nearest_audio_signal_id": NaN,
        "nearest_audio_signal_distance_m": NaN,
        "nearest_push_button_id": NaN,
        "nearest_push_button_distance_m": NaN,
        "data_reference_date": "2026-03-20",
        "coordinate_note": "source_columns_swapped_and_normalized"
      }
    },
    {
      "type": "Feature",
      "geometry": {
        "type": "Point",
        "coordinates": [
          126.9242382,
          37.5039334
        ]
      },
      "properties": {
        "crosswalk_id": "06-0000006440",
        "district": "동작구",
        "address": "동작구 대방동 466-10 도",
        "crosswalk_type": "일단(화살표없음)",
        "has_pedestrian_light": "N",
        "has_audio_signal": "N",
        "has_push_button": "N",
        "is_raised_crosswalk": "N",
        "has_traffic_safety_detail": "Y",
        "accessibility_score": 1,
        "route_recommendation_tier": "basic",
        "support_evidence": "교통안전시설 상세",
        "nearest_audio_signal_id": NaN,
        "nearest_audio_signal_distance_m": NaN,
        "nearest_push_button_id": NaN,
        "nearest_push_button_distance_m": NaN,
        "data_reference_date": "2026-03-20",
        "coordinate_note": "source_columns_swapped_and_normalized"
      }
    },
    {
      "type": "Feature",
      "geometry": {
        "type": "Point",
        "coordinates": [
          126.9241912,
          37.502854
        ]
      },
      "properties": {
        "crosswalk_id": "06-0000006444",
        "district": "동작구",
        "address": "동작구 대방동 466-10 도",
        "crosswalk_type": "일단(화살표없음)",
        "has_pedestrian_light": "N",
        "has_audio_signal": "N",
        "has_push_button": "N",
        "is_raised_crosswalk": "N",
        "has_traffic_safety_detail": "Y",
        "accessibility_score": 1,
        "route_recommendation_tier": "basic",
        "support_evidence": "교통안전시설 상세",
        "nearest_audio_signal_id": NaN,
        "nearest_audio_signal_distance_m": NaN,
        "nearest_push_button_id": NaN,
        "nearest_push_button_distance_m": NaN,
        "data_reference_date": "2026-03-20",
        "coordinate_note": "source_columns_swapped_and_normalized"
      }
    },
    {
      "type": "Feature",
      "geometry": {
        "type": "Point",
        "coordinates": [
          126.9242573,
          37.50279295
        ]
      },
      "properties": {
        "crosswalk_id": "06-0000006445",
        "district": "동작구",
        "address": "동작구 대방동 466-10 도",
        "crosswalk_type": "일단(화살표없음)",
        "has_pedestrian_light": "N",
        "has_audio_signal": "N",
        "has_push_button": "N",
        "is_raised_crosswalk": "N",
        "has_traffic_safety_detail": "Y",
        "accessibility_score": 1,
        "route_recommendation_tier": "basic",
        "support_evidence": "교통안전시설 상세",
        "nearest_audio_signal_id": NaN,
        "nearest_audio_signal_distance_m": NaN,
        "nearest_push_button_id": NaN,
        "nearest_push_button_distance_m": NaN,
        "data_reference_date": "2026-03-20",
        "coordinate_note": "source_columns_swapped_and_normalized"
      }
    },
    {
      "type": "Feature",
      "geometry": {
        "type": "Point",
        "coordinates": [
          126.92804,
          37.49893616
        ]
      },
      "properties": {
        "crosswalk_id": "06-0000006446",
        "district": "동작구",
        "address": "동작구 신대방동 355-26천",
        "crosswalk_type": "일단(화살표없음)",
        "has_pedestrian_light": "N",
        "has_audio_signal": "N",
        "has_push_button": "N",
        "is_raised_crosswalk": "N",
        "has_traffic_safety_detail": "Y",
        "accessibility_score": 1,
        "route_recommendation_tier": "basic",
        "support_evidence": "교통안전시설 상세",
        "nearest_audio_signal_id": NaN,
        "nearest_audio_signal_distance_m": NaN,
        "nearest_push_button_id": NaN,
        "nearest_push_button_distance_m": NaN,
        "data_reference_date": "2026-03-20",
        "coordinate_note": "source_columns_swapped_and_normalized"
      }
    },
    {
      "type": "Feature",
      "geometry": {
        "type": "Point",
        "coordinates": [
          126.9293931,
          37.49976828
        ]
      },
      "properties": {
        "crosswalk_id": "06-0000006450",
        "district": "동작구",
        "address": "동작구 대방동 335-53도",
        "crosswalk_type": "일단(화살표없음)",
        "has_pedestrian_light": "N",
        "has_audio_signal": "N",
        "has_push_button": "N",
        "is_raised_crosswalk": "N",
        "has_traffic_safety_detail": "Y",
        "accessibility_score": 1,
        "route_recommendation_tier": "basic",
        "support_evidence": "교통안전시설 상세",
        "nearest_audio_signal_id": NaN,
        "nearest_audio_signal_distance_m": NaN,
        "nearest_push_button_id": NaN,
        "nearest_push_button_distance_m": NaN,
        "data_reference_date": "2026-03-20",
        "coordinate_note": "source_columns_swapped_and_normalized"
      }
    },
    {
      "type": "Feature",
      "geometry": {
        "type": "Point",
        "coordinates": [
          126.9303402,
          37.49958728
        ]
      },
      "properties": {
        "crosswalk_id": "06-0000006451",
        "district": "동작구",
        "address": "동작구 상도동 320-14구",
        "crosswalk_type": "일단(화살표없음)",
        "has_pedestrian_light": "N",
        "has_audio_signal": "N",
        "has_push_button": "N",
        "is_raised_crosswalk": "N",
        "has_traffic_safety_detail": "Y",
        "accessibility_score": 1,
        "route_recommendation_tier": "basic",
        "support_evidence": "교통안전시설 상세",
        "nearest_audio_signal_id": NaN,
        "nearest_audio_signal_distance_m": NaN,
        "nearest_push_button_id": NaN,
        "nearest_push_button_distance_m": NaN,
        "data_reference_date": "2026-03-20",
        "coordinate_note": "source_columns_swapped_and_normalized"
      }
    },
    {
      "type": "Feature",
      "geometry": {
        "type": "Point",
        "coordinates": [
          126.9322766,
          37.50009066
        ]
      },
      "properties": {
        "crosswalk_id": "06-0000006455",
        "district": "동작구",
        "address": "동작구 상도동 346-18도",
        "crosswalk_type": "이단(화살표있음)",
        "has_pedestrian_light": "N",
        "has_audio_signal": "N",
        "has_push_button": "N",
        "is_raised_crosswalk": "N",
        "has_traffic_safety_detail": "Y",
        "accessibility_score": 1,
        "route_recommendation_tier": "basic",
        "support_evidence": "교통안전시설 상세",
        "nearest_audio_signal_id": NaN,
        "nearest_audio_signal_distance_m": NaN,
        "nearest_push_button_id": NaN,
        "nearest_push_button_distance_m": NaN,
        "data_reference_date": "2026-03-20",
        "coordinate_note": "source_columns_swapped_and_normalized"
      }
    },
    {
      "type": "Feature",
      "geometry": {
        "type": "Point",
        "coordinates": [
          126.9323033,
          37.49993371
        ]
      },
      "properties": {
        "crosswalk_id": "06-0000006456",
        "district": "동작구",
        "address": "동작구 상도동 320-5 구",
        "crosswalk_type": "일단(화살표없음)",
        "has_pedestrian_light": "N",
        "has_audio_signal": "N",
        "has_push_button": "N",
        "is_raised_crosswalk": "N",
        "has_traffic_safety_detail": "Y",
        "accessibility_score": 1,
        "route_recommendation_tier": "basic",
        "support_evidence": "교통안전시설 상세",
        "nearest_audio_signal_id": NaN,
        "nearest_audio_signal_distance_m": NaN,
        "nearest_push_button_id": NaN,
        "nearest_push_button_distance_m": NaN,
        "data_reference_date": "2026-03-20",
        "coordinate_note": "source_columns_swapped_and_normalized"
      }
    },
    {
      "type": "Feature",
      "geometry": {
        "type": "Point",
        "coordinates": [
          126.9324495,
          37.49991954
        ]
      },
      "properties": {
        "crosswalk_id": "06-0000006457",
        "district": "동작구",
        "address": "동작구 상도동 248-20도",
        "crosswalk_type": "이단(화살표있음)",
        "has_pedestrian_light": "N",
        "has_audio_signal": "N",
        "has_push_button": "N",
        "is_raised_crosswalk": "N",
        "has_traffic_safety_detail": "Y",
        "accessibility_score": 1,
        "route_recommendation_tier": "basic",
        "support_evidence": "교통안전시설 상세",
        "nearest_audio_signal_id": NaN,
        "nearest_audio_signal_distance_m": NaN,
        "nearest_push_button_id": NaN,
        "nearest_push_button_distance_m": NaN,
        "data_reference_date": "2026-03-20",
        "coordinate_note": "source_columns_swapped_and_normalized"
      }
    },
    {
      "type": "Feature",
      "geometry": {
        "type": "Point",
        "coordinates": [
          126.9324007,
          37.5000778
        ]
      },
      "properties": {
        "crosswalk_id": "06-0000006458",
        "district": "동작구",
        "address": "동작구 상도동 345-13도",
        "crosswalk_type": "일단(화살표없음)",
        "has_pedestrian_light": "N",
        "has_audio_signal": "N",
        "has_push_button": "N",
        "is_raised_crosswalk": "N",
        "has_traffic_safety_detail": "Y",
        "accessibility_score": 1,
        "route_recommendation_tier": "basic",
        "support_evidence": "교통안전시설 상세",
        "nearest_audio_signal_id": NaN,
        "nearest_audio_signal_distance_m": NaN,
        "nearest_push_button_id": NaN,
        "nearest_push_button_distance_m": NaN,
        "data_reference_date": "2026-03-20",
        "coordinate_note": "source_columns_swapped_and_normalized"
      }
    },
    {
      "type": "Feature",
      "geometry": {
        "type": "Point",
        "coordinates": [
          126.9432805,
          37.50778362
        ]
      },
      "properties": {
        "crosswalk_id": "06-0000006502",
        "district": "동작구",
        "address": "동작구 상도동 329도",
        "crosswalk_type": "이단(화살표있음)",
        "has_pedestrian_light": "N",
        "has_audio_signal": "N",
        "has_push_button": "N",
        "is_raised_crosswalk": "N",
        "has_traffic_safety_detail": "Y",
        "accessibility_score": 1,
        "route_recommendation_tier": "basic",
        "support_evidence": "교통안전시설 상세",
        "nearest_audio_signal_id": NaN,
        "nearest_audio_signal_distance_m": NaN,
        "nearest_push_button_id": NaN,
        "nearest_push_button_distance_m": NaN,
        "data_reference_date": "2026-03-20",
        "coordinate_note": "source_columns_swapped_and_normalized"
      }
    },
    {
      "type": "Feature",
      "geometry": {
        "type": "Point",
        "coordinates": [
          126.9430049,
          37.50731544
        ]
      },
      "properties": {
        "crosswalk_id": "06-0000006503",
        "district": "동작구",
        "address": "동작구 상도동 329-4도",
        "crosswalk_type": "일단(화살표없음)",
        "has_pedestrian_light": "N",
        "has_audio_signal": "N",
        "has_push_button": "N",
        "is_raised_crosswalk": "N",
        "has_traffic_safety_detail": "Y",
        "accessibility_score": 1,
        "route_recommendation_tier": "basic",
        "support_evidence": "교통안전시설 상세",
        "nearest_audio_signal_id": NaN,
        "nearest_audio_signal_distance_m": NaN,
        "nearest_push_button_id": NaN,
        "nearest_push_button_distance_m": NaN,
        "data_reference_date": "2026-03-20",
        "coordinate_note": "source_columns_swapped_and_normalized"
      }
    },
    {
      "type": "Feature",
      "geometry": {
        "type": "Point",
        "coordinates": [
          126.9382385,
          37.50424455
        ]
      },
      "properties": {
        "crosswalk_id": "06-0000006508",
        "district": "동작구",
        "address": "동작구 상도동 26-20도",
        "crosswalk_type": "일단(화살표없음)",
        "has_pedestrian_light": "N",
        "has_audio_signal": "N",
        "has_push_button": "N",
        "is_raised_crosswalk": "N",
        "has_traffic_safety_detail": "Y",
        "accessibility_score": 1,
        "route_recommendation_tier": "basic",
        "support_evidence": "교통안전시설 상세",
        "nearest_audio_signal_id": NaN,
        "nearest_audio_signal_distance_m": NaN,
        "nearest_push_button_id": NaN,
        "nearest_push_button_distance_m": NaN,
        "data_reference_date": "2026-03-20",
        "coordinate_note": "source_columns_swapped_and_normalized"
      }
    },
    {
      "type": "Feature",
      "geometry": {
        "type": "Point",
        "coordinates": [
          126.9409136,
          37.5049668
        ]
      },
      "properties": {
        "crosswalk_id": "06-0000006516",
        "district": "동작구",
        "address": "동작구 상도동 26-20도",
        "crosswalk_type": "일단(화살표없음)",
        "has_pedestrian_light": "N",
        "has_audio_signal": "N",
        "has_push_button": "N",
        "is_raised_crosswalk": "N",
        "has_traffic_safety_detail": "Y",
        "accessibility_score": 1,
        "route_recommendation_tier": "basic",
        "support_evidence": "교통안전시설 상세",
        "nearest_audio_signal_id": NaN,
        "nearest_audio_signal_distance_m": NaN,
        "nearest_push_button_id": NaN,
        "nearest_push_button_distance_m": NaN,
        "data_reference_date": "2026-03-20",
        "coordinate_note": "source_columns_swapped_and_normalized"
      }
    },
    {
      "type": "Feature",
      "geometry": {
        "type": "Point",
        "coordinates": [
          126.9320438,
          37.5109202
        ]
      },
      "properties": {
        "crosswalk_id": "06-0000006518",
        "district": "동작구",
        "address": "동작구 대방동 23-2도",
        "crosswalk_type": "이단(화살표있음)",
        "has_pedestrian_light": "N",
        "has_audio_signal": "N",
        "has_push_button": "N",
        "is_raised_crosswalk": "N",
        "has_traffic_safety_detail": "Y",
        "accessibility_score": 1,
        "route_recommendation_tier": "basic",
        "support_evidence": "교통안전시설 상세",
        "nearest_audio_signal_id": NaN,
        "nearest_audio_signal_distance_m": NaN,
        "nearest_push_button_id": NaN,
        "nearest_push_button_distance_m": NaN,
        "data_reference_date": "2026-03-20",
        "coordinate_note": "source_columns_swapped_and_normalized"
      }
    },
    {
      "type": "Feature",
      "geometry": {
        "type": "Point",
        "coordinates": [
          126.9283103,
          37.51119285
        ]
      },
      "properties": {
        "crosswalk_id": "06-0000006521",
        "district": "동작구",
        "address": "동작구 대방동 466-55도",
        "crosswalk_type": "일단(화살표없음)",
        "has_pedestrian_light": "N",
        "has_audio_signal": "N",
        "has_push_button": "N",
        "is_raised_crosswalk": "N",
        "has_traffic_safety_detail": "Y",
        "accessibility_score": 1,
        "route_recommendation_tier": "basic",
        "support_evidence": "교통안전시설 상세",
        "nearest_audio_signal_id": NaN,
        "nearest_audio_signal_distance_m": NaN,
        "nearest_push_button_id": NaN,
        "nearest_push_button_distance_m": NaN,
        "data_reference_date": "2026-03-20",
        "coordinate_note": "source_columns_swapped_and_normalized"
      }
    },
    {
      "type": "Feature",
      "geometry": {
        "type": "Point",
        "coordinates": [
          126.9712879,
          37.50549943
        ]
      },
      "properties": {
        "crosswalk_id": "06-0000006523",
        "district": "동작구",
        "address": "동작구 흑석동 275-14 임",
        "crosswalk_type": "일단(화살표없음)",
        "has_pedestrian_light": "N",
        "has_audio_signal": "N",
        "has_push_button": "N",
        "is_raised_crosswalk": "N",
        "has_traffic_safety_detail": "Y",
        "accessibility_score": 1,
        "route_recommendation_tier": "basic",
        "support_evidence": "교통안전시설 상세",
        "nearest_audio_signal_id": NaN,
        "nearest_audio_signal_distance_m": NaN,
        "nearest_push_button_id": NaN,
        "nearest_push_button_distance_m": NaN,
        "data_reference_date": "2026-03-20",
        "coordinate_note": "source_columns_swapped_and_normalized"
      }
    },
    {
      "type": "Feature",
      "geometry": {
        "type": "Point",
        "coordinates": [
          126.9707513,
          37.50550512
        ]
      },
      "properties": {
        "crosswalk_id": "06-0000006524",
        "district": "동작구",
        "address": "동작구 흑석동 29-115도",
        "crosswalk_type": "일단(화살표없음)",
        "has_pedestrian_light": "N",
        "has_audio_signal": "N",
        "has_push_button": "N",
        "is_raised_crosswalk": "N",
        "has_traffic_safety_detail": "Y",
        "accessibility_score": 1,
        "route_recommendation_tier": "basic",
        "support_evidence": "교통안전시설 상세",
        "nearest_audio_signal_id": NaN,
        "nearest_audio_signal_distance_m": NaN,
        "nearest_push_button_id": NaN,
        "nearest_push_button_distance_m": NaN,
        "data_reference_date": "2026-03-20",
        "coordinate_note": "source_columns_swapped_and_normalized"
      }
    },
    {
      "type": "Feature",
      "geometry": {
        "type": "Point",
        "coordinates": [
          126.9701815,
          37.50587653
        ]
      },
      "properties": {
        "crosswalk_id": "06-0000006526",
        "district": "동작구",
        "address": "동작구 흑석동 28-5도",
        "crosswalk_type": "이단(화살표있음)",
        "has_pedestrian_light": "N",
        "has_audio_signal": "N",
        "has_push_button": "N",
        "is_raised_crosswalk": "N",
        "has_traffic_safety_detail": "Y",
        "accessibility_score": 1,
        "route_recommendation_tier": "basic",
        "support_evidence": "교통안전시설 상세",
        "nearest_audio_signal_id": NaN,
        "nearest_audio_signal_distance_m": NaN,
        "nearest_push_button_id": NaN,
        "nearest_push_button_distance_m": NaN,
        "data_reference_date": "2026-03-20",
        "coordinate_note": "source_columns_swapped_and_normalized"
      }
    },
    {
      "type": "Feature",
      "geometry": {
        "type": "Point",
        "coordinates": [
          126.9694521,
          37.50580585
        ]
      },
      "properties": {
        "crosswalk_id": "06-0000006527",
        "district": "동작구",
        "address": "동작구 흑석동 33도",
        "crosswalk_type": "일단(화살표없음)",
        "has_pedestrian_light": "N",
        "has_audio_signal": "N",
        "has_push_button": "N",
        "is_raised_crosswalk": "N",
        "has_traffic_safety_detail": "Y",
        "accessibility_score": 1,
        "route_recommendation_tier": "basic",
        "support_evidence": "교통안전시설 상세",
        "nearest_audio_signal_id": NaN,
        "nearest_audio_signal_distance_m": NaN,
        "nearest_push_button_id": NaN,
        "nearest_push_button_distance_m": NaN,
        "data_reference_date": "2026-03-20",
        "coordinate_note": "source_columns_swapped_and_normalized"
      }
    },
    {
      "type": "Feature",
      "geometry": {
        "type": "Point",
        "coordinates": [
          126.9433813,
          37.50782049
        ]
      },
      "properties": {
        "crosswalk_id": "06-0000006529",
        "district": "동작구",
        "address": "동작구 상도동 329도",
        "crosswalk_type": "일단(화살표없음)",
        "has_pedestrian_light": "N",
        "has_audio_signal": "N",
        "has_push_button": "N",
        "is_raised_crosswalk": "N",
        "has_traffic_safety_detail": "Y",
        "accessibility_score": 1,
        "route_recommendation_tier": "basic",
        "support_evidence": "교통안전시설 상세",
        "nearest_audio_signal_id": NaN,
        "nearest_audio_signal_distance_m": NaN,
        "nearest_push_button_id": NaN,
        "nearest_push_button_distance_m": NaN,
        "data_reference_date": "2026-03-20",
        "coordinate_note": "source_columns_swapped_and_normalized"
      }
    },
    {
      "type": "Feature",
      "geometry": {
        "type": "Point",
        "coordinates": [
          126.9436706,
          37.50815986
        ]
      },
      "properties": {
        "crosswalk_id": "06-0000006531",
        "district": "동작구",
        "address": "동작구 상도동 329도",
        "crosswalk_type": "일단(화살표없음)",
        "has_pedestrian_light": "N",
        "has_audio_signal": "N",
        "has_push_button": "N",
        "is_raised_crosswalk": "N",
        "has_traffic_safety_detail": "Y",
        "accessibility_score": 1,
        "route_recommendation_tier": "basic",
        "support_evidence": "교통안전시설 상세",
        "nearest_audio_signal_id": NaN,
        "nearest_audio_signal_distance_m": NaN,
        "nearest_push_button_id": NaN,
        "nearest_push_button_distance_m": NaN,
        "data_reference_date": "2026-03-20",
        "coordinate_note": "source_columns_swapped_and_normalized"
      }
    },
    {
      "type": "Feature",
      "geometry": {
        "type": "Point",
        "coordinates": [
          126.9440634,
          37.50832728
        ]
      },
      "properties": {
        "crosswalk_id": "06-0000006532",
        "district": "동작구",
        "address": "동작구 상도동 329도",
        "crosswalk_type": "일단(화살표없음)",
        "has_pedestrian_light": "N",
        "has_audio_signal": "N",
        "has_push_button": "N",
        "is_raised_crosswalk": "N",
        "has_traffic_safety_detail": "Y",
        "accessibility_score": 1,
        "route_recommendation_tier": "basic",
        "support_evidence": "교통안전시설 상세",
        "nearest_audio_signal_id": NaN,
        "nearest_audio_signal_distance_m": NaN,
        "nearest_push_button_id": NaN,
        "nearest_push_button_distance_m": NaN,
        "data_reference_date": "2026-03-20",
        "coordinate_note": "source_columns_swapped_and_normalized"
      }
    },
    {
      "type": "Feature",
      "geometry": {
        "type": "Point",
        "coordinates": [
          126.9441561,
          37.50839556
        ]
      },
      "properties": {
        "crosswalk_id": "06-0000006534",
        "district": "동작구",
        "address": "동작구 상도동 329도",
        "crosswalk_type": "이단(화살표있음)",
        "has_pedestrian_light": "N",
        "has_audio_signal": "N",
        "has_push_button": "N",
        "is_raised_crosswalk": "N",
        "has_traffic_safety_detail": "Y",
        "accessibility_score": 1,
        "route_recommendation_tier": "basic",
        "support_evidence": "교통안전시설 상세",
        "nearest_audio_signal_id": NaN,
        "nearest_audio_signal_distance_m": NaN,
        "nearest_push_button_id": NaN,
        "nearest_push_button_distance_m": NaN,
        "data_reference_date": "2026-03-20",
        "coordinate_note": "source_columns_swapped_and_normalized"
      }
    },
    {
      "type": "Feature",
      "geometry": {
        "type": "Point",
        "coordinates": [
          126.9445807,
          37.50837116
        ]
      },
      "properties": {
        "crosswalk_id": "06-0000006536",
        "district": "동작구",
        "address": "동작구 상도동 329도",
        "crosswalk_type": "일단(화살표없음)",
        "has_pedestrian_light": "N",
        "has_audio_signal": "N",
        "has_push_button": "N",
        "is_raised_crosswalk": "N",
        "has_traffic_safety_detail": "Y",
        "accessibility_score": 1,
        "route_recommendation_tier": "basic",
        "support_evidence": "교통안전시설 상세",
        "nearest_audio_signal_id": NaN,
        "nearest_audio_signal_distance_m": NaN,
        "nearest_push_button_id": NaN,
        "nearest_push_button_distance_m": NaN,
        "data_reference_date": "2026-03-20",
        "coordinate_note": "source_columns_swapped_and_normalized"
      }
    },
    {
      "type": "Feature",
      "geometry": {
        "type": "Point",
        "coordinates": [
          126.9514034,
          37.51141915
        ]
      },
      "properties": {
        "crosswalk_id": "06-0000006537",
        "district": "동작구",
        "address": "동작구 본동 148-9 도",
        "crosswalk_type": "이단(화살표있음)",
        "has_pedestrian_light": "N",
        "has_audio_signal": "N",
        "has_push_button": "N",
        "is_raised_crosswalk": "N",
        "has_traffic_safety_detail": "Y",
        "accessibility_score": 1,
        "route_recommendation_tier": "basic",
        "support_evidence": "교통안전시설 상세",
        "nearest_audio_signal_id": NaN,
        "nearest_audio_signal_distance_m": NaN,
        "nearest_push_button_id": NaN,
        "nearest_push_button_distance_m": NaN,
        "data_reference_date": "2026-03-20",
        "coordinate_note": "source_columns_swapped_and_normalized"
      }
    },
    {
      "type": "Feature",
      "geometry": {
        "type": "Point",
        "coordinates": [
          126.9447491,
          37.5084135
        ]
      },
      "properties": {
        "crosswalk_id": "06-0000006538",
        "district": "동작구",
        "address": "동작구 상도동 329도",
        "crosswalk_type": "이단(화살표있음)",
        "has_pedestrian_light": "N",
        "has_audio_signal": "N",
        "has_push_button": "N",
        "is_raised_crosswalk": "N",
        "has_traffic_safety_detail": "Y",
        "accessibility_score": 1,
        "route_recommendation_tier": "basic",
        "support_evidence": "교통안전시설 상세",
        "nearest_audio_signal_id": NaN,
        "nearest_audio_signal_distance_m": NaN,
        "nearest_push_button_id": NaN,
        "nearest_push_button_distance_m": NaN,
        "data_reference_date": "2026-03-20",
        "coordinate_note": "source_columns_swapped_and_normalized"
      }
    },
    {
      "type": "Feature",
      "geometry": {
        "type": "Point",
        "coordinates": [
          126.944691,
          37.50849579
        ]
      },
      "properties": {
        "crosswalk_id": "06-0000006539",
        "district": "동작구",
        "address": "동작구 상도동 329도",
        "crosswalk_type": "일단(화살표없음)",
        "has_pedestrian_light": "N",
        "has_audio_signal": "N",
        "has_push_button": "N",
        "is_raised_crosswalk": "N",
        "has_traffic_safety_detail": "Y",
        "accessibility_score": 1,
        "route_recommendation_tier": "basic",
        "support_evidence": "교통안전시설 상세",
        "nearest_audio_signal_id": NaN,
        "nearest_audio_signal_distance_m": NaN,
        "nearest_push_button_id": NaN,
        "nearest_push_button_distance_m": NaN,
        "data_reference_date": "2026-03-20",
        "coordinate_note": "source_columns_swapped_and_normalized"
      }
    },
    {
      "type": "Feature",
      "geometry": {
        "type": "Point",
        "coordinates": [
          126.951144,
          37.51053931
        ]
      },
      "properties": {
        "crosswalk_id": "06-0000006540",
        "district": "동작구",
        "address": "동작구 본동 148-9 도",
        "crosswalk_type": "이단(화살표있음)",
        "has_pedestrian_light": "N",
        "has_audio_signal": "N",
        "has_push_button": "N",
        "is_raised_crosswalk": "N",
        "has_traffic_safety_detail": "Y",
        "accessibility_score": 1,
        "route_recommendation_tier": "basic",
        "support_evidence": "교통안전시설 상세",
        "nearest_audio_signal_id": NaN,
        "nearest_audio_signal_distance_m": NaN,
        "nearest_push_button_id": NaN,
        "nearest_push_button_distance_m": NaN,
        "data_reference_date": "2026-03-20",
        "coordinate_note": "source_columns_swapped_and_normalized"
      }
    },
    {
      "type": "Feature",
      "geometry": {
        "type": "Point",
        "coordinates": [
          126.9515236,
          37.50795007
        ]
      },
      "properties": {
        "crosswalk_id": "06-0000006542",
        "district": "동작구",
        "address": "동작구 상도1동 507-4도",
        "crosswalk_type": "이단(화살표있음)",
        "has_pedestrian_light": "N",
        "has_audio_signal": "N",
        "has_push_button": "N",
        "is_raised_crosswalk": "N",
        "has_traffic_safety_detail": "Y",
        "accessibility_score": 1,
        "route_recommendation_tier": "basic",
        "support_evidence": "교통안전시설 상세",
        "nearest_audio_signal_id": NaN,
        "nearest_audio_signal_distance_m": NaN,
        "nearest_push_button_id": NaN,
        "nearest_push_button_distance_m": NaN,
        "data_reference_date": "2026-03-20",
        "coordinate_note": "source_columns_swapped_and_normalized"
      }
    },
    {
      "type": "Feature",
      "geometry": {
        "type": "Point",
        "coordinates": [
          126.945877,
          37.5080512
        ]
      },
      "properties": {
        "crosswalk_id": "06-0000006543",
        "district": "동작구",
        "address": "동작구 상도동 329도",
        "crosswalk_type": "이단(화살표있음)",
        "has_pedestrian_light": "N",
        "has_audio_signal": "N",
        "has_push_button": "N",
        "is_raised_crosswalk": "N",
        "has_traffic_safety_detail": "Y",
        "accessibility_score": 1,
        "route_recommendation_tier": "basic",
        "support_evidence": "교통안전시설 상세",
        "nearest_audio_signal_id": NaN,
        "nearest_audio_signal_distance_m": NaN,
        "nearest_push_button_id": NaN,
        "nearest_push_button_distance_m": NaN,
        "data_reference_date": "2026-03-20",
        "coordinate_note": "source_columns_swapped_and_normalized"
      }
    },
    {
      "type": "Feature",
      "geometry": {
        "type": "Point",
        "coordinates": [
          126.9460412,
          37.50799853
        ]
      },
      "properties": {
        "crosswalk_id": "06-0000006544",
        "district": "동작구",
        "address": "동작구 상도동 329도",
        "crosswalk_type": "일단(화살표없음)",
        "has_pedestrian_light": "N",
        "has_audio_signal": "N",
        "has_push_button": "N",
        "is_raised_crosswalk": "N",
        "has_traffic_safety_detail": "Y",
        "accessibility_score": 1,
        "route_recommendation_tier": "basic",
        "support_evidence": "교통안전시설 상세",
        "nearest_audio_signal_id": NaN,
        "nearest_audio_signal_distance_m": NaN,
        "nearest_push_button_id": NaN,
        "nearest_push_button_distance_m": NaN,
        "data_reference_date": "2026-03-20",
        "coordinate_note": "source_columns_swapped_and_normalized"
      }
    },
    {
      "type": "Feature",
      "geometry": {
        "type": "Point",
        "coordinates": [
          126.9462043,
          37.50805732
        ]
      },
      "properties": {
        "crosswalk_id": "06-0000006545",
        "district": "동작구",
        "address": "동작구 상도동 329도",
        "crosswalk_type": "이단(화살표있음)",
        "has_pedestrian_light": "N",
        "has_audio_signal": "N",
        "has_push_button": "N",
        "is_raised_crosswalk": "N",
        "has_traffic_safety_detail": "Y",
        "accessibility_score": 1,
        "route_recommendation_tier": "basic",
        "support_evidence": "교통안전시설 상세",
        "nearest_audio_signal_id": NaN,
        "nearest_audio_signal_distance_m": NaN,
        "nearest_push_button_id": NaN,
        "nearest_push_button_distance_m": NaN,
        "data_reference_date": "2026-03-20",
        "coordinate_note": "source_columns_swapped_and_normalized"
      }
    },
    {
      "type": "Feature",
      "geometry": {
        "type": "Point",
        "coordinates": [
          126.9474353,
          37.50811047
        ]
      },
      "properties": {
        "crosswalk_id": "06-0000006546",
        "district": "동작구",
        "address": "동작구 노량진동 215-179도",
        "crosswalk_type": "일단(화살표없음)",
        "has_pedestrian_light": "N",
        "has_audio_signal": "N",
        "has_push_button": "N",
        "is_raised_crosswalk": "N",
        "has_traffic_safety_detail": "Y",
        "accessibility_score": 1,
        "route_recommendation_tier": "basic",
        "support_evidence": "교통안전시설 상세",
        "nearest_audio_signal_id": NaN,
        "nearest_audio_signal_distance_m": NaN,
        "nearest_push_button_id": NaN,
        "nearest_push_button_distance_m": NaN,
        "data_reference_date": "2026-03-20",
        "coordinate_note": "source_columns_swapped_and_normalized"
      }
    },
    {
      "type": "Feature",
      "geometry": {
        "type": "Point",
        "coordinates": [
          126.9470837,
          37.50831061
        ]
      },
      "properties": {
        "crosswalk_id": "06-0000006547",
        "district": "동작구",
        "address": "동작구 노량진동 215-179도",
        "crosswalk_type": "일단(화살표없음)",
        "has_pedestrian_light": "N",
        "has_audio_signal": "N",
        "has_push_button": "N",
        "is_raised_crosswalk": "N",
        "has_traffic_safety_detail": "Y",
        "accessibility_score": 1,
        "route_recommendation_tier": "basic",
        "support_evidence": "교통안전시설 상세",
        "nearest_audio_signal_id": NaN,
        "nearest_audio_signal_distance_m": NaN,
        "nearest_push_button_id": NaN,
        "nearest_push_button_distance_m": NaN,
        "data_reference_date": "2026-03-20",
        "coordinate_note": "source_columns_swapped_and_normalized"
      }
    },
    {
      "type": "Feature",
      "geometry": {
        "type": "Point",
        "coordinates": [
          126.9442897,
          37.51165859
        ]
      },
      "properties": {
        "crosswalk_id": "06-0000006548",
        "district": "동작구",
        "address": "동작구 노량진동 118-14도",
        "crosswalk_type": "이단(화살표있음)",
        "has_pedestrian_light": "N",
        "has_audio_signal": "N",
        "has_push_button": "N",
        "is_raised_crosswalk": "N",
        "has_traffic_safety_detail": "Y",
        "accessibility_score": 1,
        "route_recommendation_tier": "basic",
        "support_evidence": "교통안전시설 상세",
        "nearest_audio_signal_id": NaN,
        "nearest_audio_signal_distance_m": NaN,
        "nearest_push_button_id": NaN,
        "nearest_push_button_distance_m": NaN,
        "data_reference_date": "2026-03-20",
        "coordinate_note": "source_columns_swapped_and_normalized"
      }
    },
    {
      "type": "Feature",
      "geometry": {
        "type": "Point",
        "coordinates": [
          126.9447698,
          37.5104591
        ]
      },
      "properties": {
        "crosswalk_id": "06-0000006549",
        "district": "동작구",
        "address": "동작구 노량진동 223-24도",
        "crosswalk_type": "이단(화살표있음)",
        "has_pedestrian_light": "N",
        "has_audio_signal": "N",
        "has_push_button": "N",
        "is_raised_crosswalk": "N",
        "has_traffic_safety_detail": "Y",
        "accessibility_score": 1,
        "route_recommendation_tier": "basic",
        "support_evidence": "교통안전시설 상세",
        "nearest_audio_signal_id": NaN,
        "nearest_audio_signal_distance_m": NaN,
        "nearest_push_button_id": NaN,
        "nearest_push_button_distance_m": NaN,
        "data_reference_date": "2026-03-20",
        "coordinate_note": "source_columns_swapped_and_normalized"
      }
    },
    {
      "type": "Feature",
      "geometry": {
        "type": "Point",
        "coordinates": [
          126.9617262,
          37.50667965
        ]
      },
      "properties": {
        "crosswalk_id": "06-0000006556",
        "district": "동작구",
        "address": "동작구 흑석동 225-35도",
        "crosswalk_type": "일단(화살표있음)",
        "has_pedestrian_light": "N",
        "has_audio_signal": "N",
        "has_push_button": "N",
        "is_raised_crosswalk": "N",
        "has_traffic_safety_detail": "Y",
        "accessibility_score": 1,
        "route_recommendation_tier": "basic",
        "support_evidence": "교통안전시설 상세",
        "nearest_audio_signal_id": NaN,
        "nearest_audio_signal_distance_m": NaN,
        "nearest_push_button_id": NaN,
        "nearest_push_button_distance_m": NaN,
        "data_reference_date": "2026-03-20",
        "coordinate_note": "source_columns_swapped_and_normalized"
      }
    },
    {
      "type": "Feature",
      "geometry": {
        "type": "Point",
        "coordinates": [
          126.9607556,
          37.50377975
        ]
      },
      "properties": {
        "crosswalk_id": "06-0000006561",
        "district": "동작구",
        "address": "동작구 흑석동 245-34 학",
        "crosswalk_type": "일단(화살표없음)",
        "has_pedestrian_light": "N",
        "has_audio_signal": "N",
        "has_push_button": "N",
        "is_raised_crosswalk": "N",
        "has_traffic_safety_detail": "Y",
        "accessibility_score": 1,
        "route_recommendation_tier": "basic",
        "support_evidence": "교통안전시설 상세",
        "nearest_audio_signal_id": NaN,
        "nearest_audio_signal_distance_m": NaN,
        "nearest_push_button_id": NaN,
        "nearest_push_button_distance_m": NaN,
        "data_reference_date": "2026-03-20",
        "coordinate_note": "source_columns_swapped_and_normalized"
      }
    },
    {
      "type": "Feature",
      "geometry": {
        "type": "Point",
        "coordinates": [
          126.9181444,
          37.49506638
        ]
      },
      "properties": {
        "crosswalk_id": "06-0000006562",
        "district": "동작구",
        "address": "동작구 신대방동 722 공",
        "crosswalk_type": "일단(화살표없음)",
        "has_pedestrian_light": "N",
        "has_audio_signal": "N",
        "has_push_button": "N",
        "is_raised_crosswalk": "N",
        "has_traffic_safety_detail": "Y",
        "accessibility_score": 1,
        "route_recommendation_tier": "basic",
        "support_evidence": "교통안전시설 상세",
        "nearest_audio_signal_id": NaN,
        "nearest_audio_signal_distance_m": NaN,
        "nearest_push_button_id": NaN,
        "nearest_push_button_distance_m": NaN,
        "data_reference_date": "2026-03-20",
        "coordinate_note": "source_columns_swapped_and_normalized"
      }
    },
    {
      "type": "Feature",
      "geometry": {
        "type": "Point",
        "coordinates": [
          126.9367152,
          37.50352873
        ]
      },
      "properties": {
        "crosswalk_id": "06-0000006565",
        "district": "동작구",
        "address": "동작구 상도동 26-20도",
        "crosswalk_type": "일단(화살표없음)",
        "has_pedestrian_light": "N",
        "has_audio_signal": "N",
        "has_push_button": "N",
        "is_raised_crosswalk": "N",
        "has_traffic_safety_detail": "Y",
        "accessibility_score": 1,
        "route_recommendation_tier": "basic",
        "support_evidence": "교통안전시설 상세",
        "nearest_audio_signal_id": NaN,
        "nearest_audio_signal_distance_m": NaN,
        "nearest_push_button_id": NaN,
        "nearest_push_button_distance_m": NaN,
        "data_reference_date": "2026-03-20",
        "coordinate_note": "source_columns_swapped_and_normalized"
      }
    },
    {
      "type": "Feature",
      "geometry": {
        "type": "Point",
        "coordinates": [
          126.9373748,
          37.50463718
        ]
      },
      "properties": {
        "crosswalk_id": "06-0000006570",
        "district": "동작구",
        "address": "동작구 상도동 26-71 도",
        "crosswalk_type": "일단(화살표없음)",
        "has_pedestrian_light": "N",
        "has_audio_signal": "N",
        "has_push_button": "N",
        "is_raised_crosswalk": "N",
        "has_traffic_safety_detail": "Y",
        "accessibility_score": 1,
        "route_recommendation_tier": "basic",
        "support_evidence": "교통안전시설 상세",
        "nearest_audio_signal_id": NaN,
        "nearest_audio_signal_distance_m": NaN,
        "nearest_push_button_id": NaN,
        "nearest_push_button_distance_m": NaN,
        "data_reference_date": "2026-03-20",
        "coordinate_note": "source_columns_swapped_and_normalized"
      }
    },
    {
      "type": "Feature",
      "geometry": {
        "type": "Point",
        "coordinates": [
          126.9452462,
          37.50246569
        ]
      },
      "properties": {
        "crosswalk_id": "06-0000006580",
        "district": "동작구",
        "address": "동작구 상도동 159-6 도",
        "crosswalk_type": "이단(화살표있음)",
        "has_pedestrian_light": "N",
        "has_audio_signal": "N",
        "has_push_button": "N",
        "is_raised_crosswalk": "N",
        "has_traffic_safety_detail": "Y",
        "accessibility_score": 1,
        "route_recommendation_tier": "basic",
        "support_evidence": "교통안전시설 상세",
        "nearest_audio_signal_id": NaN,
        "nearest_audio_signal_distance_m": NaN,
        "nearest_push_button_id": NaN,
        "nearest_push_button_distance_m": NaN,
        "data_reference_date": "2026-03-20",
        "coordinate_note": "source_columns_swapped_and_normalized"
      }
    },
    {
      "type": "Feature",
      "geometry": {
        "type": "Point",
        "coordinates": [
          126.9416156,
          37.50605663
        ]
      },
      "properties": {
        "crosswalk_id": "06-0000006691",
        "district": "동작구",
        "address": "동작구 상도동 329-3도",
        "crosswalk_type": "일단(화살표없음)",
        "has_pedestrian_light": "N",
        "has_audio_signal": "N",
        "has_push_button": "N",
        "is_raised_crosswalk": "N",
        "has_traffic_safety_detail": "Y",
        "accessibility_score": 1,
        "route_recommendation_tier": "basic",
        "support_evidence": "교통안전시설 상세",
        "nearest_audio_signal_id": NaN,
        "nearest_audio_signal_distance_m": NaN,
        "nearest_push_button_id": NaN,
        "nearest_push_button_distance_m": NaN,
        "data_reference_date": "2026-03-20",
        "coordinate_note": "source_columns_swapped_and_normalized"
      }
    },
    {
      "type": "Feature",
      "geometry": {
        "type": "Point",
        "coordinates": [
          126.9417174,
          37.50632269
        ]
      },
      "properties": {
        "crosswalk_id": "06-0000006693",
        "district": "동작구",
        "address": "동작구 상도동 329-3도",
        "crosswalk_type": "일단(화살표없음)",
        "has_pedestrian_light": "N",
        "has_audio_signal": "N",
        "has_push_button": "N",
        "is_raised_crosswalk": "N",
        "has_traffic_safety_detail": "Y",
        "accessibility_score": 1,
        "route_recommendation_tier": "basic",
        "support_evidence": "교통안전시설 상세",
        "nearest_audio_signal_id": NaN,
        "nearest_audio_signal_distance_m": NaN,
        "nearest_push_button_id": NaN,
        "nearest_push_button_distance_m": NaN,
        "data_reference_date": "2026-03-20",
        "coordinate_note": "source_columns_swapped_and_normalized"
      }
    },
    {
      "type": "Feature",
      "geometry": {
        "type": "Point",
        "coordinates": [
          126.9418896,
          37.50649636
        ]
      },
      "properties": {
        "crosswalk_id": "06-0000006694",
        "district": "동작구",
        "address": "동작구 상도동 329-3도",
        "crosswalk_type": "일단(화살표없음)",
        "has_pedestrian_light": "N",
        "has_audio_signal": "N",
        "has_push_button": "N",
        "is_raised_crosswalk": "N",
        "has_traffic_safety_detail": "Y",
        "accessibility_score": 1,
        "route_recommendation_tier": "basic",
        "support_evidence": "교통안전시설 상세",
        "nearest_audio_signal_id": NaN,
        "nearest_audio_signal_distance_m": NaN,
        "nearest_push_button_id": NaN,
        "nearest_push_button_distance_m": NaN,
        "data_reference_date": "2026-03-20",
        "coordinate_note": "source_columns_swapped_and_normalized"
      }
    },
    {
      "type": "Feature",
      "geometry": {
        "type": "Point",
        "coordinates": [
          126.9420718,
          37.50655549
        ]
      },
      "properties": {
        "crosswalk_id": "06-0000006695",
        "district": "동작구",
        "address": "동작구 상도동 329-3도",
        "crosswalk_type": "이단(화살표있음)",
        "has_pedestrian_light": "N",
        "has_audio_signal": "N",
        "has_push_button": "N",
        "is_raised_crosswalk": "N",
        "has_traffic_safety_detail": "Y",
        "accessibility_score": 1,
        "route_recommendation_tier": "basic",
        "support_evidence": "교통안전시설 상세",
        "nearest_audio_signal_id": NaN,
        "nearest_audio_signal_distance_m": NaN,
        "nearest_push_button_id": NaN,
        "nearest_push_button_distance_m": NaN,
        "data_reference_date": "2026-03-20",
        "coordinate_note": "source_columns_swapped_and_normalized"
      }
    },
    {
      "type": "Feature",
      "geometry": {
        "type": "Point",
        "coordinates": [
          126.9421857,
          37.50657561
        ]
      },
      "properties": {
        "crosswalk_id": "06-0000006697",
        "district": "동작구",
        "address": "동작구 상도동 329-3도",
        "crosswalk_type": "일단(화살표없음)",
        "has_pedestrian_light": "N",
        "has_audio_signal": "N",
        "has_push_button": "N",
        "is_raised_crosswalk": "N",
        "has_traffic_safety_detail": "Y",
        "accessibility_score": 1,
        "route_recommendation_tier": "basic",
        "support_evidence": "교통안전시설 상세",
        "nearest_audio_signal_id": NaN,
        "nearest_audio_signal_distance_m": NaN,
        "nearest_push_button_id": NaN,
        "nearest_push_button_distance_m": NaN,
        "data_reference_date": "2026-03-20",
        "coordinate_note": "source_columns_swapped_and_normalized"
      }
    },
    {
      "type": "Feature",
      "geometry": {
        "type": "Point",
        "coordinates": [
          126.9426192,
          37.50696471
        ]
      },
      "properties": {
        "crosswalk_id": "06-0000006698",
        "district": "동작구",
        "address": "동작구 상도동 329-3도",
        "crosswalk_type": "일단(화살표없음)",
        "has_pedestrian_light": "N",
        "has_audio_signal": "N",
        "has_push_button": "N",
        "is_raised_crosswalk": "N",
        "has_traffic_safety_detail": "Y",
        "accessibility_score": 1,
        "route_recommendation_tier": "basic",
        "support_evidence": "교통안전시설 상세",
        "nearest_audio_signal_id": NaN,
        "nearest_audio_signal_distance_m": NaN,
        "nearest_push_button_id": NaN,
        "nearest_push_button_distance_m": NaN,
        "data_reference_date": "2026-03-20",
        "coordinate_note": "source_columns_swapped_and_normalized"
      }
    },
    {
      "type": "Feature",
      "geometry": {
        "type": "Point",
        "coordinates": [
          126.9426238,
          37.50705128
        ]
      },
      "properties": {
        "crosswalk_id": "06-0000006699",
        "district": "동작구",
        "address": "동작구 상도동 329-3도",
        "crosswalk_type": "이단(화살표있음)",
        "has_pedestrian_light": "N",
        "has_audio_signal": "N",
        "has_push_button": "N",
        "is_raised_crosswalk": "N",
        "has_traffic_safety_detail": "Y",
        "accessibility_score": 1,
        "route_recommendation_tier": "basic",
        "support_evidence": "교통안전시설 상세",
        "nearest_audio_signal_id": NaN,
        "nearest_audio_signal_distance_m": NaN,
        "nearest_push_button_id": NaN,
        "nearest_push_button_distance_m": NaN,
        "data_reference_date": "2026-03-20",
        "coordinate_note": "source_columns_swapped_and_normalized"
      }
    },
    {
      "type": "Feature",
      "geometry": {
        "type": "Point",
        "coordinates": [
          126.9629129,
          37.50793126
        ]
      },
      "properties": {
        "crosswalk_id": "06-0000006715",
        "district": "동작구",
        "address": "동작구 흑석동 4-7 도",
        "crosswalk_type": "이단(화살표있음)",
        "has_pedestrian_light": "N",
        "has_audio_signal": "N",
        "has_push_button": "N",
        "is_raised_crosswalk": "N",
        "has_traffic_safety_detail": "Y",
        "accessibility_score": 1,
        "route_recommendation_tier": "basic",
        "support_evidence": "교통안전시설 상세",
        "nearest_audio_signal_id": NaN,
        "nearest_audio_signal_distance_m": NaN,
        "nearest_push_button_id": NaN,
        "nearest_push_button_distance_m": NaN,
        "data_reference_date": "2026-03-20",
        "coordinate_note": "source_columns_swapped_and_normalized"
      }
    },
    {
      "type": "Feature",
      "geometry": {
        "type": "Point",
        "coordinates": [
          126.9503152,
          37.50443373
        ]
      },
      "properties": {
        "crosswalk_id": "06-0000006726",
        "district": "동작구",
        "address": "동작구 상도1동 528-1도",
        "crosswalk_type": "일단(화살표없음)",
        "has_pedestrian_light": "N",
        "has_audio_signal": "N",
        "has_push_button": "N",
        "is_raised_crosswalk": "N",
        "has_traffic_safety_detail": "Y",
        "accessibility_score": 1,
        "route_recommendation_tier": "basic",
        "support_evidence": "교통안전시설 상세",
        "nearest_audio_signal_id": NaN,
        "nearest_audio_signal_distance_m": NaN,
        "nearest_push_button_id": NaN,
        "nearest_push_button_distance_m": NaN,
        "data_reference_date": "2026-03-20",
        "coordinate_note": "source_columns_swapped_and_normalized"
      }
    },
    {
      "type": "Feature",
      "geometry": {
        "type": "Point",
        "coordinates": [
          126.9486717,
          37.50758024
        ]
      },
      "properties": {
        "crosswalk_id": "06-0000006734",
        "district": "동작구",
        "address": "동작구 노량진동 324-2도",
        "crosswalk_type": "일단(화살표없음)",
        "has_pedestrian_light": "N",
        "has_audio_signal": "N",
        "has_push_button": "N",
        "is_raised_crosswalk": "N",
        "has_traffic_safety_detail": "Y",
        "accessibility_score": 1,
        "route_recommendation_tier": "basic",
        "support_evidence": "교통안전시설 상세",
        "nearest_audio_signal_id": NaN,
        "nearest_audio_signal_distance_m": NaN,
        "nearest_push_button_id": NaN,
        "nearest_push_button_distance_m": NaN,
        "data_reference_date": "2026-03-20",
        "coordinate_note": "source_columns_swapped_and_normalized"
      }
    },
    {
      "type": "Feature",
      "geometry": {
        "type": "Point",
        "coordinates": [
          126.9400995,
          37.5121223
        ]
      },
      "properties": {
        "crosswalk_id": "06-0000006882",
        "district": "동작구",
        "address": "동작구 노량진동 49-1도",
        "crosswalk_type": "일단(화살표없음)",
        "has_pedestrian_light": "N",
        "has_audio_signal": "N",
        "has_push_button": "N",
        "is_raised_crosswalk": "N",
        "has_traffic_safety_detail": "Y",
        "accessibility_score": 1,
        "route_recommendation_tier": "basic",
        "support_evidence": "교통안전시설 상세",
        "nearest_audio_signal_id": NaN,
        "nearest_audio_signal_distance_m": NaN,
        "nearest_push_button_id": NaN,
        "nearest_push_button_distance_m": NaN,
        "data_reference_date": "2026-03-20",
        "coordinate_note": "source_columns_swapped_and_normalized"
      }
    },
    {
      "type": "Feature",
      "geometry": {
        "type": "Point",
        "coordinates": [
          126.9402298,
          37.50828194
        ]
      },
      "properties": {
        "crosswalk_id": "06-0000006885",
        "district": "동작구",
        "address": "동작구 노량진동 230-62 대",
        "crosswalk_type": "일단(화살표없음)",
        "has_pedestrian_light": "N",
        "has_audio_signal": "N",
        "has_push_button": "N",
        "is_raised_crosswalk": "N",
        "has_traffic_safety_detail": "Y",
        "accessibility_score": 1,
        "route_recommendation_tier": "basic",
        "support_evidence": "교통안전시설 상세",
        "nearest_audio_signal_id": NaN,
        "nearest_audio_signal_distance_m": NaN,
        "nearest_push_button_id": NaN,
        "nearest_push_button_distance_m": NaN,
        "data_reference_date": "2026-03-20",
        "coordinate_note": "source_columns_swapped_and_normalized"
      }
    },
    {
      "type": "Feature",
      "geometry": {
        "type": "Point",
        "coordinates": [
          126.9659083,
          37.5071291
        ]
      },
      "properties": {
        "crosswalk_id": "06-0000006888",
        "district": "동작구",
        "address": "동작구 흑석동 43-112도",
        "crosswalk_type": "일단(화살표없음)",
        "has_pedestrian_light": "N",
        "has_audio_signal": "N",
        "has_push_button": "N",
        "is_raised_crosswalk": "N",
        "has_traffic_safety_detail": "Y",
        "accessibility_score": 1,
        "route_recommendation_tier": "basic",
        "support_evidence": "교통안전시설 상세",
        "nearest_audio_signal_id": NaN,
        "nearest_audio_signal_distance_m": NaN,
        "nearest_push_button_id": NaN,
        "nearest_push_button_distance_m": NaN,
        "data_reference_date": "2026-03-20",
        "coordinate_note": "source_columns_swapped_and_normalized"
      }
    },
    {
      "type": "Feature",
      "geometry": {
        "type": "Point",
        "coordinates": [
          126.937396,
          37.50470684
        ]
      },
      "properties": {
        "crosswalk_id": "06-0000009433",
        "district": "동작구",
        "address": "동작구 상도동 363-262 도",
        "crosswalk_type": "이단(화살표있음)",
        "has_pedestrian_light": "N",
        "has_audio_signal": "N",
        "has_push_button": "N",
        "is_raised_crosswalk": "N",
        "has_traffic_safety_detail": "Y",
        "accessibility_score": 1,
        "route_recommendation_tier": "basic",
        "support_evidence": "교통안전시설 상세",
        "nearest_audio_signal_id": NaN,
        "nearest_audio_signal_distance_m": NaN,
        "nearest_push_button_id": NaN,
        "nearest_push_button_distance_m": NaN,
        "data_reference_date": "2026-03-20",
        "coordinate_note": "source_columns_swapped_and_normalized"
      }
    },
    {
      "type": "Feature",
      "geometry": {
        "type": "Point",
        "coordinates": [
          126.9360102,
          37.50591833
        ]
      },
      "properties": {
        "crosswalk_id": "06-0000009434",
        "district": "동작구",
        "address": "동작구 상도동 451 도",
        "crosswalk_type": "일단(화살표없음)",
        "has_pedestrian_light": "N",
        "has_audio_signal": "N",
        "has_push_button": "N",
        "is_raised_crosswalk": "N",
        "has_traffic_safety_detail": "Y",
        "accessibility_score": 1,
        "route_recommendation_tier": "basic",
        "support_evidence": "교통안전시설 상세",
        "nearest_audio_signal_id": NaN,
        "nearest_audio_signal_distance_m": NaN,
        "nearest_push_button_id": NaN,
        "nearest_push_button_distance_m": NaN,
        "data_reference_date": "2026-03-20",
        "coordinate_note": "source_columns_swapped_and_normalized"
      }
    },
    {
      "type": "Feature",
      "geometry": {
        "type": "Point",
        "coordinates": [
          126.9345586,
          37.50547813
        ]
      },
      "properties": {
        "crosswalk_id": "06-0000009435",
        "district": "동작구",
        "address": "동작구 상도동 450 대",
        "crosswalk_type": "일단(화살표없음)",
        "has_pedestrian_light": "N",
        "has_audio_signal": "N",
        "has_push_button": "N",
        "is_raised_crosswalk": "N",
        "has_traffic_safety_detail": "Y",
        "accessibility_score": 1,
        "route_recommendation_tier": "basic",
        "support_evidence": "교통안전시설 상세",
        "nearest_audio_signal_id": NaN,
        "nearest_audio_signal_distance_m": NaN,
        "nearest_push_button_id": NaN,
        "nearest_push_button_distance_m": NaN,
        "data_reference_date": "2026-03-20",
        "coordinate_note": "source_columns_swapped_and_normalized"
      }
    },
    {
      "type": "Feature",
      "geometry": {
        "type": "Point",
        "coordinates": [
          126.9347744,
          37.50560086
        ]
      },
      "properties": {
        "crosswalk_id": "06-0000009776",
        "district": "동작구",
        "address": "동작구 상도동 451 도",
        "crosswalk_type": "이단(화살표있음)",
        "has_pedestrian_light": "N",
        "has_audio_signal": "N",
        "has_push_button": "N",
        "is_raised_crosswalk": "N",
        "has_traffic_safety_detail": "Y",
        "accessibility_score": 1,
        "route_recommendation_tier": "basic",
        "support_evidence": "교통안전시설 상세",
        "nearest_audio_signal_id": NaN,
        "nearest_audio_signal_distance_m": NaN,
        "nearest_push_button_id": NaN,
        "nearest_push_button_distance_m": NaN,
        "data_reference_date": "2026-03-20",
        "coordinate_note": "source_columns_swapped_and_normalized"
      }
    },
    {
      "type": "Feature",
      "geometry": {
        "type": "Point",
        "coordinates": [
          126.9353369,
          37.50569017
        ]
      },
      "properties": {
        "crosswalk_id": "06-0000009777",
        "district": "동작구",
        "address": "동작구 상도동 451 도",
        "crosswalk_type": "일단(화살표없음)",
        "has_pedestrian_light": "N",
        "has_audio_signal": "N",
        "has_push_button": "N",
        "is_raised_crosswalk": "N",
        "has_traffic_safety_detail": "Y",
        "accessibility_score": 1,
        "route_recommendation_tier": "basic",
        "support_evidence": "교통안전시설 상세",
        "nearest_audio_signal_id": NaN,
        "nearest_audio_signal_distance_m": NaN,
        "nearest_push_button_id": NaN,
        "nearest_push_button_distance_m": NaN,
        "data_reference_date": "2026-03-20",
        "coordinate_note": "source_columns_swapped_and_normalized"
      }
    },
    {
      "type": "Feature",
      "geometry": {
        "type": "Point",
        "coordinates": [
          126.93467,
          37.5056825
        ]
      },
      "properties": {
        "crosswalk_id": "06-0000009779",
        "district": "동작구",
        "address": "동작구 상도동 451 도",
        "crosswalk_type": "이단(화살표있음)",
        "has_pedestrian_light": "N",
        "has_audio_signal": "N",
        "has_push_button": "N",
        "is_raised_crosswalk": "N",
        "has_traffic_safety_detail": "Y",
        "accessibility_score": 1,
        "route_recommendation_tier": "basic",
        "support_evidence": "교통안전시설 상세",
        "nearest_audio_signal_id": NaN,
        "nearest_audio_signal_distance_m": NaN,
        "nearest_push_button_id": NaN,
        "nearest_push_button_distance_m": NaN,
        "data_reference_date": "2026-03-20",
        "coordinate_note": "source_columns_swapped_and_normalized"
      }
    },
    {
      "type": "Feature",
      "geometry": {
        "type": "Point",
        "coordinates": [
          126.934794,
          37.50571239
        ]
      },
      "properties": {
        "crosswalk_id": "06-0000009780",
        "district": "동작구",
        "address": "동작구 상도동 451 도",
        "crosswalk_type": "이단(화살표있음)",
        "has_pedestrian_light": "N",
        "has_audio_signal": "N",
        "has_push_button": "N",
        "is_raised_crosswalk": "N",
        "has_traffic_safety_detail": "Y",
        "accessibility_score": 1,
        "route_recommendation_tier": "basic",
        "support_evidence": "교통안전시설 상세",
        "nearest_audio_signal_id": NaN,
        "nearest_audio_signal_distance_m": NaN,
        "nearest_push_button_id": NaN,
        "nearest_push_button_distance_m": NaN,
        "data_reference_date": "2026-03-20",
        "coordinate_note": "source_columns_swapped_and_normalized"
      }
    },
    {
      "type": "Feature",
      "geometry": {
        "type": "Point",
        "coordinates": [
          126.9348003,
          37.50584625
        ]
      },
      "properties": {
        "crosswalk_id": "06-0000009782",
        "district": "동작구",
        "address": "동작구 상도동 456 대",
        "crosswalk_type": "일단(화살표없음)",
        "has_pedestrian_light": "N",
        "has_audio_signal": "N",
        "has_push_button": "N",
        "is_raised_crosswalk": "N",
        "has_traffic_safety_detail": "Y",
        "accessibility_score": 1,
        "route_recommendation_tier": "basic",
        "support_evidence": "교통안전시설 상세",
        "nearest_audio_signal_id": NaN,
        "nearest_audio_signal_distance_m": NaN,
        "nearest_push_button_id": NaN,
        "nearest_push_button_distance_m": NaN,
        "data_reference_date": "2026-03-20",
        "coordinate_note": "source_columns_swapped_and_normalized"
      }
    },
    {
      "type": "Feature",
      "geometry": {
        "type": "Point",
        "coordinates": [
          126.9348585,
          37.50601002
        ]
      },
      "properties": {
        "crosswalk_id": "06-0000009783",
        "district": "동작구",
        "address": "동작구 상도동 455 대",
        "crosswalk_type": "일단(화살표없음)",
        "has_pedestrian_light": "N",
        "has_audio_signal": "N",
        "has_push_button": "N",
        "is_raised_crosswalk": "N",
        "has_traffic_safety_detail": "Y",
        "accessibility_score": 1,
        "route_recommendation_tier": "basic",
        "support_evidence": "교통안전시설 상세",
        "nearest_audio_signal_id": NaN,
        "nearest_audio_signal_distance_m": NaN,
        "nearest_push_button_id": NaN,
        "nearest_push_button_distance_m": NaN,
        "data_reference_date": "2026-03-20",
        "coordinate_note": "source_columns_swapped_and_normalized"
      }
    },
    {
      "type": "Feature",
      "geometry": {
        "type": "Point",
        "coordinates": [
          126.9349304,
          37.50622573
        ]
      },
      "properties": {
        "crosswalk_id": "06-0000009784",
        "district": "동작구",
        "address": "동작구 상도동 455 대",
        "crosswalk_type": "일단(화살표없음)",
        "has_pedestrian_light": "N",
        "has_audio_signal": "N",
        "has_push_button": "N",
        "is_raised_crosswalk": "N",
        "has_traffic_safety_detail": "Y",
        "accessibility_score": 1,
        "route_recommendation_tier": "basic",
        "support_evidence": "교통안전시설 상세",
        "nearest_audio_signal_id": NaN,
        "nearest_audio_signal_distance_m": NaN,
        "nearest_push_button_id": NaN,
        "nearest_push_button_distance_m": NaN,
        "data_reference_date": "2026-03-20",
        "coordinate_note": "source_columns_swapped_and_normalized"
      }
    },
    {
      "type": "Feature",
      "geometry": {
        "type": "Point",
        "coordinates": [
          126.9349833,
          37.50634284
        ]
      },
      "properties": {
        "crosswalk_id": "06-0000009785",
        "district": "동작구",
        "address": "동작구 상도동 451 도",
        "crosswalk_type": "일단(화살표없음)",
        "has_pedestrian_light": "N",
        "has_audio_signal": "N",
        "has_push_button": "N",
        "is_raised_crosswalk": "N",
        "has_traffic_safety_detail": "Y",
        "accessibility_score": 1,
        "route_recommendation_tier": "basic",
        "support_evidence": "교통안전시설 상세",
        "nearest_audio_signal_id": NaN,
        "nearest_audio_signal_distance_m": NaN,
        "nearest_push_button_id": NaN,
        "nearest_push_button_distance_m": NaN,
        "data_reference_date": "2026-03-20",
        "coordinate_note": "source_columns_swapped_and_normalized"
      }
    },
    {
      "type": "Feature",
      "geometry": {
        "type": "Point",
        "coordinates": [
          126.9359559,
          37.50628851
        ]
      },
      "properties": {
        "crosswalk_id": "06-0000009786",
        "district": "동작구",
        "address": "동작구 상도동 451 도",
        "crosswalk_type": "일단(화살표없음)",
        "has_pedestrian_light": "N",
        "has_audio_signal": "N",
        "has_push_button": "N",
        "is_raised_crosswalk": "N",
        "has_traffic_safety_detail": "Y",
        "accessibility_score": 1,
        "route_recommendation_tier": "basic",
        "support_evidence": "교통안전시설 상세",
        "nearest_audio_signal_id": NaN,
        "nearest_audio_signal_distance_m": NaN,
        "nearest_push_button_id": NaN,
        "nearest_push_button_distance_m": NaN,
        "data_reference_date": "2026-03-20",
        "coordinate_note": "source_columns_swapped_and_normalized"
      }
    },
    {
      "type": "Feature",
      "geometry": {
        "type": "Point",
        "coordinates": [
          126.9654698,
          37.48661552
        ]
      },
      "properties": {
        "crosswalk_id": "06-0000014867",
        "district": "동작구",
        "address": "동작구 사당동 산32-92도",
        "crosswalk_type": "이단(화살표있음)",
        "has_pedestrian_light": "N",
        "has_audio_signal": "N",
        "has_push_button": "N",
        "is_raised_crosswalk": "N",
        "has_traffic_safety_detail": "Y",
        "accessibility_score": 1,
        "route_recommendation_tier": "basic",
        "support_evidence": "교통안전시설 상세",
        "nearest_audio_signal_id": NaN,
        "nearest_audio_signal_distance_m": NaN,
        "nearest_push_button_id": NaN,
        "nearest_push_button_distance_m": NaN,
        "data_reference_date": "2026-03-20",
        "coordinate_note": "source_columns_swapped_and_normalized"
      }
    },
    {
      "type": "Feature",
      "geometry": {
        "type": "Point",
        "coordinates": [
          126.9620493,
          37.48541624
        ]
      },
      "properties": {
        "crosswalk_id": "06-0000015242",
        "district": "동작구",
        "address": "동작구 사당동 1152-6 도",
        "crosswalk_type": "일단(화살표없음)",
        "has_pedestrian_light": "N",
        "has_audio_signal": "N",
        "has_push_button": "N",
        "is_raised_crosswalk": "N",
        "has_traffic_safety_detail": "Y",
        "accessibility_score": 1,
        "route_recommendation_tier": "basic",
        "support_evidence": "교통안전시설 상세",
        "nearest_audio_signal_id": NaN,
        "nearest_audio_signal_distance_m": NaN,
        "nearest_push_button_id": NaN,
        "nearest_push_button_distance_m": NaN,
        "data_reference_date": "2026-03-20",
        "coordinate_note": "source_columns_swapped_and_normalized"
      }
    },
    {
      "type": "Feature",
      "geometry": {
        "type": "Point",
        "coordinates": [
          126.9632753,
          37.48866353
        ]
      },
      "properties": {
        "crosswalk_id": "06-0000015356",
        "district": "동작구",
        "address": "동작구 사당동 708-535 도",
        "crosswalk_type": "이단(화살표있음)",
        "has_pedestrian_light": "N",
        "has_audio_signal": "N",
        "has_push_button": "N",
        "is_raised_crosswalk": "N",
        "has_traffic_safety_detail": "Y",
        "accessibility_score": 1,
        "route_recommendation_tier": "basic",
        "support_evidence": "교통안전시설 상세",
        "nearest_audio_signal_id": NaN,
        "nearest_audio_signal_distance_m": NaN,
        "nearest_push_button_id": NaN,
        "nearest_push_button_distance_m": NaN,
        "data_reference_date": "2026-03-20",
        "coordinate_note": "source_columns_swapped_and_normalized"
      }
    },
    {
      "type": "Feature",
      "geometry": {
        "type": "Point",
        "coordinates": [
          126.9753074,
          37.48582712
        ]
      },
      "properties": {
        "crosswalk_id": "06-0000015437",
        "district": "동작구",
        "address": "동작구 사당동 169-29도",
        "crosswalk_type": "일단(화살표없음)",
        "has_pedestrian_light": "N",
        "has_audio_signal": "N",
        "has_push_button": "N",
        "is_raised_crosswalk": "N",
        "has_traffic_safety_detail": "Y",
        "accessibility_score": 1,
        "route_recommendation_tier": "basic",
        "support_evidence": "교통안전시설 상세",
        "nearest_audio_signal_id": NaN,
        "nearest_audio_signal_distance_m": NaN,
        "nearest_push_button_id": NaN,
        "nearest_push_button_distance_m": NaN,
        "data_reference_date": "2026-03-20",
        "coordinate_note": "source_columns_swapped_and_normalized"
      }
    },
    {
      "type": "Feature",
      "geometry": {
        "type": "Point",
        "coordinates": [
          126.9240174,
          37.49774746
        ]
      },
      "properties": {
        "crosswalk_id": "06-0000016344",
        "district": "동작구",
        "address": "동작구 신대방동 349-35도",
        "crosswalk_type": "이단(화살표있음)",
        "has_pedestrian_light": "N",
        "has_audio_signal": "N",
        "has_push_button": "N",
        "is_raised_crosswalk": "N",
        "has_traffic_safety_detail": "Y",
        "accessibility_score": 1,
        "route_recommendation_tier": "basic",
        "support_evidence": "교통안전시설 상세",
        "nearest_audio_signal_id": NaN,
        "nearest_audio_signal_distance_m": NaN,
        "nearest_push_button_id": NaN,
        "nearest_push_button_distance_m": NaN,
        "data_reference_date": "2026-03-20",
        "coordinate_note": "source_columns_swapped_and_normalized"
      }
    },
    {
      "type": "Feature",
      "geometry": {
        "type": "Point",
        "coordinates": [
          126.9707096,
          37.48979644
        ]
      },
      "properties": {
        "crosswalk_id": "06-0000018316",
        "district": "동작구",
        "address": "동작구 사당동 1133-3도",
        "crosswalk_type": "이단(화살표있음)",
        "has_pedestrian_light": "N",
        "has_audio_signal": "N",
        "has_push_button": "N",
        "is_raised_crosswalk": "N",
        "has_traffic_safety_detail": "Y",
        "accessibility_score": 1,
        "route_recommendation_tier": "basic",
        "support_evidence": "교통안전시설 상세",
        "nearest_audio_signal_id": NaN,
        "nearest_audio_signal_distance_m": NaN,
        "nearest_push_button_id": NaN,
        "nearest_push_button_distance_m": NaN,
        "data_reference_date": "2026-03-20",
        "coordinate_note": "source_columns_swapped_and_normalized"
      }
    },
    {
      "type": "Feature",
      "geometry": {
        "type": "Point",
        "coordinates": [
          126.9602299,
          37.49392795
        ]
      },
      "properties": {
        "crosswalk_id": "06-0000018698",
        "district": "동작구",
        "address": "동작구 상도동 111-58 도",
        "crosswalk_type": "일단(화살표없음)",
        "has_pedestrian_light": "N",
        "has_audio_signal": "N",
        "has_push_button": "N",
        "is_raised_crosswalk": "N",
        "has_traffic_safety_detail": "Y",
        "accessibility_score": 1,
        "route_recommendation_tier": "basic",
        "support_evidence": "교통안전시설 상세",
        "nearest_audio_signal_id": NaN,
        "nearest_audio_signal_distance_m": NaN,
        "nearest_push_button_id": NaN,
        "nearest_push_button_distance_m": NaN,
        "data_reference_date": "2026-03-20",
        "coordinate_note": "source_columns_swapped_and_normalized"
      }
    },
    {
      "type": "Feature",
      "geometry": {
        "type": "Point",
        "coordinates": [
          126.9600872,
          37.49388528
        ]
      },
      "properties": {
        "crosswalk_id": "06-0000018699",
        "district": "동작구",
        "address": "동작구 상도동 412 대",
        "crosswalk_type": "일단(화살표없음)",
        "has_pedestrian_light": "N",
        "has_audio_signal": "N",
        "has_push_button": "N",
        "is_raised_crosswalk": "N",
        "has_traffic_safety_detail": "Y",
        "accessibility_score": 1,
        "route_recommendation_tier": "basic",
        "support_evidence": "교통안전시설 상세",
        "nearest_audio_signal_id": NaN,
        "nearest_audio_signal_distance_m": NaN,
        "nearest_push_button_id": NaN,
        "nearest_push_button_distance_m": NaN,
        "data_reference_date": "2026-03-20",
        "coordinate_note": "source_columns_swapped_and_normalized"
      }
    },
    {
      "type": "Feature",
      "geometry": {
        "type": "Point",
        "coordinates": [
          126.9670486,
          37.48327511
        ]
      },
      "properties": {
        "crosswalk_id": "06-0000018700",
        "district": "동작구",
        "address": "동작구 사당동 708-743도",
        "crosswalk_type": "일단(화살표없음)",
        "has_pedestrian_light": "N",
        "has_audio_signal": "N",
        "has_push_button": "N",
        "is_raised_crosswalk": "N",
        "has_traffic_safety_detail": "Y",
        "accessibility_score": 1,
        "route_recommendation_tier": "basic",
        "support_evidence": "교통안전시설 상세",
        "nearest_audio_signal_id": NaN,
        "nearest_audio_signal_distance_m": NaN,
        "nearest_push_button_id": NaN,
        "nearest_push_button_distance_m": NaN,
        "data_reference_date": "2026-03-20",
        "coordinate_note": "source_columns_swapped_and_normalized"
      }
    },
    {
      "type": "Feature",
      "geometry": {
        "type": "Point",
        "coordinates": [
          126.9670485,
          37.48751303
        ]
      },
      "properties": {
        "crosswalk_id": "06-0000018701",
        "district": "동작구",
        "address": "동작구 사당동 207-4도",
        "crosswalk_type": "일단(화살표없음)",
        "has_pedestrian_light": "N",
        "has_audio_signal": "N",
        "has_push_button": "N",
        "is_raised_crosswalk": "N",
        "has_traffic_safety_detail": "Y",
        "accessibility_score": 1,
        "route_recommendation_tier": "basic",
        "support_evidence": "교통안전시설 상세",
        "nearest_audio_signal_id": NaN,
        "nearest_audio_signal_distance_m": NaN,
        "nearest_push_button_id": NaN,
        "nearest_push_button_distance_m": NaN,
        "data_reference_date": "2026-03-20",
        "coordinate_note": "source_columns_swapped_and_normalized"
      }
    },
    {
      "type": "Feature",
      "geometry": {
        "type": "Point",
        "coordinates": [
          126.9666954,
          37.48755002
        ]
      },
      "properties": {
        "crosswalk_id": "06-0000018702",
        "district": "동작구",
        "address": "동작구 사당동 710-5도",
        "crosswalk_type": "일단(화살표없음)",
        "has_pedestrian_light": "N",
        "has_audio_signal": "N",
        "has_push_button": "N",
        "is_raised_crosswalk": "N",
        "has_traffic_safety_detail": "Y",
        "accessibility_score": 1,
        "route_recommendation_tier": "basic",
        "support_evidence": "교통안전시설 상세",
        "nearest_audio_signal_id": NaN,
        "nearest_audio_signal_distance_m": NaN,
        "nearest_push_button_id": NaN,
        "nearest_push_button_distance_m": NaN,
        "data_reference_date": "2026-03-20",
        "coordinate_note": "source_columns_swapped_and_normalized"
      }
    },
    {
      "type": "Feature",
      "geometry": {
        "type": "Point",
        "coordinates": [
          126.9705726,
          37.48978399
        ]
      },
      "properties": {
        "crosswalk_id": "06-0000018819",
        "district": "동작구",
        "address": "동작구 사당동 1133-8 대",
        "crosswalk_type": "일단(화살표없음)",
        "has_pedestrian_light": "N",
        "has_audio_signal": "N",
        "has_push_button": "N",
        "is_raised_crosswalk": "N",
        "has_traffic_safety_detail": "Y",
        "accessibility_score": 1,
        "route_recommendation_tier": "basic",
        "support_evidence": "교통안전시설 상세",
        "nearest_audio_signal_id": NaN,
        "nearest_audio_signal_distance_m": NaN,
        "nearest_push_button_id": NaN,
        "nearest_push_button_distance_m": NaN,
        "data_reference_date": "2026-03-20",
        "coordinate_note": "source_columns_swapped_and_normalized"
      }
    },
    {
      "type": "Feature",
      "geometry": {
        "type": "Point",
        "coordinates": [
          126.9662753,
          37.48844664
        ]
      },
      "properties": {
        "crosswalk_id": "06-0000018960",
        "district": "동작구",
        "address": "동작구 사당동 200-1학",
        "crosswalk_type": "일단(화살표없음)",
        "has_pedestrian_light": "N",
        "has_audio_signal": "N",
        "has_push_button": "N",
        "is_raised_crosswalk": "N",
        "has_traffic_safety_detail": "Y",
        "accessibility_score": 1,
        "route_recommendation_tier": "basic",
        "support_evidence": "교통안전시설 상세",
        "nearest_audio_signal_id": NaN,
        "nearest_audio_signal_distance_m": NaN,
        "nearest_push_button_id": NaN,
        "nearest_push_button_distance_m": NaN,
        "data_reference_date": "2026-03-20",
        "coordinate_note": "source_columns_swapped_and_normalized"
      }
    },
    {
      "type": "Feature",
      "geometry": {
        "type": "Point",
        "coordinates": [
          126.9750181,
          37.49012576
        ]
      },
      "properties": {
        "crosswalk_id": "06-0000018961",
        "district": "동작구",
        "address": "동작구 사당동 105대",
        "crosswalk_type": "이단(화살표있음)",
        "has_pedestrian_light": "N",
        "has_audio_signal": "N",
        "has_push_button": "N",
        "is_raised_crosswalk": "N",
        "has_traffic_safety_detail": "Y",
        "accessibility_score": 1,
        "route_recommendation_tier": "basic",
        "support_evidence": "교통안전시설 상세",
        "nearest_audio_signal_id": NaN,
        "nearest_audio_signal_distance_m": NaN,
        "nearest_push_button_id": NaN,
        "nearest_push_button_distance_m": NaN,
        "data_reference_date": "2026-03-20",
        "coordinate_note": "source_columns_swapped_and_normalized"
      }
    },
    {
      "type": "Feature",
      "geometry": {
        "type": "Point",
        "coordinates": [
          126.9537767,
          37.51222439
        ]
      },
      "properties": {
        "crosswalk_id": "06-0000019090",
        "district": "동작구",
        "address": "동작구 본동 126-20 도",
        "crosswalk_type": "일단(화살표없음)",
        "has_pedestrian_light": "N",
        "has_audio_signal": "N",
        "has_push_button": "N",
        "is_raised_crosswalk": "N",
        "has_traffic_safety_detail": "Y",
        "accessibility_score": 1,
        "route_recommendation_tier": "basic",
        "support_evidence": "교통안전시설 상세",
        "nearest_audio_signal_id": NaN,
        "nearest_audio_signal_distance_m": NaN,
        "nearest_push_button_id": NaN,
        "nearest_push_button_distance_m": NaN,
        "data_reference_date": "2026-03-20",
        "coordinate_note": "source_columns_swapped_and_normalized"
      }
    },
    {
      "type": "Feature",
      "geometry": {
        "type": "Point",
        "coordinates": [
          126.9292165,
          37.5112381
        ]
      },
      "properties": {
        "crosswalk_id": "06-0000019450",
        "district": "동작구",
        "address": "동작구 대방동 518 도",
        "crosswalk_type": "이단(화살표있음)",
        "has_pedestrian_light": "N",
        "has_audio_signal": "N",
        "has_push_button": "N",
        "is_raised_crosswalk": "N",
        "has_traffic_safety_detail": "Y",
        "accessibility_score": 1,
        "route_recommendation_tier": "basic",
        "support_evidence": "교통안전시설 상세",
        "nearest_audio_signal_id": NaN,
        "nearest_audio_signal_distance_m": NaN,
        "nearest_push_button_id": NaN,
        "nearest_push_button_distance_m": NaN,
        "data_reference_date": "2026-03-20",
        "coordinate_note": "source_columns_swapped_and_normalized"
      }
    },
    {
      "type": "Feature",
      "geometry": {
        "type": "Point",
        "coordinates": [
          126.9290911,
          37.51128977
        ]
      },
      "properties": {
        "crosswalk_id": "06-0000019451",
        "district": "동작구",
        "address": "동작구 대방동 23-105도",
        "crosswalk_type": "이단(화살표없음)",
        "has_pedestrian_light": "N",
        "has_audio_signal": "N",
        "has_push_button": "N",
        "is_raised_crosswalk": "N",
        "has_traffic_safety_detail": "Y",
        "accessibility_score": 1,
        "route_recommendation_tier": "basic",
        "support_evidence": "교통안전시설 상세",
        "nearest_audio_signal_id": NaN,
        "nearest_audio_signal_distance_m": NaN,
        "nearest_push_button_id": NaN,
        "nearest_push_button_distance_m": NaN,
        "data_reference_date": "2026-03-20",
        "coordinate_note": "source_columns_swapped_and_normalized"
      }
    },
    {
      "type": "Feature",
      "geometry": {
        "type": "Point",
        "coordinates": [
          126.9479971,
          37.50676146
        ]
      },
      "properties": {
        "crosswalk_id": "06-0000019510",
        "district": "동작구",
        "address": "동작구 상도동 414대",
        "crosswalk_type": "일단(화살표없음)",
        "has_pedestrian_light": "N",
        "has_audio_signal": "N",
        "has_push_button": "N",
        "is_raised_crosswalk": "N",
        "has_traffic_safety_detail": "Y",
        "accessibility_score": 1,
        "route_recommendation_tier": "basic",
        "support_evidence": "교통안전시설 상세",
        "nearest_audio_signal_id": NaN,
        "nearest_audio_signal_distance_m": NaN,
        "nearest_push_button_id": NaN,
        "nearest_push_button_distance_m": NaN,
        "data_reference_date": "2026-03-20",
        "coordinate_note": "source_columns_swapped_and_normalized"
      }
    },
    {
      "type": "Feature",
      "geometry": {
        "type": "Point",
        "coordinates": [
          126.9716874,
          37.48928907
        ]
      },
      "properties": {
        "crosswalk_id": "06-0000019612",
        "district": "동작구",
        "address": "동작구 사당동 1133-11 도",
        "crosswalk_type": "일단(화살표없음)",
        "has_pedestrian_light": "N",
        "has_audio_signal": "N",
        "has_push_button": "N",
        "is_raised_crosswalk": "N",
        "has_traffic_safety_detail": "Y",
        "accessibility_score": 1,
        "route_recommendation_tier": "basic",
        "support_evidence": "교통안전시설 상세",
        "nearest_audio_signal_id": NaN,
        "nearest_audio_signal_distance_m": NaN,
        "nearest_push_button_id": NaN,
        "nearest_push_button_distance_m": NaN,
        "data_reference_date": "2026-03-20",
        "coordinate_note": "source_columns_swapped_and_normalized"
      }
    },
    {
      "type": "Feature",
      "geometry": {
        "type": "Point",
        "coordinates": [
          126.9591786,
          37.49809624
        ]
      },
      "properties": {
        "crosswalk_id": "06-0000019798",
        "district": "동작구",
        "address": "동작구 상도동 421 대",
        "crosswalk_type": "이단(화살표없음)",
        "has_pedestrian_light": "N",
        "has_audio_signal": "N",
        "has_push_button": "N",
        "is_raised_crosswalk": "N",
        "has_traffic_safety_detail": "Y",
        "accessibility_score": 1,
        "route_recommendation_tier": "basic",
        "support_evidence": "교통안전시설 상세",
        "nearest_audio_signal_id": NaN,
        "nearest_audio_signal_distance_m": NaN,
        "nearest_push_button_id": NaN,
        "nearest_push_button_distance_m": NaN,
        "data_reference_date": "2026-03-20",
        "coordinate_note": "source_columns_swapped_and_normalized"
      }
    },
    {
      "type": "Feature",
      "geometry": {
        "type": "Point",
        "coordinates": [
          126.9591974,
          37.49782701
        ]
      },
      "properties": {
        "crosswalk_id": "06-0000019799",
        "district": "동작구",
        "address": "동작구 상도동 산49-142 도",
        "crosswalk_type": "일단(화살표없음)",
        "has_pedestrian_light": "N",
        "has_audio_signal": "N",
        "has_push_button": "N",
        "is_raised_crosswalk": "N",
        "has_traffic_safety_detail": "Y",
        "accessibility_score": 1,
        "route_recommendation_tier": "basic",
        "support_evidence": "교통안전시설 상세",
        "nearest_audio_signal_id": NaN,
        "nearest_audio_signal_distance_m": NaN,
        "nearest_push_button_id": NaN,
        "nearest_push_button_distance_m": NaN,
        "data_reference_date": "2026-03-20",
        "coordinate_note": "source_columns_swapped_and_normalized"
      }
    },
    {
      "type": "Feature",
      "geometry": {
        "type": "Point",
        "coordinates": [
          126.9598614,
          37.49994401
        ]
      },
      "properties": {
        "crosswalk_id": "06-0000019801",
        "district": "동작구",
        "address": "동작구 흑석동 328 대",
        "crosswalk_type": "일단(화살표없음)",
        "has_pedestrian_light": "N",
        "has_audio_signal": "N",
        "has_push_button": "N",
        "is_raised_crosswalk": "N",
        "has_traffic_safety_detail": "Y",
        "accessibility_score": 1,
        "route_recommendation_tier": "basic",
        "support_evidence": "교통안전시설 상세",
        "nearest_audio_signal_id": NaN,
        "nearest_audio_signal_distance_m": NaN,
        "nearest_push_button_id": NaN,
        "nearest_push_button_distance_m": NaN,
        "data_reference_date": "2026-03-20",
        "coordinate_note": "source_columns_swapped_and_normalized"
      }
    },
    {
      "type": "Feature",
      "geometry": {
        "type": "Point",
        "coordinates": [
          126.9579774,
          37.49755695
        ]
      },
      "properties": {
        "crosswalk_id": "06-0000021275",
        "district": "동작구",
        "address": "동작구 상도동 421 대",
        "crosswalk_type": "일단(화살표없음)",
        "has_pedestrian_light": "N",
        "has_audio_signal": "N",
        "has_push_button": "N",
        "is_raised_crosswalk": "N",
        "has_traffic_safety_detail": "Y",
        "accessibility_score": 1,
        "route_recommendation_tier": "basic",
        "support_evidence": "교통안전시설 상세",
        "nearest_audio_signal_id": NaN,
        "nearest_audio_signal_distance_m": NaN,
        "nearest_push_button_id": NaN,
        "nearest_push_button_distance_m": NaN,
        "data_reference_date": "2026-03-20",
        "coordinate_note": "source_columns_swapped_and_normalized"
      }
    },
    {
      "type": "Feature",
      "geometry": {
        "type": "Point",
        "coordinates": [
          126.9279335,
          37.50204043
        ]
      },
      "properties": {
        "crosswalk_id": "06-0000021413",
        "district": "동작구",
        "address": "동작구 대방동 466-10 도",
        "crosswalk_type": "일단(화살표없음)",
        "has_pedestrian_light": "N",
        "has_audio_signal": "N",
        "has_push_button": "N",
        "is_raised_crosswalk": "N",
        "has_traffic_safety_detail": "Y",
        "accessibility_score": 1,
        "route_recommendation_tier": "basic",
        "support_evidence": "교통안전시설 상세",
        "nearest_audio_signal_id": NaN,
        "nearest_audio_signal_distance_m": NaN,
        "nearest_push_button_id": NaN,
        "nearest_push_button_distance_m": NaN,
        "data_reference_date": "2026-03-20",
        "coordinate_note": "source_columns_swapped_and_normalized"
      }
    },
    {
      "type": "Feature",
      "geometry": {
        "type": "Point",
        "coordinates": [
          126.9279481,
          37.50195715
        ]
      },
      "properties": {
        "crosswalk_id": "06-0000021414",
        "district": "동작구",
        "address": "동작구 대방동 466-10 도",
        "crosswalk_type": "일단(화살표없음)",
        "has_pedestrian_light": "N",
        "has_audio_signal": "N",
        "has_push_button": "N",
        "is_raised_crosswalk": "N",
        "has_traffic_safety_detail": "Y",
        "accessibility_score": 1,
        "route_recommendation_tier": "basic",
        "support_evidence": "교통안전시설 상세",
        "nearest_audio_signal_id": NaN,
        "nearest_audio_signal_distance_m": NaN,
        "nearest_push_button_id": NaN,
        "nearest_push_button_distance_m": NaN,
        "data_reference_date": "2026-03-20",
        "coordinate_note": "source_columns_swapped_and_normalized"
      }
    },
    {
      "type": "Feature",
      "geometry": {
        "type": "Point",
        "coordinates": [
          126.9263665,
          37.49801296
        ]
      },
      "properties": {
        "crosswalk_id": "06-0000021421",
        "district": "동작구",
        "address": "동작구 신대방동 349-35도",
        "crosswalk_type": "일단(화살표없음)",
        "has_pedestrian_light": "N",
        "has_audio_signal": "N",
        "has_push_button": "N",
        "is_raised_crosswalk": "N",
        "has_traffic_safety_detail": "Y",
        "accessibility_score": 1,
        "route_recommendation_tier": "basic",
        "support_evidence": "교통안전시설 상세",
        "nearest_audio_signal_id": NaN,
        "nearest_audio_signal_distance_m": NaN,
        "nearest_push_button_id": NaN,
        "nearest_push_button_distance_m": NaN,
        "data_reference_date": "2026-03-20",
        "coordinate_note": "source_columns_swapped_and_normalized"
      }
    },
    {
      "type": "Feature",
      "geometry": {
        "type": "Point",
        "coordinates": [
          126.9403146,
          37.51058711
        ]
      },
      "properties": {
        "crosswalk_id": "06-0000021424",
        "district": "동작구",
        "address": "동작구 노량진동 232-311 도",
        "crosswalk_type": "일단(화살표없음)",
        "has_pedestrian_light": "N",
        "has_audio_signal": "N",
        "has_push_button": "N",
        "is_raised_crosswalk": "N",
        "has_traffic_safety_detail": "Y",
        "accessibility_score": 1,
        "route_recommendation_tier": "basic",
        "support_evidence": "교통안전시설 상세",
        "nearest_audio_signal_id": NaN,
        "nearest_audio_signal_distance_m": NaN,
        "nearest_push_button_id": NaN,
        "nearest_push_button_distance_m": NaN,
        "data_reference_date": "2026-03-20",
        "coordinate_note": "source_columns_swapped_and_normalized"
      }
    },
    {
      "type": "Feature",
      "geometry": {
        "type": "Point",
        "coordinates": [
          126.9321092,
          37.51012543
        ]
      },
      "properties": {
        "crosswalk_id": "06-0000022000",
        "district": "동작구",
        "address": "동작구 대방동 20-4도",
        "crosswalk_type": "이단(화살표있음)",
        "has_pedestrian_light": "N",
        "has_audio_signal": "N",
        "has_push_button": "N",
        "is_raised_crosswalk": "N",
        "has_traffic_safety_detail": "Y",
        "accessibility_score": 1,
        "route_recommendation_tier": "basic",
        "support_evidence": "교통안전시설 상세",
        "nearest_audio_signal_id": NaN,
        "nearest_audio_signal_distance_m": NaN,
        "nearest_push_button_id": NaN,
        "nearest_push_button_distance_m": NaN,
        "data_reference_date": "2026-03-20",
        "coordinate_note": "source_columns_swapped_and_normalized"
      }
    },
    {
      "type": "Feature",
      "geometry": {
        "type": "Point",
        "coordinates": [
          126.9240665,
          37.50034992
        ]
      },
      "properties": {
        "crosswalk_id": "06-0000022003",
        "district": "동작구",
        "address": "동작구 대방동 466-10 도",
        "crosswalk_type": "일단(화살표없음)",
        "has_pedestrian_light": "N",
        "has_audio_signal": "N",
        "has_push_button": "N",
        "is_raised_crosswalk": "N",
        "has_traffic_safety_detail": "Y",
        "accessibility_score": 1,
        "route_recommendation_tier": "basic",
        "support_evidence": "교통안전시설 상세",
        "nearest_audio_signal_id": NaN,
        "nearest_audio_signal_distance_m": NaN,
        "nearest_push_button_id": NaN,
        "nearest_push_button_distance_m": NaN,
        "data_reference_date": "2026-03-20",
        "coordinate_note": "source_columns_swapped_and_normalized"
      }
    },
    {
      "type": "Feature",
      "geometry": {
        "type": "Point",
        "coordinates": [
          126.9242918,
          37.49776808
        ]
      },
      "properties": {
        "crosswalk_id": "06-0000022496",
        "district": "동작구",
        "address": "동작구 신대방동 349-35도",
        "crosswalk_type": "이단(화살표있음)",
        "has_pedestrian_light": "N",
        "has_audio_signal": "N",
        "has_push_button": "N",
        "is_raised_crosswalk": "N",
        "has_traffic_safety_detail": "Y",
        "accessibility_score": 1,
        "route_recommendation_tier": "basic",
        "support_evidence": "교통안전시설 상세",
        "nearest_audio_signal_id": NaN,
        "nearest_audio_signal_distance_m": NaN,
        "nearest_push_button_id": NaN,
        "nearest_push_button_distance_m": NaN,
        "data_reference_date": "2026-03-20",
        "coordinate_note": "source_columns_swapped_and_normalized"
      }
    },
    {
      "type": "Feature",
      "geometry": {
        "type": "Point",
        "coordinates": [
          126.9436534,
          37.49335281
        ]
      },
      "properties": {
        "crosswalk_id": "06-0000022669",
        "district": "동작구",
        "address": "동작구 상도동 산65-244 임",
        "crosswalk_type": "이단(화살표있음)",
        "has_pedestrian_light": "N",
        "has_audio_signal": "N",
        "has_push_button": "N",
        "is_raised_crosswalk": "N",
        "has_traffic_safety_detail": "Y",
        "accessibility_score": 1,
        "route_recommendation_tier": "basic",
        "support_evidence": "교통안전시설 상세",
        "nearest_audio_signal_id": NaN,
        "nearest_audio_signal_distance_m": NaN,
        "nearest_push_button_id": NaN,
        "nearest_push_button_distance_m": NaN,
        "data_reference_date": "2026-03-20",
        "coordinate_note": "source_columns_swapped_and_normalized"
      }
    },
    {
      "type": "Feature",
      "geometry": {
        "type": "Point",
        "coordinates": [
          126.9437116,
          37.49329841
        ]
      },
      "properties": {
        "crosswalk_id": "06-0000022670",
        "district": "동작구",
        "address": "동작구 상도동 산65-244 임",
        "crosswalk_type": "일단(화살표없음)",
        "has_pedestrian_light": "N",
        "has_audio_signal": "N",
        "has_push_button": "N",
        "is_raised_crosswalk": "N",
        "has_traffic_safety_detail": "Y",
        "accessibility_score": 1,
        "route_recommendation_tier": "basic",
        "support_evidence": "교통안전시설 상세",
        "nearest_audio_signal_id": NaN,
        "nearest_audio_signal_distance_m": NaN,
        "nearest_push_button_id": NaN,
        "nearest_push_button_distance_m": NaN,
        "data_reference_date": "2026-03-20",
        "coordinate_note": "source_columns_swapped_and_normalized"
      }
    },
    {
      "type": "Feature",
      "geometry": {
        "type": "Point",
        "coordinates": [
          126.9326683,
          37.50100665
        ]
      },
      "properties": {
        "crosswalk_id": "06-0000022844",
        "district": "동작구",
        "address": "동작구 상도동 347-6도",
        "crosswalk_type": "일단(화살표없음)",
        "has_pedestrian_light": "N",
        "has_audio_signal": "N",
        "has_push_button": "N",
        "is_raised_crosswalk": "N",
        "has_traffic_safety_detail": "Y",
        "accessibility_score": 1,
        "route_recommendation_tier": "basic",
        "support_evidence": "교통안전시설 상세",
        "nearest_audio_signal_id": NaN,
        "nearest_audio_signal_distance_m": NaN,
        "nearest_push_button_id": NaN,
        "nearest_push_button_distance_m": NaN,
        "data_reference_date": "2026-03-20",
        "coordinate_note": "source_columns_swapped_and_normalized"
      }
    },
    {
      "type": "Feature",
      "geometry": {
        "type": "Point",
        "coordinates": [
          126.9496735,
          37.50495688
        ]
      },
      "properties": {
        "crosswalk_id": "06-0000023071",
        "district": "동작구",
        "address": "동작구 상도1동 528-1도",
        "crosswalk_type": "일단(화살표없음)",
        "has_pedestrian_light": "N",
        "has_audio_signal": "N",
        "has_push_button": "N",
        "is_raised_crosswalk": "N",
        "has_traffic_safety_detail": "Y",
        "accessibility_score": 1,
        "route_recommendation_tier": "basic",
        "support_evidence": "교통안전시설 상세",
        "nearest_audio_signal_id": NaN,
        "nearest_audio_signal_distance_m": NaN,
        "nearest_push_button_id": NaN,
        "nearest_push_button_distance_m": NaN,
        "data_reference_date": "2026-03-20",
        "coordinate_note": "source_columns_swapped_and_normalized"
      }
    },
    {
      "type": "Feature",
      "geometry": {
        "type": "Point",
        "coordinates": [
          126.9621042,
          37.48555417
        ]
      },
      "properties": {
        "crosswalk_id": "06-0000023297",
        "district": "동작구",
        "address": "동작구 사당동 산32-115 도",
        "crosswalk_type": "일단(화살표없음)",
        "has_pedestrian_light": "N",
        "has_audio_signal": "N",
        "has_push_button": "N",
        "is_raised_crosswalk": "N",
        "has_traffic_safety_detail": "Y",
        "accessibility_score": 1,
        "route_recommendation_tier": "basic",
        "support_evidence": "교통안전시설 상세",
        "nearest_audio_signal_id": NaN,
        "nearest_audio_signal_distance_m": NaN,
        "nearest_push_button_id": NaN,
        "nearest_push_button_distance_m": NaN,
        "data_reference_date": "2026-03-20",
        "coordinate_note": "source_columns_swapped_and_normalized"
      }
    },
    {
      "type": "Feature",
      "geometry": {
        "type": "Point",
        "coordinates": [
          126.9511272,
          37.50997645
        ]
      },
      "properties": {
        "crosswalk_id": "06-0000023326",
        "district": "동작구",
        "address": "동작구 본동 148-9 도",
        "crosswalk_type": "이단(화살표있음)",
        "has_pedestrian_light": "N",
        "has_audio_signal": "N",
        "has_push_button": "N",
        "is_raised_crosswalk": "N",
        "has_traffic_safety_detail": "Y",
        "accessibility_score": 1,
        "route_recommendation_tier": "basic",
        "support_evidence": "교통안전시설 상세",
        "nearest_audio_signal_id": NaN,
        "nearest_audio_signal_distance_m": NaN,
        "nearest_push_button_id": NaN,
        "nearest_push_button_distance_m": NaN,
        "data_reference_date": "2026-03-20",
        "coordinate_note": "source_columns_swapped_and_normalized"
      }
    },
    {
      "type": "Feature",
      "geometry": {
        "type": "Point",
        "coordinates": [
          126.9509541,
          37.5099313
        ]
      },
      "properties": {
        "crosswalk_id": "06-0000023327",
        "district": "동작구",
        "address": "동작구 본동 492 대",
        "crosswalk_type": "일단(화살표없음)",
        "has_pedestrian_light": "N",
        "has_audio_signal": "N",
        "has_push_button": "N",
        "is_raised_crosswalk": "N",
        "has_traffic_safety_detail": "Y",
        "accessibility_score": 1,
        "route_recommendation_tier": "basic",
        "support_evidence": "교통안전시설 상세",
        "nearest_audio_signal_id": NaN,
        "nearest_audio_signal_distance_m": NaN,
        "nearest_push_button_id": NaN,
        "nearest_push_button_distance_m": NaN,
        "data_reference_date": "2026-03-20",
        "coordinate_note": "source_columns_swapped_and_normalized"
      }
    },
    {
      "type": "Feature",
      "geometry": {
        "type": "Point",
        "coordinates": [
          126.9507166,
          37.50918537
        ]
      },
      "properties": {
        "crosswalk_id": "06-0000023328",
        "district": "동작구",
        "address": "동작구 본동 148-9 도",
        "crosswalk_type": "일단(화살표없음)",
        "has_pedestrian_light": "N",
        "has_audio_signal": "N",
        "has_push_button": "N",
        "is_raised_crosswalk": "N",
        "has_traffic_safety_detail": "Y",
        "accessibility_score": 1,
        "route_recommendation_tier": "basic",
        "support_evidence": "교통안전시설 상세",
        "nearest_audio_signal_id": NaN,
        "nearest_audio_signal_distance_m": NaN,
        "nearest_push_button_id": NaN,
        "nearest_push_button_distance_m": NaN,
        "data_reference_date": "2026-03-20",
        "coordinate_note": "source_columns_swapped_and_normalized"
      }
    },
    {
      "type": "Feature",
      "geometry": {
        "type": "Point",
        "coordinates": [
          126.950908,
          37.50911953
        ]
      },
      "properties": {
        "crosswalk_id": "06-0000023329",
        "district": "동작구",
        "address": "동작구 본동 457-257수",
        "crosswalk_type": "이단(화살표있음)",
        "has_pedestrian_light": "N",
        "has_audio_signal": "N",
        "has_push_button": "N",
        "is_raised_crosswalk": "N",
        "has_traffic_safety_detail": "Y",
        "accessibility_score": 1,
        "route_recommendation_tier": "basic",
        "support_evidence": "교통안전시설 상세",
        "nearest_audio_signal_id": NaN,
        "nearest_audio_signal_distance_m": NaN,
        "nearest_push_button_id": NaN,
        "nearest_push_button_distance_m": NaN,
        "data_reference_date": "2026-03-20",
        "coordinate_note": "source_columns_swapped_and_normalized"
      }
    },
    {
      "type": "Feature",
      "geometry": {
        "type": "Point",
        "coordinates": [
          126.9500114,
          37.51043867
        ]
      },
      "properties": {
        "crosswalk_id": "06-0000023335",
        "district": "동작구",
        "address": "동작구 본동 492-1 도",
        "crosswalk_type": "이단(화살표있음)",
        "has_pedestrian_light": "N",
        "has_audio_signal": "N",
        "has_push_button": "N",
        "is_raised_crosswalk": "N",
        "has_traffic_safety_detail": "Y",
        "accessibility_score": 1,
        "route_recommendation_tier": "basic",
        "support_evidence": "교통안전시설 상세",
        "nearest_audio_signal_id": NaN,
        "nearest_audio_signal_distance_m": NaN,
        "nearest_push_button_id": NaN,
        "nearest_push_button_distance_m": NaN,
        "data_reference_date": "2026-03-20",
        "coordinate_note": "source_columns_swapped_and_normalized"
      }
    },
    {
      "type": "Feature",
      "geometry": {
        "type": "Point",
        "coordinates": [
          126.9716412,
          37.49071998
        ]
      },
      "properties": {
        "crosswalk_id": "06-0000023431",
        "district": "동작구",
        "address": "동작구 사당동 1132 대",
        "crosswalk_type": "일단(화살표없음)",
        "has_pedestrian_light": "N",
        "has_audio_signal": "N",
        "has_push_button": "N",
        "is_raised_crosswalk": "N",
        "has_traffic_safety_detail": "Y",
        "accessibility_score": 1,
        "route_recommendation_tier": "basic",
        "support_evidence": "교통안전시설 상세",
        "nearest_audio_signal_id": NaN,
        "nearest_audio_signal_distance_m": NaN,
        "nearest_push_button_id": NaN,
        "nearest_push_button_distance_m": NaN,
        "data_reference_date": "2026-03-20",
        "coordinate_note": "source_columns_swapped_and_normalized"
      }
    },
    {
      "type": "Feature",
      "geometry": {
        "type": "Point",
        "coordinates": [
          126.9721316,
          37.4901003
        ]
      },
      "properties": {
        "crosswalk_id": "06-0000023432",
        "district": "동작구",
        "address": "동작구 사당동 708-525 천",
        "crosswalk_type": "일단(화살표없음)",
        "has_pedestrian_light": "N",
        "has_audio_signal": "N",
        "has_push_button": "N",
        "is_raised_crosswalk": "N",
        "has_traffic_safety_detail": "Y",
        "accessibility_score": 1,
        "route_recommendation_tier": "basic",
        "support_evidence": "교통안전시설 상세",
        "nearest_audio_signal_id": NaN,
        "nearest_audio_signal_distance_m": NaN,
        "nearest_push_button_id": NaN,
        "nearest_push_button_distance_m": NaN,
        "data_reference_date": "2026-03-20",
        "coordinate_note": "source_columns_swapped_and_normalized"
      }
    },
    {
      "type": "Feature",
      "geometry": {
        "type": "Point",
        "coordinates": [
          126.9495897,
          37.50468862
        ]
      },
      "properties": {
        "crosswalk_id": "06-0000024100",
        "district": "동작구",
        "address": "동작구 상도1동 528-1도",
        "crosswalk_type": "일단(화살표없음)",
        "has_pedestrian_light": "N",
        "has_audio_signal": "N",
        "has_push_button": "N",
        "is_raised_crosswalk": "N",
        "has_traffic_safety_detail": "Y",
        "accessibility_score": 1,
        "route_recommendation_tier": "basic",
        "support_evidence": "교통안전시설 상세",
        "nearest_audio_signal_id": NaN,
        "nearest_audio_signal_distance_m": NaN,
        "nearest_push_button_id": NaN,
        "nearest_push_button_distance_m": NaN,
        "data_reference_date": "2026-03-20",
        "coordinate_note": "source_columns_swapped_and_normalized"
      }
    },
    {
      "type": "Feature",
      "geometry": {
        "type": "Point",
        "coordinates": [
          126.9531676,
          37.49768207
        ]
      },
      "properties": {
        "crosswalk_id": "06-0000024284",
        "district": "동작구",
        "address": "동작구 상도1동 486-10 도",
        "crosswalk_type": "일단(화살표없음)",
        "has_pedestrian_light": "N",
        "has_audio_signal": "N",
        "has_push_button": "N",
        "is_raised_crosswalk": "N",
        "has_traffic_safety_detail": "Y",
        "accessibility_score": 1,
        "route_recommendation_tier": "basic",
        "support_evidence": "교통안전시설 상세",
        "nearest_audio_signal_id": NaN,
        "nearest_audio_signal_distance_m": NaN,
        "nearest_push_button_id": NaN,
        "nearest_push_button_distance_m": NaN,
        "data_reference_date": "2026-03-20",
        "coordinate_note": "source_columns_swapped_and_normalized"
      }
    },
    {
      "type": "Feature",
      "geometry": {
        "type": "Point",
        "coordinates": [
          126.9529888,
          37.49786912
        ]
      },
      "properties": {
        "crosswalk_id": "06-0000024285",
        "district": "동작구",
        "address": "동작구 상도동 439 도",
        "crosswalk_type": "일단(화살표없음)",
        "has_pedestrian_light": "N",
        "has_audio_signal": "N",
        "has_push_button": "N",
        "is_raised_crosswalk": "N",
        "has_traffic_safety_detail": "Y",
        "accessibility_score": 1,
        "route_recommendation_tier": "basic",
        "support_evidence": "교통안전시설 상세",
        "nearest_audio_signal_id": NaN,
        "nearest_audio_signal_distance_m": NaN,
        "nearest_push_button_id": NaN,
        "nearest_push_button_distance_m": NaN,
        "data_reference_date": "2026-03-20",
        "coordinate_note": "source_columns_swapped_and_normalized"
      }
    },
    {
      "type": "Feature",
      "geometry": {
        "type": "Point",
        "coordinates": [
          126.9534023,
          37.49783561
        ]
      },
      "properties": {
        "crosswalk_id": "06-0000024287",
        "district": "동작구",
        "address": "동작구 상도동 439 도",
        "crosswalk_type": "일단(화살표없음)",
        "has_pedestrian_light": "N",
        "has_audio_signal": "N",
        "has_push_button": "N",
        "is_raised_crosswalk": "N",
        "has_traffic_safety_detail": "Y",
        "accessibility_score": 1,
        "route_recommendation_tier": "basic",
        "support_evidence": "교통안전시설 상세",
        "nearest_audio_signal_id": NaN,
        "nearest_audio_signal_distance_m": NaN,
        "nearest_push_button_id": NaN,
        "nearest_push_button_distance_m": NaN,
        "data_reference_date": "2026-03-20",
        "coordinate_note": "source_columns_swapped_and_normalized"
      }
    },
    {
      "type": "Feature",
      "geometry": {
        "type": "Point",
        "coordinates": [
          126.9537964,
          37.50390215
        ]
      },
      "properties": {
        "crosswalk_id": "06-0000024731",
        "district": "동작구",
        "address": "동작구 상도동 439 도",
        "crosswalk_type": "일단(화살표있음)",
        "has_pedestrian_light": "N",
        "has_audio_signal": "N",
        "has_push_button": "N",
        "is_raised_crosswalk": "N",
        "has_traffic_safety_detail": "Y",
        "accessibility_score": 1,
        "route_recommendation_tier": "basic",
        "support_evidence": "교통안전시설 상세",
        "nearest_audio_signal_id": NaN,
        "nearest_audio_signal_distance_m": NaN,
        "nearest_push_button_id": NaN,
        "nearest_push_button_distance_m": NaN,
        "data_reference_date": "2026-03-20",
        "coordinate_note": "source_columns_swapped_and_normalized"
      }
    },
    {
      "type": "Feature",
      "geometry": {
        "type": "Point",
        "coordinates": [
          126.940093,
          37.51275972
        ]
      },
      "properties": {
        "crosswalk_id": "06-0000024873",
        "district": "동작구",
        "address": "동작구 노량진동 55-2 도",
        "crosswalk_type": "일단(화살표없음)",
        "has_pedestrian_light": "N",
        "has_audio_signal": "N",
        "has_push_button": "N",
        "is_raised_crosswalk": "N",
        "has_traffic_safety_detail": "Y",
        "accessibility_score": 1,
        "route_recommendation_tier": "basic",
        "support_evidence": "교통안전시설 상세",
        "nearest_audio_signal_id": NaN,
        "nearest_audio_signal_distance_m": NaN,
        "nearest_push_button_id": NaN,
        "nearest_push_button_distance_m": NaN,
        "data_reference_date": "2026-03-20",
        "coordinate_note": "source_columns_swapped_and_normalized"
      }
    },
    {
      "type": "Feature",
      "geometry": {
        "type": "Point",
        "coordinates": [
          126.9404582,
          37.50496203
        ]
      },
      "properties": {
        "crosswalk_id": "06-0000024980",
        "district": "동작구",
        "address": "동작구 상도동 373-21 도",
        "crosswalk_type": "일단(화살표없음)",
        "has_pedestrian_light": "N",
        "has_audio_signal": "N",
        "has_push_button": "N",
        "is_raised_crosswalk": "N",
        "has_traffic_safety_detail": "Y",
        "accessibility_score": 1,
        "route_recommendation_tier": "basic",
        "support_evidence": "교통안전시설 상세",
        "nearest_audio_signal_id": NaN,
        "nearest_audio_signal_distance_m": NaN,
        "nearest_push_button_id": NaN,
        "nearest_push_button_distance_m": NaN,
        "data_reference_date": "2026-03-20",
        "coordinate_note": "source_columns_swapped_and_normalized"
      }
    },
    {
      "type": "Feature",
      "geometry": {
        "type": "Point",
        "coordinates": [
          126.9510751,
          37.50469674
        ]
      },
      "properties": {
        "crosswalk_id": "06-0000025143",
        "district": "동작구",
        "address": "동작구 상도1동 528-1도",
        "crosswalk_type": "일단(화살표없음)",
        "has_pedestrian_light": "N",
        "has_audio_signal": "N",
        "has_push_button": "N",
        "is_raised_crosswalk": "N",
        "has_traffic_safety_detail": "Y",
        "accessibility_score": 1,
        "route_recommendation_tier": "basic",
        "support_evidence": "교통안전시설 상세",
        "nearest_audio_signal_id": NaN,
        "nearest_audio_signal_distance_m": NaN,
        "nearest_push_button_id": NaN,
        "nearest_push_button_distance_m": NaN,
        "data_reference_date": "2026-03-20",
        "coordinate_note": "source_columns_swapped_and_normalized"
      }
    },
    {
      "type": "Feature",
      "geometry": {
        "type": "Point",
        "coordinates": [
          126.9795234,
          37.48178344
        ]
      },
      "properties": {
        "crosswalk_id": "06-0000025699",
        "district": "동작구",
        "address": "동작구 사당동 1096도",
        "crosswalk_type": "일단(화살표없음)",
        "has_pedestrian_light": "N",
        "has_audio_signal": "N",
        "has_push_button": "N",
        "is_raised_crosswalk": "N",
        "has_traffic_safety_detail": "Y",
        "accessibility_score": 1,
        "route_recommendation_tier": "basic",
        "support_evidence": "교통안전시설 상세",
        "nearest_audio_signal_id": NaN,
        "nearest_audio_signal_distance_m": NaN,
        "nearest_push_button_id": NaN,
        "nearest_push_button_distance_m": NaN,
        "data_reference_date": "2026-03-20",
        "coordinate_note": "source_columns_swapped_and_normalized"
      }
    },
    {
      "type": "Feature",
      "geometry": {
        "type": "Point",
        "coordinates": [
          126.9794565,
          37.48174673
        ]
      },
      "properties": {
        "crosswalk_id": "06-0000025700",
        "district": "동작구",
        "address": "동작구 사당동 1096도",
        "crosswalk_type": "일단(화살표없음)",
        "has_pedestrian_light": "N",
        "has_audio_signal": "N",
        "has_push_button": "N",
        "is_raised_crosswalk": "N",
        "has_traffic_safety_detail": "Y",
        "accessibility_score": 1,
        "route_recommendation_tier": "basic",
        "support_evidence": "교통안전시설 상세",
        "nearest_audio_signal_id": NaN,
        "nearest_audio_signal_distance_m": NaN,
        "nearest_push_button_id": NaN,
        "nearest_push_button_distance_m": NaN,
        "data_reference_date": "2026-03-20",
        "coordinate_note": "source_columns_swapped_and_normalized"
      }
    },
    {
      "type": "Feature",
      "geometry": {
        "type": "Point",
        "coordinates": [
          126.9795314,
          37.4816989
        ]
      },
      "properties": {
        "crosswalk_id": "06-0000025701",
        "district": "동작구",
        "address": "동작구 사당동 1096도",
        "crosswalk_type": "일단(화살표없음)",
        "has_pedestrian_light": "N",
        "has_audio_signal": "N",
        "has_push_button": "N",
        "is_raised_crosswalk": "N",
        "has_traffic_safety_detail": "Y",
        "accessibility_score": 1,
        "route_recommendation_tier": "basic",
        "support_evidence": "교통안전시설 상세",
        "nearest_audio_signal_id": NaN,
        "nearest_audio_signal_distance_m": NaN,
        "nearest_push_button_id": NaN,
        "nearest_push_button_distance_m": NaN,
        "data_reference_date": "2026-03-20",
        "coordinate_note": "source_columns_swapped_and_normalized"
      }
    },
    {
      "type": "Feature",
      "geometry": {
        "type": "Point",
        "coordinates": [
          126.975846,
          37.49303085
        ]
      },
      "properties": {
        "crosswalk_id": "06-0000025704",
        "district": "동작구",
        "address": "동작구 사당동 산10-24도",
        "crosswalk_type": "일단(화살표있음)",
        "has_pedestrian_light": "N",
        "has_audio_signal": "N",
        "has_push_button": "N",
        "is_raised_crosswalk": "N",
        "has_traffic_safety_detail": "Y",
        "accessibility_score": 1,
        "route_recommendation_tier": "basic",
        "support_evidence": "교통안전시설 상세",
        "nearest_audio_signal_id": NaN,
        "nearest_audio_signal_distance_m": NaN,
        "nearest_push_button_id": NaN,
        "nearest_push_button_distance_m": NaN,
        "data_reference_date": "2026-03-20",
        "coordinate_note": "source_columns_swapped_and_normalized"
      }
    },
    {
      "type": "Feature",
      "geometry": {
        "type": "Point",
        "coordinates": [
          126.976663,
          37.49262604
        ]
      },
      "properties": {
        "crosswalk_id": "06-0000025706",
        "district": "동작구",
        "address": "동작구 사당동 산10-27 도",
        "crosswalk_type": "일단(화살표없음)",
        "has_pedestrian_light": "N",
        "has_audio_signal": "N",
        "has_push_button": "N",
        "is_raised_crosswalk": "N",
        "has_traffic_safety_detail": "Y",
        "accessibility_score": 1,
        "route_recommendation_tier": "basic",
        "support_evidence": "교통안전시설 상세",
        "nearest_audio_signal_id": NaN,
        "nearest_audio_signal_distance_m": NaN,
        "nearest_push_button_id": NaN,
        "nearest_push_button_distance_m": NaN,
        "data_reference_date": "2026-03-20",
        "coordinate_note": "source_columns_swapped_and_normalized"
      }
    },
    {
      "type": "Feature",
      "geometry": {
        "type": "Point",
        "coordinates": [
          126.9768343,
          37.49207901
        ]
      },
      "properties": {
        "crosswalk_id": "06-0000025710",
        "district": "동작구",
        "address": "동작구 사당동 59-22도",
        "crosswalk_type": "일단(화살표없음)",
        "has_pedestrian_light": "N",
        "has_audio_signal": "N",
        "has_push_button": "N",
        "is_raised_crosswalk": "N",
        "has_traffic_safety_detail": "Y",
        "accessibility_score": 1,
        "route_recommendation_tier": "basic",
        "support_evidence": "교통안전시설 상세",
        "nearest_audio_signal_id": NaN,
        "nearest_audio_signal_distance_m": NaN,
        "nearest_push_button_id": NaN,
        "nearest_push_button_distance_m": NaN,
        "data_reference_date": "2026-03-20",
        "coordinate_note": "source_columns_swapped_and_normalized"
      }
    },
    {
      "type": "Feature",
      "geometry": {
        "type": "Point",
        "coordinates": [
          126.9767381,
          37.49181305
        ]
      },
      "properties": {
        "crosswalk_id": "06-0000025711",
        "district": "동작구",
        "address": "동작구 사당동 59-23도",
        "crosswalk_type": "일단(화살표없음)",
        "has_pedestrian_light": "N",
        "has_audio_signal": "N",
        "has_push_button": "N",
        "is_raised_crosswalk": "N",
        "has_traffic_safety_detail": "Y",
        "accessibility_score": 1,
        "route_recommendation_tier": "basic",
        "support_evidence": "교통안전시설 상세",
        "nearest_audio_signal_id": NaN,
        "nearest_audio_signal_distance_m": NaN,
        "nearest_push_button_id": NaN,
        "nearest_push_button_distance_m": NaN,
        "data_reference_date": "2026-03-20",
        "coordinate_note": "source_columns_swapped_and_normalized"
      }
    },
    {
      "type": "Feature",
      "geometry": {
        "type": "Point",
        "coordinates": [
          126.9765359,
          37.49134776
        ]
      },
      "properties": {
        "crosswalk_id": "06-0000025712",
        "district": "동작구",
        "address": "동작구 사당동 1137-6도",
        "crosswalk_type": "일단(화살표없음)",
        "has_pedestrian_light": "N",
        "has_audio_signal": "N",
        "has_push_button": "N",
        "is_raised_crosswalk": "N",
        "has_traffic_safety_detail": "Y",
        "accessibility_score": 1,
        "route_recommendation_tier": "basic",
        "support_evidence": "교통안전시설 상세",
        "nearest_audio_signal_id": NaN,
        "nearest_audio_signal_distance_m": NaN,
        "nearest_push_button_id": NaN,
        "nearest_push_button_distance_m": NaN,
        "data_reference_date": "2026-03-20",
        "coordinate_note": "source_columns_swapped_and_normalized"
      }
    },
    {
      "type": "Feature",
      "geometry": {
        "type": "Point",
        "coordinates": [
          126.9544694,
          37.51229463
        ]
      },
      "properties": {
        "crosswalk_id": "06-0000025886",
        "district": "동작구",
        "address": "동작구 본동 47-52도",
        "crosswalk_type": "일단(화살표없음)",
        "has_pedestrian_light": "N",
        "has_audio_signal": "N",
        "has_push_button": "N",
        "is_raised_crosswalk": "N",
        "has_traffic_safety_detail": "Y",
        "accessibility_score": 1,
        "route_recommendation_tier": "basic",
        "support_evidence": "교통안전시설 상세",
        "nearest_audio_signal_id": NaN,
        "nearest_audio_signal_distance_m": NaN,
        "nearest_push_button_id": NaN,
        "nearest_push_button_distance_m": NaN,
        "data_reference_date": "2026-03-20",
        "coordinate_note": "source_columns_swapped_and_normalized"
      }
    },
    {
      "type": "Feature",
      "geometry": {
        "type": "Point",
        "coordinates": [
          126.9540119,
          37.51170698
        ]
      },
      "properties": {
        "crosswalk_id": "06-0000025888",
        "district": "동작구",
        "address": "동작구 본동 126-337수",
        "crosswalk_type": "일단(화살표없음)",
        "has_pedestrian_light": "N",
        "has_audio_signal": "N",
        "has_push_button": "N",
        "is_raised_crosswalk": "N",
        "has_traffic_safety_detail": "Y",
        "accessibility_score": 1,
        "route_recommendation_tier": "basic",
        "support_evidence": "교통안전시설 상세",
        "nearest_audio_signal_id": NaN,
        "nearest_audio_signal_distance_m": NaN,
        "nearest_push_button_id": NaN,
        "nearest_push_button_distance_m": NaN,
        "data_reference_date": "2026-03-20",
        "coordinate_note": "source_columns_swapped_and_normalized"
      }
    },
    {
      "type": "Feature",
      "geometry": {
        "type": "Point",
        "coordinates": [
          126.931999,
          37.51034058
        ]
      },
      "properties": {
        "crosswalk_id": "06-0000025892",
        "district": "동작구",
        "address": "동작구 대방동 23-2도",
        "crosswalk_type": "일단(화살표없음)",
        "has_pedestrian_light": "N",
        "has_audio_signal": "N",
        "has_push_button": "N",
        "is_raised_crosswalk": "N",
        "has_traffic_safety_detail": "Y",
        "accessibility_score": 1,
        "route_recommendation_tier": "basic",
        "support_evidence": "교통안전시설 상세",
        "nearest_audio_signal_id": NaN,
        "nearest_audio_signal_distance_m": NaN,
        "nearest_push_button_id": NaN,
        "nearest_push_button_distance_m": NaN,
        "data_reference_date": "2026-03-20",
        "coordinate_note": "source_columns_swapped_and_normalized"
      }
    },
    {
      "type": "Feature",
      "geometry": {
        "type": "Point",
        "coordinates": [
          126.9321734,
          37.51029017
        ]
      },
      "properties": {
        "crosswalk_id": "06-0000025893",
        "district": "동작구",
        "address": "동작구 대방동 68-63구",
        "crosswalk_type": "일단(화살표없음)",
        "has_pedestrian_light": "N",
        "has_audio_signal": "N",
        "has_push_button": "N",
        "is_raised_crosswalk": "N",
        "has_traffic_safety_detail": "Y",
        "accessibility_score": 1,
        "route_recommendation_tier": "basic",
        "support_evidence": "교통안전시설 상세",
        "nearest_audio_signal_id": NaN,
        "nearest_audio_signal_distance_m": NaN,
        "nearest_push_button_id": NaN,
        "nearest_push_button_distance_m": NaN,
        "data_reference_date": "2026-03-20",
        "coordinate_note": "source_columns_swapped_and_normalized"
      }
    },
    {
      "type": "Feature",
      "geometry": {
        "type": "Point",
        "coordinates": [
          126.9323195,
          37.50839905
        ]
      },
      "properties": {
        "crosswalk_id": "06-0000025896",
        "district": "동작구",
        "address": "동작구 대방동 68-23구",
        "crosswalk_type": "일단(화살표없음)",
        "has_pedestrian_light": "N",
        "has_audio_signal": "N",
        "has_push_button": "N",
        "is_raised_crosswalk": "N",
        "has_traffic_safety_detail": "Y",
        "accessibility_score": 1,
        "route_recommendation_tier": "basic",
        "support_evidence": "교통안전시설 상세",
        "nearest_audio_signal_id": NaN,
        "nearest_audio_signal_distance_m": NaN,
        "nearest_push_button_id": NaN,
        "nearest_push_button_distance_m": NaN,
        "data_reference_date": "2026-03-20",
        "coordinate_note": "source_columns_swapped_and_normalized"
      }
    },
    {
      "type": "Feature",
      "geometry": {
        "type": "Point",
        "coordinates": [
          126.9322593,
          37.50700071
        ]
      },
      "properties": {
        "crosswalk_id": "06-0000025898",
        "district": "동작구",
        "address": "동작구 대방동 11-4도",
        "crosswalk_type": "일단(화살표없음)",
        "has_pedestrian_light": "N",
        "has_audio_signal": "N",
        "has_push_button": "N",
        "is_raised_crosswalk": "N",
        "has_traffic_safety_detail": "Y",
        "accessibility_score": 1,
        "route_recommendation_tier": "basic",
        "support_evidence": "교통안전시설 상세",
        "nearest_audio_signal_id": NaN,
        "nearest_audio_signal_distance_m": NaN,
        "nearest_push_button_id": NaN,
        "nearest_push_button_distance_m": NaN,
        "data_reference_date": "2026-03-20",
        "coordinate_note": "source_columns_swapped_and_normalized"
      }
    },
    {
      "type": "Feature",
      "geometry": {
        "type": "Point",
        "coordinates": [
          126.9763965,
          37.48502153
        ]
      },
      "properties": {
        "crosswalk_id": "06-0000025994",
        "district": "동작구",
        "address": "동작구 사당동 708-624도",
        "crosswalk_type": "일단(화살표없음)",
        "has_pedestrian_light": "N",
        "has_audio_signal": "N",
        "has_push_button": "N",
        "is_raised_crosswalk": "N",
        "has_traffic_safety_detail": "Y",
        "accessibility_score": 1,
        "route_recommendation_tier": "basic",
        "support_evidence": "교통안전시설 상세",
        "nearest_audio_signal_id": NaN,
        "nearest_audio_signal_distance_m": NaN,
        "nearest_push_button_id": NaN,
        "nearest_push_button_distance_m": NaN,
        "data_reference_date": "2026-03-20",
        "coordinate_note": "source_columns_swapped_and_normalized"
      }
    },
    {
      "type": "Feature",
      "geometry": {
        "type": "Point",
        "coordinates": [
          126.9747406,
          37.4862967
        ]
      },
      "properties": {
        "crosswalk_id": "06-0000025995",
        "district": "동작구",
        "address": "동작구 사당동 708-642천",
        "crosswalk_type": "일단(화살표없음)",
        "has_pedestrian_light": "N",
        "has_audio_signal": "N",
        "has_push_button": "N",
        "is_raised_crosswalk": "N",
        "has_traffic_safety_detail": "Y",
        "accessibility_score": 1,
        "route_recommendation_tier": "basic",
        "support_evidence": "교통안전시설 상세",
        "nearest_audio_signal_id": NaN,
        "nearest_audio_signal_distance_m": NaN,
        "nearest_push_button_id": NaN,
        "nearest_push_button_distance_m": NaN,
        "data_reference_date": "2026-03-20",
        "coordinate_note": "source_columns_swapped_and_normalized"
      }
    },
    {
      "type": "Feature",
      "geometry": {
        "type": "Point",
        "coordinates": [
          126.9403379,
          37.51184267
        ]
      },
      "properties": {
        "crosswalk_id": "06-0000026289",
        "district": "동작구",
        "address": "동작구 노량진동 49-1도",
        "crosswalk_type": "일단(화살표없음)",
        "has_pedestrian_light": "N",
        "has_audio_signal": "N",
        "has_push_button": "N",
        "is_raised_crosswalk": "N",
        "has_traffic_safety_detail": "Y",
        "accessibility_score": 1,
        "route_recommendation_tier": "basic",
        "support_evidence": "교통안전시설 상세",
        "nearest_audio_signal_id": NaN,
        "nearest_audio_signal_distance_m": NaN,
        "nearest_push_button_id": NaN,
        "nearest_push_button_distance_m": NaN,
        "data_reference_date": "2026-03-20",
        "coordinate_note": "source_columns_swapped_and_normalized"
      }
    },
    {
      "type": "Feature",
      "geometry": {
        "type": "Point",
        "coordinates": [
          126.94258,
          37.50015412
        ]
      },
      "properties": {
        "crosswalk_id": "06-0000026876",
        "district": "동작구",
        "address": "동작구 상도동 201-174도",
        "crosswalk_type": "일단(화살표없음)",
        "has_pedestrian_light": "N",
        "has_audio_signal": "N",
        "has_push_button": "N",
        "is_raised_crosswalk": "N",
        "has_traffic_safety_detail": "Y",
        "accessibility_score": 1,
        "route_recommendation_tier": "basic",
        "support_evidence": "교통안전시설 상세",
        "nearest_audio_signal_id": NaN,
        "nearest_audio_signal_distance_m": NaN,
        "nearest_push_button_id": NaN,
        "nearest_push_button_distance_m": NaN,
        "data_reference_date": "2026-03-20",
        "coordinate_note": "source_columns_swapped_and_normalized"
      }
    },
    {
      "type": "Feature",
      "geometry": {
        "type": "Point",
        "coordinates": [
          126.9249165,
          37.50577853
        ]
      },
      "properties": {
        "crosswalk_id": "06-0000026895",
        "district": "동작구",
        "address": "동작구 대방동 466-56도",
        "crosswalk_type": "이단(화살표있음)",
        "has_pedestrian_light": "N",
        "has_audio_signal": "N",
        "has_push_button": "N",
        "is_raised_crosswalk": "N",
        "has_traffic_safety_detail": "Y",
        "accessibility_score": 1,
        "route_recommendation_tier": "basic",
        "support_evidence": "교통안전시설 상세",
        "nearest_audio_signal_id": NaN,
        "nearest_audio_signal_distance_m": NaN,
        "nearest_push_button_id": NaN,
        "nearest_push_button_distance_m": NaN,
        "data_reference_date": "2026-03-20",
        "coordinate_note": "source_columns_swapped_and_normalized"
      }
    },
    {
      "type": "Feature",
      "geometry": {
        "type": "Point",
        "coordinates": [
          126.9247295,
          37.50578058
        ]
      },
      "properties": {
        "crosswalk_id": "06-0000026896",
        "district": "동작구",
        "address": "동작구 대방동 501대",
        "crosswalk_type": "이단(화살표있음)",
        "has_pedestrian_light": "N",
        "has_audio_signal": "N",
        "has_push_button": "N",
        "is_raised_crosswalk": "N",
        "has_traffic_safety_detail": "Y",
        "accessibility_score": 1,
        "route_recommendation_tier": "basic",
        "support_evidence": "교통안전시설 상세",
        "nearest_audio_signal_id": NaN,
        "nearest_audio_signal_distance_m": NaN,
        "nearest_push_button_id": NaN,
        "nearest_push_button_distance_m": NaN,
        "data_reference_date": "2026-03-20",
        "coordinate_note": "source_columns_swapped_and_normalized"
      }
    },
    {
      "type": "Feature",
      "geometry": {
        "type": "Point",
        "coordinates": [
          126.9295447,
          37.50735794
        ]
      },
      "properties": {
        "crosswalk_id": "06-0000026898",
        "district": "동작구",
        "address": "동작구 대방동 68-11도",
        "crosswalk_type": "이단(화살표있음)",
        "has_pedestrian_light": "N",
        "has_audio_signal": "N",
        "has_push_button": "N",
        "is_raised_crosswalk": "N",
        "has_traffic_safety_detail": "Y",
        "accessibility_score": 1,
        "route_recommendation_tier": "basic",
        "support_evidence": "교통안전시설 상세",
        "nearest_audio_signal_id": NaN,
        "nearest_audio_signal_distance_m": NaN,
        "nearest_push_button_id": NaN,
        "nearest_push_button_distance_m": NaN,
        "data_reference_date": "2026-03-20",
        "coordinate_note": "source_columns_swapped_and_normalized"
      }
    },
    {
      "type": "Feature",
      "geometry": {
        "type": "Point",
        "coordinates": [
          126.9514064,
          37.50800759
        ]
      },
      "properties": {
        "crosswalk_id": "06-0000026967",
        "district": "동작구",
        "address": "동작구 본동 508-1도",
        "crosswalk_type": "일단(화살표없음)",
        "has_pedestrian_light": "N",
        "has_audio_signal": "N",
        "has_push_button": "N",
        "is_raised_crosswalk": "N",
        "has_traffic_safety_detail": "Y",
        "accessibility_score": 1,
        "route_recommendation_tier": "basic",
        "support_evidence": "교통안전시설 상세",
        "nearest_audio_signal_id": NaN,
        "nearest_audio_signal_distance_m": NaN,
        "nearest_push_button_id": NaN,
        "nearest_push_button_distance_m": NaN,
        "data_reference_date": "2026-03-20",
        "coordinate_note": "source_columns_swapped_and_normalized"
      }
    },
    {
      "type": "Feature",
      "geometry": {
        "type": "Point",
        "coordinates": [
          126.9660077,
          37.50738723
        ]
      },
      "properties": {
        "crosswalk_id": "06-0000027272",
        "district": "동작구",
        "address": "동작구 흑석동 9-22도",
        "crosswalk_type": "일단(화살표없음)",
        "has_pedestrian_light": "N",
        "has_audio_signal": "N",
        "has_push_button": "N",
        "is_raised_crosswalk": "N",
        "has_traffic_safety_detail": "Y",
        "accessibility_score": 1,
        "route_recommendation_tier": "basic",
        "support_evidence": "교통안전시설 상세",
        "nearest_audio_signal_id": NaN,
        "nearest_audio_signal_distance_m": NaN,
        "nearest_push_button_id": NaN,
        "nearest_push_button_distance_m": NaN,
        "data_reference_date": "2026-03-20",
        "coordinate_note": "source_columns_swapped_and_normalized"
      }
    },
    {
      "type": "Feature",
      "geometry": {
        "type": "Point",
        "coordinates": [
          126.9661758,
          37.50732517
        ]
      },
      "properties": {
        "crosswalk_id": "06-0000027273",
        "district": "동작구",
        "address": "동작구 흑석동 9-22도",
        "crosswalk_type": "일단(화살표없음)",
        "has_pedestrian_light": "N",
        "has_audio_signal": "N",
        "has_push_button": "N",
        "is_raised_crosswalk": "N",
        "has_traffic_safety_detail": "Y",
        "accessibility_score": 1,
        "route_recommendation_tier": "basic",
        "support_evidence": "교통안전시설 상세",
        "nearest_audio_signal_id": NaN,
        "nearest_audio_signal_distance_m": NaN,
        "nearest_push_button_id": NaN,
        "nearest_push_button_distance_m": NaN,
        "data_reference_date": "2026-03-20",
        "coordinate_note": "source_columns_swapped_and_normalized"
      }
    },
    {
      "type": "Feature",
      "geometry": {
        "type": "Point",
        "coordinates": [
          126.9601647,
          37.50087989
        ]
      },
      "properties": {
        "crosswalk_id": "06-0000027284",
        "district": "동작구",
        "address": "동작구 흑석동 79-291도",
        "crosswalk_type": "일단(화살표없음)",
        "has_pedestrian_light": "N",
        "has_audio_signal": "N",
        "has_push_button": "N",
        "is_raised_crosswalk": "N",
        "has_traffic_safety_detail": "Y",
        "accessibility_score": 1,
        "route_recommendation_tier": "basic",
        "support_evidence": "교통안전시설 상세",
        "nearest_audio_signal_id": NaN,
        "nearest_audio_signal_distance_m": NaN,
        "nearest_push_button_id": NaN,
        "nearest_push_button_distance_m": NaN,
        "data_reference_date": "2026-03-20",
        "coordinate_note": "source_columns_swapped_and_normalized"
      }
    },
    {
      "type": "Feature",
      "geometry": {
        "type": "Point",
        "coordinates": [
          126.9609492,
          37.503672
        ]
      },
      "properties": {
        "crosswalk_id": "06-0000027289",
        "district": "동작구",
        "address": "동작구 흑석동 86-201 도",
        "crosswalk_type": "일단(화살표없음)",
        "has_pedestrian_light": "N",
        "has_audio_signal": "N",
        "has_push_button": "N",
        "is_raised_crosswalk": "N",
        "has_traffic_safety_detail": "Y",
        "accessibility_score": 1,
        "route_recommendation_tier": "basic",
        "support_evidence": "교통안전시설 상세",
        "nearest_audio_signal_id": NaN,
        "nearest_audio_signal_distance_m": NaN,
        "nearest_push_button_id": NaN,
        "nearest_push_button_distance_m": NaN,
        "data_reference_date": "2026-03-20",
        "coordinate_note": "source_columns_swapped_and_normalized"
      }
    },
    {
      "type": "Feature",
      "geometry": {
        "type": "Point",
        "coordinates": [
          126.9490422,
          37.50860038
        ]
      },
      "properties": {
        "crosswalk_id": "06-0000027292",
        "district": "동작구",
        "address": "동작구 본동 489-1 도",
        "crosswalk_type": "일단(화살표없음)",
        "has_pedestrian_light": "N",
        "has_audio_signal": "N",
        "has_push_button": "N",
        "is_raised_crosswalk": "N",
        "has_traffic_safety_detail": "Y",
        "accessibility_score": 1,
        "route_recommendation_tier": "basic",
        "support_evidence": "교통안전시설 상세",
        "nearest_audio_signal_id": NaN,
        "nearest_audio_signal_distance_m": NaN,
        "nearest_push_button_id": NaN,
        "nearest_push_button_distance_m": NaN,
        "data_reference_date": "2026-03-20",
        "coordinate_note": "source_columns_swapped_and_normalized"
      }
    },
    {
      "type": "Feature",
      "geometry": {
        "type": "Point",
        "coordinates": [
          126.9488211,
          37.50942899
        ]
      },
      "properties": {
        "crosswalk_id": "06-0000027293",
        "district": "동작구",
        "address": "동작구 본동 489-1 도",
        "crosswalk_type": "일단(화살표없음)",
        "has_pedestrian_light": "N",
        "has_audio_signal": "N",
        "has_push_button": "N",
        "is_raised_crosswalk": "N",
        "has_traffic_safety_detail": "Y",
        "accessibility_score": 1,
        "route_recommendation_tier": "basic",
        "support_evidence": "교통안전시설 상세",
        "nearest_audio_signal_id": NaN,
        "nearest_audio_signal_distance_m": NaN,
        "nearest_push_button_id": NaN,
        "nearest_push_button_distance_m": NaN,
        "data_reference_date": "2026-03-20",
        "coordinate_note": "source_columns_swapped_and_normalized"
      }
    },
    {
      "type": "Feature",
      "geometry": {
        "type": "Point",
        "coordinates": [
          126.9486844,
          37.50959837
        ]
      },
      "properties": {
        "crosswalk_id": "06-0000027294",
        "district": "동작구",
        "address": "동작구 본동 492-1 도",
        "crosswalk_type": "일단(화살표없음)",
        "has_pedestrian_light": "N",
        "has_audio_signal": "N",
        "has_push_button": "N",
        "is_raised_crosswalk": "N",
        "has_traffic_safety_detail": "Y",
        "accessibility_score": 1,
        "route_recommendation_tier": "basic",
        "support_evidence": "교통안전시설 상세",
        "nearest_audio_signal_id": NaN,
        "nearest_audio_signal_distance_m": NaN,
        "nearest_push_button_id": NaN,
        "nearest_push_button_distance_m": NaN,
        "data_reference_date": "2026-03-20",
        "coordinate_note": "source_columns_swapped_and_normalized"
      }
    },
    {
      "type": "Feature",
      "geometry": {
        "type": "Point",
        "coordinates": [
          126.9608626,
          37.50449709
        ]
      },
      "properties": {
        "crosswalk_id": "06-0000027300",
        "district": "동작구",
        "address": "동작구 흑석동 340-10 도",
        "crosswalk_type": "일단(화살표없음)",
        "has_pedestrian_light": "N",
        "has_audio_signal": "N",
        "has_push_button": "N",
        "is_raised_crosswalk": "N",
        "has_traffic_safety_detail": "Y",
        "accessibility_score": 1,
        "route_recommendation_tier": "basic",
        "support_evidence": "교통안전시설 상세",
        "nearest_audio_signal_id": NaN,
        "nearest_audio_signal_distance_m": NaN,
        "nearest_push_button_id": NaN,
        "nearest_push_button_distance_m": NaN,
        "data_reference_date": "2026-03-20",
        "coordinate_note": "source_columns_swapped_and_normalized"
      }
    },
    {
      "type": "Feature",
      "geometry": {
        "type": "Point",
        "coordinates": [
          126.9499699,
          37.50007089
        ]
      },
      "properties": {
        "crosswalk_id": "06-0000027422",
        "district": "동작구",
        "address": "동작구 상도동 159-275대",
        "crosswalk_type": "일단(화살표없음)",
        "has_pedestrian_light": "N",
        "has_audio_signal": "N",
        "has_push_button": "N",
        "is_raised_crosswalk": "N",
        "has_traffic_safety_detail": "Y",
        "accessibility_score": 1,
        "route_recommendation_tier": "basic",
        "support_evidence": "교통안전시설 상세",
        "nearest_audio_signal_id": NaN,
        "nearest_audio_signal_distance_m": NaN,
        "nearest_push_button_id": NaN,
        "nearest_push_button_distance_m": NaN,
        "data_reference_date": "2026-03-20",
        "coordinate_note": "source_columns_swapped_and_normalized"
      }
    },
    {
      "type": "Feature",
      "geometry": {
        "type": "Point",
        "coordinates": [
          126.9498173,
          37.50506969
        ]
      },
      "properties": {
        "crosswalk_id": "06-0000027451",
        "district": "동작구",
        "address": "동작구 상도1동 528-1도",
        "crosswalk_type": "일단(화살표없음)",
        "has_pedestrian_light": "N",
        "has_audio_signal": "N",
        "has_push_button": "N",
        "is_raised_crosswalk": "N",
        "has_traffic_safety_detail": "Y",
        "accessibility_score": 1,
        "route_recommendation_tier": "basic",
        "support_evidence": "교통안전시설 상세",
        "nearest_audio_signal_id": NaN,
        "nearest_audio_signal_distance_m": NaN,
        "nearest_push_button_id": NaN,
        "nearest_push_button_distance_m": NaN,
        "data_reference_date": "2026-03-20",
        "coordinate_note": "source_columns_swapped_and_normalized"
      }
    },
    {
      "type": "Feature",
      "geometry": {
        "type": "Point",
        "coordinates": [
          126.9539572,
          37.51167692
        ]
      },
      "properties": {
        "crosswalk_id": "06-0000027458",
        "district": "동작구",
        "address": "동작구 본동 126-337수",
        "crosswalk_type": "일단(화살표없음)",
        "has_pedestrian_light": "N",
        "has_audio_signal": "N",
        "has_push_button": "N",
        "is_raised_crosswalk": "N",
        "has_traffic_safety_detail": "Y",
        "accessibility_score": 1,
        "route_recommendation_tier": "basic",
        "support_evidence": "교통안전시설 상세",
        "nearest_audio_signal_id": NaN,
        "nearest_audio_signal_distance_m": NaN,
        "nearest_push_button_id": NaN,
        "nearest_push_button_distance_m": NaN,
        "data_reference_date": "2026-03-20",
        "coordinate_note": "source_columns_swapped_and_normalized"
      }
    },
    {
      "type": "Feature",
      "geometry": {
        "type": "Point",
        "coordinates": [
          126.9497591,
          37.51043234
        ]
      },
      "properties": {
        "crosswalk_id": "06-0000027761",
        "district": "동작구",
        "address": "동작구 본동 492-1 도",
        "crosswalk_type": "이단(화살표있음)",
        "has_pedestrian_light": "N",
        "has_audio_signal": "N",
        "has_push_button": "N",
        "is_raised_crosswalk": "N",
        "has_traffic_safety_detail": "Y",
        "accessibility_score": 1,
        "route_recommendation_tier": "basic",
        "support_evidence": "교통안전시설 상세",
        "nearest_audio_signal_id": NaN,
        "nearest_audio_signal_distance_m": NaN,
        "nearest_push_button_id": NaN,
        "nearest_push_button_distance_m": NaN,
        "data_reference_date": "2026-03-20",
        "coordinate_note": "source_columns_swapped_and_normalized"
      }
    },
    {
      "type": "Feature",
      "geometry": {
        "type": "Point",
        "coordinates": [
          126.9518894,
          37.51459598
        ]
      },
      "properties": {
        "crosswalk_id": "06-0000027768",
        "district": "동작구",
        "address": "동작구 본동 258-58수",
        "crosswalk_type": "일단(화살표없음)",
        "has_pedestrian_light": "N",
        "has_audio_signal": "N",
        "has_push_button": "N",
        "is_raised_crosswalk": "N",
        "has_traffic_safety_detail": "Y",
        "accessibility_score": 1,
        "route_recommendation_tier": "basic",
        "support_evidence": "교통안전시설 상세",
        "nearest_audio_signal_id": NaN,
        "nearest_audio_signal_distance_m": NaN,
        "nearest_push_button_id": NaN,
        "nearest_push_button_distance_m": NaN,
        "data_reference_date": "2026-03-20",
        "coordinate_note": "source_columns_swapped_and_normalized"
      }
    },
    {
      "type": "Feature",
      "geometry": {
        "type": "Point",
        "coordinates": [
          126.9517393,
          37.51459841
        ]
      },
      "properties": {
        "crosswalk_id": "06-0000027769",
        "district": "동작구",
        "address": "동작구 본동 258-57수",
        "crosswalk_type": "일단(화살표없음)",
        "has_pedestrian_light": "N",
        "has_audio_signal": "N",
        "has_push_button": "N",
        "is_raised_crosswalk": "N",
        "has_traffic_safety_detail": "Y",
        "accessibility_score": 1,
        "route_recommendation_tier": "basic",
        "support_evidence": "교통안전시설 상세",
        "nearest_audio_signal_id": NaN,
        "nearest_audio_signal_distance_m": NaN,
        "nearest_push_button_id": NaN,
        "nearest_push_button_distance_m": NaN,
        "data_reference_date": "2026-03-20",
        "coordinate_note": "source_columns_swapped_and_normalized"
      }
    },
    {
      "type": "Feature",
      "geometry": {
        "type": "Point",
        "coordinates": [
          126.9077891,
          37.48785836
        ]
      },
      "properties": {
        "crosswalk_id": "06-0000027865",
        "district": "동작구",
        "address": "동작구 신대방동 700도",
        "crosswalk_type": "일단(화살표없음)",
        "has_pedestrian_light": "N",
        "has_audio_signal": "N",
        "has_push_button": "N",
        "is_raised_crosswalk": "N",
        "has_traffic_safety_detail": "Y",
        "accessibility_score": 1,
        "route_recommendation_tier": "basic",
        "support_evidence": "교통안전시설 상세",
        "nearest_audio_signal_id": NaN,
        "nearest_audio_signal_distance_m": NaN,
        "nearest_push_button_id": NaN,
        "nearest_push_button_distance_m": NaN,
        "data_reference_date": "2026-03-20",
        "coordinate_note": "source_columns_swapped_and_normalized"
      }
    },
    {
      "type": "Feature",
      "geometry": {
        "type": "Point",
        "coordinates": [
          126.9081126,
          37.48719478
        ]
      },
      "properties": {
        "crosswalk_id": "06-0000027867",
        "district": "동작구",
        "address": "동작구 신대방동 701-7도",
        "crosswalk_type": "일단(화살표없음)",
        "has_pedestrian_light": "N",
        "has_audio_signal": "N",
        "has_push_button": "N",
        "is_raised_crosswalk": "N",
        "has_traffic_safety_detail": "Y",
        "accessibility_score": 1,
        "route_recommendation_tier": "basic",
        "support_evidence": "교통안전시설 상세",
        "nearest_audio_signal_id": NaN,
        "nearest_audio_signal_distance_m": NaN,
        "nearest_push_button_id": NaN,
        "nearest_push_button_distance_m": NaN,
        "data_reference_date": "2026-03-20",
        "coordinate_note": "source_columns_swapped_and_normalized"
      }
    },
    {
      "type": "Feature",
      "geometry": {
        "type": "Point",
        "coordinates": [
          126.9079531,
          37.48726322
        ]
      },
      "properties": {
        "crosswalk_id": "06-0000027868",
        "district": "동작구",
        "address": "동작구 신대방동 719 대",
        "crosswalk_type": "일단(화살표없음)",
        "has_pedestrian_light": "N",
        "has_audio_signal": "N",
        "has_push_button": "N",
        "is_raised_crosswalk": "N",
        "has_traffic_safety_detail": "Y",
        "accessibility_score": 1,
        "route_recommendation_tier": "basic",
        "support_evidence": "교통안전시설 상세",
        "nearest_audio_signal_id": NaN,
        "nearest_audio_signal_distance_m": NaN,
        "nearest_push_button_id": NaN,
        "nearest_push_button_distance_m": NaN,
        "data_reference_date": "2026-03-20",
        "coordinate_note": "source_columns_swapped_and_normalized"
      }
    },
    {
      "type": "Feature",
      "geometry": {
        "type": "Point",
        "coordinates": [
          126.9078198,
          37.48697301
        ]
      },
      "properties": {
        "crosswalk_id": "06-0000027869",
        "district": "동작구",
        "address": "동작구 신대방동 719-4 도",
        "crosswalk_type": "일단(화살표없음)",
        "has_pedestrian_light": "N",
        "has_audio_signal": "N",
        "has_push_button": "N",
        "is_raised_crosswalk": "N",
        "has_traffic_safety_detail": "Y",
        "accessibility_score": 1,
        "route_recommendation_tier": "basic",
        "support_evidence": "교통안전시설 상세",
        "nearest_audio_signal_id": NaN,
        "nearest_audio_signal_distance_m": NaN,
        "nearest_push_button_id": NaN,
        "nearest_push_button_distance_m": NaN,
        "data_reference_date": "2026-03-20",
        "coordinate_note": "source_columns_swapped_and_normalized"
      }
    },
    {
      "type": "Feature",
      "geometry": {
        "type": "Point",
        "coordinates": [
          126.9069395,
          37.48660802
        ]
      },
      "properties": {
        "crosswalk_id": "06-0000027871",
        "district": "동작구",
        "address": "동작구 신대방동 719-4 도",
        "crosswalk_type": "일단(화살표없음)",
        "has_pedestrian_light": "N",
        "has_audio_signal": "N",
        "has_push_button": "N",
        "is_raised_crosswalk": "N",
        "has_traffic_safety_detail": "Y",
        "accessibility_score": 1,
        "route_recommendation_tier": "basic",
        "support_evidence": "교통안전시설 상세",
        "nearest_audio_signal_id": NaN,
        "nearest_audio_signal_distance_m": NaN,
        "nearest_push_button_id": NaN,
        "nearest_push_button_distance_m": NaN,
        "data_reference_date": "2026-03-20",
        "coordinate_note": "source_columns_swapped_and_normalized"
      }
    },
    {
      "type": "Feature",
      "geometry": {
        "type": "Point",
        "coordinates": [
          126.906961,
          37.48673747
        ]
      },
      "properties": {
        "crosswalk_id": "06-0000027872",
        "district": "동작구",
        "address": "동작구 신대방동 719 대",
        "crosswalk_type": "이단(화살표있음)",
        "has_pedestrian_light": "N",
        "has_audio_signal": "N",
        "has_push_button": "N",
        "is_raised_crosswalk": "N",
        "has_traffic_safety_detail": "Y",
        "accessibility_score": 1,
        "route_recommendation_tier": "basic",
        "support_evidence": "교통안전시설 상세",
        "nearest_audio_signal_id": NaN,
        "nearest_audio_signal_distance_m": NaN,
        "nearest_push_button_id": NaN,
        "nearest_push_button_distance_m": NaN,
        "data_reference_date": "2026-03-20",
        "coordinate_note": "source_columns_swapped_and_normalized"
      }
    },
    {
      "type": "Feature",
      "geometry": {
        "type": "Point",
        "coordinates": [
          126.9066145,
          37.48661909
        ]
      },
      "properties": {
        "crosswalk_id": "06-0000027874",
        "district": "동작구",
        "address": "동작구 신대방동 719-4 도",
        "crosswalk_type": "일단(화살표없음)",
        "has_pedestrian_light": "N",
        "has_audio_signal": "N",
        "has_push_button": "N",
        "is_raised_crosswalk": "N",
        "has_traffic_safety_detail": "Y",
        "accessibility_score": 1,
        "route_recommendation_tier": "basic",
        "support_evidence": "교통안전시설 상세",
        "nearest_audio_signal_id": NaN,
        "nearest_audio_signal_distance_m": NaN,
        "nearest_push_button_id": NaN,
        "nearest_push_button_distance_m": NaN,
        "data_reference_date": "2026-03-20",
        "coordinate_note": "source_columns_swapped_and_normalized"
      }
    },
    {
      "type": "Feature",
      "geometry": {
        "type": "Point",
        "coordinates": [
          126.9062333,
          37.48698684
        ]
      },
      "properties": {
        "crosswalk_id": "06-0000027875",
        "district": "동작구",
        "address": "동작구 신대방동 719 대",
        "crosswalk_type": "일단(화살표없음)",
        "has_pedestrian_light": "N",
        "has_audio_signal": "N",
        "has_push_button": "N",
        "is_raised_crosswalk": "N",
        "has_traffic_safety_detail": "Y",
        "accessibility_score": 1,
        "route_recommendation_tier": "basic",
        "support_evidence": "교통안전시설 상세",
        "nearest_audio_signal_id": NaN,
        "nearest_audio_signal_distance_m": NaN,
        "nearest_push_button_id": NaN,
        "nearest_push_button_distance_m": NaN,
        "data_reference_date": "2026-03-20",
        "coordinate_note": "source_columns_swapped_and_normalized"
      }
    },
    {
      "type": "Feature",
      "geometry": {
        "type": "Point",
        "coordinates": [
          126.9183779,
          37.49433717
        ]
      },
      "properties": {
        "crosswalk_id": "06-0000028490",
        "district": "동작구",
        "address": "동작구 신대방동 722 공",
        "crosswalk_type": "이단(화살표있음)",
        "has_pedestrian_light": "N",
        "has_audio_signal": "N",
        "has_push_button": "N",
        "is_raised_crosswalk": "N",
        "has_traffic_safety_detail": "Y",
        "accessibility_score": 1,
        "route_recommendation_tier": "basic",
        "support_evidence": "교통안전시설 상세",
        "nearest_audio_signal_id": NaN,
        "nearest_audio_signal_distance_m": NaN,
        "nearest_push_button_id": NaN,
        "nearest_push_button_distance_m": NaN,
        "data_reference_date": "2026-03-20",
        "coordinate_note": "source_columns_swapped_and_normalized"
      }
    },
    {
      "type": "Feature",
      "geometry": {
        "type": "Point",
        "coordinates": [
          126.9437151,
          37.50597809
        ]
      },
      "properties": {
        "crosswalk_id": "06-0000029087",
        "district": "동작구",
        "address": "동작구 상도동 527 대",
        "crosswalk_type": "일단(화살표없음)",
        "has_pedestrian_light": "N",
        "has_audio_signal": "N",
        "has_push_button": "N",
        "is_raised_crosswalk": "N",
        "has_traffic_safety_detail": "Y",
        "accessibility_score": 1,
        "route_recommendation_tier": "basic",
        "support_evidence": "교통안전시설 상세",
        "nearest_audio_signal_id": NaN,
        "nearest_audio_signal_distance_m": NaN,
        "nearest_push_button_id": NaN,
        "nearest_push_button_distance_m": NaN,
        "data_reference_date": "2026-03-20",
        "coordinate_note": "source_columns_swapped_and_normalized"
      }
    },
    {
      "type": "Feature",
      "geometry": {
        "type": "Point",
        "coordinates": [
          126.9446929,
          37.50590335
        ]
      },
      "properties": {
        "crosswalk_id": "06-0000029135",
        "district": "동작구",
        "address": "동작구 상도동 527-2 도",
        "crosswalk_type": "일단(화살표없음)",
        "has_pedestrian_light": "N",
        "has_audio_signal": "N",
        "has_push_button": "N",
        "is_raised_crosswalk": "N",
        "has_traffic_safety_detail": "Y",
        "accessibility_score": 1,
        "route_recommendation_tier": "basic",
        "support_evidence": "교통안전시설 상세",
        "nearest_audio_signal_id": NaN,
        "nearest_audio_signal_distance_m": NaN,
        "nearest_push_button_id": NaN,
        "nearest_push_button_distance_m": NaN,
        "data_reference_date": "2026-03-20",
        "coordinate_note": "source_columns_swapped_and_normalized"
      }
    },
    {
      "type": "Feature",
      "geometry": {
        "type": "Point",
        "coordinates": [
          126.9771545,
          37.48936509
        ]
      },
      "properties": {
        "crosswalk_id": "06-0000029185",
        "district": "동작구",
        "address": "동작구 사당동 105-6도",
        "crosswalk_type": "이단(화살표있음)",
        "has_pedestrian_light": "N",
        "has_audio_signal": "N",
        "has_push_button": "N",
        "is_raised_crosswalk": "N",
        "has_traffic_safety_detail": "Y",
        "accessibility_score": 1,
        "route_recommendation_tier": "basic",
        "support_evidence": "교통안전시설 상세",
        "nearest_audio_signal_id": NaN,
        "nearest_audio_signal_distance_m": NaN,
        "nearest_push_button_id": NaN,
        "nearest_push_button_distance_m": NaN,
        "data_reference_date": "2026-03-20",
        "coordinate_note": "source_columns_swapped_and_normalized"
      }
    },
    {
      "type": "Feature",
      "geometry": {
        "type": "Point",
        "coordinates": [
          126.947573,
          37.50627887
        ]
      },
      "properties": {
        "crosswalk_id": "06-0000029186",
        "district": "동작구",
        "address": "동작구 상도동 414-2도",
        "crosswalk_type": "일단(화살표없음)",
        "has_pedestrian_light": "N",
        "has_audio_signal": "N",
        "has_push_button": "N",
        "is_raised_crosswalk": "N",
        "has_traffic_safety_detail": "Y",
        "accessibility_score": 1,
        "route_recommendation_tier": "basic",
        "support_evidence": "교통안전시설 상세",
        "nearest_audio_signal_id": NaN,
        "nearest_audio_signal_distance_m": NaN,
        "nearest_push_button_id": NaN,
        "nearest_push_button_distance_m": NaN,
        "data_reference_date": "2026-03-20",
        "coordinate_note": "source_columns_swapped_and_normalized"
      }
    },
    {
      "type": "Feature",
      "geometry": {
        "type": "Point",
        "coordinates": [
          126.9432778,
          37.50791838
        ]
      },
      "properties": {
        "crosswalk_id": "06-0000029620",
        "district": "동작구",
        "address": "동작구 상도동 329도",
        "crosswalk_type": "일단(화살표없음)",
        "has_pedestrian_light": "N",
        "has_audio_signal": "N",
        "has_push_button": "N",
        "is_raised_crosswalk": "N",
        "has_traffic_safety_detail": "Y",
        "accessibility_score": 1,
        "route_recommendation_tier": "basic",
        "support_evidence": "교통안전시설 상세",
        "nearest_audio_signal_id": NaN,
        "nearest_audio_signal_distance_m": NaN,
        "nearest_push_button_id": NaN,
        "nearest_push_button_distance_m": NaN,
        "data_reference_date": "2026-03-20",
        "coordinate_note": "source_columns_swapped_and_normalized"
      }
    },
    {
      "type": "Feature",
      "geometry": {
        "type": "Point",
        "coordinates": [
          126.9305945,
          37.49984772
        ]
      },
      "properties": {
        "crosswalk_id": "06-0000029630",
        "district": "동작구",
        "address": "동작구 상도동 320-3도",
        "crosswalk_type": "일단(화살표없음)",
        "has_pedestrian_light": "N",
        "has_audio_signal": "N",
        "has_push_button": "N",
        "is_raised_crosswalk": "N",
        "has_traffic_safety_detail": "Y",
        "accessibility_score": 1,
        "route_recommendation_tier": "basic",
        "support_evidence": "교통안전시설 상세",
        "nearest_audio_signal_id": NaN,
        "nearest_audio_signal_distance_m": NaN,
        "nearest_push_button_id": NaN,
        "nearest_push_button_distance_m": NaN,
        "data_reference_date": "2026-03-20",
        "coordinate_note": "source_columns_swapped_and_normalized"
      }
    },
    {
      "type": "Feature",
      "geometry": {
        "type": "Point",
        "coordinates": [
          126.9432965,
          37.50116636
        ]
      },
      "properties": {
        "crosswalk_id": "06-0000029636",
        "district": "동작구",
        "address": "동작구 상도동 521-5 도",
        "crosswalk_type": "일단(화살표있음)",
        "has_pedestrian_light": "N",
        "has_audio_signal": "N",
        "has_push_button": "N",
        "is_raised_crosswalk": "N",
        "has_traffic_safety_detail": "Y",
        "accessibility_score": 1,
        "route_recommendation_tier": "basic",
        "support_evidence": "교통안전시설 상세",
        "nearest_audio_signal_id": NaN,
        "nearest_audio_signal_distance_m": NaN,
        "nearest_push_button_id": NaN,
        "nearest_push_button_distance_m": NaN,
        "data_reference_date": "2026-03-20",
        "coordinate_note": "source_columns_swapped_and_normalized"
      }
    },
    {
      "type": "Feature",
      "geometry": {
        "type": "Point",
        "coordinates": [
          126.9425943,
          37.50123574
        ]
      },
      "properties": {
        "crosswalk_id": "06-0000029637",
        "district": "동작구",
        "address": "동작구 상도동 521-5 도",
        "crosswalk_type": "이단(화살표있음)",
        "has_pedestrian_light": "N",
        "has_audio_signal": "N",
        "has_push_button": "N",
        "is_raised_crosswalk": "N",
        "has_traffic_safety_detail": "Y",
        "accessibility_score": 1,
        "route_recommendation_tier": "basic",
        "support_evidence": "교통안전시설 상세",
        "nearest_audio_signal_id": NaN,
        "nearest_audio_signal_distance_m": NaN,
        "nearest_push_button_id": NaN,
        "nearest_push_button_distance_m": NaN,
        "data_reference_date": "2026-03-20",
        "coordinate_note": "source_columns_swapped_and_normalized"
      }
    },
    {
      "type": "Feature",
      "geometry": {
        "type": "Point",
        "coordinates": [
          126.9424163,
          37.50132529
        ]
      },
      "properties": {
        "crosswalk_id": "06-0000029638",
        "district": "동작구",
        "address": "동작구 상도동 521 대",
        "crosswalk_type": "일단(화살표없음)",
        "has_pedestrian_light": "N",
        "has_audio_signal": "N",
        "has_push_button": "N",
        "is_raised_crosswalk": "N",
        "has_traffic_safety_detail": "Y",
        "accessibility_score": 1,
        "route_recommendation_tier": "basic",
        "support_evidence": "교통안전시설 상세",
        "nearest_audio_signal_id": NaN,
        "nearest_audio_signal_distance_m": NaN,
        "nearest_push_button_id": NaN,
        "nearest_push_button_distance_m": NaN,
        "data_reference_date": "2026-03-20",
        "coordinate_note": "source_columns_swapped_and_normalized"
      }
    },
    {
      "type": "Feature",
      "geometry": {
        "type": "Point",
        "coordinates": [
          126.94223,
          37.50126389
        ]
      },
      "properties": {
        "crosswalk_id": "06-0000029640",
        "district": "동작구",
        "address": "동작구 상도동 521-5 도",
        "crosswalk_type": "이단(화살표있음)",
        "has_pedestrian_light": "N",
        "has_audio_signal": "N",
        "has_push_button": "N",
        "is_raised_crosswalk": "N",
        "has_traffic_safety_detail": "Y",
        "accessibility_score": 1,
        "route_recommendation_tier": "basic",
        "support_evidence": "교통안전시설 상세",
        "nearest_audio_signal_id": NaN,
        "nearest_audio_signal_distance_m": NaN,
        "nearest_push_button_id": NaN,
        "nearest_push_button_distance_m": NaN,
        "data_reference_date": "2026-03-20",
        "coordinate_note": "source_columns_swapped_and_normalized"
      }
    },
    {
      "type": "Feature",
      "geometry": {
        "type": "Point",
        "coordinates": [
          126.9450979,
          37.50177362
        ]
      },
      "properties": {
        "crosswalk_id": "06-0000029642",
        "district": "동작구",
        "address": "동작구 상도동 521 대",
        "crosswalk_type": "일단(화살표없음)",
        "has_pedestrian_light": "N",
        "has_audio_signal": "N",
        "has_push_button": "N",
        "is_raised_crosswalk": "N",
        "has_traffic_safety_detail": "Y",
        "accessibility_score": 1,
        "route_recommendation_tier": "basic",
        "support_evidence": "교통안전시설 상세",
        "nearest_audio_signal_id": NaN,
        "nearest_audio_signal_distance_m": NaN,
        "nearest_push_button_id": NaN,
        "nearest_push_button_distance_m": NaN,
        "data_reference_date": "2026-03-20",
        "coordinate_note": "source_columns_swapped_and_normalized"
      }
    },
    {
      "type": "Feature",
      "geometry": {
        "type": "Point",
        "coordinates": [
          126.9394841,
          37.50595073
        ]
      },
      "properties": {
        "crosswalk_id": "06-0000029651",
        "district": "동작구",
        "address": "동작구 노량진동 311-4도",
        "crosswalk_type": "일단(화살표없음)",
        "has_pedestrian_light": "N",
        "has_audio_signal": "N",
        "has_push_button": "N",
        "is_raised_crosswalk": "N",
        "has_traffic_safety_detail": "Y",
        "accessibility_score": 1,
        "route_recommendation_tier": "basic",
        "support_evidence": "교통안전시설 상세",
        "nearest_audio_signal_id": NaN,
        "nearest_audio_signal_distance_m": NaN,
        "nearest_push_button_id": NaN,
        "nearest_push_button_distance_m": NaN,
        "data_reference_date": "2026-03-20",
        "coordinate_note": "source_columns_swapped_and_normalized"
      }
    },
    {
      "type": "Feature",
      "geometry": {
        "type": "Point",
        "coordinates": [
          126.9382171,
          37.50645836
        ]
      },
      "properties": {
        "crosswalk_id": "06-0000029652",
        "district": "동작구",
        "address": "동작구 노량진동 315-135 도",
        "crosswalk_type": "일단(화살표없음)",
        "has_pedestrian_light": "N",
        "has_audio_signal": "N",
        "has_push_button": "N",
        "is_raised_crosswalk": "N",
        "has_traffic_safety_detail": "Y",
        "accessibility_score": 1,
        "route_recommendation_tier": "basic",
        "support_evidence": "교통안전시설 상세",
        "nearest_audio_signal_id": NaN,
        "nearest_audio_signal_distance_m": NaN,
        "nearest_push_button_id": NaN,
        "nearest_push_button_distance_m": NaN,
        "data_reference_date": "2026-03-20",
        "coordinate_note": "source_columns_swapped_and_normalized"
      }
    },
    {
      "type": "Feature",
      "geometry": {
        "type": "Point",
        "coordinates": [
          126.9279652,
          37.50911041
        ]
      },
      "properties": {
        "crosswalk_id": "06-0000029669",
        "district": "동작구",
        "address": "동작구 대방동 503-2도",
        "crosswalk_type": "이단(화살표있음)",
        "has_pedestrian_light": "N",
        "has_audio_signal": "N",
        "has_push_button": "N",
        "is_raised_crosswalk": "N",
        "has_traffic_safety_detail": "Y",
        "accessibility_score": 1,
        "route_recommendation_tier": "basic",
        "support_evidence": "교통안전시설 상세",
        "nearest_audio_signal_id": NaN,
        "nearest_audio_signal_distance_m": NaN,
        "nearest_push_button_id": NaN,
        "nearest_push_button_distance_m": NaN,
        "data_reference_date": "2026-03-20",
        "coordinate_note": "source_columns_swapped_and_normalized"
      }
    },
    {
      "type": "Feature",
      "geometry": {
        "type": "Point",
        "coordinates": [
          126.9273965,
          37.49822205
        ]
      },
      "properties": {
        "crosswalk_id": "06-0000029679",
        "district": "동작구",
        "address": "동작구 신대방동 349-35도",
        "crosswalk_type": "일단(화살표없음)",
        "has_pedestrian_light": "N",
        "has_audio_signal": "N",
        "has_push_button": "N",
        "is_raised_crosswalk": "N",
        "has_traffic_safety_detail": "Y",
        "accessibility_score": 1,
        "route_recommendation_tier": "basic",
        "support_evidence": "교통안전시설 상세",
        "nearest_audio_signal_id": NaN,
        "nearest_audio_signal_distance_m": NaN,
        "nearest_push_button_id": NaN,
        "nearest_push_button_distance_m": NaN,
        "data_reference_date": "2026-03-20",
        "coordinate_note": "source_columns_swapped_and_normalized"
      }
    },
    {
      "type": "Feature",
      "geometry": {
        "type": "Point",
        "coordinates": [
          126.9644891,
          37.48891664
        ]
      },
      "properties": {
        "crosswalk_id": "06-0000029736",
        "district": "동작구",
        "address": "동작구 사당동 708-1110천",
        "crosswalk_type": "일단(화살표없음)",
        "has_pedestrian_light": "N",
        "has_audio_signal": "N",
        "has_push_button": "N",
        "is_raised_crosswalk": "N",
        "has_traffic_safety_detail": "Y",
        "accessibility_score": 1,
        "route_recommendation_tier": "basic",
        "support_evidence": "교통안전시설 상세",
        "nearest_audio_signal_id": NaN,
        "nearest_audio_signal_distance_m": NaN,
        "nearest_push_button_id": NaN,
        "nearest_push_button_distance_m": NaN,
        "data_reference_date": "2026-03-20",
        "coordinate_note": "source_columns_swapped_and_normalized"
      }
    },
    {
      "type": "Feature",
      "geometry": {
        "type": "Point",
        "coordinates": [
          126.9682518,
          37.48536645
        ]
      },
      "properties": {
        "crosswalk_id": "06-0000029743",
        "district": "동작구",
        "address": "동작구 사당동 226-5 도",
        "crosswalk_type": "일단(화살표없음)",
        "has_pedestrian_light": "N",
        "has_audio_signal": "N",
        "has_push_button": "N",
        "is_raised_crosswalk": "N",
        "has_traffic_safety_detail": "Y",
        "accessibility_score": 1,
        "route_recommendation_tier": "basic",
        "support_evidence": "교통안전시설 상세",
        "nearest_audio_signal_id": NaN,
        "nearest_audio_signal_distance_m": NaN,
        "nearest_push_button_id": NaN,
        "nearest_push_button_distance_m": NaN,
        "data_reference_date": "2026-03-20",
        "coordinate_note": "source_columns_swapped_and_normalized"
      }
    },
    {
      "type": "Feature",
      "geometry": {
        "type": "Point",
        "coordinates": [
          126.9666405,
          37.48230048
        ]
      },
      "properties": {
        "crosswalk_id": "06-0000029745",
        "district": "동작구",
        "address": "동작구 사당동 235-55도",
        "crosswalk_type": "일단(화살표없음)",
        "has_pedestrian_light": "N",
        "has_audio_signal": "N",
        "has_push_button": "N",
        "is_raised_crosswalk": "N",
        "has_traffic_safety_detail": "Y",
        "accessibility_score": 1,
        "route_recommendation_tier": "basic",
        "support_evidence": "교통안전시설 상세",
        "nearest_audio_signal_id": NaN,
        "nearest_audio_signal_distance_m": NaN,
        "nearest_push_button_id": NaN,
        "nearest_push_button_distance_m": NaN,
        "data_reference_date": "2026-03-20",
        "coordinate_note": "source_columns_swapped_and_normalized"
      }
    },
    {
      "type": "Feature",
      "geometry": {
        "type": "Point",
        "coordinates": [
          126.9331845,
          37.49919461
        ]
      },
      "properties": {
        "crosswalk_id": "06-0000029746",
        "district": "동작구",
        "address": "동작구 상도동 313-1도",
        "crosswalk_type": "일단(화살표없음)",
        "has_pedestrian_light": "N",
        "has_audio_signal": "N",
        "has_push_button": "N",
        "is_raised_crosswalk": "N",
        "has_traffic_safety_detail": "Y",
        "accessibility_score": 1,
        "route_recommendation_tier": "basic",
        "support_evidence": "교통안전시설 상세",
        "nearest_audio_signal_id": NaN,
        "nearest_audio_signal_distance_m": NaN,
        "nearest_push_button_id": NaN,
        "nearest_push_button_distance_m": NaN,
        "data_reference_date": "2026-03-20",
        "coordinate_note": "source_columns_swapped_and_normalized"
      }
    },
    {
      "type": "Feature",
      "geometry": {
        "type": "Point",
        "coordinates": [
          126.9248002,
          37.50030919
        ]
      },
      "properties": {
        "crosswalk_id": "06-0000030182",
        "district": "동작구",
        "address": "동작구 대방동 466-10 도",
        "crosswalk_type": "일단(화살표없음)",
        "has_pedestrian_light": "N",
        "has_audio_signal": "N",
        "has_push_button": "N",
        "is_raised_crosswalk": "N",
        "has_traffic_safety_detail": "Y",
        "accessibility_score": 1,
        "route_recommendation_tier": "basic",
        "support_evidence": "교통안전시설 상세",
        "nearest_audio_signal_id": NaN,
        "nearest_audio_signal_distance_m": NaN,
        "nearest_push_button_id": NaN,
        "nearest_push_button_distance_m": NaN,
        "data_reference_date": "2026-03-20",
        "coordinate_note": "source_columns_swapped_and_normalized"
      }
    },
    {
      "type": "Feature",
      "geometry": {
        "type": "Point",
        "coordinates": [
          126.9248762,
          37.50027663
        ]
      },
      "properties": {
        "crosswalk_id": "06-0000030183",
        "district": "동작구",
        "address": "동작구 대방동 466-10 도",
        "crosswalk_type": "일단(화살표없음)",
        "has_pedestrian_light": "N",
        "has_audio_signal": "N",
        "has_push_button": "N",
        "is_raised_crosswalk": "N",
        "has_traffic_safety_detail": "Y",
        "accessibility_score": 1,
        "route_recommendation_tier": "basic",
        "support_evidence": "교통안전시설 상세",
        "nearest_audio_signal_id": NaN,
        "nearest_audio_signal_distance_m": NaN,
        "nearest_push_button_id": NaN,
        "nearest_push_button_distance_m": NaN,
        "data_reference_date": "2026-03-20",
        "coordinate_note": "source_columns_swapped_and_normalized"
      }
    },
    {
      "type": "Feature",
      "geometry": {
        "type": "Point",
        "coordinates": [
          126.9265863,
          37.49937867
        ]
      },
      "properties": {
        "crosswalk_id": "06-0000030192",
        "district": "동작구",
        "address": "동작구 대방동 466-27도",
        "crosswalk_type": "일단(화살표없음)",
        "has_pedestrian_light": "N",
        "has_audio_signal": "N",
        "has_push_button": "N",
        "is_raised_crosswalk": "N",
        "has_traffic_safety_detail": "Y",
        "accessibility_score": 1,
        "route_recommendation_tier": "basic",
        "support_evidence": "교통안전시설 상세",
        "nearest_audio_signal_id": NaN,
        "nearest_audio_signal_distance_m": NaN,
        "nearest_push_button_id": NaN,
        "nearest_push_button_distance_m": NaN,
        "data_reference_date": "2026-03-20",
        "coordinate_note": "source_columns_swapped_and_normalized"
      }
    },
    {
      "type": "Feature",
      "geometry": {
        "type": "Point",
        "coordinates": [
          126.9273173,
          37.49909025
        ]
      },
      "properties": {
        "crosswalk_id": "06-0000030193",
        "district": "동작구",
        "address": "동작구 신대방동 347-27도",
        "crosswalk_type": "일단(화살표있음)",
        "has_pedestrian_light": "N",
        "has_audio_signal": "N",
        "has_push_button": "N",
        "is_raised_crosswalk": "N",
        "has_traffic_safety_detail": "Y",
        "accessibility_score": 1,
        "route_recommendation_tier": "basic",
        "support_evidence": "교통안전시설 상세",
        "nearest_audio_signal_id": NaN,
        "nearest_audio_signal_distance_m": NaN,
        "nearest_push_button_id": NaN,
        "nearest_push_button_distance_m": NaN,
        "data_reference_date": "2026-03-20",
        "coordinate_note": "source_columns_swapped_and_normalized"
      }
    },
    {
      "type": "Feature",
      "geometry": {
        "type": "Point",
        "coordinates": [
          126.9261205,
          37.49901287
        ]
      },
      "properties": {
        "crosswalk_id": "06-0000030194",
        "district": "동작구",
        "address": "동작구 신대방동 355-26천",
        "crosswalk_type": "일단(화살표없음)",
        "has_pedestrian_light": "N",
        "has_audio_signal": "N",
        "has_push_button": "N",
        "is_raised_crosswalk": "N",
        "has_traffic_safety_detail": "Y",
        "accessibility_score": 1,
        "route_recommendation_tier": "basic",
        "support_evidence": "교통안전시설 상세",
        "nearest_audio_signal_id": NaN,
        "nearest_audio_signal_distance_m": NaN,
        "nearest_push_button_id": NaN,
        "nearest_push_button_distance_m": NaN,
        "data_reference_date": "2026-03-20",
        "coordinate_note": "source_columns_swapped_and_normalized"
      }
    },
    {
      "type": "Feature",
      "geometry": {
        "type": "Point",
        "coordinates": [
          126.9639928,
          37.50872583
        ]
      },
      "properties": {
        "crosswalk_id": "06-0000030648",
        "district": "동작구",
        "address": "동작구 흑석동 3도",
        "crosswalk_type": "이단(화살표있음)",
        "has_pedestrian_light": "N",
        "has_audio_signal": "N",
        "has_push_button": "N",
        "is_raised_crosswalk": "N",
        "has_traffic_safety_detail": "Y",
        "accessibility_score": 1,
        "route_recommendation_tier": "basic",
        "support_evidence": "교통안전시설 상세",
        "nearest_audio_signal_id": NaN,
        "nearest_audio_signal_distance_m": NaN,
        "nearest_push_button_id": NaN,
        "nearest_push_button_distance_m": NaN,
        "data_reference_date": "2026-03-20",
        "coordinate_note": "source_columns_swapped_and_normalized"
      }
    },
    {
      "type": "Feature",
      "geometry": {
        "type": "Point",
        "coordinates": [
          126.9511218,
          37.50648475
        ]
      },
      "properties": {
        "crosswalk_id": "06-0000031115",
        "district": "동작구",
        "address": "동작구 상도1동 528-1도",
        "crosswalk_type": "일단(화살표없음)",
        "has_pedestrian_light": "N",
        "has_audio_signal": "N",
        "has_push_button": "N",
        "is_raised_crosswalk": "N",
        "has_traffic_safety_detail": "Y",
        "accessibility_score": 1,
        "route_recommendation_tier": "basic",
        "support_evidence": "교통안전시설 상세",
        "nearest_audio_signal_id": NaN,
        "nearest_audio_signal_distance_m": NaN,
        "nearest_push_button_id": NaN,
        "nearest_push_button_distance_m": NaN,
        "data_reference_date": "2026-03-20",
        "coordinate_note": "source_columns_swapped_and_normalized"
      }
    },
    {
      "type": "Feature",
      "geometry": {
        "type": "Point",
        "coordinates": [
          126.9508942,
          37.50647659
        ]
      },
      "properties": {
        "crosswalk_id": "06-0000031116",
        "district": "동작구",
        "address": "동작구 상도1동 528-1도",
        "crosswalk_type": "일단(화살표없음)",
        "has_pedestrian_light": "N",
        "has_audio_signal": "N",
        "has_push_button": "N",
        "is_raised_crosswalk": "N",
        "has_traffic_safety_detail": "Y",
        "accessibility_score": 1,
        "route_recommendation_tier": "basic",
        "support_evidence": "교통안전시설 상세",
        "nearest_audio_signal_id": NaN,
        "nearest_audio_signal_distance_m": NaN,
        "nearest_push_button_id": NaN,
        "nearest_push_button_distance_m": NaN,
        "data_reference_date": "2026-03-20",
        "coordinate_note": "source_columns_swapped_and_normalized"
      }
    },
    {
      "type": "Feature",
      "geometry": {
        "type": "Point",
        "coordinates": [
          126.9710283,
          37.48977269
        ]
      },
      "properties": {
        "crosswalk_id": "06-0000031117",
        "district": "동작구",
        "address": "동작구 사당동 174-1전",
        "crosswalk_type": "일단(화살표없음)",
        "has_pedestrian_light": "N",
        "has_audio_signal": "N",
        "has_push_button": "N",
        "is_raised_crosswalk": "N",
        "has_traffic_safety_detail": "Y",
        "accessibility_score": 1,
        "route_recommendation_tier": "basic",
        "support_evidence": "교통안전시설 상세",
        "nearest_audio_signal_id": NaN,
        "nearest_audio_signal_distance_m": NaN,
        "nearest_push_button_id": NaN,
        "nearest_push_button_distance_m": NaN,
        "data_reference_date": "2026-03-20",
        "coordinate_note": "source_columns_swapped_and_normalized"
      }
    },
    {
      "type": "Feature",
      "geometry": {
        "type": "Point",
        "coordinates": [
          126.971132,
          37.48966914
        ]
      },
      "properties": {
        "crosswalk_id": "06-0000031118",
        "district": "동작구",
        "address": "동작구 사당동 708-820 천",
        "crosswalk_type": "이단(화살표있음)",
        "has_pedestrian_light": "N",
        "has_audio_signal": "N",
        "has_push_button": "N",
        "is_raised_crosswalk": "N",
        "has_traffic_safety_detail": "Y",
        "accessibility_score": 1,
        "route_recommendation_tier": "basic",
        "support_evidence": "교통안전시설 상세",
        "nearest_audio_signal_id": NaN,
        "nearest_audio_signal_distance_m": NaN,
        "nearest_push_button_id": NaN,
        "nearest_push_button_distance_m": NaN,
        "data_reference_date": "2026-03-20",
        "coordinate_note": "source_columns_swapped_and_normalized"
      }
    },
    {
      "type": "Feature",
      "geometry": {
        "type": "Point",
        "coordinates": [
          126.9453912,
          37.51383609
        ]
      },
      "properties": {
        "crosswalk_id": "06-0000031626",
        "district": "동작구",
        "address": "동작구 노량진동 151-24대",
        "crosswalk_type": "일단(화살표없음)",
        "has_pedestrian_light": "N",
        "has_audio_signal": "N",
        "has_push_button": "N",
        "is_raised_crosswalk": "N",
        "has_traffic_safety_detail": "Y",
        "accessibility_score": 1,
        "route_recommendation_tier": "basic",
        "support_evidence": "교통안전시설 상세",
        "nearest_audio_signal_id": NaN,
        "nearest_audio_signal_distance_m": NaN,
        "nearest_push_button_id": NaN,
        "nearest_push_button_distance_m": NaN,
        "data_reference_date": "2026-03-20",
        "coordinate_note": "source_columns_swapped_and_normalized"
      }
    },
    {
      "type": "Feature",
      "geometry": {
        "type": "Point",
        "coordinates": [
          126.9481775,
          37.51292369
        ]
      },
      "properties": {
        "crosswalk_id": "06-0000031631",
        "district": "동작구",
        "address": "동작구 노량진동 165-8도",
        "crosswalk_type": "일단(화살표없음)",
        "has_pedestrian_light": "N",
        "has_audio_signal": "N",
        "has_push_button": "N",
        "is_raised_crosswalk": "N",
        "has_traffic_safety_detail": "Y",
        "accessibility_score": 1,
        "route_recommendation_tier": "basic",
        "support_evidence": "교통안전시설 상세",
        "nearest_audio_signal_id": NaN,
        "nearest_audio_signal_distance_m": NaN,
        "nearest_push_button_id": NaN,
        "nearest_push_button_distance_m": NaN,
        "data_reference_date": "2026-03-20",
        "coordinate_note": "source_columns_swapped_and_normalized"
      }
    },
    {
      "type": "Feature",
      "geometry": {
        "type": "Point",
        "coordinates": [
          126.9500168,
          37.51256663
        ]
      },
      "properties": {
        "crosswalk_id": "06-0000031634",
        "district": "동작구",
        "address": "동작구 본동 374-3도",
        "crosswalk_type": "일단(화살표없음)",
        "has_pedestrian_light": "N",
        "has_audio_signal": "N",
        "has_push_button": "N",
        "is_raised_crosswalk": "N",
        "has_traffic_safety_detail": "Y",
        "accessibility_score": 1,
        "route_recommendation_tier": "basic",
        "support_evidence": "교통안전시설 상세",
        "nearest_audio_signal_id": NaN,
        "nearest_audio_signal_distance_m": NaN,
        "nearest_push_button_id": NaN,
        "nearest_push_button_distance_m": NaN,
        "data_reference_date": "2026-03-20",
        "coordinate_note": "source_columns_swapped_and_normalized"
      }
    },
    {
      "type": "Feature",
      "geometry": {
        "type": "Point",
        "coordinates": [
          126.9434175,
          37.50508578
        ]
      },
      "properties": {
        "crosswalk_id": "06-0000031744",
        "district": "동작구",
        "address": "동작구 상도동 529-2 도",
        "crosswalk_type": "일단(화살표없음)",
        "has_pedestrian_light": "N",
        "has_audio_signal": "N",
        "has_push_button": "N",
        "is_raised_crosswalk": "N",
        "has_traffic_safety_detail": "Y",
        "accessibility_score": 1,
        "route_recommendation_tier": "basic",
        "support_evidence": "교통안전시설 상세",
        "nearest_audio_signal_id": NaN,
        "nearest_audio_signal_distance_m": NaN,
        "nearest_push_button_id": NaN,
        "nearest_push_button_distance_m": NaN,
        "data_reference_date": "2026-03-20",
        "coordinate_note": "source_columns_swapped_and_normalized"
      }
    },
    {
      "type": "Feature",
      "geometry": {
        "type": "Point",
        "coordinates": [
          126.9430906,
          37.5043935
        ]
      },
      "properties": {
        "crosswalk_id": "06-0000031745",
        "district": "동작구",
        "address": "동작구 상도동 529 대",
        "crosswalk_type": "일단(화살표없음)",
        "has_pedestrian_light": "N",
        "has_audio_signal": "N",
        "has_push_button": "N",
        "is_raised_crosswalk": "N",
        "has_traffic_safety_detail": "Y",
        "accessibility_score": 1,
        "route_recommendation_tier": "basic",
        "support_evidence": "교통안전시설 상세",
        "nearest_audio_signal_id": NaN,
        "nearest_audio_signal_distance_m": NaN,
        "nearest_push_button_id": NaN,
        "nearest_push_button_distance_m": NaN,
        "data_reference_date": "2026-03-20",
        "coordinate_note": "source_columns_swapped_and_normalized"
      }
    },
    {
      "type": "Feature",
      "geometry": {
        "type": "Point",
        "coordinates": [
          126.9548887,
          37.50930124
        ]
      },
      "properties": {
        "crosswalk_id": "06-0000031764",
        "district": "동작구",
        "address": "동작구 본동 126-452수",
        "crosswalk_type": "이단(화살표있음)",
        "has_pedestrian_light": "N",
        "has_audio_signal": "N",
        "has_push_button": "N",
        "is_raised_crosswalk": "N",
        "has_traffic_safety_detail": "Y",
        "accessibility_score": 1,
        "route_recommendation_tier": "basic",
        "support_evidence": "교통안전시설 상세",
        "nearest_audio_signal_id": NaN,
        "nearest_audio_signal_distance_m": NaN,
        "nearest_push_button_id": NaN,
        "nearest_push_button_distance_m": NaN,
        "data_reference_date": "2026-03-20",
        "coordinate_note": "source_columns_swapped_and_normalized"
      }
    },
    {
      "type": "Feature",
      "geometry": {
        "type": "Point",
        "coordinates": [
          126.9652503,
          37.50774273
        ]
      },
      "properties": {
        "crosswalk_id": "06-0000031869",
        "district": "동작구",
        "address": "동작구 흑석동 9-22도",
        "crosswalk_type": "일단(화살표없음)",
        "has_pedestrian_light": "N",
        "has_audio_signal": "N",
        "has_push_button": "N",
        "is_raised_crosswalk": "N",
        "has_traffic_safety_detail": "Y",
        "accessibility_score": 1,
        "route_recommendation_tier": "basic",
        "support_evidence": "교통안전시설 상세",
        "nearest_audio_signal_id": NaN,
        "nearest_audio_signal_distance_m": NaN,
        "nearest_push_button_id": NaN,
        "nearest_push_button_distance_m": NaN,
        "data_reference_date": "2026-03-20",
        "coordinate_note": "source_columns_swapped_and_normalized"
      }
    },
    {
      "type": "Feature",
      "geometry": {
        "type": "Point",
        "coordinates": [
          126.9248359,
          37.50947651
        ]
      },
      "properties": {
        "crosswalk_id": "06-0000032120",
        "district": "동작구",
        "address": "동작구 대방동 354-1 대",
        "crosswalk_type": "일단(화살표없음)",
        "has_pedestrian_light": "N",
        "has_audio_signal": "N",
        "has_push_button": "N",
        "is_raised_crosswalk": "N",
        "has_traffic_safety_detail": "Y",
        "accessibility_score": 1,
        "route_recommendation_tier": "basic",
        "support_evidence": "교통안전시설 상세",
        "nearest_audio_signal_id": NaN,
        "nearest_audio_signal_distance_m": NaN,
        "nearest_push_button_id": NaN,
        "nearest_push_button_distance_m": NaN,
        "data_reference_date": "2026-03-20",
        "coordinate_note": "source_columns_swapped_and_normalized"
      }
    },
    {
      "type": "Feature",
      "geometry": {
        "type": "Point",
        "coordinates": [
          126.9247548,
          37.50942099
        ]
      },
      "properties": {
        "crosswalk_id": "06-0000032121",
        "district": "동작구",
        "address": "동작구 대방동 466-79 도",
        "crosswalk_type": "일단(화살표없음)",
        "has_pedestrian_light": "N",
        "has_audio_signal": "N",
        "has_push_button": "N",
        "is_raised_crosswalk": "N",
        "has_traffic_safety_detail": "Y",
        "accessibility_score": 1,
        "route_recommendation_tier": "basic",
        "support_evidence": "교통안전시설 상세",
        "nearest_audio_signal_id": NaN,
        "nearest_audio_signal_distance_m": NaN,
        "nearest_push_button_id": NaN,
        "nearest_push_button_distance_m": NaN,
        "data_reference_date": "2026-03-20",
        "coordinate_note": "source_columns_swapped_and_normalized"
      }
    },
    {
      "type": "Feature",
      "geometry": {
        "type": "Point",
        "coordinates": [
          126.9254196,
          37.50940577
        ]
      },
      "properties": {
        "crosswalk_id": "06-0000032123",
        "district": "동작구",
        "address": "동작구 대방동 500-2도",
        "crosswalk_type": "일단(화살표없음)",
        "has_pedestrian_light": "N",
        "has_audio_signal": "N",
        "has_push_button": "N",
        "is_raised_crosswalk": "N",
        "has_traffic_safety_detail": "Y",
        "accessibility_score": 1,
        "route_recommendation_tier": "basic",
        "support_evidence": "교통안전시설 상세",
        "nearest_audio_signal_id": NaN,
        "nearest_audio_signal_distance_m": NaN,
        "nearest_push_button_id": NaN,
        "nearest_push_button_distance_m": NaN,
        "data_reference_date": "2026-03-20",
        "coordinate_note": "source_columns_swapped_and_normalized"
      }
    },
    {
      "type": "Feature",
      "geometry": {
        "type": "Point",
        "coordinates": [
          126.9258956,
          37.51088056
        ]
      },
      "properties": {
        "crosswalk_id": "06-0000032124",
        "district": "동작구",
        "address": "동작구 대방동 466-31도",
        "crosswalk_type": "일단(화살표없음)",
        "has_pedestrian_light": "N",
        "has_audio_signal": "N",
        "has_push_button": "N",
        "is_raised_crosswalk": "N",
        "has_traffic_safety_detail": "Y",
        "accessibility_score": 1,
        "route_recommendation_tier": "basic",
        "support_evidence": "교통안전시설 상세",
        "nearest_audio_signal_id": NaN,
        "nearest_audio_signal_distance_m": NaN,
        "nearest_push_button_id": NaN,
        "nearest_push_button_distance_m": NaN,
        "data_reference_date": "2026-03-20",
        "coordinate_note": "source_columns_swapped_and_normalized"
      }
    },
    {
      "type": "Feature",
      "geometry": {
        "type": "Point",
        "coordinates": [
          126.9256386,
          37.51089639
        ]
      },
      "properties": {
        "crosswalk_id": "06-0000032125",
        "district": "동작구",
        "address": "동작구 대방동 466-31도",
        "crosswalk_type": "일단(화살표없음)",
        "has_pedestrian_light": "N",
        "has_audio_signal": "N",
        "has_push_button": "N",
        "is_raised_crosswalk": "N",
        "has_traffic_safety_detail": "Y",
        "accessibility_score": 1,
        "route_recommendation_tier": "basic",
        "support_evidence": "교통안전시설 상세",
        "nearest_audio_signal_id": NaN,
        "nearest_audio_signal_distance_m": NaN,
        "nearest_push_button_id": NaN,
        "nearest_push_button_distance_m": NaN,
        "data_reference_date": "2026-03-20",
        "coordinate_note": "source_columns_swapped_and_normalized"
      }
    },
    {
      "type": "Feature",
      "geometry": {
        "type": "Point",
        "coordinates": [
          126.9277734,
          37.49604548
        ]
      },
      "properties": {
        "crosswalk_id": "06-0000032161",
        "district": "동작구",
        "address": "동작구 신대방동 342-57도",
        "crosswalk_type": "일단(화살표없음)",
        "has_pedestrian_light": "N",
        "has_audio_signal": "N",
        "has_push_button": "N",
        "is_raised_crosswalk": "N",
        "has_traffic_safety_detail": "Y",
        "accessibility_score": 1,
        "route_recommendation_tier": "basic",
        "support_evidence": "교통안전시설 상세",
        "nearest_audio_signal_id": NaN,
        "nearest_audio_signal_distance_m": NaN,
        "nearest_push_button_id": NaN,
        "nearest_push_button_distance_m": NaN,
        "data_reference_date": "2026-03-20",
        "coordinate_note": "source_columns_swapped_and_normalized"
      }
    },
    {
      "type": "Feature",
      "geometry": {
        "type": "Point",
        "coordinates": [
          126.9282007,
          37.4959106
        ]
      },
      "properties": {
        "crosswalk_id": "06-0000032163",
        "district": "동작구",
        "address": "동작구 신대방동 720 대",
        "crosswalk_type": "일단(화살표없음)",
        "has_pedestrian_light": "N",
        "has_audio_signal": "N",
        "has_push_button": "N",
        "is_raised_crosswalk": "N",
        "has_traffic_safety_detail": "Y",
        "accessibility_score": 1,
        "route_recommendation_tier": "basic",
        "support_evidence": "교통안전시설 상세",
        "nearest_audio_signal_id": NaN,
        "nearest_audio_signal_distance_m": NaN,
        "nearest_push_button_id": NaN,
        "nearest_push_button_distance_m": NaN,
        "data_reference_date": "2026-03-20",
        "coordinate_note": "source_columns_swapped_and_normalized"
      }
    },
    {
      "type": "Feature",
      "geometry": {
        "type": "Point",
        "coordinates": [
          126.9800993,
          37.48420811
        ]
      },
      "properties": {
        "crosswalk_id": "06-0000033464",
        "district": "동작구",
        "address": "동작구 사당동 147-29 대",
        "crosswalk_type": "일단(화살표없음)",
        "has_pedestrian_light": "N",
        "has_audio_signal": "N",
        "has_push_button": "N",
        "is_raised_crosswalk": "N",
        "has_traffic_safety_detail": "Y",
        "accessibility_score": 1,
        "route_recommendation_tier": "basic",
        "support_evidence": "교통안전시설 상세",
        "nearest_audio_signal_id": NaN,
        "nearest_audio_signal_distance_m": NaN,
        "nearest_push_button_id": NaN,
        "nearest_push_button_distance_m": NaN,
        "data_reference_date": "2026-03-20",
        "coordinate_note": "source_columns_swapped_and_normalized"
      }
    },
    {
      "type": "Feature",
      "geometry": {
        "type": "Point",
        "coordinates": [
          126.9809092,
          37.48416985
        ]
      },
      "properties": {
        "crosswalk_id": "06-0000033465",
        "district": "동작구",
        "address": "동작구 사당동 708-517도",
        "crosswalk_type": "일단(화살표없음)",
        "has_pedestrian_light": "N",
        "has_audio_signal": "N",
        "has_push_button": "N",
        "is_raised_crosswalk": "N",
        "has_traffic_safety_detail": "Y",
        "accessibility_score": 1,
        "route_recommendation_tier": "basic",
        "support_evidence": "교통안전시설 상세",
        "nearest_audio_signal_id": NaN,
        "nearest_audio_signal_distance_m": NaN,
        "nearest_push_button_id": NaN,
        "nearest_push_button_distance_m": NaN,
        "data_reference_date": "2026-03-20",
        "coordinate_note": "source_columns_swapped_and_normalized"
      }
    },
    {
      "type": "Feature",
      "geometry": {
        "type": "Point",
        "coordinates": [
          126.9810186,
          37.484241
        ]
      },
      "properties": {
        "crosswalk_id": "06-0000033466",
        "district": "동작구",
        "address": "동작구 사당동 708-286천",
        "crosswalk_type": "일단(화살표없음)",
        "has_pedestrian_light": "N",
        "has_audio_signal": "N",
        "has_push_button": "N",
        "is_raised_crosswalk": "N",
        "has_traffic_safety_detail": "Y",
        "accessibility_score": 1,
        "route_recommendation_tier": "basic",
        "support_evidence": "교통안전시설 상세",
        "nearest_audio_signal_id": NaN,
        "nearest_audio_signal_distance_m": NaN,
        "nearest_push_button_id": NaN,
        "nearest_push_button_distance_m": NaN,
        "data_reference_date": "2026-03-20",
        "coordinate_note": "source_columns_swapped_and_normalized"
      }
    },
    {
      "type": "Feature",
      "geometry": {
        "type": "Point",
        "coordinates": [
          126.9811516,
          37.48421083
        ]
      },
      "properties": {
        "crosswalk_id": "06-0000033467",
        "district": "동작구",
        "address": "동작구 사당동 708-517도",
        "crosswalk_type": "일단(화살표없음)",
        "has_pedestrian_light": "N",
        "has_audio_signal": "N",
        "has_push_button": "N",
        "is_raised_crosswalk": "N",
        "has_traffic_safety_detail": "Y",
        "accessibility_score": 1,
        "route_recommendation_tier": "basic",
        "support_evidence": "교통안전시설 상세",
        "nearest_audio_signal_id": NaN,
        "nearest_audio_signal_distance_m": NaN,
        "nearest_push_button_id": NaN,
        "nearest_push_button_distance_m": NaN,
        "data_reference_date": "2026-03-20",
        "coordinate_note": "source_columns_swapped_and_normalized"
      }
    },
    {
      "type": "Feature",
      "geometry": {
        "type": "Point",
        "coordinates": [
          126.9608193,
          37.50753637
        ]
      },
      "properties": {
        "crosswalk_id": "06-0000033623",
        "district": "동작구",
        "address": "동작구 흑석동 224-1학",
        "crosswalk_type": "일단(화살표없음)",
        "has_pedestrian_light": "N",
        "has_audio_signal": "N",
        "has_push_button": "N",
        "is_raised_crosswalk": "N",
        "has_traffic_safety_detail": "Y",
        "accessibility_score": 1,
        "route_recommendation_tier": "basic",
        "support_evidence": "교통안전시설 상세",
        "nearest_audio_signal_id": NaN,
        "nearest_audio_signal_distance_m": NaN,
        "nearest_push_button_id": NaN,
        "nearest_push_button_distance_m": NaN,
        "data_reference_date": "2026-03-20",
        "coordinate_note": "source_columns_swapped_and_normalized"
      }
    },
    {
      "type": "Feature",
      "geometry": {
        "type": "Point",
        "coordinates": [
          126.9623943,
          37.50684717
        ]
      },
      "properties": {
        "crosswalk_id": "06-0000033625",
        "district": "동작구",
        "address": "동작구 흑석동 332-2 도",
        "crosswalk_type": "일단(화살표없음)",
        "has_pedestrian_light": "N",
        "has_audio_signal": "N",
        "has_push_button": "N",
        "is_raised_crosswalk": "N",
        "has_traffic_safety_detail": "Y",
        "accessibility_score": 1,
        "route_recommendation_tier": "basic",
        "support_evidence": "교통안전시설 상세",
        "nearest_audio_signal_id": NaN,
        "nearest_audio_signal_distance_m": NaN,
        "nearest_push_button_id": NaN,
        "nearest_push_button_distance_m": NaN,
        "data_reference_date": "2026-03-20",
        "coordinate_note": "source_columns_swapped_and_normalized"
      }
    },
    {
      "type": "Feature",
      "geometry": {
        "type": "Point",
        "coordinates": [
          126.9618414,
          37.5070019
        ]
      },
      "properties": {
        "crosswalk_id": "06-0000033626",
        "district": "동작구",
        "address": "동작구 흑석동 332-2 도",
        "crosswalk_type": "일단(화살표있음)",
        "has_pedestrian_light": "N",
        "has_audio_signal": "N",
        "has_push_button": "N",
        "is_raised_crosswalk": "N",
        "has_traffic_safety_detail": "Y",
        "accessibility_score": 1,
        "route_recommendation_tier": "basic",
        "support_evidence": "교통안전시설 상세",
        "nearest_audio_signal_id": NaN,
        "nearest_audio_signal_distance_m": NaN,
        "nearest_push_button_id": NaN,
        "nearest_push_button_distance_m": NaN,
        "data_reference_date": "2026-03-20",
        "coordinate_note": "source_columns_swapped_and_normalized"
      }
    },
    {
      "type": "Feature",
      "geometry": {
        "type": "Point",
        "coordinates": [
          126.9622005,
          37.50635223
        ]
      },
      "properties": {
        "crosswalk_id": "06-0000033627",
        "district": "동작구",
        "address": "동작구 흑석동 332 대",
        "crosswalk_type": "일단(화살표없음)",
        "has_pedestrian_light": "N",
        "has_audio_signal": "N",
        "has_push_button": "N",
        "is_raised_crosswalk": "N",
        "has_traffic_safety_detail": "Y",
        "accessibility_score": 1,
        "route_recommendation_tier": "basic",
        "support_evidence": "교통안전시설 상세",
        "nearest_audio_signal_id": NaN,
        "nearest_audio_signal_distance_m": NaN,
        "nearest_push_button_id": NaN,
        "nearest_push_button_distance_m": NaN,
        "data_reference_date": "2026-03-20",
        "coordinate_note": "source_columns_swapped_and_normalized"
      }
    },
    {
      "type": "Feature",
      "geometry": {
        "type": "Point",
        "coordinates": [
          126.9318356,
          37.51246674
        ]
      },
      "properties": {
        "crosswalk_id": "06-0000034499",
        "district": "동작구",
        "address": "동작구 대방동 23-2도",
        "crosswalk_type": "일단(화살표없음)",
        "has_pedestrian_light": "N",
        "has_audio_signal": "N",
        "has_push_button": "N",
        "is_raised_crosswalk": "N",
        "has_traffic_safety_detail": "Y",
        "accessibility_score": 1,
        "route_recommendation_tier": "basic",
        "support_evidence": "교통안전시설 상세",
        "nearest_audio_signal_id": NaN,
        "nearest_audio_signal_distance_m": NaN,
        "nearest_push_button_id": NaN,
        "nearest_push_button_distance_m": NaN,
        "data_reference_date": "2026-03-20",
        "coordinate_note": "source_columns_swapped_and_normalized"
      }
    },
    {
      "type": "Feature",
      "geometry": {
        "type": "Point",
        "coordinates": [
          126.9312887,
          37.51156026
        ]
      },
      "properties": {
        "crosswalk_id": "06-0000034500",
        "district": "동작구",
        "address": "동작구 대방동 39-22도",
        "crosswalk_type": "일단(화살표없음)",
        "has_pedestrian_light": "N",
        "has_audio_signal": "N",
        "has_push_button": "N",
        "is_raised_crosswalk": "N",
        "has_traffic_safety_detail": "Y",
        "accessibility_score": 1,
        "route_recommendation_tier": "basic",
        "support_evidence": "교통안전시설 상세",
        "nearest_audio_signal_id": NaN,
        "nearest_audio_signal_distance_m": NaN,
        "nearest_push_button_id": NaN,
        "nearest_push_button_distance_m": NaN,
        "data_reference_date": "2026-03-20",
        "coordinate_note": "source_columns_swapped_and_normalized"
      }
    },
    {
      "type": "Feature",
      "geometry": {
        "type": "Point",
        "coordinates": [
          126.9313838,
          37.51151025
        ]
      },
      "properties": {
        "crosswalk_id": "06-0000034501",
        "district": "동작구",
        "address": "동작구 대방동 23-190도",
        "crosswalk_type": "일단(화살표없음)",
        "has_pedestrian_light": "N",
        "has_audio_signal": "N",
        "has_push_button": "N",
        "is_raised_crosswalk": "N",
        "has_traffic_safety_detail": "Y",
        "accessibility_score": 1,
        "route_recommendation_tier": "basic",
        "support_evidence": "교통안전시설 상세",
        "nearest_audio_signal_id": NaN,
        "nearest_audio_signal_distance_m": NaN,
        "nearest_push_button_id": NaN,
        "nearest_push_button_distance_m": NaN,
        "data_reference_date": "2026-03-20",
        "coordinate_note": "source_columns_swapped_and_normalized"
      }
    },
    {
      "type": "Feature",
      "geometry": {
        "type": "Point",
        "coordinates": [
          126.9442655,
          37.51259476
        ]
      },
      "properties": {
        "crosswalk_id": "06-0000034503",
        "district": "동작구",
        "address": "동작구 노량진동 117-8도",
        "crosswalk_type": "이단(화살표있음)",
        "has_pedestrian_light": "N",
        "has_audio_signal": "N",
        "has_push_button": "N",
        "is_raised_crosswalk": "N",
        "has_traffic_safety_detail": "Y",
        "accessibility_score": 1,
        "route_recommendation_tier": "basic",
        "support_evidence": "교통안전시설 상세",
        "nearest_audio_signal_id": NaN,
        "nearest_audio_signal_distance_m": NaN,
        "nearest_push_button_id": NaN,
        "nearest_push_button_distance_m": NaN,
        "data_reference_date": "2026-03-20",
        "coordinate_note": "source_columns_swapped_and_normalized"
      }
    },
    {
      "type": "Feature",
      "geometry": {
        "type": "Point",
        "coordinates": [
          126.9505713,
          37.49937402
        ]
      },
      "properties": {
        "crosswalk_id": "06-0000034505",
        "district": "동작구",
        "address": "동작구 상도1동 257-1도",
        "crosswalk_type": "일단(화살표없음)",
        "has_pedestrian_light": "N",
        "has_audio_signal": "N",
        "has_push_button": "N",
        "is_raised_crosswalk": "N",
        "has_traffic_safety_detail": "Y",
        "accessibility_score": 1,
        "route_recommendation_tier": "basic",
        "support_evidence": "교통안전시설 상세",
        "nearest_audio_signal_id": NaN,
        "nearest_audio_signal_distance_m": NaN,
        "nearest_push_button_id": NaN,
        "nearest_push_button_distance_m": NaN,
        "data_reference_date": "2026-03-20",
        "coordinate_note": "source_columns_swapped_and_normalized"
      }
    },
    {
      "type": "Feature",
      "geometry": {
        "type": "Point",
        "coordinates": [
          126.9323266,
          37.50704772
        ]
      },
      "properties": {
        "crosswalk_id": "06-0000034506",
        "district": "동작구",
        "address": "동작구 대방동 11-4도",
        "crosswalk_type": "이단(화살표있음)",
        "has_pedestrian_light": "N",
        "has_audio_signal": "N",
        "has_push_button": "N",
        "is_raised_crosswalk": "N",
        "has_traffic_safety_detail": "Y",
        "accessibility_score": 1,
        "route_recommendation_tier": "basic",
        "support_evidence": "교통안전시설 상세",
        "nearest_audio_signal_id": NaN,
        "nearest_audio_signal_distance_m": NaN,
        "nearest_push_button_id": NaN,
        "nearest_push_button_distance_m": NaN,
        "data_reference_date": "2026-03-20",
        "coordinate_note": "source_columns_swapped_and_normalized"
      }
    },
    {
      "type": "Feature",
      "geometry": {
        "type": "Point",
        "coordinates": [
          126.9570873,
          37.50602215
        ]
      },
      "properties": {
        "crosswalk_id": "06-0000035075",
        "district": "동작구",
        "address": "동작구 흑석동 221학",
        "crosswalk_type": "일단(화살표없음)",
        "has_pedestrian_light": "N",
        "has_audio_signal": "N",
        "has_push_button": "N",
        "is_raised_crosswalk": "N",
        "has_traffic_safety_detail": "Y",
        "accessibility_score": 1,
        "route_recommendation_tier": "basic",
        "support_evidence": "교통안전시설 상세",
        "nearest_audio_signal_id": NaN,
        "nearest_audio_signal_distance_m": NaN,
        "nearest_push_button_id": NaN,
        "nearest_push_button_distance_m": NaN,
        "data_reference_date": "2026-03-20",
        "coordinate_note": "source_columns_swapped_and_normalized"
      }
    },
    {
      "type": "Feature",
      "geometry": {
        "type": "Point",
        "coordinates": [
          126.9578965,
          37.50678416
        ]
      },
      "properties": {
        "crosswalk_id": "06-0000035076",
        "district": "동작구",
        "address": "동작구 흑석동 221-1도",
        "crosswalk_type": "일단(화살표없음)",
        "has_pedestrian_light": "N",
        "has_audio_signal": "N",
        "has_push_button": "N",
        "is_raised_crosswalk": "N",
        "has_traffic_safety_detail": "Y",
        "accessibility_score": 1,
        "route_recommendation_tier": "basic",
        "support_evidence": "교통안전시설 상세",
        "nearest_audio_signal_id": NaN,
        "nearest_audio_signal_distance_m": NaN,
        "nearest_push_button_id": NaN,
        "nearest_push_button_distance_m": NaN,
        "data_reference_date": "2026-03-20",
        "coordinate_note": "source_columns_swapped_and_normalized"
      }
    },
    {
      "type": "Feature",
      "geometry": {
        "type": "Point",
        "coordinates": [
          126.9584172,
          37.50688423
        ]
      },
      "properties": {
        "crosswalk_id": "06-0000035077",
        "district": "동작구",
        "address": "동작구 흑석동 221-1도",
        "crosswalk_type": "일단(화살표없음)",
        "has_pedestrian_light": "N",
        "has_audio_signal": "N",
        "has_push_button": "N",
        "is_raised_crosswalk": "N",
        "has_traffic_safety_detail": "Y",
        "accessibility_score": 1,
        "route_recommendation_tier": "basic",
        "support_evidence": "교통안전시설 상세",
        "nearest_audio_signal_id": NaN,
        "nearest_audio_signal_distance_m": NaN,
        "nearest_push_button_id": NaN,
        "nearest_push_button_distance_m": NaN,
        "data_reference_date": "2026-03-20",
        "coordinate_note": "source_columns_swapped_and_normalized"
      }
    },
    {
      "type": "Feature",
      "geometry": {
        "type": "Point",
        "coordinates": [
          126.9584606,
          37.50676409
        ]
      },
      "properties": {
        "crosswalk_id": "06-0000035078",
        "district": "동작구",
        "address": "동작구 흑석동 221학",
        "crosswalk_type": "이단(화살표있음)",
        "has_pedestrian_light": "N",
        "has_audio_signal": "N",
        "has_push_button": "N",
        "is_raised_crosswalk": "N",
        "has_traffic_safety_detail": "Y",
        "accessibility_score": 1,
        "route_recommendation_tier": "basic",
        "support_evidence": "교통안전시설 상세",
        "nearest_audio_signal_id": NaN,
        "nearest_audio_signal_distance_m": NaN,
        "nearest_push_button_id": NaN,
        "nearest_push_button_distance_m": NaN,
        "data_reference_date": "2026-03-20",
        "coordinate_note": "source_columns_swapped_and_normalized"
      }
    },
    {
      "type": "Feature",
      "geometry": {
        "type": "Point",
        "coordinates": [
          126.9587483,
          37.5070175
        ]
      },
      "properties": {
        "crosswalk_id": "06-0000035079",
        "district": "동작구",
        "address": "동작구 흑석동 221-1도",
        "crosswalk_type": "일단(화살표없음)",
        "has_pedestrian_light": "N",
        "has_audio_signal": "N",
        "has_push_button": "N",
        "is_raised_crosswalk": "N",
        "has_traffic_safety_detail": "Y",
        "accessibility_score": 1,
        "route_recommendation_tier": "basic",
        "support_evidence": "교통안전시설 상세",
        "nearest_audio_signal_id": NaN,
        "nearest_audio_signal_distance_m": NaN,
        "nearest_push_button_id": NaN,
        "nearest_push_button_distance_m": NaN,
        "data_reference_date": "2026-03-20",
        "coordinate_note": "source_columns_swapped_and_normalized"
      }
    },
    {
      "type": "Feature",
      "geometry": {
        "type": "Point",
        "coordinates": [
          126.9584712,
          37.50627496
        ]
      },
      "properties": {
        "crosswalk_id": "06-0000035080",
        "district": "동작구",
        "address": "동작구 흑석동 221학",
        "crosswalk_type": "이단(화살표없음)",
        "has_pedestrian_light": "N",
        "has_audio_signal": "N",
        "has_push_button": "N",
        "is_raised_crosswalk": "N",
        "has_traffic_safety_detail": "Y",
        "accessibility_score": 1,
        "route_recommendation_tier": "basic",
        "support_evidence": "교통안전시설 상세",
        "nearest_audio_signal_id": NaN,
        "nearest_audio_signal_distance_m": NaN,
        "nearest_push_button_id": NaN,
        "nearest_push_button_distance_m": NaN,
        "data_reference_date": "2026-03-20",
        "coordinate_note": "source_columns_swapped_and_normalized"
      }
    },
    {
      "type": "Feature",
      "geometry": {
        "type": "Point",
        "coordinates": [
          126.9556875,
          37.50618597
        ]
      },
      "properties": {
        "crosswalk_id": "06-0000035094",
        "district": "동작구",
        "address": "동작구 흑석동 211-32대",
        "crosswalk_type": "일단(화살표없음)",
        "has_pedestrian_light": "N",
        "has_audio_signal": "N",
        "has_push_button": "N",
        "is_raised_crosswalk": "N",
        "has_traffic_safety_detail": "Y",
        "accessibility_score": 1,
        "route_recommendation_tier": "basic",
        "support_evidence": "교통안전시설 상세",
        "nearest_audio_signal_id": NaN,
        "nearest_audio_signal_distance_m": NaN,
        "nearest_push_button_id": NaN,
        "nearest_push_button_distance_m": NaN,
        "data_reference_date": "2026-03-20",
        "coordinate_note": "source_columns_swapped_and_normalized"
      }
    },
    {
      "type": "Feature",
      "geometry": {
        "type": "Point",
        "coordinates": [
          126.9590233,
          37.50718962
        ]
      },
      "properties": {
        "crosswalk_id": "06-0000035095",
        "district": "동작구",
        "address": "동작구 흑석동 190-34대",
        "crosswalk_type": "일단(화살표없음)",
        "has_pedestrian_light": "N",
        "has_audio_signal": "N",
        "has_push_button": "N",
        "is_raised_crosswalk": "N",
        "has_traffic_safety_detail": "Y",
        "accessibility_score": 1,
        "route_recommendation_tier": "basic",
        "support_evidence": "교통안전시설 상세",
        "nearest_audio_signal_id": NaN,
        "nearest_audio_signal_distance_m": NaN,
        "nearest_push_button_id": NaN,
        "nearest_push_button_distance_m": NaN,
        "data_reference_date": "2026-03-20",
        "coordinate_note": "source_columns_swapped_and_normalized"
      }
    },
    {
      "type": "Feature",
      "geometry": {
        "type": "Point",
        "coordinates": [
          126.9241079,
          37.49269673
        ]
      },
      "properties": {
        "crosswalk_id": "06-0000035182",
        "district": "동작구",
        "address": "동작구 신대방동 395-71대",
        "crosswalk_type": "일단(화살표없음)",
        "has_pedestrian_light": "N",
        "has_audio_signal": "N",
        "has_push_button": "N",
        "is_raised_crosswalk": "N",
        "has_traffic_safety_detail": "Y",
        "accessibility_score": 1,
        "route_recommendation_tier": "basic",
        "support_evidence": "교통안전시설 상세",
        "nearest_audio_signal_id": NaN,
        "nearest_audio_signal_distance_m": NaN,
        "nearest_push_button_id": NaN,
        "nearest_push_button_distance_m": NaN,
        "data_reference_date": "2026-03-20",
        "coordinate_note": "source_columns_swapped_and_normalized"
      }
    },
    {
      "type": "Feature",
      "geometry": {
        "type": "Point",
        "coordinates": [
          126.9815558,
          37.47897593
        ]
      },
      "properties": {
        "crosswalk_id": "06-0000035239",
        "district": "동작구",
        "address": "동작구 사당동 1112도",
        "crosswalk_type": "일단(화살표없음)",
        "has_pedestrian_light": "N",
        "has_audio_signal": "N",
        "has_push_button": "N",
        "is_raised_crosswalk": "N",
        "has_traffic_safety_detail": "Y",
        "accessibility_score": 1,
        "route_recommendation_tier": "basic",
        "support_evidence": "교통안전시설 상세",
        "nearest_audio_signal_id": NaN,
        "nearest_audio_signal_distance_m": NaN,
        "nearest_push_button_id": NaN,
        "nearest_push_button_distance_m": NaN,
        "data_reference_date": "2026-03-20",
        "coordinate_note": "source_columns_swapped_and_normalized"
      }
    },
    {
      "type": "Feature",
      "geometry": {
        "type": "Point",
        "coordinates": [
          126.9676966,
          37.48492801
        ]
      },
      "properties": {
        "crosswalk_id": "06-0000035240",
        "district": "동작구",
        "address": "동작구 사당동 산32-59 도",
        "crosswalk_type": "일단(화살표없음)",
        "has_pedestrian_light": "N",
        "has_audio_signal": "N",
        "has_push_button": "N",
        "is_raised_crosswalk": "N",
        "has_traffic_safety_detail": "Y",
        "accessibility_score": 1,
        "route_recommendation_tier": "basic",
        "support_evidence": "교통안전시설 상세",
        "nearest_audio_signal_id": NaN,
        "nearest_audio_signal_distance_m": NaN,
        "nearest_push_button_id": NaN,
        "nearest_push_button_distance_m": NaN,
        "data_reference_date": "2026-03-20",
        "coordinate_note": "source_columns_swapped_and_normalized"
      }
    },
    {
      "type": "Feature",
      "geometry": {
        "type": "Point",
        "coordinates": [
          126.9536652,
          37.51280485
        ]
      },
      "properties": {
        "crosswalk_id": "06-0000035242",
        "district": "동작구",
        "address": "동작구 본동 258-89도",
        "crosswalk_type": "일단(화살표없음)",
        "has_pedestrian_light": "N",
        "has_audio_signal": "N",
        "has_push_button": "N",
        "is_raised_crosswalk": "N",
        "has_traffic_safety_detail": "Y",
        "accessibility_score": 1,
        "route_recommendation_tier": "basic",
        "support_evidence": "교통안전시설 상세",
        "nearest_audio_signal_id": NaN,
        "nearest_audio_signal_distance_m": NaN,
        "nearest_push_button_id": NaN,
        "nearest_push_button_distance_m": NaN,
        "data_reference_date": "2026-03-20",
        "coordinate_note": "source_columns_swapped_and_normalized"
      }
    },
    {
      "type": "Feature",
      "geometry": {
        "type": "Point",
        "coordinates": [
          126.9663771,
          37.5055427
        ]
      },
      "properties": {
        "crosswalk_id": "06-0000035308",
        "district": "동작구",
        "address": "동작구 흑석동 335-4 도",
        "crosswalk_type": "일단(화살표없음)",
        "has_pedestrian_light": "N",
        "has_audio_signal": "N",
        "has_push_button": "N",
        "is_raised_crosswalk": "N",
        "has_traffic_safety_detail": "Y",
        "accessibility_score": 1,
        "route_recommendation_tier": "basic",
        "support_evidence": "교통안전시설 상세",
        "nearest_audio_signal_id": NaN,
        "nearest_audio_signal_distance_m": NaN,
        "nearest_push_button_id": NaN,
        "nearest_push_button_distance_m": NaN,
        "data_reference_date": "2026-03-20",
        "coordinate_note": "source_columns_swapped_and_normalized"
      }
    },
    {
      "type": "Feature",
      "geometry": {
        "type": "Point",
        "coordinates": [
          126.9661217,
          37.50565386
        ]
      },
      "properties": {
        "crosswalk_id": "06-0000035310",
        "district": "동작구",
        "address": "동작구 흑석동 335 대",
        "crosswalk_type": "일단(화살표없음)",
        "has_pedestrian_light": "N",
        "has_audio_signal": "N",
        "has_push_button": "N",
        "is_raised_crosswalk": "N",
        "has_traffic_safety_detail": "Y",
        "accessibility_score": 1,
        "route_recommendation_tier": "basic",
        "support_evidence": "교통안전시설 상세",
        "nearest_audio_signal_id": NaN,
        "nearest_audio_signal_distance_m": NaN,
        "nearest_push_button_id": NaN,
        "nearest_push_button_distance_m": NaN,
        "data_reference_date": "2026-03-20",
        "coordinate_note": "source_columns_swapped_and_normalized"
      }
    },
    {
      "type": "Feature",
      "geometry": {
        "type": "Point",
        "coordinates": [
          126.9370718,
          37.5011734
        ]
      },
      "properties": {
        "crosswalk_id": "06-0000035383",
        "district": "동작구",
        "address": "동작구 상도동 188-42 구",
        "crosswalk_type": "일단(화살표없음)",
        "has_pedestrian_light": "N",
        "has_audio_signal": "N",
        "has_push_button": "N",
        "is_raised_crosswalk": "N",
        "has_traffic_safety_detail": "Y",
        "accessibility_score": 1,
        "route_recommendation_tier": "basic",
        "support_evidence": "교통안전시설 상세",
        "nearest_audio_signal_id": NaN,
        "nearest_audio_signal_distance_m": NaN,
        "nearest_push_button_id": NaN,
        "nearest_push_button_distance_m": NaN,
        "data_reference_date": "2026-03-20",
        "coordinate_note": "source_columns_swapped_and_normalized"
      }
    },
    {
      "type": "Feature",
      "geometry": {
        "type": "Point",
        "coordinates": [
          126.9519262,
          37.51374544
        ]
      },
      "properties": {
        "crosswalk_id": "06-0000035413",
        "district": "동작구",
        "address": "동작구 본동 258-68수",
        "crosswalk_type": "일단(화살표있음)",
        "has_pedestrian_light": "N",
        "has_audio_signal": "N",
        "has_push_button": "N",
        "is_raised_crosswalk": "N",
        "has_traffic_safety_detail": "Y",
        "accessibility_score": 1,
        "route_recommendation_tier": "basic",
        "support_evidence": "교통안전시설 상세",
        "nearest_audio_signal_id": NaN,
        "nearest_audio_signal_distance_m": NaN,
        "nearest_push_button_id": NaN,
        "nearest_push_button_distance_m": NaN,
        "data_reference_date": "2026-03-20",
        "coordinate_note": "source_columns_swapped_and_normalized"
      }
    },
    {
      "type": "Feature",
      "geometry": {
        "type": "Point",
        "coordinates": [
          126.9518237,
          37.51396939
        ]
      },
      "properties": {
        "crosswalk_id": "06-0000035415",
        "district": "동작구",
        "address": "동작구 본동 258-68수",
        "crosswalk_type": "일단(화살표있음)",
        "has_pedestrian_light": "N",
        "has_audio_signal": "N",
        "has_push_button": "N",
        "is_raised_crosswalk": "N",
        "has_traffic_safety_detail": "Y",
        "accessibility_score": 1,
        "route_recommendation_tier": "basic",
        "support_evidence": "교통안전시설 상세",
        "nearest_audio_signal_id": NaN,
        "nearest_audio_signal_distance_m": NaN,
        "nearest_push_button_id": NaN,
        "nearest_push_button_distance_m": NaN,
        "data_reference_date": "2026-03-20",
        "coordinate_note": "source_columns_swapped_and_normalized"
      }
    },
    {
      "type": "Feature",
      "geometry": {
        "type": "Point",
        "coordinates": [
          126.9514871,
          37.51438172
        ]
      },
      "properties": {
        "crosswalk_id": "06-0000035417",
        "district": "동작구",
        "address": "동작구 본동 482대",
        "crosswalk_type": "일단(화살표없음)",
        "has_pedestrian_light": "N",
        "has_audio_signal": "N",
        "has_push_button": "N",
        "is_raised_crosswalk": "N",
        "has_traffic_safety_detail": "Y",
        "accessibility_score": 1,
        "route_recommendation_tier": "basic",
        "support_evidence": "교통안전시설 상세",
        "nearest_audio_signal_id": NaN,
        "nearest_audio_signal_distance_m": NaN,
        "nearest_push_button_id": NaN,
        "nearest_push_button_distance_m": NaN,
        "data_reference_date": "2026-03-20",
        "coordinate_note": "source_columns_swapped_and_normalized"
      }
    },
    {
      "type": "Feature",
      "geometry": {
        "type": "Point",
        "coordinates": [
          126.9506507,
          37.51479578
        ]
      },
      "properties": {
        "crosswalk_id": "06-0000035418",
        "district": "동작구",
        "address": "동작구 본동 258-40수",
        "crosswalk_type": "일단(화살표있음)",
        "has_pedestrian_light": "N",
        "has_audio_signal": "N",
        "has_push_button": "N",
        "is_raised_crosswalk": "N",
        "has_traffic_safety_detail": "Y",
        "accessibility_score": 1,
        "route_recommendation_tier": "basic",
        "support_evidence": "교통안전시설 상세",
        "nearest_audio_signal_id": NaN,
        "nearest_audio_signal_distance_m": NaN,
        "nearest_push_button_id": NaN,
        "nearest_push_button_distance_m": NaN,
        "data_reference_date": "2026-03-20",
        "coordinate_note": "source_columns_swapped_and_normalized"
      }
    },
    {
      "type": "Feature",
      "geometry": {
        "type": "Point",
        "coordinates": [
          126.9507266,
          37.51468063
        ]
      },
      "properties": {
        "crosswalk_id": "06-0000035419",
        "district": "동작구",
        "address": "동작구 본동 494-1 도",
        "crosswalk_type": "일단(화살표없음)",
        "has_pedestrian_light": "N",
        "has_audio_signal": "N",
        "has_push_button": "N",
        "is_raised_crosswalk": "N",
        "has_traffic_safety_detail": "Y",
        "accessibility_score": 1,
        "route_recommendation_tier": "basic",
        "support_evidence": "교통안전시설 상세",
        "nearest_audio_signal_id": NaN,
        "nearest_audio_signal_distance_m": NaN,
        "nearest_push_button_id": NaN,
        "nearest_push_button_distance_m": NaN,
        "data_reference_date": "2026-03-20",
        "coordinate_note": "source_columns_swapped_and_normalized"
      }
    },
    {
      "type": "Feature",
      "geometry": {
        "type": "Point",
        "coordinates": [
          126.9501447,
          37.5150243
        ]
      },
      "properties": {
        "crosswalk_id": "06-0000035420",
        "district": "동작구",
        "address": "동작구 본동 258-40수",
        "crosswalk_type": "일단(화살표있음)",
        "has_pedestrian_light": "N",
        "has_audio_signal": "N",
        "has_push_button": "N",
        "is_raised_crosswalk": "N",
        "has_traffic_safety_detail": "Y",
        "accessibility_score": 1,
        "route_recommendation_tier": "basic",
        "support_evidence": "교통안전시설 상세",
        "nearest_audio_signal_id": NaN,
        "nearest_audio_signal_distance_m": NaN,
        "nearest_push_button_id": NaN,
        "nearest_push_button_distance_m": NaN,
        "data_reference_date": "2026-03-20",
        "coordinate_note": "source_columns_swapped_and_normalized"
      }
    },
    {
      "type": "Feature",
      "geometry": {
        "type": "Point",
        "coordinates": [
          126.923816,
          37.49164596
        ]
      },
      "properties": {
        "crosswalk_id": "06-0000035453",
        "district": "동작구",
        "address": "동작구 신대방동 395-61도",
        "crosswalk_type": "일단(화살표없음)",
        "has_pedestrian_light": "N",
        "has_audio_signal": "N",
        "has_push_button": "N",
        "is_raised_crosswalk": "N",
        "has_traffic_safety_detail": "Y",
        "accessibility_score": 1,
        "route_recommendation_tier": "basic",
        "support_evidence": "교통안전시설 상세",
        "nearest_audio_signal_id": NaN,
        "nearest_audio_signal_distance_m": NaN,
        "nearest_push_button_id": NaN,
        "nearest_push_button_distance_m": NaN,
        "data_reference_date": "2026-03-20",
        "coordinate_note": "source_columns_swapped_and_normalized"
      }
    },
    {
      "type": "Feature",
      "geometry": {
        "type": "Point",
        "coordinates": [
          126.9512656,
          37.51453112
        ]
      },
      "properties": {
        "crosswalk_id": "06-0000035463",
        "district": "동작구",
        "address": "동작구 본동 482대",
        "crosswalk_type": "일단(화살표없음)",
        "has_pedestrian_light": "N",
        "has_audio_signal": "N",
        "has_push_button": "N",
        "is_raised_crosswalk": "N",
        "has_traffic_safety_detail": "Y",
        "accessibility_score": 1,
        "route_recommendation_tier": "basic",
        "support_evidence": "교통안전시설 상세",
        "nearest_audio_signal_id": NaN,
        "nearest_audio_signal_distance_m": NaN,
        "nearest_push_button_id": NaN,
        "nearest_push_button_distance_m": NaN,
        "data_reference_date": "2026-03-20",
        "coordinate_note": "source_columns_swapped_and_normalized"
      }
    },
    {
      "type": "Feature",
      "geometry": {
        "type": "Point",
        "coordinates": [
          126.9522094,
          37.51281412
        ]
      },
      "properties": {
        "crosswalk_id": "06-0000035464",
        "district": "동작구",
        "address": "동작구 본동 344-10 도",
        "crosswalk_type": "일단(화살표없음)",
        "has_pedestrian_light": "N",
        "has_audio_signal": "N",
        "has_push_button": "N",
        "is_raised_crosswalk": "N",
        "has_traffic_safety_detail": "Y",
        "accessibility_score": 1,
        "route_recommendation_tier": "basic",
        "support_evidence": "교통안전시설 상세",
        "nearest_audio_signal_id": NaN,
        "nearest_audio_signal_distance_m": NaN,
        "nearest_push_button_id": NaN,
        "nearest_push_button_distance_m": NaN,
        "data_reference_date": "2026-03-20",
        "coordinate_note": "source_columns_swapped_and_normalized"
      }
    },
    {
      "type": "Feature",
      "geometry": {
        "type": "Point",
        "coordinates": [
          126.9523938,
          37.51281605
        ]
      },
      "properties": {
        "crosswalk_id": "06-0000035465",
        "district": "동작구",
        "address": "동작구 본동 344-10 도",
        "crosswalk_type": "일단(화살표없음)",
        "has_pedestrian_light": "N",
        "has_audio_signal": "N",
        "has_push_button": "N",
        "is_raised_crosswalk": "N",
        "has_traffic_safety_detail": "Y",
        "accessibility_score": 1,
        "route_recommendation_tier": "basic",
        "support_evidence": "교통안전시설 상세",
        "nearest_audio_signal_id": NaN,
        "nearest_audio_signal_distance_m": NaN,
        "nearest_push_button_id": NaN,
        "nearest_push_button_distance_m": NaN,
        "data_reference_date": "2026-03-20",
        "coordinate_note": "source_columns_swapped_and_normalized"
      }
    },
    {
      "type": "Feature",
      "geometry": {
        "type": "Point",
        "coordinates": [
          126.9647616,
          37.48777954
        ]
      },
      "properties": {
        "crosswalk_id": "06-0000036077",
        "district": "동작구",
        "address": "동작구 사당동 202-10대",
        "crosswalk_type": "일단(화살표없음)",
        "has_pedestrian_light": "N",
        "has_audio_signal": "N",
        "has_push_button": "N",
        "is_raised_crosswalk": "N",
        "has_traffic_safety_detail": "Y",
        "accessibility_score": 1,
        "route_recommendation_tier": "basic",
        "support_evidence": "교통안전시설 상세",
        "nearest_audio_signal_id": NaN,
        "nearest_audio_signal_distance_m": NaN,
        "nearest_push_button_id": NaN,
        "nearest_push_button_distance_m": NaN,
        "data_reference_date": "2026-03-20",
        "coordinate_note": "source_columns_swapped_and_normalized"
      }
    },
    {
      "type": "Feature",
      "geometry": {
        "type": "Point",
        "coordinates": [
          126.9638392,
          37.50890256
        ]
      },
      "properties": {
        "crosswalk_id": "06-0000036079",
        "district": "동작구",
        "address": "동작구 흑석동 3도",
        "crosswalk_type": "이단(화살표있음)",
        "has_pedestrian_light": "N",
        "has_audio_signal": "N",
        "has_push_button": "N",
        "is_raised_crosswalk": "N",
        "has_traffic_safety_detail": "Y",
        "accessibility_score": 1,
        "route_recommendation_tier": "basic",
        "support_evidence": "교통안전시설 상세",
        "nearest_audio_signal_id": NaN,
        "nearest_audio_signal_distance_m": NaN,
        "nearest_push_button_id": NaN,
        "nearest_push_button_distance_m": NaN,
        "data_reference_date": "2026-03-20",
        "coordinate_note": "source_columns_swapped_and_normalized"
      }
    },
    {
      "type": "Feature",
      "geometry": {
        "type": "Point",
        "coordinates": [
          126.9593073,
          37.49815172
        ]
      },
      "properties": {
        "crosswalk_id": "06-0000037132",
        "district": "동작구",
        "address": "동작구 흑석동 239-180도",
        "crosswalk_type": "일단(화살표없음)",
        "has_pedestrian_light": "N",
        "has_audio_signal": "N",
        "has_push_button": "N",
        "is_raised_crosswalk": "N",
        "has_traffic_safety_detail": "Y",
        "accessibility_score": 1,
        "route_recommendation_tier": "basic",
        "support_evidence": "교통안전시설 상세",
        "nearest_audio_signal_id": NaN,
        "nearest_audio_signal_distance_m": NaN,
        "nearest_push_button_id": NaN,
        "nearest_push_button_distance_m": NaN,
        "data_reference_date": "2026-03-20",
        "coordinate_note": "source_columns_swapped_and_normalized"
      }
    },
    {
      "type": "Feature",
      "geometry": {
        "type": "Point",
        "coordinates": [
          126.9755832,
          37.50359959
        ]
      },
      "properties": {
        "crosswalk_id": "06-0000037181",
        "district": "동작구",
        "address": "동작구 동작동 205-7도",
        "crosswalk_type": "일단(화살표없음)",
        "has_pedestrian_light": "N",
        "has_audio_signal": "N",
        "has_push_button": "N",
        "is_raised_crosswalk": "N",
        "has_traffic_safety_detail": "Y",
        "accessibility_score": 1,
        "route_recommendation_tier": "basic",
        "support_evidence": "교통안전시설 상세",
        "nearest_audio_signal_id": NaN,
        "nearest_audio_signal_distance_m": NaN,
        "nearest_push_button_id": NaN,
        "nearest_push_button_distance_m": NaN,
        "data_reference_date": "2026-03-20",
        "coordinate_note": "source_columns_swapped_and_normalized"
      }
    },
    {
      "type": "Feature",
      "geometry": {
        "type": "Point",
        "coordinates": [
          126.9779061,
          37.50195903
        ]
      },
      "properties": {
        "crosswalk_id": "06-0000037182",
        "district": "동작구",
        "address": "동작구 동작동 131-1 도",
        "crosswalk_type": "일단(화살표없음)",
        "has_pedestrian_light": "N",
        "has_audio_signal": "N",
        "has_push_button": "N",
        "is_raised_crosswalk": "N",
        "has_traffic_safety_detail": "Y",
        "accessibility_score": 1,
        "route_recommendation_tier": "basic",
        "support_evidence": "교통안전시설 상세",
        "nearest_audio_signal_id": NaN,
        "nearest_audio_signal_distance_m": NaN,
        "nearest_push_button_id": NaN,
        "nearest_push_button_distance_m": NaN,
        "data_reference_date": "2026-03-20",
        "coordinate_note": "source_columns_swapped_and_normalized"
      }
    },
    {
      "type": "Feature",
      "geometry": {
        "type": "Point",
        "coordinates": [
          126.9517175,
          37.49815908
        ]
      },
      "properties": {
        "crosswalk_id": "06-0000037526",
        "district": "동작구",
        "address": "동작구 상도1동 517-9 도",
        "crosswalk_type": "일단(화살표없음)",
        "has_pedestrian_light": "N",
        "has_audio_signal": "N",
        "has_push_button": "N",
        "is_raised_crosswalk": "N",
        "has_traffic_safety_detail": "Y",
        "accessibility_score": 1,
        "route_recommendation_tier": "basic",
        "support_evidence": "교통안전시설 상세",
        "nearest_audio_signal_id": NaN,
        "nearest_audio_signal_distance_m": NaN,
        "nearest_push_button_id": NaN,
        "nearest_push_button_distance_m": NaN,
        "data_reference_date": "2026-03-20",
        "coordinate_note": "source_columns_swapped_and_normalized"
      }
    },
    {
      "type": "Feature",
      "geometry": {
        "type": "Point",
        "coordinates": [
          126.9549404,
          37.49448461
        ]
      },
      "properties": {
        "crosswalk_id": "06-0000037528",
        "district": "동작구",
        "address": "동작구 상도1동 514-5 도",
        "crosswalk_type": "일단(화살표없음)",
        "has_pedestrian_light": "N",
        "has_audio_signal": "N",
        "has_push_button": "N",
        "is_raised_crosswalk": "N",
        "has_traffic_safety_detail": "Y",
        "accessibility_score": 1,
        "route_recommendation_tier": "basic",
        "support_evidence": "교통안전시설 상세",
        "nearest_audio_signal_id": NaN,
        "nearest_audio_signal_distance_m": NaN,
        "nearest_push_button_id": NaN,
        "nearest_push_button_distance_m": NaN,
        "data_reference_date": "2026-03-20",
        "coordinate_note": "source_columns_swapped_and_normalized"
      }
    },
    {
      "type": "Feature",
      "geometry": {
        "type": "Point",
        "coordinates": [
          126.9802289,
          37.5059292
        ]
      },
      "properties": {
        "crosswalk_id": "06-0000037633",
        "district": "동작구",
        "address": "동작구 동작동 316-3천",
        "crosswalk_type": "일단(화살표없음)",
        "has_pedestrian_light": "N",
        "has_audio_signal": "N",
        "has_push_button": "N",
        "is_raised_crosswalk": "N",
        "has_traffic_safety_detail": "Y",
        "accessibility_score": 1,
        "route_recommendation_tier": "basic",
        "support_evidence": "교통안전시설 상세",
        "nearest_audio_signal_id": NaN,
        "nearest_audio_signal_distance_m": NaN,
        "nearest_push_button_id": NaN,
        "nearest_push_button_distance_m": NaN,
        "data_reference_date": "2026-03-20",
        "coordinate_note": "source_columns_swapped_and_normalized"
      }
    },
    {
      "type": "Feature",
      "geometry": {
        "type": "Point",
        "coordinates": [
          126.9798952,
          37.50487769
        ]
      },
      "properties": {
        "crosswalk_id": "06-0000037635",
        "district": "동작구",
        "address": "동작구 동작동 316-2도",
        "crosswalk_type": "일단(화살표없음)",
        "has_pedestrian_light": "N",
        "has_audio_signal": "N",
        "has_push_button": "N",
        "is_raised_crosswalk": "N",
        "has_traffic_safety_detail": "Y",
        "accessibility_score": 1,
        "route_recommendation_tier": "basic",
        "support_evidence": "교통안전시설 상세",
        "nearest_audio_signal_id": NaN,
        "nearest_audio_signal_distance_m": NaN,
        "nearest_push_button_id": NaN,
        "nearest_push_button_distance_m": NaN,
        "data_reference_date": "2026-03-20",
        "coordinate_note": "source_columns_swapped_and_normalized"
      }
    },
    {
      "type": "Feature",
      "geometry": {
        "type": "Point",
        "coordinates": [
          126.9322186,
          37.5007306
        ]
      },
      "properties": {
        "crosswalk_id": "06-0000037694",
        "district": "동작구",
        "address": "동작구 상도동 343-2 도",
        "crosswalk_type": "일단(화살표없음)",
        "has_pedestrian_light": "N",
        "has_audio_signal": "N",
        "has_push_button": "N",
        "is_raised_crosswalk": "N",
        "has_traffic_safety_detail": "Y",
        "accessibility_score": 1,
        "route_recommendation_tier": "basic",
        "support_evidence": "교통안전시설 상세",
        "nearest_audio_signal_id": NaN,
        "nearest_audio_signal_distance_m": NaN,
        "nearest_push_button_id": NaN,
        "nearest_push_button_distance_m": NaN,
        "data_reference_date": "2026-03-20",
        "coordinate_note": "source_columns_swapped_and_normalized"
      }
    },
    {
      "type": "Feature",
      "geometry": {
        "type": "Point",
        "coordinates": [
          126.9427644,
          37.5052758
        ]
      },
      "properties": {
        "crosswalk_id": "06-0000037696",
        "district": "동작구",
        "address": "동작구 상도동 25-4 도",
        "crosswalk_type": "일단(화살표없음)",
        "has_pedestrian_light": "N",
        "has_audio_signal": "N",
        "has_push_button": "N",
        "is_raised_crosswalk": "N",
        "has_traffic_safety_detail": "Y",
        "accessibility_score": 1,
        "route_recommendation_tier": "basic",
        "support_evidence": "교통안전시설 상세",
        "nearest_audio_signal_id": NaN,
        "nearest_audio_signal_distance_m": NaN,
        "nearest_push_button_id": NaN,
        "nearest_push_button_distance_m": NaN,
        "data_reference_date": "2026-03-20",
        "coordinate_note": "source_columns_swapped_and_normalized"
      }
    },
    {
      "type": "Feature",
      "geometry": {
        "type": "Point",
        "coordinates": [
          126.9756916,
          37.48316292
        ]
      },
      "properties": {
        "crosswalk_id": "06-0000037870",
        "district": "동작구",
        "address": "동작구 사당동 318-78 도",
        "crosswalk_type": "일단(화살표없음)",
        "has_pedestrian_light": "N",
        "has_audio_signal": "N",
        "has_push_button": "N",
        "is_raised_crosswalk": "N",
        "has_traffic_safety_detail": "Y",
        "accessibility_score": 1,
        "route_recommendation_tier": "basic",
        "support_evidence": "교통안전시설 상세",
        "nearest_audio_signal_id": NaN,
        "nearest_audio_signal_distance_m": NaN,
        "nearest_push_button_id": NaN,
        "nearest_push_button_distance_m": NaN,
        "data_reference_date": "2026-03-20",
        "coordinate_note": "source_columns_swapped_and_normalized"
      }
    },
    {
      "type": "Feature",
      "geometry": {
        "type": "Point",
        "coordinates": [
          126.977652,
          37.48370744
        ]
      },
      "properties": {
        "crosswalk_id": "06-0000037871",
        "district": "동작구",
        "address": "동작구 사당동 1093도",
        "crosswalk_type": "일단(화살표없음)",
        "has_pedestrian_light": "N",
        "has_audio_signal": "N",
        "has_push_button": "N",
        "is_raised_crosswalk": "N",
        "has_traffic_safety_detail": "Y",
        "accessibility_score": 1,
        "route_recommendation_tier": "basic",
        "support_evidence": "교통안전시설 상세",
        "nearest_audio_signal_id": NaN,
        "nearest_audio_signal_distance_m": NaN,
        "nearest_push_button_id": NaN,
        "nearest_push_button_distance_m": NaN,
        "data_reference_date": "2026-03-20",
        "coordinate_note": "source_columns_swapped_and_normalized"
      }
    },
    {
      "type": "Feature",
      "geometry": {
        "type": "Point",
        "coordinates": [
          126.9760262,
          37.48349896
        ]
      },
      "properties": {
        "crosswalk_id": "06-0000037873",
        "district": "동작구",
        "address": "동작구 사당동 324-28 도",
        "crosswalk_type": "일단(화살표없음)",
        "has_pedestrian_light": "N",
        "has_audio_signal": "N",
        "has_push_button": "N",
        "is_raised_crosswalk": "N",
        "has_traffic_safety_detail": "Y",
        "accessibility_score": 1,
        "route_recommendation_tier": "basic",
        "support_evidence": "교통안전시설 상세",
        "nearest_audio_signal_id": NaN,
        "nearest_audio_signal_distance_m": NaN,
        "nearest_push_button_id": NaN,
        "nearest_push_button_distance_m": NaN,
        "data_reference_date": "2026-03-20",
        "coordinate_note": "source_columns_swapped_and_normalized"
      }
    },
    {
      "type": "Feature",
      "geometry": {
        "type": "Point",
        "coordinates": [
          126.9514269,
          37.49709415
        ]
      },
      "properties": {
        "crosswalk_id": "06-0000038788",
        "district": "동작구",
        "address": "동작구 상도동 531-5 도",
        "crosswalk_type": "이단(화살표있음)",
        "has_pedestrian_light": "N",
        "has_audio_signal": "N",
        "has_push_button": "N",
        "is_raised_crosswalk": "N",
        "has_traffic_safety_detail": "Y",
        "accessibility_score": 1,
        "route_recommendation_tier": "basic",
        "support_evidence": "교통안전시설 상세",
        "nearest_audio_signal_id": NaN,
        "nearest_audio_signal_distance_m": NaN,
        "nearest_push_button_id": NaN,
        "nearest_push_button_distance_m": NaN,
        "data_reference_date": "2026-03-20",
        "coordinate_note": "source_columns_swapped_and_normalized"
      }
    },
    {
      "type": "Feature",
      "geometry": {
        "type": "Point",
        "coordinates": [
          126.9492544,
          37.49551212
        ]
      },
      "properties": {
        "crosswalk_id": "06-0000038795",
        "district": "동작구",
        "address": "동작구 상도동 531-5 도",
        "crosswalk_type": "이단(화살표있음)",
        "has_pedestrian_light": "N",
        "has_audio_signal": "N",
        "has_push_button": "N",
        "is_raised_crosswalk": "N",
        "has_traffic_safety_detail": "Y",
        "accessibility_score": 1,
        "route_recommendation_tier": "basic",
        "support_evidence": "교통안전시설 상세",
        "nearest_audio_signal_id": NaN,
        "nearest_audio_signal_distance_m": NaN,
        "nearest_push_button_id": NaN,
        "nearest_push_button_distance_m": NaN,
        "data_reference_date": "2026-03-20",
        "coordinate_note": "source_columns_swapped_and_normalized"
      }
    },
    {
      "type": "Feature",
      "geometry": {
        "type": "Point",
        "coordinates": [
          126.9491466,
          37.49540394
        ]
      },
      "properties": {
        "crosswalk_id": "06-0000038796",
        "district": "동작구",
        "address": "동작구 상도동 533-0 대",
        "crosswalk_type": "일단(화살표없음)",
        "has_pedestrian_light": "N",
        "has_audio_signal": "N",
        "has_push_button": "N",
        "is_raised_crosswalk": "N",
        "has_traffic_safety_detail": "Y",
        "accessibility_score": 1,
        "route_recommendation_tier": "basic",
        "support_evidence": "교통안전시설 상세",
        "nearest_audio_signal_id": NaN,
        "nearest_audio_signal_distance_m": NaN,
        "nearest_push_button_id": NaN,
        "nearest_push_button_distance_m": NaN,
        "data_reference_date": "2026-03-20",
        "coordinate_note": "source_columns_swapped_and_normalized"
      }
    },
    {
      "type": "Feature",
      "geometry": {
        "type": "Point",
        "coordinates": [
          126.9492133,
          37.49531934
        ]
      },
      "properties": {
        "crosswalk_id": "06-0000038798",
        "district": "동작구",
        "address": "동작구 상도동 531-5 도",
        "crosswalk_type": "이단(화살표있음)",
        "has_pedestrian_light": "N",
        "has_audio_signal": "N",
        "has_push_button": "N",
        "is_raised_crosswalk": "N",
        "has_traffic_safety_detail": "Y",
        "accessibility_score": 1,
        "route_recommendation_tier": "basic",
        "support_evidence": "교통안전시설 상세",
        "nearest_audio_signal_id": NaN,
        "nearest_audio_signal_distance_m": NaN,
        "nearest_push_button_id": NaN,
        "nearest_push_button_distance_m": NaN,
        "data_reference_date": "2026-03-20",
        "coordinate_note": "source_columns_swapped_and_normalized"
      }
    },
    {
      "type": "Feature",
      "geometry": {
        "type": "Point",
        "coordinates": [
          126.9513388,
          37.49696405
        ]
      },
      "properties": {
        "crosswalk_id": "06-0000038807",
        "district": "동작구",
        "address": "동작구 상도동 531 대",
        "crosswalk_type": "일단(화살표없음)",
        "has_pedestrian_light": "N",
        "has_audio_signal": "N",
        "has_push_button": "N",
        "is_raised_crosswalk": "N",
        "has_traffic_safety_detail": "Y",
        "accessibility_score": 1,
        "route_recommendation_tier": "basic",
        "support_evidence": "교통안전시설 상세",
        "nearest_audio_signal_id": NaN,
        "nearest_audio_signal_distance_m": NaN,
        "nearest_push_button_id": NaN,
        "nearest_push_button_distance_m": NaN,
        "data_reference_date": "2026-03-20",
        "coordinate_note": "source_columns_swapped_and_normalized"
      }
    },
    {
      "type": "Feature",
      "geometry": {
        "type": "Point",
        "coordinates": [
          126.9497306,
          37.49387128
        ]
      },
      "properties": {
        "crosswalk_id": "06-0000038813",
        "district": "동작구",
        "address": "동작구 상도동 531-4 도",
        "crosswalk_type": "이단(화살표있음)",
        "has_pedestrian_light": "N",
        "has_audio_signal": "N",
        "has_push_button": "N",
        "is_raised_crosswalk": "N",
        "has_traffic_safety_detail": "Y",
        "accessibility_score": 1,
        "route_recommendation_tier": "basic",
        "support_evidence": "교통안전시설 상세",
        "nearest_audio_signal_id": NaN,
        "nearest_audio_signal_distance_m": NaN,
        "nearest_push_button_id": NaN,
        "nearest_push_button_distance_m": NaN,
        "data_reference_date": "2026-03-20",
        "coordinate_note": "source_columns_swapped_and_normalized"
      }
    },
    {
      "type": "Feature",
      "geometry": {
        "type": "Point",
        "coordinates": [
          126.9496232,
          37.49391037
        ]
      },
      "properties": {
        "crosswalk_id": "06-0000038814",
        "district": "동작구",
        "address": "동작구 상도동 533-2 도",
        "crosswalk_type": "이단(화살표있음)",
        "has_pedestrian_light": "N",
        "has_audio_signal": "N",
        "has_push_button": "N",
        "is_raised_crosswalk": "N",
        "has_traffic_safety_detail": "Y",
        "accessibility_score": 1,
        "route_recommendation_tier": "basic",
        "support_evidence": "교통안전시설 상세",
        "nearest_audio_signal_id": NaN,
        "nearest_audio_signal_distance_m": NaN,
        "nearest_push_button_id": NaN,
        "nearest_push_button_distance_m": NaN,
        "data_reference_date": "2026-03-20",
        "coordinate_note": "source_columns_swapped_and_normalized"
      }
    },
    {
      "type": "Feature",
      "geometry": {
        "type": "Point",
        "coordinates": [
          126.9721135,
          37.50580011
        ]
      },
      "properties": {
        "crosswalk_id": "06-0000039006",
        "district": "동작구",
        "address": "동작구 흑석동 28-108도",
        "crosswalk_type": "일단(화살표없음)",
        "has_pedestrian_light": "N",
        "has_audio_signal": "N",
        "has_push_button": "N",
        "is_raised_crosswalk": "N",
        "has_traffic_safety_detail": "Y",
        "accessibility_score": 1,
        "route_recommendation_tier": "basic",
        "support_evidence": "교통안전시설 상세",
        "nearest_audio_signal_id": NaN,
        "nearest_audio_signal_distance_m": NaN,
        "nearest_push_button_id": NaN,
        "nearest_push_button_distance_m": NaN,
        "data_reference_date": "2026-03-20",
        "coordinate_note": "source_columns_swapped_and_normalized"
      }
    },
    {
      "type": "Feature",
      "geometry": {
        "type": "Point",
        "coordinates": [
          126.9797665,
          37.49411418
        ]
      },
      "properties": {
        "crosswalk_id": "06-0000039260",
        "district": "동작구",
        "address": "동작구 동작동 333-6 도",
        "crosswalk_type": "일단(화살표없음)",
        "has_pedestrian_light": "N",
        "has_audio_signal": "N",
        "has_push_button": "N",
        "is_raised_crosswalk": "N",
        "has_traffic_safety_detail": "Y",
        "accessibility_score": 1,
        "route_recommendation_tier": "basic",
        "support_evidence": "교통안전시설 상세",
        "nearest_audio_signal_id": NaN,
        "nearest_audio_signal_distance_m": NaN,
        "nearest_push_button_id": NaN,
        "nearest_push_button_distance_m": NaN,
        "data_reference_date": "2026-03-20",
        "coordinate_note": "source_columns_swapped_and_normalized"
      }
    },
    {
      "type": "Feature",
      "geometry": {
        "type": "Point",
        "coordinates": [
          126.9600281,
          37.50119158
        ]
      },
      "properties": {
        "crosswalk_id": "06-0000039322",
        "district": "동작구",
        "address": "동작구 흑석동 339-5 도",
        "crosswalk_type": "일단(화살표없음)",
        "has_pedestrian_light": "N",
        "has_audio_signal": "N",
        "has_push_button": "N",
        "is_raised_crosswalk": "N",
        "has_traffic_safety_detail": "Y",
        "accessibility_score": 1,
        "route_recommendation_tier": "basic",
        "support_evidence": "교통안전시설 상세",
        "nearest_audio_signal_id": NaN,
        "nearest_audio_signal_distance_m": NaN,
        "nearest_push_button_id": NaN,
        "nearest_push_button_distance_m": NaN,
        "data_reference_date": "2026-03-20",
        "coordinate_note": "source_columns_swapped_and_normalized"
      }
    },
    {
      "type": "Feature",
      "geometry": {
        "type": "Point",
        "coordinates": [
          126.9646466,
          37.50312876
        ]
      },
      "properties": {
        "crosswalk_id": "06-0000039773",
        "district": "동작구",
        "address": "동작구 흑석동 336-7 도",
        "crosswalk_type": "이단(화살표있음)",
        "has_pedestrian_light": "N",
        "has_audio_signal": "N",
        "has_push_button": "N",
        "is_raised_crosswalk": "N",
        "has_traffic_safety_detail": "Y",
        "accessibility_score": 1,
        "route_recommendation_tier": "basic",
        "support_evidence": "교통안전시설 상세",
        "nearest_audio_signal_id": NaN,
        "nearest_audio_signal_distance_m": NaN,
        "nearest_push_button_id": NaN,
        "nearest_push_button_distance_m": NaN,
        "data_reference_date": "2026-03-20",
        "coordinate_note": "source_columns_swapped_and_normalized"
      }
    },
    {
      "type": "Feature",
      "geometry": {
        "type": "Point",
        "coordinates": [
          126.9644829,
          37.50290637
        ]
      },
      "properties": {
        "crosswalk_id": "06-0000039774",
        "district": "동작구",
        "address": "동작구 흑석동 336 대",
        "crosswalk_type": "이단(화살표있음)",
        "has_pedestrian_light": "N",
        "has_audio_signal": "N",
        "has_push_button": "N",
        "is_raised_crosswalk": "N",
        "has_traffic_safety_detail": "Y",
        "accessibility_score": 1,
        "route_recommendation_tier": "basic",
        "support_evidence": "교통안전시설 상세",
        "nearest_audio_signal_id": NaN,
        "nearest_audio_signal_distance_m": NaN,
        "nearest_push_button_id": NaN,
        "nearest_push_button_distance_m": NaN,
        "data_reference_date": "2026-03-20",
        "coordinate_note": "source_columns_swapped_and_normalized"
      }
    },
    {
      "type": "Feature",
      "geometry": {
        "type": "Point",
        "coordinates": [
          126.9725787,
          37.48979044
        ]
      },
      "properties": {
        "crosswalk_id": "06-0000039883",
        "district": "동작구",
        "address": "동작구 사당동 1157-2 도",
        "crosswalk_type": "일단(화살표없음)",
        "has_pedestrian_light": "N",
        "has_audio_signal": "N",
        "has_push_button": "N",
        "is_raised_crosswalk": "N",
        "has_traffic_safety_detail": "Y",
        "accessibility_score": 1,
        "route_recommendation_tier": "basic",
        "support_evidence": "교통안전시설 상세",
        "nearest_audio_signal_id": NaN,
        "nearest_audio_signal_distance_m": NaN,
        "nearest_push_button_id": NaN,
        "nearest_push_button_distance_m": NaN,
        "data_reference_date": "2026-03-20",
        "coordinate_note": "source_columns_swapped_and_normalized"
      }
    },
    {
      "type": "Feature",
      "geometry": {
        "type": "Point",
        "coordinates": [
          126.9725687,
          37.48967558
        ]
      },
      "properties": {
        "crosswalk_id": "06-0000039884",
        "district": "동작구",
        "address": "동작구 사당동 708-1056천",
        "crosswalk_type": "이단(화살표있음)",
        "has_pedestrian_light": "N",
        "has_audio_signal": "N",
        "has_push_button": "N",
        "is_raised_crosswalk": "N",
        "has_traffic_safety_detail": "Y",
        "accessibility_score": 1,
        "route_recommendation_tier": "basic",
        "support_evidence": "교통안전시설 상세",
        "nearest_audio_signal_id": NaN,
        "nearest_audio_signal_distance_m": NaN,
        "nearest_push_button_id": NaN,
        "nearest_push_button_distance_m": NaN,
        "data_reference_date": "2026-03-20",
        "coordinate_note": "source_columns_swapped_and_normalized"
      }
    },
    {
      "type": "Feature",
      "geometry": {
        "type": "Point",
        "coordinates": [
          126.9612306,
          37.50818818
        ]
      },
      "properties": {
        "crosswalk_id": "06-0000040140",
        "district": "동작구",
        "address": "동작구 흑석동 181-10도",
        "crosswalk_type": "이단(화살표있음)",
        "has_pedestrian_light": "N",
        "has_audio_signal": "N",
        "has_push_button": "N",
        "is_raised_crosswalk": "N",
        "has_traffic_safety_detail": "Y",
        "accessibility_score": 1,
        "route_recommendation_tier": "basic",
        "support_evidence": "교통안전시설 상세",
        "nearest_audio_signal_id": NaN,
        "nearest_audio_signal_distance_m": NaN,
        "nearest_push_button_id": NaN,
        "nearest_push_button_distance_m": NaN,
        "data_reference_date": "2026-03-20",
        "coordinate_note": "source_columns_swapped_and_normalized"
      }
    },
    {
      "type": "Feature",
      "geometry": {
        "type": "Point",
        "coordinates": [
          126.9631539,
          37.50798832
        ]
      },
      "properties": {
        "crosswalk_id": "06-0000040143",
        "district": "동작구",
        "address": "동작구 흑석동 4-7 도",
        "crosswalk_type": "일단(화살표없음)",
        "has_pedestrian_light": "N",
        "has_audio_signal": "N",
        "has_push_button": "N",
        "is_raised_crosswalk": "N",
        "has_traffic_safety_detail": "Y",
        "accessibility_score": 1,
        "route_recommendation_tier": "basic",
        "support_evidence": "교통안전시설 상세",
        "nearest_audio_signal_id": NaN,
        "nearest_audio_signal_distance_m": NaN,
        "nearest_push_button_id": NaN,
        "nearest_push_button_distance_m": NaN,
        "data_reference_date": "2026-03-20",
        "coordinate_note": "source_columns_swapped_and_normalized"
      }
    },
    {
      "type": "Feature",
      "geometry": {
        "type": "Point",
        "coordinates": [
          126.9554213,
          37.49556151
        ]
      },
      "properties": {
        "crosswalk_id": "06-0000040144",
        "district": "동작구",
        "address": "동작구 상도1동 512-12 도",
        "crosswalk_type": "일단(화살표없음)",
        "has_pedestrian_light": "N",
        "has_audio_signal": "N",
        "has_push_button": "N",
        "is_raised_crosswalk": "N",
        "has_traffic_safety_detail": "Y",
        "accessibility_score": 1,
        "route_recommendation_tier": "basic",
        "support_evidence": "교통안전시설 상세",
        "nearest_audio_signal_id": NaN,
        "nearest_audio_signal_distance_m": NaN,
        "nearest_push_button_id": NaN,
        "nearest_push_button_distance_m": NaN,
        "data_reference_date": "2026-03-20",
        "coordinate_note": "source_columns_swapped_and_normalized"
      }
    },
    {
      "type": "Feature",
      "geometry": {
        "type": "Point",
        "coordinates": [
          126.9463978,
          37.50891155
        ]
      },
      "properties": {
        "crosswalk_id": "06-0000040193",
        "district": "동작구",
        "address": "동작구 노량진동 215-179도",
        "crosswalk_type": "일단(화살표없음)",
        "has_pedestrian_light": "N",
        "has_audio_signal": "N",
        "has_push_button": "N",
        "is_raised_crosswalk": "N",
        "has_traffic_safety_detail": "Y",
        "accessibility_score": 1,
        "route_recommendation_tier": "basic",
        "support_evidence": "교통안전시설 상세",
        "nearest_audio_signal_id": NaN,
        "nearest_audio_signal_distance_m": NaN,
        "nearest_push_button_id": NaN,
        "nearest_push_button_distance_m": NaN,
        "data_reference_date": "2026-03-20",
        "coordinate_note": "source_columns_swapped_and_normalized"
      }
    },
    {
      "type": "Feature",
      "geometry": {
        "type": "Point",
        "coordinates": [
          126.9522324,
          37.5058424
        ]
      },
      "properties": {
        "crosswalk_id": "06-0000040194",
        "district": "동작구",
        "address": "동작구 상도1동 501-1 학",
        "crosswalk_type": "일단(화살표없음)",
        "has_pedestrian_light": "N",
        "has_audio_signal": "N",
        "has_push_button": "N",
        "is_raised_crosswalk": "N",
        "has_traffic_safety_detail": "Y",
        "accessibility_score": 1,
        "route_recommendation_tier": "basic",
        "support_evidence": "교통안전시설 상세",
        "nearest_audio_signal_id": NaN,
        "nearest_audio_signal_distance_m": NaN,
        "nearest_push_button_id": NaN,
        "nearest_push_button_distance_m": NaN,
        "data_reference_date": "2026-03-20",
        "coordinate_note": "source_columns_swapped_and_normalized"
      }
    },
    {
      "type": "Feature",
      "geometry": {
        "type": "Point",
        "coordinates": [
          126.9522116,
          37.50519912
        ]
      },
      "properties": {
        "crosswalk_id": "06-0000040195",
        "district": "동작구",
        "address": "동작구 상도1동 500-1도",
        "crosswalk_type": "일단(화살표없음)",
        "has_pedestrian_light": "N",
        "has_audio_signal": "N",
        "has_push_button": "N",
        "is_raised_crosswalk": "N",
        "has_traffic_safety_detail": "Y",
        "accessibility_score": 1,
        "route_recommendation_tier": "basic",
        "support_evidence": "교통안전시설 상세",
        "nearest_audio_signal_id": NaN,
        "nearest_audio_signal_distance_m": NaN,
        "nearest_push_button_id": NaN,
        "nearest_push_button_distance_m": NaN,
        "data_reference_date": "2026-03-20",
        "coordinate_note": "source_columns_swapped_and_normalized"
      }
    },
    {
      "type": "Feature",
      "geometry": {
        "type": "Point",
        "coordinates": [
          126.9618698,
          37.4998444
        ]
      },
      "properties": {
        "crosswalk_id": "06-0000040196",
        "district": "동작구",
        "address": "동작구 흑석동 252-57도",
        "crosswalk_type": "일단(화살표없음)",
        "has_pedestrian_light": "N",
        "has_audio_signal": "N",
        "has_push_button": "N",
        "is_raised_crosswalk": "N",
        "has_traffic_safety_detail": "Y",
        "accessibility_score": 1,
        "route_recommendation_tier": "basic",
        "support_evidence": "교통안전시설 상세",
        "nearest_audio_signal_id": NaN,
        "nearest_audio_signal_distance_m": NaN,
        "nearest_push_button_id": NaN,
        "nearest_push_button_distance_m": NaN,
        "data_reference_date": "2026-03-20",
        "coordinate_note": "source_columns_swapped_and_normalized"
      }
    },
    {
      "type": "Feature",
      "geometry": {
        "type": "Point",
        "coordinates": [
          126.963574,
          37.50068375
        ]
      },
      "properties": {
        "crosswalk_id": "06-0000040197",
        "district": "동작구",
        "address": "동작구 흑석동 산70-7 도",
        "crosswalk_type": "일단(화살표없음)",
        "has_pedestrian_light": "N",
        "has_audio_signal": "N",
        "has_push_button": "N",
        "is_raised_crosswalk": "N",
        "has_traffic_safety_detail": "Y",
        "accessibility_score": 1,
        "route_recommendation_tier": "basic",
        "support_evidence": "교통안전시설 상세",
        "nearest_audio_signal_id": NaN,
        "nearest_audio_signal_distance_m": NaN,
        "nearest_push_button_id": NaN,
        "nearest_push_button_distance_m": NaN,
        "data_reference_date": "2026-03-20",
        "coordinate_note": "source_columns_swapped_and_normalized"
      }
    },
    {
      "type": "Feature",
      "geometry": {
        "type": "Point",
        "coordinates": [
          126.9546795,
          37.50924436
        ]
      },
      "properties": {
        "crosswalk_id": "06-0000040929",
        "district": "동작구",
        "address": "동작구 본동 485-2 도",
        "crosswalk_type": "일단(화살표없음)",
        "has_pedestrian_light": "N",
        "has_audio_signal": "N",
        "has_push_button": "N",
        "is_raised_crosswalk": "N",
        "has_traffic_safety_detail": "Y",
        "accessibility_score": 1,
        "route_recommendation_tier": "basic",
        "support_evidence": "교통안전시설 상세",
        "nearest_audio_signal_id": NaN,
        "nearest_audio_signal_distance_m": NaN,
        "nearest_push_button_id": NaN,
        "nearest_push_button_distance_m": NaN,
        "data_reference_date": "2026-03-20",
        "coordinate_note": "source_columns_swapped_and_normalized"
      }
    },
    {
      "type": "Feature",
      "geometry": {
        "type": "Point",
        "coordinates": [
          126.9766174,
          37.4899141
        ]
      },
      "properties": {
        "crosswalk_id": "06-0000040938",
        "district": "동작구",
        "address": "동작구 사당동 105-2대",
        "crosswalk_type": "일단(화살표없음)",
        "has_pedestrian_light": "N",
        "has_audio_signal": "N",
        "has_push_button": "N",
        "is_raised_crosswalk": "N",
        "has_traffic_safety_detail": "Y",
        "accessibility_score": 1,
        "route_recommendation_tier": "basic",
        "support_evidence": "교통안전시설 상세",
        "nearest_audio_signal_id": NaN,
        "nearest_audio_signal_distance_m": NaN,
        "nearest_push_button_id": NaN,
        "nearest_push_button_distance_m": NaN,
        "data_reference_date": "2026-03-20",
        "coordinate_note": "source_columns_swapped_and_normalized"
      }
    },
    {
      "type": "Feature",
      "geometry": {
        "type": "Point",
        "coordinates": [
          126.9514467,
          37.51133355
        ]
      },
      "properties": {
        "crosswalk_id": "06-0000040939",
        "district": "동작구",
        "address": "동작구 본동 148-9 도",
        "crosswalk_type": "일단(화살표없음)",
        "has_pedestrian_light": "N",
        "has_audio_signal": "N",
        "has_push_button": "N",
        "is_raised_crosswalk": "N",
        "has_traffic_safety_detail": "Y",
        "accessibility_score": 1,
        "route_recommendation_tier": "basic",
        "support_evidence": "교통안전시설 상세",
        "nearest_audio_signal_id": NaN,
        "nearest_audio_signal_distance_m": NaN,
        "nearest_push_button_id": NaN,
        "nearest_push_button_distance_m": NaN,
        "data_reference_date": "2026-03-20",
        "coordinate_note": "source_columns_swapped_and_normalized"
      }
    },
    {
      "type": "Feature",
      "geometry": {
        "type": "Point",
        "coordinates": [
          126.9768888,
          37.48841378
        ]
      },
      "properties": {
        "crosswalk_id": "06-0000040940",
        "district": "동작구",
        "address": "동작구 사당동 105대",
        "crosswalk_type": "일단(화살표없음)",
        "has_pedestrian_light": "N",
        "has_audio_signal": "N",
        "has_push_button": "N",
        "is_raised_crosswalk": "N",
        "has_traffic_safety_detail": "Y",
        "accessibility_score": 1,
        "route_recommendation_tier": "basic",
        "support_evidence": "교통안전시설 상세",
        "nearest_audio_signal_id": NaN,
        "nearest_audio_signal_distance_m": NaN,
        "nearest_push_button_id": NaN,
        "nearest_push_button_distance_m": NaN,
        "data_reference_date": "2026-03-20",
        "coordinate_note": "source_columns_swapped_and_normalized"
      }
    },
    {
      "type": "Feature",
      "geometry": {
        "type": "Point",
        "coordinates": [
          126.9447683,
          37.50310493
        ]
      },
      "properties": {
        "crosswalk_id": "06-0000040942",
        "district": "동작구",
        "address": "동작구 상도동 528-3 도",
        "crosswalk_type": "일단(화살표없음)",
        "has_pedestrian_light": "N",
        "has_audio_signal": "N",
        "has_push_button": "N",
        "is_raised_crosswalk": "N",
        "has_traffic_safety_detail": "Y",
        "accessibility_score": 1,
        "route_recommendation_tier": "basic",
        "support_evidence": "교통안전시설 상세",
        "nearest_audio_signal_id": NaN,
        "nearest_audio_signal_distance_m": NaN,
        "nearest_push_button_id": NaN,
        "nearest_push_button_distance_m": NaN,
        "data_reference_date": "2026-03-20",
        "coordinate_note": "source_columns_swapped_and_normalized"
      }
    },
    {
      "type": "Feature",
      "geometry": {
        "type": "Point",
        "coordinates": [
          126.9781545,
          37.49459177
        ]
      },
      "properties": {
        "crosswalk_id": "06-0000040965",
        "district": "동작구",
        "address": "동작구 동작동 333-6 도",
        "crosswalk_type": "일단(화살표없음)",
        "has_pedestrian_light": "N",
        "has_audio_signal": "N",
        "has_push_button": "N",
        "is_raised_crosswalk": "N",
        "has_traffic_safety_detail": "Y",
        "accessibility_score": 1,
        "route_recommendation_tier": "basic",
        "support_evidence": "교통안전시설 상세",
        "nearest_audio_signal_id": NaN,
        "nearest_audio_signal_distance_m": NaN,
        "nearest_push_button_id": NaN,
        "nearest_push_button_distance_m": NaN,
        "data_reference_date": "2026-03-20",
        "coordinate_note": "source_columns_swapped_and_normalized"
      }
    },
    {
      "type": "Feature",
      "geometry": {
        "type": "Point",
        "coordinates": [
          126.9681341,
          37.48536718
        ]
      },
      "properties": {
        "crosswalk_id": "06-0000040969",
        "district": "동작구",
        "address": "동작구 사당동 226-5 도",
        "crosswalk_type": "이단(화살표있음)",
        "has_pedestrian_light": "N",
        "has_audio_signal": "N",
        "has_push_button": "N",
        "is_raised_crosswalk": "N",
        "has_traffic_safety_detail": "Y",
        "accessibility_score": 1,
        "route_recommendation_tier": "basic",
        "support_evidence": "교통안전시설 상세",
        "nearest_audio_signal_id": NaN,
        "nearest_audio_signal_distance_m": NaN,
        "nearest_push_button_id": NaN,
        "nearest_push_button_distance_m": NaN,
        "data_reference_date": "2026-03-20",
        "coordinate_note": "source_columns_swapped_and_normalized"
      }
    },
    {
      "type": "Feature",
      "geometry": {
        "type": "Point",
        "coordinates": [
          126.9146068,
          37.49466584
        ]
      },
      "properties": {
        "crosswalk_id": "06-0000040970",
        "district": "동작구",
        "address": "동작구 신대방동 492-209도",
        "crosswalk_type": "일단(화살표없음)",
        "has_pedestrian_light": "N",
        "has_audio_signal": "N",
        "has_push_button": "N",
        "is_raised_crosswalk": "N",
        "has_traffic_safety_detail": "Y",
        "accessibility_score": 1,
        "route_recommendation_tier": "basic",
        "support_evidence": "교통안전시설 상세",
        "nearest_audio_signal_id": NaN,
        "nearest_audio_signal_distance_m": NaN,
        "nearest_push_button_id": NaN,
        "nearest_push_button_distance_m": NaN,
        "data_reference_date": "2026-03-20",
        "coordinate_note": "source_columns_swapped_and_normalized"
      }
    },
    {
      "type": "Feature",
      "geometry": {
        "type": "Point",
        "coordinates": [
          126.9146787,
          37.49411944
        ]
      },
      "properties": {
        "crosswalk_id": "06-0000040971",
        "district": "동작구",
        "address": "동작구 신대방동 492-209도",
        "crosswalk_type": "일단(화살표없음)",
        "has_pedestrian_light": "N",
        "has_audio_signal": "N",
        "has_push_button": "N",
        "is_raised_crosswalk": "N",
        "has_traffic_safety_detail": "Y",
        "accessibility_score": 1,
        "route_recommendation_tier": "basic",
        "support_evidence": "교통안전시설 상세",
        "nearest_audio_signal_id": NaN,
        "nearest_audio_signal_distance_m": NaN,
        "nearest_push_button_id": NaN,
        "nearest_push_button_distance_m": NaN,
        "data_reference_date": "2026-03-20",
        "coordinate_note": "source_columns_swapped_and_normalized"
      }
    },
    {
      "type": "Feature",
      "geometry": {
        "type": "Point",
        "coordinates": [
          126.915434,
          37.49370094
        ]
      },
      "properties": {
        "crosswalk_id": "06-0000040972",
        "district": "동작구",
        "address": "동작구 신대방동 711대",
        "crosswalk_type": "일단(화살표없음)",
        "has_pedestrian_light": "N",
        "has_audio_signal": "N",
        "has_push_button": "N",
        "is_raised_crosswalk": "N",
        "has_traffic_safety_detail": "Y",
        "accessibility_score": 1,
        "route_recommendation_tier": "basic",
        "support_evidence": "교통안전시설 상세",
        "nearest_audio_signal_id": NaN,
        "nearest_audio_signal_distance_m": NaN,
        "nearest_push_button_id": NaN,
        "nearest_push_button_distance_m": NaN,
        "data_reference_date": "2026-03-20",
        "coordinate_note": "source_columns_swapped_and_normalized"
      }
    },
    {
      "type": "Feature",
      "geometry": {
        "type": "Point",
        "coordinates": [
          126.948596,
          37.50172326
        ]
      },
      "properties": {
        "crosswalk_id": "06-0000040996",
        "district": "동작구",
        "address": "동작구 상도1동 751-1도",
        "crosswalk_type": "일단(화살표없음)",
        "has_pedestrian_light": "N",
        "has_audio_signal": "N",
        "has_push_button": "N",
        "is_raised_crosswalk": "N",
        "has_traffic_safety_detail": "Y",
        "accessibility_score": 1,
        "route_recommendation_tier": "basic",
        "support_evidence": "교통안전시설 상세",
        "nearest_audio_signal_id": NaN,
        "nearest_audio_signal_distance_m": NaN,
        "nearest_push_button_id": NaN,
        "nearest_push_button_distance_m": NaN,
        "data_reference_date": "2026-03-20",
        "coordinate_note": "source_columns_swapped_and_normalized"
      }
    },
    {
      "type": "Feature",
      "geometry": {
        "type": "Point",
        "coordinates": [
          126.9497629,
          37.50013117
        ]
      },
      "properties": {
        "crosswalk_id": "06-0000040997",
        "district": "동작구",
        "address": "동작구 상도동 415-1 도",
        "crosswalk_type": "일단(화살표없음)",
        "has_pedestrian_light": "N",
        "has_audio_signal": "N",
        "has_push_button": "N",
        "is_raised_crosswalk": "N",
        "has_traffic_safety_detail": "Y",
        "accessibility_score": 1,
        "route_recommendation_tier": "basic",
        "support_evidence": "교통안전시설 상세",
        "nearest_audio_signal_id": NaN,
        "nearest_audio_signal_distance_m": NaN,
        "nearest_push_button_id": NaN,
        "nearest_push_button_distance_m": NaN,
        "data_reference_date": "2026-03-20",
        "coordinate_note": "source_columns_swapped_and_normalized"
      }
    },
    {
      "type": "Feature",
      "geometry": {
        "type": "Point",
        "coordinates": [
          126.9546567,
          37.49482576
        ]
      },
      "properties": {
        "crosswalk_id": "06-0000040999",
        "district": "동작구",
        "address": "동작구 상도1동 514-12 도",
        "crosswalk_type": "일단(화살표없음)",
        "has_pedestrian_light": "N",
        "has_audio_signal": "N",
        "has_push_button": "N",
        "is_raised_crosswalk": "N",
        "has_traffic_safety_detail": "Y",
        "accessibility_score": 1,
        "route_recommendation_tier": "basic",
        "support_evidence": "교통안전시설 상세",
        "nearest_audio_signal_id": NaN,
        "nearest_audio_signal_distance_m": NaN,
        "nearest_push_button_id": NaN,
        "nearest_push_button_distance_m": NaN,
        "data_reference_date": "2026-03-20",
        "coordinate_note": "source_columns_swapped_and_normalized"
      }
    },
    {
      "type": "Feature",
      "geometry": {
        "type": "Point",
        "coordinates": [
          126.9556503,
          37.49418105
        ]
      },
      "properties": {
        "crosswalk_id": "06-0000041000",
        "district": "동작구",
        "address": "동작구 상도1동 499-15 도",
        "crosswalk_type": "일단(화살표없음)",
        "has_pedestrian_light": "N",
        "has_audio_signal": "N",
        "has_push_button": "N",
        "is_raised_crosswalk": "N",
        "has_traffic_safety_detail": "Y",
        "accessibility_score": 1,
        "route_recommendation_tier": "basic",
        "support_evidence": "교통안전시설 상세",
        "nearest_audio_signal_id": NaN,
        "nearest_audio_signal_distance_m": NaN,
        "nearest_push_button_id": NaN,
        "nearest_push_button_distance_m": NaN,
        "data_reference_date": "2026-03-20",
        "coordinate_note": "source_columns_swapped_and_normalized"
      }
    },
    {
      "type": "Feature",
      "geometry": {
        "type": "Point",
        "coordinates": [
          126.9434659,
          37.50308276
        ]
      },
      "properties": {
        "crosswalk_id": "06-0000041010",
        "district": "동작구",
        "address": "동작구 상도동 173-49 구",
        "crosswalk_type": "일단(화살표없음)",
        "has_pedestrian_light": "N",
        "has_audio_signal": "N",
        "has_push_button": "N",
        "is_raised_crosswalk": "N",
        "has_traffic_safety_detail": "Y",
        "accessibility_score": 1,
        "route_recommendation_tier": "basic",
        "support_evidence": "교통안전시설 상세",
        "nearest_audio_signal_id": NaN,
        "nearest_audio_signal_distance_m": NaN,
        "nearest_push_button_id": NaN,
        "nearest_push_button_distance_m": NaN,
        "data_reference_date": "2026-03-20",
        "coordinate_note": "source_columns_swapped_and_normalized"
      }
    },
    {
      "type": "Feature",
      "geometry": {
        "type": "Point",
        "coordinates": [
          126.9702357,
          37.48485303
        ]
      },
      "properties": {
        "crosswalk_id": "06-0000041072",
        "district": "동작구",
        "address": "동작구 사당동 708-530도",
        "crosswalk_type": "일단(화살표없음)",
        "has_pedestrian_light": "N",
        "has_audio_signal": "N",
        "has_push_button": "N",
        "is_raised_crosswalk": "N",
        "has_traffic_safety_detail": "Y",
        "accessibility_score": 1,
        "route_recommendation_tier": "basic",
        "support_evidence": "교통안전시설 상세",
        "nearest_audio_signal_id": NaN,
        "nearest_audio_signal_distance_m": NaN,
        "nearest_push_button_id": NaN,
        "nearest_push_button_distance_m": NaN,
        "data_reference_date": "2026-03-20",
        "coordinate_note": "source_columns_swapped_and_normalized"
      }
    },
    {
      "type": "Feature",
      "geometry": {
        "type": "Point",
        "coordinates": [
          126.9239457,
          37.50528606
        ]
      },
      "properties": {
        "crosswalk_id": "06-0000044940",
        "district": "동작구",
        "address": "동작구 대방동 466-56도",
        "crosswalk_type": "일단(화살표없음)",
        "has_pedestrian_light": "N",
        "has_audio_signal": "N",
        "has_push_button": "N",
        "is_raised_crosswalk": "N",
        "has_traffic_safety_detail": "Y",
        "accessibility_score": 1,
        "route_recommendation_tier": "basic",
        "support_evidence": "교통안전시설 상세",
        "nearest_audio_signal_id": NaN,
        "nearest_audio_signal_distance_m": NaN,
        "nearest_push_button_id": NaN,
        "nearest_push_button_distance_m": NaN,
        "data_reference_date": "2026-03-20",
        "coordinate_note": "source_columns_swapped_and_normalized"
      }
    },
    {
      "type": "Feature",
      "geometry": {
        "type": "Point",
        "coordinates": [
          126.9234948,
          37.5047216
        ]
      },
      "properties": {
        "crosswalk_id": "06-0000044941",
        "district": "동작구",
        "address": "동작구 대방동 466-43도",
        "crosswalk_type": "일단(화살표없음)",
        "has_pedestrian_light": "N",
        "has_audio_signal": "N",
        "has_push_button": "N",
        "is_raised_crosswalk": "N",
        "has_traffic_safety_detail": "Y",
        "accessibility_score": 1,
        "route_recommendation_tier": "basic",
        "support_evidence": "교통안전시설 상세",
        "nearest_audio_signal_id": NaN,
        "nearest_audio_signal_distance_m": NaN,
        "nearest_push_button_id": NaN,
        "nearest_push_button_distance_m": NaN,
        "data_reference_date": "2026-03-20",
        "coordinate_note": "source_columns_swapped_and_normalized"
      }
    },
    {
      "type": "Feature",
      "geometry": {
        "type": "Point",
        "coordinates": [
          126.926236,
          37.50622357
        ]
      },
      "properties": {
        "crosswalk_id": "06-0000044942",
        "district": "동작구",
        "address": "동작구 대방동 466-56도",
        "crosswalk_type": "일단(화살표없음)",
        "has_pedestrian_light": "N",
        "has_audio_signal": "N",
        "has_push_button": "N",
        "is_raised_crosswalk": "N",
        "has_traffic_safety_detail": "Y",
        "accessibility_score": 1,
        "route_recommendation_tier": "basic",
        "support_evidence": "교통안전시설 상세",
        "nearest_audio_signal_id": NaN,
        "nearest_audio_signal_distance_m": NaN,
        "nearest_push_button_id": NaN,
        "nearest_push_button_distance_m": NaN,
        "data_reference_date": "2026-03-20",
        "coordinate_note": "source_columns_swapped_and_normalized"
      }
    },
    {
      "type": "Feature",
      "geometry": {
        "type": "Point",
        "coordinates": [
          126.925329,
          37.50432531
        ]
      },
      "properties": {
        "crosswalk_id": "06-0000044943",
        "district": "동작구",
        "address": "동작구 대방동 376-14도",
        "crosswalk_type": "일단(화살표없음)",
        "has_pedestrian_light": "N",
        "has_audio_signal": "N",
        "has_push_button": "N",
        "is_raised_crosswalk": "N",
        "has_traffic_safety_detail": "Y",
        "accessibility_score": 1,
        "route_recommendation_tier": "basic",
        "support_evidence": "교통안전시설 상세",
        "nearest_audio_signal_id": NaN,
        "nearest_audio_signal_distance_m": NaN,
        "nearest_push_button_id": NaN,
        "nearest_push_button_distance_m": NaN,
        "data_reference_date": "2026-03-20",
        "coordinate_note": "source_columns_swapped_and_normalized"
      }
    },
    {
      "type": "Feature",
      "geometry": {
        "type": "Point",
        "coordinates": [
          126.9253852,
          37.50399357
        ]
      },
      "properties": {
        "crosswalk_id": "06-0000044944",
        "district": "동작구",
        "address": "동작구 대방동 466-10 도",
        "crosswalk_type": "일단(화살표없음)",
        "has_pedestrian_light": "N",
        "has_audio_signal": "N",
        "has_push_button": "N",
        "is_raised_crosswalk": "N",
        "has_traffic_safety_detail": "Y",
        "accessibility_score": 1,
        "route_recommendation_tier": "basic",
        "support_evidence": "교통안전시설 상세",
        "nearest_audio_signal_id": NaN,
        "nearest_audio_signal_distance_m": NaN,
        "nearest_push_button_id": NaN,
        "nearest_push_button_distance_m": NaN,
        "data_reference_date": "2026-03-20",
        "coordinate_note": "source_columns_swapped_and_normalized"
      }
    },
    {
      "type": "Feature",
      "geometry": {
        "type": "Point",
        "coordinates": [
          126.9253701,
          37.50354929
        ]
      },
      "properties": {
        "crosswalk_id": "06-0000044945",
        "district": "동작구",
        "address": "동작구 대방동 466-10 도",
        "crosswalk_type": "일단(화살표없음)",
        "has_pedestrian_light": "N",
        "has_audio_signal": "N",
        "has_push_button": "N",
        "is_raised_crosswalk": "N",
        "has_traffic_safety_detail": "Y",
        "accessibility_score": 1,
        "route_recommendation_tier": "basic",
        "support_evidence": "교통안전시설 상세",
        "nearest_audio_signal_id": NaN,
        "nearest_audio_signal_distance_m": NaN,
        "nearest_push_button_id": NaN,
        "nearest_push_button_distance_m": NaN,
        "data_reference_date": "2026-03-20",
        "coordinate_note": "source_columns_swapped_and_normalized"
      }
    },
    {
      "type": "Feature",
      "geometry": {
        "type": "Point",
        "coordinates": [
          126.9254132,
          37.50269716
        ]
      },
      "properties": {
        "crosswalk_id": "06-0000044947",
        "district": "동작구",
        "address": "동작구 대방동 391-287대",
        "crosswalk_type": "일단(화살표없음)",
        "has_pedestrian_light": "N",
        "has_audio_signal": "N",
        "has_push_button": "N",
        "is_raised_crosswalk": "N",
        "has_traffic_safety_detail": "Y",
        "accessibility_score": 1,
        "route_recommendation_tier": "basic",
        "support_evidence": "교통안전시설 상세",
        "nearest_audio_signal_id": NaN,
        "nearest_audio_signal_distance_m": NaN,
        "nearest_push_button_id": NaN,
        "nearest_push_button_distance_m": NaN,
        "data_reference_date": "2026-03-20",
        "coordinate_note": "source_columns_swapped_and_normalized"
      }
    },
    {
      "type": "Feature",
      "geometry": {
        "type": "Point",
        "coordinates": [
          126.925937,
          37.50269412
        ]
      },
      "properties": {
        "crosswalk_id": "06-0000044948",
        "district": "동작구",
        "address": "동작구 대방동 391-287대",
        "crosswalk_type": "일단(화살표없음)",
        "has_pedestrian_light": "N",
        "has_audio_signal": "N",
        "has_push_button": "N",
        "is_raised_crosswalk": "N",
        "has_traffic_safety_detail": "Y",
        "accessibility_score": 1,
        "route_recommendation_tier": "basic",
        "support_evidence": "교통안전시설 상세",
        "nearest_audio_signal_id": NaN,
        "nearest_audio_signal_distance_m": NaN,
        "nearest_push_button_id": NaN,
        "nearest_push_button_distance_m": NaN,
        "data_reference_date": "2026-03-20",
        "coordinate_note": "source_columns_swapped_and_normalized"
      }
    },
    {
      "type": "Feature",
      "geometry": {
        "type": "Point",
        "coordinates": [
          126.9264926,
          37.50276891
        ]
      },
      "properties": {
        "crosswalk_id": "06-0000044949",
        "district": "동작구",
        "address": "동작구 대방동 466-10 도",
        "crosswalk_type": "일단(화살표없음)",
        "has_pedestrian_light": "N",
        "has_audio_signal": "N",
        "has_push_button": "N",
        "is_raised_crosswalk": "N",
        "has_traffic_safety_detail": "Y",
        "accessibility_score": 1,
        "route_recommendation_tier": "basic",
        "support_evidence": "교통안전시설 상세",
        "nearest_audio_signal_id": NaN,
        "nearest_audio_signal_distance_m": NaN,
        "nearest_push_button_id": NaN,
        "nearest_push_button_distance_m": NaN,
        "data_reference_date": "2026-03-20",
        "coordinate_note": "source_columns_swapped_and_normalized"
      }
    },
    {
      "type": "Feature",
      "geometry": {
        "type": "Point",
        "coordinates": [
          126.9264707,
          37.5027005
        ]
      },
      "properties": {
        "crosswalk_id": "06-0000044950",
        "district": "동작구",
        "address": "동작구 대방동 391-287대",
        "crosswalk_type": "일단(화살표없음)",
        "has_pedestrian_light": "N",
        "has_audio_signal": "N",
        "has_push_button": "N",
        "is_raised_crosswalk": "N",
        "has_traffic_safety_detail": "Y",
        "accessibility_score": 1,
        "route_recommendation_tier": "basic",
        "support_evidence": "교통안전시설 상세",
        "nearest_audio_signal_id": NaN,
        "nearest_audio_signal_distance_m": NaN,
        "nearest_push_button_id": NaN,
        "nearest_push_button_distance_m": NaN,
        "data_reference_date": "2026-03-20",
        "coordinate_note": "source_columns_swapped_and_normalized"
      }
    },
    {
      "type": "Feature",
      "geometry": {
        "type": "Point",
        "coordinates": [
          126.9271432,
          37.50224599
        ]
      },
      "properties": {
        "crosswalk_id": "06-0000044951",
        "district": "동작구",
        "address": "동작구 대방동 466-10 도",
        "crosswalk_type": "일단(화살표없음)",
        "has_pedestrian_light": "N",
        "has_audio_signal": "N",
        "has_push_button": "N",
        "is_raised_crosswalk": "N",
        "has_traffic_safety_detail": "Y",
        "accessibility_score": 1,
        "route_recommendation_tier": "basic",
        "support_evidence": "교통안전시설 상세",
        "nearest_audio_signal_id": NaN,
        "nearest_audio_signal_distance_m": NaN,
        "nearest_push_button_id": NaN,
        "nearest_push_button_distance_m": NaN,
        "data_reference_date": "2026-03-20",
        "coordinate_note": "source_columns_swapped_and_normalized"
      }
    },
    {
      "type": "Feature",
      "geometry": {
        "type": "Point",
        "coordinates": [
          126.9276852,
          37.50206196
        ]
      },
      "properties": {
        "crosswalk_id": "06-0000044952",
        "district": "동작구",
        "address": "동작구 대방동 466-10 도",
        "crosswalk_type": "일단(화살표없음)",
        "has_pedestrian_light": "N",
        "has_audio_signal": "N",
        "has_push_button": "N",
        "is_raised_crosswalk": "N",
        "has_traffic_safety_detail": "Y",
        "accessibility_score": 1,
        "route_recommendation_tier": "basic",
        "support_evidence": "교통안전시설 상세",
        "nearest_audio_signal_id": NaN,
        "nearest_audio_signal_distance_m": NaN,
        "nearest_push_button_id": NaN,
        "nearest_push_button_distance_m": NaN,
        "data_reference_date": "2026-03-20",
        "coordinate_note": "source_columns_swapped_and_normalized"
      }
    },
    {
      "type": "Feature",
      "geometry": {
        "type": "Point",
        "coordinates": [
          126.9279695,
          37.50145995
        ]
      },
      "properties": {
        "crosswalk_id": "06-0000044953",
        "district": "동작구",
        "address": "동작구 대방동 466-10 도",
        "crosswalk_type": "일단(화살표없음)",
        "has_pedestrian_light": "N",
        "has_audio_signal": "N",
        "has_push_button": "N",
        "is_raised_crosswalk": "N",
        "has_traffic_safety_detail": "Y",
        "accessibility_score": 1,
        "route_recommendation_tier": "basic",
        "support_evidence": "교통안전시설 상세",
        "nearest_audio_signal_id": NaN,
        "nearest_audio_signal_distance_m": NaN,
        "nearest_push_button_id": NaN,
        "nearest_push_button_distance_m": NaN,
        "data_reference_date": "2026-03-20",
        "coordinate_note": "source_columns_swapped_and_normalized"
      }
    },
    {
      "type": "Feature",
      "geometry": {
        "type": "Point",
        "coordinates": [
          126.9275163,
          37.50098176
        ]
      },
      "properties": {
        "crosswalk_id": "06-0000044954",
        "district": "동작구",
        "address": "동작구 대방동 466-10 도",
        "crosswalk_type": "일단(화살표없음)",
        "has_pedestrian_light": "N",
        "has_audio_signal": "N",
        "has_push_button": "N",
        "is_raised_crosswalk": "N",
        "has_traffic_safety_detail": "Y",
        "accessibility_score": 1,
        "route_recommendation_tier": "basic",
        "support_evidence": "교통안전시설 상세",
        "nearest_audio_signal_id": NaN,
        "nearest_audio_signal_distance_m": NaN,
        "nearest_push_button_id": NaN,
        "nearest_push_button_distance_m": NaN,
        "data_reference_date": "2026-03-20",
        "coordinate_note": "source_columns_swapped_and_normalized"
      }
    },
    {
      "type": "Feature",
      "geometry": {
        "type": "Point",
        "coordinates": [
          126.9273932,
          37.5006088
        ]
      },
      "properties": {
        "crosswalk_id": "06-0000044955",
        "district": "동작구",
        "address": "동작구 대방동 466-10 도",
        "crosswalk_type": "일단(화살표없음)",
        "has_pedestrian_light": "N",
        "has_audio_signal": "N",
        "has_push_button": "N",
        "is_raised_crosswalk": "N",
        "has_traffic_safety_detail": "Y",
        "accessibility_score": 1,
        "route_recommendation_tier": "basic",
        "support_evidence": "교통안전시설 상세",
        "nearest_audio_signal_id": NaN,
        "nearest_audio_signal_distance_m": NaN,
        "nearest_push_button_id": NaN,
        "nearest_push_button_distance_m": NaN,
        "data_reference_date": "2026-03-20",
        "coordinate_note": "source_columns_swapped_and_normalized"
      }
    },
    {
      "type": "Feature",
      "geometry": {
        "type": "Point",
        "coordinates": [
          126.9274933,
          37.50061355
        ]
      },
      "properties": {
        "crosswalk_id": "06-0000044956",
        "district": "동작구",
        "address": "동작구 대방동 393-81도",
        "crosswalk_type": "일단(화살표없음)",
        "has_pedestrian_light": "N",
        "has_audio_signal": "N",
        "has_push_button": "N",
        "is_raised_crosswalk": "N",
        "has_traffic_safety_detail": "Y",
        "accessibility_score": 1,
        "route_recommendation_tier": "basic",
        "support_evidence": "교통안전시설 상세",
        "nearest_audio_signal_id": NaN,
        "nearest_audio_signal_distance_m": NaN,
        "nearest_push_button_id": NaN,
        "nearest_push_button_distance_m": NaN,
        "data_reference_date": "2026-03-20",
        "coordinate_note": "source_columns_swapped_and_normalized"
      }
    },
    {
      "type": "Feature",
      "geometry": {
        "type": "Point",
        "coordinates": [
          126.9281392,
          37.50004233
        ]
      },
      "properties": {
        "crosswalk_id": "06-0000044958",
        "district": "동작구",
        "address": "동작구 대방동 393-65대",
        "crosswalk_type": "일단(화살표없음)",
        "has_pedestrian_light": "N",
        "has_audio_signal": "N",
        "has_push_button": "N",
        "is_raised_crosswalk": "N",
        "has_traffic_safety_detail": "Y",
        "accessibility_score": 1,
        "route_recommendation_tier": "basic",
        "support_evidence": "교통안전시설 상세",
        "nearest_audio_signal_id": NaN,
        "nearest_audio_signal_distance_m": NaN,
        "nearest_push_button_id": NaN,
        "nearest_push_button_distance_m": NaN,
        "data_reference_date": "2026-03-20",
        "coordinate_note": "source_columns_swapped_and_normalized"
      }
    },
    {
      "type": "Feature",
      "geometry": {
        "type": "Point",
        "coordinates": [
          126.9592015,
          37.5072145
        ]
      },
      "properties": {
        "crosswalk_id": "06-0000044959",
        "district": "동작구",
        "address": "동작구 흑석동 190-38대",
        "crosswalk_type": "일단(화살표없음)",
        "has_pedestrian_light": "N",
        "has_audio_signal": "N",
        "has_push_button": "N",
        "is_raised_crosswalk": "N",
        "has_traffic_safety_detail": "Y",
        "accessibility_score": 1,
        "route_recommendation_tier": "basic",
        "support_evidence": "교통안전시설 상세",
        "nearest_audio_signal_id": NaN,
        "nearest_audio_signal_distance_m": NaN,
        "nearest_push_button_id": NaN,
        "nearest_push_button_distance_m": NaN,
        "data_reference_date": "2026-03-20",
        "coordinate_note": "source_columns_swapped_and_normalized"
      }
    },
    {
      "type": "Feature",
      "geometry": {
        "type": "Point",
        "coordinates": [
          126.960217,
          37.5073885
        ]
      },
      "properties": {
        "crosswalk_id": "06-0000044961",
        "district": "동작구",
        "address": "동작구 흑석동 86-181 도",
        "crosswalk_type": "일단(화살표없음)",
        "has_pedestrian_light": "N",
        "has_audio_signal": "N",
        "has_push_button": "N",
        "is_raised_crosswalk": "N",
        "has_traffic_safety_detail": "Y",
        "accessibility_score": 1,
        "route_recommendation_tier": "basic",
        "support_evidence": "교통안전시설 상세",
        "nearest_audio_signal_id": NaN,
        "nearest_audio_signal_distance_m": NaN,
        "nearest_push_button_id": NaN,
        "nearest_push_button_distance_m": NaN,
        "data_reference_date": "2026-03-20",
        "coordinate_note": "source_columns_swapped_and_normalized"
      }
    },
    {
      "type": "Feature",
      "geometry": {
        "type": "Point",
        "coordinates": [
          126.9601179,
          37.50746753
        ]
      },
      "properties": {
        "crosswalk_id": "06-0000044962",
        "district": "동작구",
        "address": "동작구 흑석동 190-14도",
        "crosswalk_type": "일단(화살표없음)",
        "has_pedestrian_light": "N",
        "has_audio_signal": "N",
        "has_push_button": "N",
        "is_raised_crosswalk": "N",
        "has_traffic_safety_detail": "Y",
        "accessibility_score": 1,
        "route_recommendation_tier": "basic",
        "support_evidence": "교통안전시설 상세",
        "nearest_audio_signal_id": NaN,
        "nearest_audio_signal_distance_m": NaN,
        "nearest_push_button_id": NaN,
        "nearest_push_button_distance_m": NaN,
        "data_reference_date": "2026-03-20",
        "coordinate_note": "source_columns_swapped_and_normalized"
      }
    },
    {
      "type": "Feature",
      "geometry": {
        "type": "Point",
        "coordinates": [
          126.9622327,
          37.5075633
        ]
      },
      "properties": {
        "crosswalk_id": "06-0000044964",
        "district": "동작구",
        "address": "동작구 흑석동 99-3도",
        "crosswalk_type": "일단(화살표없음)",
        "has_pedestrian_light": "N",
        "has_audio_signal": "N",
        "has_push_button": "N",
        "is_raised_crosswalk": "N",
        "has_traffic_safety_detail": "Y",
        "accessibility_score": 1,
        "route_recommendation_tier": "basic",
        "support_evidence": "교통안전시설 상세",
        "nearest_audio_signal_id": NaN,
        "nearest_audio_signal_distance_m": NaN,
        "nearest_push_button_id": NaN,
        "nearest_push_button_distance_m": NaN,
        "data_reference_date": "2026-03-20",
        "coordinate_note": "source_columns_swapped_and_normalized"
      }
    },
    {
      "type": "Feature",
      "geometry": {
        "type": "Point",
        "coordinates": [
          126.9611098,
          37.49516222
        ]
      },
      "properties": {
        "crosswalk_id": "06-0000044965",
        "district": "동작구",
        "address": "동작구 상도1동 512 도",
        "crosswalk_type": "일단(화살표없음)",
        "has_pedestrian_light": "N",
        "has_audio_signal": "N",
        "has_push_button": "N",
        "is_raised_crosswalk": "N",
        "has_traffic_safety_detail": "Y",
        "accessibility_score": 1,
        "route_recommendation_tier": "basic",
        "support_evidence": "교통안전시설 상세",
        "nearest_audio_signal_id": NaN,
        "nearest_audio_signal_distance_m": NaN,
        "nearest_push_button_id": NaN,
        "nearest_push_button_distance_m": NaN,
        "data_reference_date": "2026-03-20",
        "coordinate_note": "source_columns_swapped_and_normalized"
      }
    },
    {
      "type": "Feature",
      "geometry": {
        "type": "Point",
        "coordinates": [
          126.9488612,
          37.50955373
        ]
      },
      "properties": {
        "crosswalk_id": "06-0000045044",
        "district": "동작구",
        "address": "동작구 본동 492-1 도",
        "crosswalk_type": "일단(화살표없음)",
        "has_pedestrian_light": "N",
        "has_audio_signal": "N",
        "has_push_button": "N",
        "is_raised_crosswalk": "N",
        "has_traffic_safety_detail": "Y",
        "accessibility_score": 1,
        "route_recommendation_tier": "basic",
        "support_evidence": "교통안전시설 상세",
        "nearest_audio_signal_id": NaN,
        "nearest_audio_signal_distance_m": NaN,
        "nearest_push_button_id": NaN,
        "nearest_push_button_distance_m": NaN,
        "data_reference_date": "2026-03-20",
        "coordinate_note": "source_columns_swapped_and_normalized"
      }
    },
    {
      "type": "Feature",
      "geometry": {
        "type": "Point",
        "coordinates": [
          126.9489174,
          37.50962586
        ]
      },
      "properties": {
        "crosswalk_id": "06-0000045045",
        "district": "동작구",
        "address": "동작구 본동 492-1 도",
        "crosswalk_type": "일단(화살표없음)",
        "has_pedestrian_light": "N",
        "has_audio_signal": "N",
        "has_push_button": "N",
        "is_raised_crosswalk": "N",
        "has_traffic_safety_detail": "Y",
        "accessibility_score": 1,
        "route_recommendation_tier": "basic",
        "support_evidence": "교통안전시설 상세",
        "nearest_audio_signal_id": NaN,
        "nearest_audio_signal_distance_m": NaN,
        "nearest_push_button_id": NaN,
        "nearest_push_button_distance_m": NaN,
        "data_reference_date": "2026-03-20",
        "coordinate_note": "source_columns_swapped_and_normalized"
      }
    },
    {
      "type": "Feature",
      "geometry": {
        "type": "Point",
        "coordinates": [
          126.9469954,
          37.50264998
        ]
      },
      "properties": {
        "crosswalk_id": "06-0000045046",
        "district": "동작구",
        "address": "동작구 상도1동 751-1도",
        "crosswalk_type": "일단(화살표없음)",
        "has_pedestrian_light": "N",
        "has_audio_signal": "N",
        "has_push_button": "N",
        "is_raised_crosswalk": "N",
        "has_traffic_safety_detail": "Y",
        "accessibility_score": 1,
        "route_recommendation_tier": "basic",
        "support_evidence": "교통안전시설 상세",
        "nearest_audio_signal_id": NaN,
        "nearest_audio_signal_distance_m": NaN,
        "nearest_push_button_id": NaN,
        "nearest_push_button_distance_m": NaN,
        "data_reference_date": "2026-03-20",
        "coordinate_note": "source_columns_swapped_and_normalized"
      }
    },
    {
      "type": "Feature",
      "geometry": {
        "type": "Point",
        "coordinates": [
          126.928853,
          37.50883763
        ]
      },
      "properties": {
        "crosswalk_id": "06-0000045201",
        "district": "동작구",
        "address": "동작구 대방동 503-2도",
        "crosswalk_type": "일단(화살표없음)",
        "has_pedestrian_light": "N",
        "has_audio_signal": "N",
        "has_push_button": "N",
        "is_raised_crosswalk": "N",
        "has_traffic_safety_detail": "Y",
        "accessibility_score": 1,
        "route_recommendation_tier": "basic",
        "support_evidence": "교통안전시설 상세",
        "nearest_audio_signal_id": NaN,
        "nearest_audio_signal_distance_m": NaN,
        "nearest_push_button_id": NaN,
        "nearest_push_button_distance_m": NaN,
        "data_reference_date": "2026-03-20",
        "coordinate_note": "source_columns_swapped_and_normalized"
      }
    },
    {
      "type": "Feature",
      "geometry": {
        "type": "Point",
        "coordinates": [
          126.9638774,
          37.48859572
        ]
      },
      "properties": {
        "crosswalk_id": "06-0000045211",
        "district": "동작구",
        "address": "동작구 사당동 192-5답",
        "crosswalk_type": "일단(화살표없음)",
        "has_pedestrian_light": "N",
        "has_audio_signal": "N",
        "has_push_button": "N",
        "is_raised_crosswalk": "N",
        "has_traffic_safety_detail": "Y",
        "accessibility_score": 1,
        "route_recommendation_tier": "basic",
        "support_evidence": "교통안전시설 상세",
        "nearest_audio_signal_id": NaN,
        "nearest_audio_signal_distance_m": NaN,
        "nearest_push_button_id": NaN,
        "nearest_push_button_distance_m": NaN,
        "data_reference_date": "2026-03-20",
        "coordinate_note": "source_columns_swapped_and_normalized"
      }
    },
    {
      "type": "Feature",
      "geometry": {
        "type": "Point",
        "coordinates": [
          126.9291595,
          37.50858992
        ]
      },
      "properties": {
        "crosswalk_id": "06-0000045212",
        "district": "동작구",
        "address": "동작구 대방동 503-2도",
        "crosswalk_type": "일단(화살표없음)",
        "has_pedestrian_light": "N",
        "has_audio_signal": "N",
        "has_push_button": "N",
        "is_raised_crosswalk": "N",
        "has_traffic_safety_detail": "Y",
        "accessibility_score": 1,
        "route_recommendation_tier": "basic",
        "support_evidence": "교통안전시설 상세",
        "nearest_audio_signal_id": NaN,
        "nearest_audio_signal_distance_m": NaN,
        "nearest_push_button_id": NaN,
        "nearest_push_button_distance_m": NaN,
        "data_reference_date": "2026-03-20",
        "coordinate_note": "source_columns_swapped_and_normalized"
      }
    },
    {
      "type": "Feature",
      "geometry": {
        "type": "Point",
        "coordinates": [
          126.9506043,
          37.49919844
        ]
      },
      "properties": {
        "crosswalk_id": "06-0000045217",
        "district": "동작구",
        "address": "동작구 상도1동 257-1도",
        "crosswalk_type": "일단(화살표없음)",
        "has_pedestrian_light": "N",
        "has_audio_signal": "N",
        "has_push_button": "N",
        "is_raised_crosswalk": "N",
        "has_traffic_safety_detail": "Y",
        "accessibility_score": 1,
        "route_recommendation_tier": "basic",
        "support_evidence": "교통안전시설 상세",
        "nearest_audio_signal_id": NaN,
        "nearest_audio_signal_distance_m": NaN,
        "nearest_push_button_id": NaN,
        "nearest_push_button_distance_m": NaN,
        "data_reference_date": "2026-03-20",
        "coordinate_note": "source_columns_swapped_and_normalized"
      }
    },
    {
      "type": "Feature",
      "geometry": {
        "type": "Point",
        "coordinates": [
          126.9516109,
          37.50809184
        ]
      },
      "properties": {
        "crosswalk_id": "06-0000045223",
        "district": "동작구",
        "address": "동작구 본동 481-4 도",
        "crosswalk_type": "일단(화살표없음)",
        "has_pedestrian_light": "N",
        "has_audio_signal": "N",
        "has_push_button": "N",
        "is_raised_crosswalk": "N",
        "has_traffic_safety_detail": "Y",
        "accessibility_score": 1,
        "route_recommendation_tier": "basic",
        "support_evidence": "교통안전시설 상세",
        "nearest_audio_signal_id": NaN,
        "nearest_audio_signal_distance_m": NaN,
        "nearest_push_button_id": NaN,
        "nearest_push_button_distance_m": NaN,
        "data_reference_date": "2026-03-20",
        "coordinate_note": "source_columns_swapped_and_normalized"
      }
    },
    {
      "type": "Feature",
      "geometry": {
        "type": "Point",
        "coordinates": [
          126.9487782,
          37.50425701
        ]
      },
      "properties": {
        "crosswalk_id": "06-0000045290",
        "district": "동작구",
        "address": "동작구 상도1동 691-1도",
        "crosswalk_type": "일단(화살표없음)",
        "has_pedestrian_light": "N",
        "has_audio_signal": "N",
        "has_push_button": "N",
        "is_raised_crosswalk": "N",
        "has_traffic_safety_detail": "Y",
        "accessibility_score": 1,
        "route_recommendation_tier": "basic",
        "support_evidence": "교통안전시설 상세",
        "nearest_audio_signal_id": NaN,
        "nearest_audio_signal_distance_m": NaN,
        "nearest_push_button_id": NaN,
        "nearest_push_button_distance_m": NaN,
        "data_reference_date": "2026-03-20",
        "coordinate_note": "source_columns_swapped_and_normalized"
      }
    },
    {
      "type": "Feature",
      "geometry": {
        "type": "Point",
        "coordinates": [
          126.9506598,
          37.50797475
        ]
      },
      "properties": {
        "crosswalk_id": "06-0000045303",
        "district": "동작구",
        "address": "동작구 노량진동 414-1도",
        "crosswalk_type": "일단(화살표없음)",
        "has_pedestrian_light": "N",
        "has_audio_signal": "N",
        "has_push_button": "N",
        "is_raised_crosswalk": "N",
        "has_traffic_safety_detail": "Y",
        "accessibility_score": 1,
        "route_recommendation_tier": "basic",
        "support_evidence": "교통안전시설 상세",
        "nearest_audio_signal_id": NaN,
        "nearest_audio_signal_distance_m": NaN,
        "nearest_push_button_id": NaN,
        "nearest_push_button_distance_m": NaN,
        "data_reference_date": "2026-03-20",
        "coordinate_note": "source_columns_swapped_and_normalized"
      }
    },
    {
      "type": "Feature",
      "geometry": {
        "type": "Point",
        "coordinates": [
          126.9504566,
          37.50803228
        ]
      },
      "properties": {
        "crosswalk_id": "06-0000045304",
        "district": "동작구",
        "address": "동작구 노량진동 324-1도",
        "crosswalk_type": "일단(화살표없음)",
        "has_pedestrian_light": "N",
        "has_audio_signal": "N",
        "has_push_button": "N",
        "is_raised_crosswalk": "N",
        "has_traffic_safety_detail": "Y",
        "accessibility_score": 1,
        "route_recommendation_tier": "basic",
        "support_evidence": "교통안전시설 상세",
        "nearest_audio_signal_id": NaN,
        "nearest_audio_signal_distance_m": NaN,
        "nearest_push_button_id": NaN,
        "nearest_push_button_distance_m": NaN,
        "data_reference_date": "2026-03-20",
        "coordinate_note": "source_columns_swapped_and_normalized"
      }
    },
    {
      "type": "Feature",
      "geometry": {
        "type": "Point",
        "coordinates": [
          126.9556916,
          37.50958932
        ]
      },
      "properties": {
        "crosswalk_id": "06-0000045317",
        "district": "동작구",
        "address": "동작구 본동 30-68대",
        "crosswalk_type": "일단(화살표없음)",
        "has_pedestrian_light": "N",
        "has_audio_signal": "N",
        "has_push_button": "N",
        "is_raised_crosswalk": "N",
        "has_traffic_safety_detail": "Y",
        "accessibility_score": 1,
        "route_recommendation_tier": "basic",
        "support_evidence": "교통안전시설 상세",
        "nearest_audio_signal_id": NaN,
        "nearest_audio_signal_distance_m": NaN,
        "nearest_push_button_id": NaN,
        "nearest_push_button_distance_m": NaN,
        "data_reference_date": "2026-03-20",
        "coordinate_note": "source_columns_swapped_and_normalized"
      }
    },
    {
      "type": "Feature",
      "geometry": {
        "type": "Point",
        "coordinates": [
          126.9704921,
          37.49171961
        ]
      },
      "properties": {
        "crosswalk_id": "06-0000045320",
        "district": "동작구",
        "address": "동작구 사당동 708-526 천",
        "crosswalk_type": "일단(화살표없음)",
        "has_pedestrian_light": "N",
        "has_audio_signal": "N",
        "has_push_button": "N",
        "is_raised_crosswalk": "N",
        "has_traffic_safety_detail": "Y",
        "accessibility_score": 1,
        "route_recommendation_tier": "basic",
        "support_evidence": "교통안전시설 상세",
        "nearest_audio_signal_id": NaN,
        "nearest_audio_signal_distance_m": NaN,
        "nearest_push_button_id": NaN,
        "nearest_push_button_distance_m": NaN,
        "data_reference_date": "2026-03-20",
        "coordinate_note": "source_columns_swapped_and_normalized"
      }
    },
    {
      "type": "Feature",
      "geometry": {
        "type": "Point",
        "coordinates": [
          126.9709439,
          37.49128879
        ]
      },
      "properties": {
        "crosswalk_id": "06-0000045321",
        "district": "동작구",
        "address": "동작구 사당동 708-526 천",
        "crosswalk_type": "일단(화살표없음)",
        "has_pedestrian_light": "N",
        "has_audio_signal": "N",
        "has_push_button": "N",
        "is_raised_crosswalk": "N",
        "has_traffic_safety_detail": "Y",
        "accessibility_score": 1,
        "route_recommendation_tier": "basic",
        "support_evidence": "교통안전시설 상세",
        "nearest_audio_signal_id": NaN,
        "nearest_audio_signal_distance_m": NaN,
        "nearest_push_button_id": NaN,
        "nearest_push_button_distance_m": NaN,
        "data_reference_date": "2026-03-20",
        "coordinate_note": "source_columns_swapped_and_normalized"
      }
    },
    {
      "type": "Feature",
      "geometry": {
        "type": "Point",
        "coordinates": [
          126.972217,
          37.48986749
        ]
      },
      "properties": {
        "crosswalk_id": "06-0000045322",
        "district": "동작구",
        "address": "동작구 사당동 170-2답",
        "crosswalk_type": "일단(화살표없음)",
        "has_pedestrian_light": "N",
        "has_audio_signal": "N",
        "has_push_button": "N",
        "is_raised_crosswalk": "N",
        "has_traffic_safety_detail": "Y",
        "accessibility_score": 1,
        "route_recommendation_tier": "basic",
        "support_evidence": "교통안전시설 상세",
        "nearest_audio_signal_id": NaN,
        "nearest_audio_signal_distance_m": NaN,
        "nearest_push_button_id": NaN,
        "nearest_push_button_distance_m": NaN,
        "data_reference_date": "2026-03-20",
        "coordinate_note": "source_columns_swapped_and_normalized"
      }
    },
    {
      "type": "Feature",
      "geometry": {
        "type": "Point",
        "coordinates": [
          126.9723473,
          37.48986393
        ]
      },
      "properties": {
        "crosswalk_id": "06-0000045323",
        "district": "동작구",
        "address": "동작구 사당동 1159-2 도",
        "crosswalk_type": "일단(화살표없음)",
        "has_pedestrian_light": "N",
        "has_audio_signal": "N",
        "has_push_button": "N",
        "is_raised_crosswalk": "N",
        "has_traffic_safety_detail": "Y",
        "accessibility_score": 1,
        "route_recommendation_tier": "basic",
        "support_evidence": "교통안전시설 상세",
        "nearest_audio_signal_id": NaN,
        "nearest_audio_signal_distance_m": NaN,
        "nearest_push_button_id": NaN,
        "nearest_push_button_distance_m": NaN,
        "data_reference_date": "2026-03-20",
        "coordinate_note": "source_columns_swapped_and_normalized"
      }
    },
    {
      "type": "Feature",
      "geometry": {
        "type": "Point",
        "coordinates": [
          126.9727097,
          37.50543004
        ]
      },
      "properties": {
        "crosswalk_id": "06-0000046185",
        "district": "동작구",
        "address": "동작구 동작동 산42-7임",
        "crosswalk_type": "일단(화살표없음)",
        "has_pedestrian_light": "N",
        "has_audio_signal": "N",
        "has_push_button": "N",
        "is_raised_crosswalk": "N",
        "has_traffic_safety_detail": "Y",
        "accessibility_score": 1,
        "route_recommendation_tier": "basic",
        "support_evidence": "교통안전시설 상세",
        "nearest_audio_signal_id": NaN,
        "nearest_audio_signal_distance_m": NaN,
        "nearest_push_button_id": NaN,
        "nearest_push_button_distance_m": NaN,
        "data_reference_date": "2026-03-20",
        "coordinate_note": "source_columns_swapped_and_normalized"
      }
    },
    {
      "type": "Feature",
      "geometry": {
        "type": "Point",
        "coordinates": [
          126.9358875,
          37.50583972
        ]
      },
      "properties": {
        "crosswalk_id": "06-0000046433",
        "district": "동작구",
        "address": "동작구 상도동 363-193도",
        "crosswalk_type": "일단(화살표없음)",
        "has_pedestrian_light": "N",
        "has_audio_signal": "N",
        "has_push_button": "N",
        "is_raised_crosswalk": "N",
        "has_traffic_safety_detail": "Y",
        "accessibility_score": 1,
        "route_recommendation_tier": "basic",
        "support_evidence": "교통안전시설 상세",
        "nearest_audio_signal_id": NaN,
        "nearest_audio_signal_distance_m": NaN,
        "nearest_push_button_id": NaN,
        "nearest_push_button_distance_m": NaN,
        "data_reference_date": "2026-03-20",
        "coordinate_note": "source_columns_swapped_and_normalized"
      }
    },
    {
      "type": "Feature",
      "geometry": {
        "type": "Point",
        "coordinates": [
          126.936167,
          37.50580753
        ]
      },
      "properties": {
        "crosswalk_id": "06-0000046434",
        "district": "동작구",
        "address": "동작구 상도동 363-241도",
        "crosswalk_type": "일단(화살표없음)",
        "has_pedestrian_light": "N",
        "has_audio_signal": "N",
        "has_push_button": "N",
        "is_raised_crosswalk": "N",
        "has_traffic_safety_detail": "Y",
        "accessibility_score": 1,
        "route_recommendation_tier": "basic",
        "support_evidence": "교통안전시설 상세",
        "nearest_audio_signal_id": NaN,
        "nearest_audio_signal_distance_m": NaN,
        "nearest_push_button_id": NaN,
        "nearest_push_button_distance_m": NaN,
        "data_reference_date": "2026-03-20",
        "coordinate_note": "source_columns_swapped_and_normalized"
      }
    },
    {
      "type": "Feature",
      "geometry": {
        "type": "Point",
        "coordinates": [
          126.9362096,
          37.50573255
        ]
      },
      "properties": {
        "crosswalk_id": "06-0000046435",
        "district": "동작구",
        "address": "동작구 상도동 363-193도",
        "crosswalk_type": "일단(화살표없음)",
        "has_pedestrian_light": "N",
        "has_audio_signal": "N",
        "has_push_button": "N",
        "is_raised_crosswalk": "N",
        "has_traffic_safety_detail": "Y",
        "accessibility_score": 1,
        "route_recommendation_tier": "basic",
        "support_evidence": "교통안전시설 상세",
        "nearest_audio_signal_id": NaN,
        "nearest_audio_signal_distance_m": NaN,
        "nearest_push_button_id": NaN,
        "nearest_push_button_distance_m": NaN,
        "data_reference_date": "2026-03-20",
        "coordinate_note": "source_columns_swapped_and_normalized"
      }
    },
    {
      "type": "Feature",
      "geometry": {
        "type": "Point",
        "coordinates": [
          126.9666471,
          37.48573916
        ]
      },
      "properties": {
        "crosswalk_id": "06-0000046436",
        "district": "동작구",
        "address": "동작구 사당동 228-1 도",
        "crosswalk_type": "일단(화살표없음)",
        "has_pedestrian_light": "N",
        "has_audio_signal": "N",
        "has_push_button": "N",
        "is_raised_crosswalk": "N",
        "has_traffic_safety_detail": "Y",
        "accessibility_score": 1,
        "route_recommendation_tier": "basic",
        "support_evidence": "교통안전시설 상세",
        "nearest_audio_signal_id": NaN,
        "nearest_audio_signal_distance_m": NaN,
        "nearest_push_button_id": NaN,
        "nearest_push_button_distance_m": NaN,
        "data_reference_date": "2026-03-20",
        "coordinate_note": "source_columns_swapped_and_normalized"
      }
    },
    {
      "type": "Feature",
      "geometry": {
        "type": "Point",
        "coordinates": [
          126.9697785,
          37.49230805
        ]
      },
      "properties": {
        "crosswalk_id": "06-0000046438",
        "district": "동작구",
        "address": "동작구 사당동 산21-9 공",
        "crosswalk_type": "일단(화살표없음)",
        "has_pedestrian_light": "N",
        "has_audio_signal": "N",
        "has_push_button": "N",
        "is_raised_crosswalk": "N",
        "has_traffic_safety_detail": "Y",
        "accessibility_score": 1,
        "route_recommendation_tier": "basic",
        "support_evidence": "교통안전시설 상세",
        "nearest_audio_signal_id": NaN,
        "nearest_audio_signal_distance_m": NaN,
        "nearest_push_button_id": NaN,
        "nearest_push_button_distance_m": NaN,
        "data_reference_date": "2026-03-20",
        "coordinate_note": "source_columns_swapped_and_normalized"
      }
    },
    {
      "type": "Feature",
      "geometry": {
        "type": "Point",
        "coordinates": [
          126.9272068,
          37.49483917
        ]
      },
      "properties": {
        "crosswalk_id": "06-0000046439",
        "district": "동작구",
        "address": "동작구 신대방동 344-194 대",
        "crosswalk_type": "일단(화살표없음)",
        "has_pedestrian_light": "N",
        "has_audio_signal": "N",
        "has_push_button": "N",
        "is_raised_crosswalk": "N",
        "has_traffic_safety_detail": "Y",
        "accessibility_score": 1,
        "route_recommendation_tier": "basic",
        "support_evidence": "교통안전시설 상세",
        "nearest_audio_signal_id": NaN,
        "nearest_audio_signal_distance_m": NaN,
        "nearest_push_button_id": NaN,
        "nearest_push_button_distance_m": NaN,
        "data_reference_date": "2026-03-20",
        "coordinate_note": "source_columns_swapped_and_normalized"
      }
    },
    {
      "type": "Feature",
      "geometry": {
        "type": "Point",
        "coordinates": [
          126.9606917,
          37.51030547
        ]
      },
      "properties": {
        "crosswalk_id": "06-0000048039",
        "district": "동작구",
        "address": "동작구 흑석동 341-11 도",
        "crosswalk_type": "이단(화살표있음)",
        "has_pedestrian_light": "N",
        "has_audio_signal": "N",
        "has_push_button": "N",
        "is_raised_crosswalk": "N",
        "has_traffic_safety_detail": "Y",
        "accessibility_score": 1,
        "route_recommendation_tier": "basic",
        "support_evidence": "교통안전시설 상세",
        "nearest_audio_signal_id": NaN,
        "nearest_audio_signal_distance_m": NaN,
        "nearest_push_button_id": NaN,
        "nearest_push_button_distance_m": NaN,
        "data_reference_date": "2026-03-20",
        "coordinate_note": "source_columns_swapped_and_normalized"
      }
    },
    {
      "type": "Feature",
      "geometry": {
        "type": "Point",
        "coordinates": [
          126.9607148,
          37.51016264
        ]
      },
      "properties": {
        "crosswalk_id": "06-0000048040",
        "district": "동작구",
        "address": "동작구 흑석동 342 대",
        "crosswalk_type": "일단(화살표없음)",
        "has_pedestrian_light": "N",
        "has_audio_signal": "N",
        "has_push_button": "N",
        "is_raised_crosswalk": "N",
        "has_traffic_safety_detail": "Y",
        "accessibility_score": 1,
        "route_recommendation_tier": "basic",
        "support_evidence": "교통안전시설 상세",
        "nearest_audio_signal_id": NaN,
        "nearest_audio_signal_distance_m": NaN,
        "nearest_push_button_id": NaN,
        "nearest_push_button_distance_m": NaN,
        "data_reference_date": "2026-03-20",
        "coordinate_note": "source_columns_swapped_and_normalized"
      }
    },
    {
      "type": "Feature",
      "geometry": {
        "type": "Point",
        "coordinates": [
          126.9605173,
          37.51028264
        ]
      },
      "properties": {
        "crosswalk_id": "06-0000048041",
        "district": "동작구",
        "address": "동작구 흑석동 341-11 도",
        "crosswalk_type": "일단(화살표없음)",
        "has_pedestrian_light": "N",
        "has_audio_signal": "N",
        "has_push_button": "N",
        "is_raised_crosswalk": "N",
        "has_traffic_safety_detail": "Y",
        "accessibility_score": 1,
        "route_recommendation_tier": "basic",
        "support_evidence": "교통안전시설 상세",
        "nearest_audio_signal_id": NaN,
        "nearest_audio_signal_distance_m": NaN,
        "nearest_push_button_id": NaN,
        "nearest_push_button_distance_m": NaN,
        "data_reference_date": "2026-03-20",
        "coordinate_note": "source_columns_swapped_and_normalized"
      }
    },
    {
      "type": "Feature",
      "geometry": {
        "type": "Point",
        "coordinates": [
          126.9605452,
          37.5101441
        ]
      },
      "properties": {
        "crosswalk_id": "06-0000048042",
        "district": "동작구",
        "address": "동작구 흑석동 341-11 도",
        "crosswalk_type": "이단(화살표있음)",
        "has_pedestrian_light": "N",
        "has_audio_signal": "N",
        "has_push_button": "N",
        "is_raised_crosswalk": "N",
        "has_traffic_safety_detail": "Y",
        "accessibility_score": 1,
        "route_recommendation_tier": "basic",
        "support_evidence": "교통안전시설 상세",
        "nearest_audio_signal_id": NaN,
        "nearest_audio_signal_distance_m": NaN,
        "nearest_push_button_id": NaN,
        "nearest_push_button_distance_m": NaN,
        "data_reference_date": "2026-03-20",
        "coordinate_note": "source_columns_swapped_and_normalized"
      }
    },
    {
      "type": "Feature",
      "geometry": {
        "type": "Point",
        "coordinates": [
          126.9611481,
          37.50899813
        ]
      },
      "properties": {
        "crosswalk_id": "06-0000048043",
        "district": "동작구",
        "address": "동작구 흑석동 341-11 도",
        "crosswalk_type": "일단(화살표없음)",
        "has_pedestrian_light": "N",
        "has_audio_signal": "N",
        "has_push_button": "N",
        "is_raised_crosswalk": "N",
        "has_traffic_safety_detail": "Y",
        "accessibility_score": 1,
        "route_recommendation_tier": "basic",
        "support_evidence": "교통안전시설 상세",
        "nearest_audio_signal_id": NaN,
        "nearest_audio_signal_distance_m": NaN,
        "nearest_push_button_id": NaN,
        "nearest_push_button_distance_m": NaN,
        "data_reference_date": "2026-03-20",
        "coordinate_note": "source_columns_swapped_and_normalized"
      }
    },
    {
      "type": "Feature",
      "geometry": {
        "type": "Point",
        "coordinates": [
          126.9606544,
          37.50923741
        ]
      },
      "properties": {
        "crosswalk_id": "06-0000048044",
        "district": "동작구",
        "address": "동작구 흑석동 341-11 도",
        "crosswalk_type": "일단(화살표없음)",
        "has_pedestrian_light": "N",
        "has_audio_signal": "N",
        "has_push_button": "N",
        "is_raised_crosswalk": "N",
        "has_traffic_safety_detail": "Y",
        "accessibility_score": 1,
        "route_recommendation_tier": "basic",
        "support_evidence": "교통안전시설 상세",
        "nearest_audio_signal_id": NaN,
        "nearest_audio_signal_distance_m": NaN,
        "nearest_push_button_id": NaN,
        "nearest_push_button_distance_m": NaN,
        "data_reference_date": "2026-03-20",
        "coordinate_note": "source_columns_swapped_and_normalized"
      }
    },
    {
      "type": "Feature",
      "geometry": {
        "type": "Point",
        "coordinates": [
          126.9606541,
          37.50941084
        ]
      },
      "properties": {
        "crosswalk_id": "06-0000048045",
        "district": "동작구",
        "address": "동작구 흑석동 342 대",
        "crosswalk_type": "일단(화살표없음)",
        "has_pedestrian_light": "N",
        "has_audio_signal": "N",
        "has_push_button": "N",
        "is_raised_crosswalk": "N",
        "has_traffic_safety_detail": "Y",
        "accessibility_score": 1,
        "route_recommendation_tier": "basic",
        "support_evidence": "교통안전시설 상세",
        "nearest_audio_signal_id": NaN,
        "nearest_audio_signal_distance_m": NaN,
        "nearest_push_button_id": NaN,
        "nearest_push_button_distance_m": NaN,
        "data_reference_date": "2026-03-20",
        "coordinate_note": "source_columns_swapped_and_normalized"
      }
    },
    {
      "type": "Feature",
      "geometry": {
        "type": "Point",
        "coordinates": [
          126.9717897,
          37.48965429
        ]
      },
      "properties": {
        "crosswalk_id": "06-0000048127",
        "district": "동작구",
        "address": "동작구 사당동 170-1 도",
        "crosswalk_type": "일단(화살표없음)",
        "has_pedestrian_light": "N",
        "has_audio_signal": "N",
        "has_push_button": "N",
        "is_raised_crosswalk": "N",
        "has_traffic_safety_detail": "Y",
        "accessibility_score": 1,
        "route_recommendation_tier": "basic",
        "support_evidence": "교통안전시설 상세",
        "nearest_audio_signal_id": NaN,
        "nearest_audio_signal_distance_m": NaN,
        "nearest_push_button_id": NaN,
        "nearest_push_button_distance_m": NaN,
        "data_reference_date": "2026-03-20",
        "coordinate_note": "source_columns_swapped_and_normalized"
      }
    },
    {
      "type": "Feature",
      "geometry": {
        "type": "Point",
        "coordinates": [
          126.9720549,
          37.48875571
        ]
      },
      "properties": {
        "crosswalk_id": "06-0000048128",
        "district": "동작구",
        "address": "동작구 사당동 169-25도",
        "crosswalk_type": "일단(화살표없음)",
        "has_pedestrian_light": "N",
        "has_audio_signal": "N",
        "has_push_button": "N",
        "is_raised_crosswalk": "N",
        "has_traffic_safety_detail": "Y",
        "accessibility_score": 1,
        "route_recommendation_tier": "basic",
        "support_evidence": "교통안전시설 상세",
        "nearest_audio_signal_id": NaN,
        "nearest_audio_signal_distance_m": NaN,
        "nearest_push_button_id": NaN,
        "nearest_push_button_distance_m": NaN,
        "data_reference_date": "2026-03-20",
        "coordinate_note": "source_columns_swapped_and_normalized"
      }
    },
    {
      "type": "Feature",
      "geometry": {
        "type": "Point",
        "coordinates": [
          126.9723481,
          37.48851663
        ]
      },
      "properties": {
        "crosswalk_id": "06-0000048131",
        "district": "동작구",
        "address": "동작구 사당동 169-25도",
        "crosswalk_type": "일단(화살표없음)",
        "has_pedestrian_light": "N",
        "has_audio_signal": "N",
        "has_push_button": "N",
        "is_raised_crosswalk": "N",
        "has_traffic_safety_detail": "Y",
        "accessibility_score": 1,
        "route_recommendation_tier": "basic",
        "support_evidence": "교통안전시설 상세",
        "nearest_audio_signal_id": NaN,
        "nearest_audio_signal_distance_m": NaN,
        "nearest_push_button_id": NaN,
        "nearest_push_button_distance_m": NaN,
        "data_reference_date": "2026-03-20",
        "coordinate_note": "source_columns_swapped_and_normalized"
      }
    },
    {
      "type": "Feature",
      "geometry": {
        "type": "Point",
        "coordinates": [
          126.973112,
          37.4878309
        ]
      },
      "properties": {
        "crosswalk_id": "06-0000048132",
        "district": "동작구",
        "address": "동작구 사당동 1159-2 도",
        "crosswalk_type": "이단(화살표있음)",
        "has_pedestrian_light": "N",
        "has_audio_signal": "N",
        "has_push_button": "N",
        "is_raised_crosswalk": "N",
        "has_traffic_safety_detail": "Y",
        "accessibility_score": 1,
        "route_recommendation_tier": "basic",
        "support_evidence": "교통안전시설 상세",
        "nearest_audio_signal_id": NaN,
        "nearest_audio_signal_distance_m": NaN,
        "nearest_push_button_id": NaN,
        "nearest_push_button_distance_m": NaN,
        "data_reference_date": "2026-03-20",
        "coordinate_note": "source_columns_swapped_and_normalized"
      }
    },
    {
      "type": "Feature",
      "geometry": {
        "type": "Point",
        "coordinates": [
          126.9733103,
          37.48780481
        ]
      },
      "properties": {
        "crosswalk_id": "06-0000048133",
        "district": "동작구",
        "address": "동작구 사당동 1159-2 도",
        "crosswalk_type": "일단(화살표없음)",
        "has_pedestrian_light": "N",
        "has_audio_signal": "N",
        "has_push_button": "N",
        "is_raised_crosswalk": "N",
        "has_traffic_safety_detail": "Y",
        "accessibility_score": 1,
        "route_recommendation_tier": "basic",
        "support_evidence": "교통안전시설 상세",
        "nearest_audio_signal_id": NaN,
        "nearest_audio_signal_distance_m": NaN,
        "nearest_push_button_id": NaN,
        "nearest_push_button_distance_m": NaN,
        "data_reference_date": "2026-03-20",
        "coordinate_note": "source_columns_swapped_and_normalized"
      }
    },
    {
      "type": "Feature",
      "geometry": {
        "type": "Point",
        "coordinates": [
          126.9733218,
          37.48763998
        ]
      },
      "properties": {
        "crosswalk_id": "06-0000048134",
        "district": "동작구",
        "address": "동작구 사당동 1159-2 도",
        "crosswalk_type": "이단(화살표있음)",
        "has_pedestrian_light": "N",
        "has_audio_signal": "N",
        "has_push_button": "N",
        "is_raised_crosswalk": "N",
        "has_traffic_safety_detail": "Y",
        "accessibility_score": 1,
        "route_recommendation_tier": "basic",
        "support_evidence": "교통안전시설 상세",
        "nearest_audio_signal_id": NaN,
        "nearest_audio_signal_distance_m": NaN,
        "nearest_push_button_id": NaN,
        "nearest_push_button_distance_m": NaN,
        "data_reference_date": "2026-03-20",
        "coordinate_note": "source_columns_swapped_and_normalized"
      }
    },
    {
      "type": "Feature",
      "geometry": {
        "type": "Point",
        "coordinates": [
          126.9739937,
          37.48870979
        ]
      },
      "properties": {
        "crosswalk_id": "06-0000048356",
        "district": "동작구",
        "address": "동작구 사당동 1157 대",
        "crosswalk_type": "일단(화살표없음)",
        "has_pedestrian_light": "N",
        "has_audio_signal": "N",
        "has_push_button": "N",
        "is_raised_crosswalk": "N",
        "has_traffic_safety_detail": "Y",
        "accessibility_score": 1,
        "route_recommendation_tier": "basic",
        "support_evidence": "교통안전시설 상세",
        "nearest_audio_signal_id": NaN,
        "nearest_audio_signal_distance_m": NaN,
        "nearest_push_button_id": NaN,
        "nearest_push_button_distance_m": NaN,
        "data_reference_date": "2026-03-20",
        "coordinate_note": "source_columns_swapped_and_normalized"
      }
    },
    {
      "type": "Feature",
      "geometry": {
        "type": "Point",
        "coordinates": [
          126.9624846,
          37.49294881
        ]
      },
      "properties": {
        "crosswalk_id": "06-0000048731",
        "district": "동작구",
        "address": "동작구 사당동",
        "crosswalk_type": "일단(화살표없음)",
        "has_pedestrian_light": "N",
        "has_audio_signal": "N",
        "has_push_button": "N",
        "is_raised_crosswalk": "N",
        "has_traffic_safety_detail": "Y",
        "accessibility_score": 1,
        "route_recommendation_tier": "basic",
        "support_evidence": "교통안전시설 상세",
        "nearest_audio_signal_id": NaN,
        "nearest_audio_signal_distance_m": NaN,
        "nearest_push_button_id": NaN,
        "nearest_push_button_distance_m": NaN,
        "data_reference_date": "2026-03-20",
        "coordinate_note": "source_columns_swapped_and_normalized"
      }
    },
    {
      "type": "Feature",
      "geometry": {
        "type": "Point",
        "coordinates": [
          126.9628329,
          37.49219776
        ]
      },
      "properties": {
        "crosswalk_id": "06-0000048732",
        "district": "동작구",
        "address": "동작구 사당동 1160-2 도",
        "crosswalk_type": "이단(화살표있음)",
        "has_pedestrian_light": "N",
        "has_audio_signal": "N",
        "has_push_button": "N",
        "is_raised_crosswalk": "N",
        "has_traffic_safety_detail": "Y",
        "accessibility_score": 1,
        "route_recommendation_tier": "basic",
        "support_evidence": "교통안전시설 상세",
        "nearest_audio_signal_id": NaN,
        "nearest_audio_signal_distance_m": NaN,
        "nearest_push_button_id": NaN,
        "nearest_push_button_distance_m": NaN,
        "data_reference_date": "2026-03-20",
        "coordinate_note": "source_columns_swapped_and_normalized"
      }
    },
    {
      "type": "Feature",
      "geometry": {
        "type": "Point",
        "coordinates": [
          126.9629699,
          37.49219441
        ]
      },
      "properties": {
        "crosswalk_id": "06-0000048733",
        "district": "동작구",
        "address": "동작구 사당동 1160-2 도",
        "crosswalk_type": "이단(화살표있음)",
        "has_pedestrian_light": "N",
        "has_audio_signal": "N",
        "has_push_button": "N",
        "is_raised_crosswalk": "N",
        "has_traffic_safety_detail": "Y",
        "accessibility_score": 1,
        "route_recommendation_tier": "basic",
        "support_evidence": "교통안전시설 상세",
        "nearest_audio_signal_id": NaN,
        "nearest_audio_signal_distance_m": NaN,
        "nearest_push_button_id": NaN,
        "nearest_push_button_distance_m": NaN,
        "data_reference_date": "2026-03-20",
        "coordinate_note": "source_columns_swapped_and_normalized"
      }
    },
    {
      "type": "Feature",
      "geometry": {
        "type": "Point",
        "coordinates": [
          126.9627298,
          37.49208079
        ]
      },
      "properties": {
        "crosswalk_id": "06-0000048734",
        "district": "동작구",
        "address": "동작구 사당동 1160-2 도",
        "crosswalk_type": "이단(화살표있음)",
        "has_pedestrian_light": "N",
        "has_audio_signal": "N",
        "has_push_button": "N",
        "is_raised_crosswalk": "N",
        "has_traffic_safety_detail": "Y",
        "accessibility_score": 1,
        "route_recommendation_tier": "basic",
        "support_evidence": "교통안전시설 상세",
        "nearest_audio_signal_id": NaN,
        "nearest_audio_signal_distance_m": NaN,
        "nearest_push_button_id": NaN,
        "nearest_push_button_distance_m": NaN,
        "data_reference_date": "2026-03-20",
        "coordinate_note": "source_columns_swapped_and_normalized"
      }
    },
    {
      "type": "Feature",
      "geometry": {
        "type": "Point",
        "coordinates": [
          126.9632556,
          37.49142103
        ]
      },
      "properties": {
        "crosswalk_id": "06-0000048736",
        "district": "동작구",
        "address": "동작구 사당동 1160-2 도",
        "crosswalk_type": "일단(화살표없음)",
        "has_pedestrian_light": "N",
        "has_audio_signal": "N",
        "has_push_button": "N",
        "is_raised_crosswalk": "N",
        "has_traffic_safety_detail": "Y",
        "accessibility_score": 1,
        "route_recommendation_tier": "basic",
        "support_evidence": "교통안전시설 상세",
        "nearest_audio_signal_id": NaN,
        "nearest_audio_signal_distance_m": NaN,
        "nearest_push_button_id": NaN,
        "nearest_push_button_distance_m": NaN,
        "data_reference_date": "2026-03-20",
        "coordinate_note": "source_columns_swapped_and_normalized"
      }
    },
    {
      "type": "Feature",
      "geometry": {
        "type": "Point",
        "coordinates": [
          126.9634339,
          37.49093403
        ]
      },
      "properties": {
        "crosswalk_id": "06-0000048738",
        "district": "동작구",
        "address": "동작구 사당동 1160-2 도",
        "crosswalk_type": "일단(화살표없음)",
        "has_pedestrian_light": "N",
        "has_audio_signal": "N",
        "has_push_button": "N",
        "is_raised_crosswalk": "N",
        "has_traffic_safety_detail": "Y",
        "accessibility_score": 1,
        "route_recommendation_tier": "basic",
        "support_evidence": "교통안전시설 상세",
        "nearest_audio_signal_id": NaN,
        "nearest_audio_signal_distance_m": NaN,
        "nearest_push_button_id": NaN,
        "nearest_push_button_distance_m": NaN,
        "data_reference_date": "2026-03-20",
        "coordinate_note": "source_columns_swapped_and_normalized"
      }
    },
    {
      "type": "Feature",
      "geometry": {
        "type": "Point",
        "coordinates": [
          126.9625258,
          37.49002337
        ]
      },
      "properties": {
        "crosswalk_id": "06-0000048741",
        "district": "동작구",
        "address": "동작구 사당동 1160-2 도",
        "crosswalk_type": "일단(화살표없음)",
        "has_pedestrian_light": "N",
        "has_audio_signal": "N",
        "has_push_button": "N",
        "is_raised_crosswalk": "N",
        "has_traffic_safety_detail": "Y",
        "accessibility_score": 1,
        "route_recommendation_tier": "basic",
        "support_evidence": "교통안전시설 상세",
        "nearest_audio_signal_id": NaN,
        "nearest_audio_signal_distance_m": NaN,
        "nearest_push_button_id": NaN,
        "nearest_push_button_distance_m": NaN,
        "data_reference_date": "2026-03-20",
        "coordinate_note": "source_columns_swapped_and_normalized"
      }
    },
    {
      "type": "Feature",
      "geometry": {
        "type": "Point",
        "coordinates": [
          126.9624908,
          37.48992385
        ]
      },
      "properties": {
        "crosswalk_id": "06-0000048742",
        "district": "동작구",
        "address": "동작구 사당동 190-236도",
        "crosswalk_type": "일단(화살표없음)",
        "has_pedestrian_light": "N",
        "has_audio_signal": "N",
        "has_push_button": "N",
        "is_raised_crosswalk": "N",
        "has_traffic_safety_detail": "Y",
        "accessibility_score": 1,
        "route_recommendation_tier": "basic",
        "support_evidence": "교통안전시설 상세",
        "nearest_audio_signal_id": NaN,
        "nearest_audio_signal_distance_m": NaN,
        "nearest_push_button_id": NaN,
        "nearest_push_button_distance_m": NaN,
        "data_reference_date": "2026-03-20",
        "coordinate_note": "source_columns_swapped_and_normalized"
      }
    },
    {
      "type": "Feature",
      "geometry": {
        "type": "Point",
        "coordinates": [
          126.9608725,
          37.51140364
        ]
      },
      "properties": {
        "crosswalk_id": "06-0000049088",
        "district": "동작구",
        "address": "동작구 흑석동 172-5 도",
        "crosswalk_type": "일단(화살표없음)",
        "has_pedestrian_light": "N",
        "has_audio_signal": "N",
        "has_push_button": "N",
        "is_raised_crosswalk": "N",
        "has_traffic_safety_detail": "Y",
        "accessibility_score": 1,
        "route_recommendation_tier": "basic",
        "support_evidence": "교통안전시설 상세",
        "nearest_audio_signal_id": NaN,
        "nearest_audio_signal_distance_m": NaN,
        "nearest_push_button_id": NaN,
        "nearest_push_button_distance_m": NaN,
        "data_reference_date": "2026-03-20",
        "coordinate_note": "source_columns_swapped_and_normalized"
      }
    },
    {
      "type": "Feature",
      "geometry": {
        "type": "Point",
        "coordinates": [
          126.9612995,
          37.51094789
        ]
      },
      "properties": {
        "crosswalk_id": "06-0000049089",
        "district": "동작구",
        "address": "동작구 흑석동 341-11 도",
        "crosswalk_type": "이단(화살표있음)",
        "has_pedestrian_light": "N",
        "has_audio_signal": "N",
        "has_push_button": "N",
        "is_raised_crosswalk": "N",
        "has_traffic_safety_detail": "Y",
        "accessibility_score": 1,
        "route_recommendation_tier": "basic",
        "support_evidence": "교통안전시설 상세",
        "nearest_audio_signal_id": NaN,
        "nearest_audio_signal_distance_m": NaN,
        "nearest_push_button_id": NaN,
        "nearest_push_button_distance_m": NaN,
        "data_reference_date": "2026-03-20",
        "coordinate_note": "source_columns_swapped_and_normalized"
      }
    },
    {
      "type": "Feature",
      "geometry": {
        "type": "Point",
        "coordinates": [
          126.9394476,
          37.50585428
        ]
      },
      "properties": {
        "crosswalk_id": "06-0000049090",
        "district": "동작구",
        "address": "동작구 노량진동 315-142 도",
        "crosswalk_type": "일단(화살표없음)",
        "has_pedestrian_light": "N",
        "has_audio_signal": "N",
        "has_push_button": "N",
        "is_raised_crosswalk": "N",
        "has_traffic_safety_detail": "Y",
        "accessibility_score": 1,
        "route_recommendation_tier": "basic",
        "support_evidence": "교통안전시설 상세",
        "nearest_audio_signal_id": NaN,
        "nearest_audio_signal_distance_m": NaN,
        "nearest_push_button_id": NaN,
        "nearest_push_button_distance_m": NaN,
        "data_reference_date": "2026-03-20",
        "coordinate_note": "source_columns_swapped_and_normalized"
      }
    },
    {
      "type": "Feature",
      "geometry": {
        "type": "Point",
        "coordinates": [
          126.9493579,
          37.50381232
        ]
      },
      "properties": {
        "crosswalk_id": "06-0000049129",
        "district": "동작구",
        "address": "동작구 상도1동 676-3도",
        "crosswalk_type": "일단(화살표없음)",
        "has_pedestrian_light": "N",
        "has_audio_signal": "N",
        "has_push_button": "N",
        "is_raised_crosswalk": "N",
        "has_traffic_safety_detail": "Y",
        "accessibility_score": 1,
        "route_recommendation_tier": "basic",
        "support_evidence": "교통안전시설 상세",
        "nearest_audio_signal_id": NaN,
        "nearest_audio_signal_distance_m": NaN,
        "nearest_push_button_id": NaN,
        "nearest_push_button_distance_m": NaN,
        "data_reference_date": "2026-03-20",
        "coordinate_note": "source_columns_swapped_and_normalized"
      }
    },
    {
      "type": "Feature",
      "geometry": {
        "type": "Point",
        "coordinates": [
          126.9490848,
          37.50404786
        ]
      },
      "properties": {
        "crosswalk_id": "06-0000049130",
        "district": "동작구",
        "address": "동작구 상도1동 676-3도",
        "crosswalk_type": "일단(화살표없음)",
        "has_pedestrian_light": "N",
        "has_audio_signal": "N",
        "has_push_button": "N",
        "is_raised_crosswalk": "N",
        "has_traffic_safety_detail": "Y",
        "accessibility_score": 1,
        "route_recommendation_tier": "basic",
        "support_evidence": "교통안전시설 상세",
        "nearest_audio_signal_id": NaN,
        "nearest_audio_signal_distance_m": NaN,
        "nearest_push_button_id": NaN,
        "nearest_push_button_distance_m": NaN,
        "data_reference_date": "2026-03-20",
        "coordinate_note": "source_columns_swapped_and_normalized"
      }
    },
    {
      "type": "Feature",
      "geometry": {
        "type": "Point",
        "coordinates": [
          126.9373582,
          37.51318605
        ]
      },
      "properties": {
        "crosswalk_id": "06-0000049137",
        "district": "동작구",
        "address": "동작구 노량진동 40-90도",
        "crosswalk_type": "일단(화살표없음)",
        "has_pedestrian_light": "N",
        "has_audio_signal": "N",
        "has_push_button": "N",
        "is_raised_crosswalk": "N",
        "has_traffic_safety_detail": "Y",
        "accessibility_score": 1,
        "route_recommendation_tier": "basic",
        "support_evidence": "교통안전시설 상세",
        "nearest_audio_signal_id": NaN,
        "nearest_audio_signal_distance_m": NaN,
        "nearest_push_button_id": NaN,
        "nearest_push_button_distance_m": NaN,
        "data_reference_date": "2026-03-20",
        "coordinate_note": "source_columns_swapped_and_normalized"
      }
    },
    {
      "type": "Feature",
      "geometry": {
        "type": "Point",
        "coordinates": [
          126.9376875,
          37.51320246
        ]
      },
      "properties": {
        "crosswalk_id": "06-0000049138",
        "district": "동작구",
        "address": "동작구 노량진동 40-90도",
        "crosswalk_type": "일단(화살표없음)",
        "has_pedestrian_light": "N",
        "has_audio_signal": "N",
        "has_push_button": "N",
        "is_raised_crosswalk": "N",
        "has_traffic_safety_detail": "Y",
        "accessibility_score": 1,
        "route_recommendation_tier": "basic",
        "support_evidence": "교통안전시설 상세",
        "nearest_audio_signal_id": NaN,
        "nearest_audio_signal_distance_m": NaN,
        "nearest_push_button_id": NaN,
        "nearest_push_button_distance_m": NaN,
        "data_reference_date": "2026-03-20",
        "coordinate_note": "source_columns_swapped_and_normalized"
      }
    },
    {
      "type": "Feature",
      "geometry": {
        "type": "Point",
        "coordinates": [
          126.9397285,
          37.50592312
        ]
      },
      "properties": {
        "crosswalk_id": "06-0000049141",
        "district": "동작구",
        "address": "동작구 노량진동 310-95 도",
        "crosswalk_type": "일단(화살표없음)",
        "has_pedestrian_light": "N",
        "has_audio_signal": "N",
        "has_push_button": "N",
        "is_raised_crosswalk": "N",
        "has_traffic_safety_detail": "Y",
        "accessibility_score": 1,
        "route_recommendation_tier": "basic",
        "support_evidence": "교통안전시설 상세",
        "nearest_audio_signal_id": NaN,
        "nearest_audio_signal_distance_m": NaN,
        "nearest_push_button_id": NaN,
        "nearest_push_button_distance_m": NaN,
        "data_reference_date": "2026-03-20",
        "coordinate_note": "source_columns_swapped_and_normalized"
      }
    },
    {
      "type": "Feature",
      "geometry": {
        "type": "Point",
        "coordinates": [
          126.9430258,
          37.49650832
        ]
      },
      "properties": {
        "crosswalk_id": "06-0000049209",
        "district": "동작구",
        "address": "동작구 상도동 210-6 도",
        "crosswalk_type": "일단(화살표없음)",
        "has_pedestrian_light": "N",
        "has_audio_signal": "N",
        "has_push_button": "N",
        "is_raised_crosswalk": "N",
        "has_traffic_safety_detail": "Y",
        "accessibility_score": 1,
        "route_recommendation_tier": "basic",
        "support_evidence": "교통안전시설 상세",
        "nearest_audio_signal_id": NaN,
        "nearest_audio_signal_distance_m": NaN,
        "nearest_push_button_id": NaN,
        "nearest_push_button_distance_m": NaN,
        "data_reference_date": "2026-03-20",
        "coordinate_note": "source_columns_swapped_and_normalized"
      }
    },
    {
      "type": "Feature",
      "geometry": {
        "type": "Point",
        "coordinates": [
          126.9282064,
          37.49802016
        ]
      },
      "properties": {
        "crosswalk_id": "06-0000049241",
        "district": "동작구",
        "address": "동작구 신대방동 345-6도",
        "crosswalk_type": "일단(화살표없음)",
        "has_pedestrian_light": "N",
        "has_audio_signal": "N",
        "has_push_button": "N",
        "is_raised_crosswalk": "N",
        "has_traffic_safety_detail": "Y",
        "accessibility_score": 1,
        "route_recommendation_tier": "basic",
        "support_evidence": "교통안전시설 상세",
        "nearest_audio_signal_id": NaN,
        "nearest_audio_signal_distance_m": NaN,
        "nearest_push_button_id": NaN,
        "nearest_push_button_distance_m": NaN,
        "data_reference_date": "2026-03-20",
        "coordinate_note": "source_columns_swapped_and_normalized"
      }
    },
    {
      "type": "Feature",
      "geometry": {
        "type": "Point",
        "coordinates": [
          126.9415549,
          37.51341884
        ]
      },
      "properties": {
        "crosswalk_id": "06-0000049244",
        "district": "동작구",
        "address": "동작구 노량진동 59-48도",
        "crosswalk_type": "일단(화살표없음)",
        "has_pedestrian_light": "N",
        "has_audio_signal": "N",
        "has_push_button": "N",
        "is_raised_crosswalk": "N",
        "has_traffic_safety_detail": "Y",
        "accessibility_score": 1,
        "route_recommendation_tier": "basic",
        "support_evidence": "교통안전시설 상세",
        "nearest_audio_signal_id": NaN,
        "nearest_audio_signal_distance_m": NaN,
        "nearest_push_button_id": NaN,
        "nearest_push_button_distance_m": NaN,
        "data_reference_date": "2026-03-20",
        "coordinate_note": "source_columns_swapped_and_normalized"
      }
    },
    {
      "type": "Feature",
      "geometry": {
        "type": "Point",
        "coordinates": [
          126.9224776,
          37.50497825
        ]
      },
      "properties": {
        "crosswalk_id": "06-0000049354",
        "district": "동작구",
        "address": "동작구 대방동 466-41도",
        "crosswalk_type": "일단(화살표없음)",
        "has_pedestrian_light": "N",
        "has_audio_signal": "N",
        "has_push_button": "N",
        "is_raised_crosswalk": "N",
        "has_traffic_safety_detail": "Y",
        "accessibility_score": 1,
        "route_recommendation_tier": "basic",
        "support_evidence": "교통안전시설 상세",
        "nearest_audio_signal_id": NaN,
        "nearest_audio_signal_distance_m": NaN,
        "nearest_push_button_id": NaN,
        "nearest_push_button_distance_m": NaN,
        "data_reference_date": "2026-03-20",
        "coordinate_note": "source_columns_swapped_and_normalized"
      }
    },
    {
      "type": "Feature",
      "geometry": {
        "type": "Point",
        "coordinates": [
          126.9042126,
          37.48579892
        ]
      },
      "properties": {
        "crosswalk_id": "06-0000049365",
        "district": "동작구",
        "address": "동작구 신대방동 699-4도",
        "crosswalk_type": "일단(화살표없음)",
        "has_pedestrian_light": "N",
        "has_audio_signal": "N",
        "has_push_button": "N",
        "is_raised_crosswalk": "N",
        "has_traffic_safety_detail": "Y",
        "accessibility_score": 1,
        "route_recommendation_tier": "basic",
        "support_evidence": "교통안전시설 상세",
        "nearest_audio_signal_id": NaN,
        "nearest_audio_signal_distance_m": NaN,
        "nearest_push_button_id": NaN,
        "nearest_push_button_distance_m": NaN,
        "data_reference_date": "2026-03-20",
        "coordinate_note": "source_columns_swapped_and_normalized"
      }
    },
    {
      "type": "Feature",
      "geometry": {
        "type": "Point",
        "coordinates": [
          126.9624431,
          37.50039793
        ]
      },
      "properties": {
        "crosswalk_id": "06-0000049513",
        "district": "동작구",
        "address": "동작구 흑석동 76-80대",
        "crosswalk_type": "일단(화살표없음)",
        "has_pedestrian_light": "N",
        "has_audio_signal": "N",
        "has_push_button": "N",
        "is_raised_crosswalk": "N",
        "has_traffic_safety_detail": "Y",
        "accessibility_score": 1,
        "route_recommendation_tier": "basic",
        "support_evidence": "교통안전시설 상세",
        "nearest_audio_signal_id": NaN,
        "nearest_audio_signal_distance_m": NaN,
        "nearest_push_button_id": NaN,
        "nearest_push_button_distance_m": NaN,
        "data_reference_date": "2026-03-20",
        "coordinate_note": "source_columns_swapped_and_normalized"
      }
    },
    {
      "type": "Feature",
      "geometry": {
        "type": "Point",
        "coordinates": [
          126.9280508,
          37.49902931
        ]
      },
      "properties": {
        "crosswalk_id": "06-0000049674",
        "district": "동작구",
        "address": "동작구 대방동 408-1천",
        "crosswalk_type": "일단(화살표없음)",
        "has_pedestrian_light": "N",
        "has_audio_signal": "N",
        "has_push_button": "N",
        "is_raised_crosswalk": "N",
        "has_traffic_safety_detail": "Y",
        "accessibility_score": 1,
        "route_recommendation_tier": "basic",
        "support_evidence": "교통안전시설 상세",
        "nearest_audio_signal_id": NaN,
        "nearest_audio_signal_distance_m": NaN,
        "nearest_push_button_id": NaN,
        "nearest_push_button_distance_m": NaN,
        "data_reference_date": "2026-03-20",
        "coordinate_note": "source_columns_swapped_and_normalized"
      }
    },
    {
      "type": "Feature",
      "geometry": {
        "type": "Point",
        "coordinates": [
          126.9457605,
          37.50187374
        ]
      },
      "properties": {
        "crosswalk_id": "06-0000050754",
        "district": "동작구",
        "address": "동작구 상도동 159-19도",
        "crosswalk_type": "일단(화살표없음)",
        "has_pedestrian_light": "N",
        "has_audio_signal": "N",
        "has_push_button": "N",
        "is_raised_crosswalk": "N",
        "has_traffic_safety_detail": "Y",
        "accessibility_score": 1,
        "route_recommendation_tier": "basic",
        "support_evidence": "교통안전시설 상세",
        "nearest_audio_signal_id": NaN,
        "nearest_audio_signal_distance_m": NaN,
        "nearest_push_button_id": NaN,
        "nearest_push_button_distance_m": NaN,
        "data_reference_date": "2026-03-20",
        "coordinate_note": "source_columns_swapped_and_normalized"
      }
    },
    {
      "type": "Feature",
      "geometry": {
        "type": "Point",
        "coordinates": [
          126.9805172,
          37.49316196
        ]
      },
      "properties": {
        "crosswalk_id": "06-0000051154",
        "district": "동작구",
        "address": "동작구 동작동 58-30대",
        "crosswalk_type": "일단(화살표없음)",
        "has_pedestrian_light": "N",
        "has_audio_signal": "N",
        "has_push_button": "N",
        "is_raised_crosswalk": "Y",
        "has_traffic_safety_detail": "N",
        "accessibility_score": 1,
        "route_recommendation_tier": "basic",
        "support_evidence": "고원식횡단보도",
        "nearest_audio_signal_id": NaN,
        "nearest_audio_signal_distance_m": NaN,
        "nearest_push_button_id": NaN,
        "nearest_push_button_distance_m": NaN,
        "data_reference_date": "2026-03-20",
        "coordinate_note": "source_columns_swapped_and_normalized"
      }
    },
    {
      "type": "Feature",
      "geometry": {
        "type": "Point",
        "coordinates": [
          126.9806113,
          37.49310336
        ]
      },
      "properties": {
        "crosswalk_id": "06-0000051155",
        "district": "동작구",
        "address": "동작구 동작동 58-100대",
        "crosswalk_type": "일단(화살표없음)",
        "has_pedestrian_light": "N",
        "has_audio_signal": "N",
        "has_push_button": "N",
        "is_raised_crosswalk": "Y",
        "has_traffic_safety_detail": "N",
        "accessibility_score": 1,
        "route_recommendation_tier": "basic",
        "support_evidence": "고원식횡단보도",
        "nearest_audio_signal_id": NaN,
        "nearest_audio_signal_distance_m": NaN,
        "nearest_push_button_id": NaN,
        "nearest_push_button_distance_m": NaN,
        "data_reference_date": "2026-03-20",
        "coordinate_note": "source_columns_swapped_and_normalized"
      }
    },
    {
      "type": "Feature",
      "geometry": {
        "type": "Point",
        "coordinates": [
          126.9806254,
          37.49319555
        ]
      },
      "properties": {
        "crosswalk_id": "06-0000051157",
        "district": "동작구",
        "address": "동작구 동작동 58-100대",
        "crosswalk_type": "일단(화살표없음)",
        "has_pedestrian_light": "N",
        "has_audio_signal": "N",
        "has_push_button": "N",
        "is_raised_crosswalk": "Y",
        "has_traffic_safety_detail": "N",
        "accessibility_score": 1,
        "route_recommendation_tier": "basic",
        "support_evidence": "고원식횡단보도",
        "nearest_audio_signal_id": NaN,
        "nearest_audio_signal_distance_m": NaN,
        "nearest_push_button_id": NaN,
        "nearest_push_button_distance_m": NaN,
        "data_reference_date": "2026-03-20",
        "coordinate_note": "source_columns_swapped_and_normalized"
      }
    },
    {
      "type": "Feature",
      "geometry": {
        "type": "Point",
        "coordinates": [
          126.9145815,
          37.49528989
        ]
      },
      "properties": {
        "crosswalk_id": "06-0000051308",
        "district": "동작구",
        "address": "동작구 신대방동 470-10대",
        "crosswalk_type": "이단(화살표있음)",
        "has_pedestrian_light": "Y",
        "has_audio_signal": "N",
        "has_push_button": "N",
        "is_raised_crosswalk": "N",
        "has_traffic_safety_detail": "N",
        "accessibility_score": 1,
        "route_recommendation_tier": "basic",
        "support_evidence": "보행등",
        "nearest_audio_signal_id": NaN,
        "nearest_audio_signal_distance_m": NaN,
        "nearest_push_button_id": NaN,
        "nearest_push_button_distance_m": NaN,
        "data_reference_date": "2026-03-20",
        "coordinate_note": "source_columns_swapped_and_normalized"
      }
    },
    {
      "type": "Feature",
      "geometry": {
        "type": "Point",
        "coordinates": [
          126.9144541,
          37.495327
        ]
      },
      "properties": {
        "crosswalk_id": "06-0000051309",
        "district": "동작구",
        "address": "동작구 신대방동 492-200학",
        "crosswalk_type": "일단(화살표없음)",
        "has_pedestrian_light": "Y",
        "has_audio_signal": "N",
        "has_push_button": "N",
        "is_raised_crosswalk": "N",
        "has_traffic_safety_detail": "N",
        "accessibility_score": 1,
        "route_recommendation_tier": "basic",
        "support_evidence": "보행등",
        "nearest_audio_signal_id": NaN,
        "nearest_audio_signal_distance_m": NaN,
        "nearest_push_button_id": NaN,
        "nearest_push_button_distance_m": NaN,
        "data_reference_date": "2026-03-20",
        "coordinate_note": "source_columns_swapped_and_normalized"
      }
    },
    {
      "type": "Feature",
      "geometry": {
        "type": "Point",
        "coordinates": [
          126.904983,
          37.48577697
        ]
      },
      "properties": {
        "crosswalk_id": "06-0000052061",
        "district": "동작구",
        "address": "동작구 신대방동 686-80 도",
        "crosswalk_type": "일단(화살표없음)",
        "has_pedestrian_light": "N",
        "has_audio_signal": "N",
        "has_push_button": "N",
        "is_raised_crosswalk": "Y",
        "has_traffic_safety_detail": "N",
        "accessibility_score": 1,
        "route_recommendation_tier": "basic",
        "support_evidence": "고원식횡단보도",
        "nearest_audio_signal_id": NaN,
        "nearest_audio_signal_distance_m": NaN,
        "nearest_push_button_id": NaN,
        "nearest_push_button_distance_m": NaN,
        "data_reference_date": "2026-03-20",
        "coordinate_note": "source_columns_swapped_and_normalized"
      }
    },
    {
      "type": "Feature",
      "geometry": {
        "type": "Point",
        "coordinates": [
          126.9056866,
          37.48600514
        ]
      },
      "properties": {
        "crosswalk_id": "06-0000052066",
        "district": "동작구",
        "address": "동작구 신대방동 686-79 도",
        "crosswalk_type": "일단(화살표없음)",
        "has_pedestrian_light": "N",
        "has_audio_signal": "N",
        "has_push_button": "N",
        "is_raised_crosswalk": "Y",
        "has_traffic_safety_detail": "N",
        "accessibility_score": 1,
        "route_recommendation_tier": "basic",
        "support_evidence": "고원식횡단보도",
        "nearest_audio_signal_id": NaN,
        "nearest_audio_signal_distance_m": NaN,
        "nearest_push_button_id": NaN,
        "nearest_push_button_distance_m": NaN,
        "data_reference_date": "2026-03-20",
        "coordinate_note": "source_columns_swapped_and_normalized"
      }
    },
    {
      "type": "Feature",
      "geometry": {
        "type": "Point",
        "coordinates": [
          126.9322008,
          37.50875704
        ]
      },
      "properties": {
        "crosswalk_id": "06-0000052886",
        "district": "동작구",
        "address": "동작구 대방동 17-5도",
        "crosswalk_type": "대각선횡단보도",
        "has_pedestrian_light": "Y",
        "has_audio_signal": "N",
        "has_push_button": "N",
        "is_raised_crosswalk": "N",
        "has_traffic_safety_detail": "N",
        "accessibility_score": 1,
        "route_recommendation_tier": "basic",
        "support_evidence": "보행등",
        "nearest_audio_signal_id": NaN,
        "nearest_audio_signal_distance_m": NaN,
        "nearest_push_button_id": NaN,
        "nearest_push_button_distance_m": NaN,
        "data_reference_date": "2026-03-20",
        "coordinate_note": "source_columns_swapped_and_normalized"
      }
    },
    {
      "type": "Feature",
      "geometry": {
        "type": "Point",
        "coordinates": [
          126.9750281,
          37.4874773
        ]
      },
      "properties": {
        "crosswalk_id": "06-0000052899",
        "district": "동작구",
        "address": "동작구 사당동 105-21도",
        "crosswalk_type": "대각선횡단보도",
        "has_pedestrian_light": "Y",
        "has_audio_signal": "N",
        "has_push_button": "N",
        "is_raised_crosswalk": "N",
        "has_traffic_safety_detail": "N",
        "accessibility_score": 1,
        "route_recommendation_tier": "basic",
        "support_evidence": "보행등",
        "nearest_audio_signal_id": NaN,
        "nearest_audio_signal_distance_m": NaN,
        "nearest_push_button_id": NaN,
        "nearest_push_button_distance_m": NaN,
        "data_reference_date": "2026-03-20",
        "coordinate_note": "source_columns_swapped_and_normalized"
      }
    },
    {
      "type": "Feature",
      "geometry": {
        "type": "Point",
        "coordinates": [
          126.9405095,
          37.5060001
        ]
      },
      "properties": {
        "crosswalk_id": "06-0000055927",
        "district": "동작구",
        "address": "동작구 상도동 329-3도",
        "crosswalk_type": "일단(화살표없음)",
        "has_pedestrian_light": "N",
        "has_audio_signal": "N",
        "has_push_button": "N",
        "is_raised_crosswalk": "Y",
        "has_traffic_safety_detail": "N",
        "accessibility_score": 1,
        "route_recommendation_tier": "basic",
        "support_evidence": "고원식횡단보도",
        "nearest_audio_signal_id": NaN,
        "nearest_audio_signal_distance_m": NaN,
        "nearest_push_button_id": NaN,
        "nearest_push_button_distance_m": NaN,
        "data_reference_date": "2026-03-20",
        "coordinate_note": "source_columns_swapped_and_normalized"
      }
    },
    {
      "type": "Feature",
      "geometry": {
        "type": "Point",
        "coordinates": [
          126.9436741,
          37.49414594
        ]
      },
      "properties": {
        "crosswalk_id": "06-0000040943",
        "district": "동작구",
        "address": "동작구 상도동 산65-244 임",
        "crosswalk_type": "일단(화살표없음)",
        "has_pedestrian_light": "N",
        "has_audio_signal": "N",
        "has_push_button": "N",
        "is_raised_crosswalk": "N",
        "has_traffic_safety_detail": "N",
        "accessibility_score": 0,
        "route_recommendation_tier": "insufficient",
        "support_evidence": "보행지원시설 확인 정보 없음",
        "nearest_audio_signal_id": NaN,
        "nearest_audio_signal_distance_m": NaN,
        "nearest_push_button_id": NaN,
        "nearest_push_button_distance_m": NaN,
        "data_reference_date": "2026-03-20",
        "coordinate_note": "source_columns_swapped_and_normalized"
      }
    },
    {
      "type": "Feature",
      "geometry": {
        "type": "Point",
        "coordinates": [
          126.9435961,
          37.49421405
        ]
      },
      "properties": {
        "crosswalk_id": "06-0000040944",
        "district": "동작구",
        "address": "동작구 상도동 214-1 도",
        "crosswalk_type": "일단(화살표없음)",
        "has_pedestrian_light": "N",
        "has_audio_signal": "N",
        "has_push_button": "N",
        "is_raised_crosswalk": "N",
        "has_traffic_safety_detail": "N",
        "accessibility_score": 0,
        "route_recommendation_tier": "insufficient",
        "support_evidence": "보행지원시설 확인 정보 없음",
        "nearest_audio_signal_id": NaN,
        "nearest_audio_signal_distance_m": NaN,
        "nearest_push_button_id": NaN,
        "nearest_push_button_distance_m": NaN,
        "data_reference_date": "2026-03-20",
        "coordinate_note": "source_columns_swapped_and_normalized"
      }
    },
    {
      "type": "Feature",
      "geometry": {
        "type": "Point",
        "coordinates": [
          126.980508,
          37.49308577
        ]
      },
      "properties": {
        "crosswalk_id": "06-0000051156",
        "district": "동작구",
        "address": "동작구 동작동 58-30대",
        "crosswalk_type": "일단(화살표없음)",
        "has_pedestrian_light": "N",
        "has_audio_signal": "N",
        "has_push_button": "N",
        "is_raised_crosswalk": "N",
        "has_traffic_safety_detail": "N",
        "accessibility_score": 0,
        "route_recommendation_tier": "insufficient",
        "support_evidence": "보행지원시설 확인 정보 없음",
        "nearest_audio_signal_id": NaN,
        "nearest_audio_signal_distance_m": NaN,
        "nearest_push_button_id": NaN,
        "nearest_push_button_distance_m": NaN,
        "data_reference_date": "2026-03-20",
        "coordinate_note": "source_columns_swapped_and_normalized"
      }
    },
    {
      "type": "Feature",
      "geometry": {
        "type": "Point",
        "coordinates": [
          126.9796774,
          37.49200896
        ]
      },
      "properties": {
        "crosswalk_id": "06-0000051158",
        "district": "동작구",
        "address": "동작구 사당동 741-4 도",
        "crosswalk_type": "일단(화살표없음)",
        "has_pedestrian_light": "N",
        "has_audio_signal": "N",
        "has_push_button": "N",
        "is_raised_crosswalk": "N",
        "has_traffic_safety_detail": "N",
        "accessibility_score": 0,
        "route_recommendation_tier": "insufficient",
        "support_evidence": "보행지원시설 확인 정보 없음",
        "nearest_audio_signal_id": NaN,
        "nearest_audio_signal_distance_m": NaN,
        "nearest_push_button_id": NaN,
        "nearest_push_button_distance_m": NaN,
        "data_reference_date": "2026-03-20",
        "coordinate_note": "source_columns_swapped_and_normalized"
      }
    },
    {
      "type": "Feature",
      "geometry": {
        "type": "Point",
        "coordinates": [
          126.9796683,
          37.492115
        ]
      },
      "properties": {
        "crosswalk_id": "06-0000051159",
        "district": "동작구",
        "address": "동작구 사당동 43-26대",
        "crosswalk_type": "일단(화살표없음)",
        "has_pedestrian_light": "N",
        "has_audio_signal": "N",
        "has_push_button": "N",
        "is_raised_crosswalk": "N",
        "has_traffic_safety_detail": "N",
        "accessibility_score": 0,
        "route_recommendation_tier": "insufficient",
        "support_evidence": "보행지원시설 확인 정보 없음",
        "nearest_audio_signal_id": NaN,
        "nearest_audio_signal_distance_m": NaN,
        "nearest_push_button_id": NaN,
        "nearest_push_button_distance_m": NaN,
        "data_reference_date": "2026-03-20",
        "coordinate_note": "source_columns_swapped_and_normalized"
      }
    },
    {
      "type": "Feature",
      "geometry": {
        "type": "Point",
        "coordinates": [
          126.9252657,
          37.4987127
        ]
      },
      "properties": {
        "crosswalk_id": "06-0000051204",
        "district": "동작구",
        "address": "동작구 신대방동 724-1 도",
        "crosswalk_type": "일단(화살표없음)",
        "has_pedestrian_light": "N",
        "has_audio_signal": "N",
        "has_push_button": "N",
        "is_raised_crosswalk": "N",
        "has_traffic_safety_detail": "N",
        "accessibility_score": 0,
        "route_recommendation_tier": "insufficient",
        "support_evidence": "보행지원시설 확인 정보 없음",
        "nearest_audio_signal_id": NaN,
        "nearest_audio_signal_distance_m": NaN,
        "nearest_push_button_id": NaN,
        "nearest_push_button_distance_m": NaN,
        "data_reference_date": "2026-03-20",
        "coordinate_note": "source_columns_swapped_and_normalized"
      }
    },
    {
      "type": "Feature",
      "geometry": {
        "type": "Point",
        "coordinates": [
          126.9246427,
          37.49858393
        ]
      },
      "properties": {
        "crosswalk_id": "06-0000051205",
        "district": "동작구",
        "address": "동작구 대방동 408-2천",
        "crosswalk_type": "일단(화살표없음)",
        "has_pedestrian_light": "N",
        "has_audio_signal": "N",
        "has_push_button": "N",
        "is_raised_crosswalk": "N",
        "has_traffic_safety_detail": "N",
        "accessibility_score": 0,
        "route_recommendation_tier": "insufficient",
        "support_evidence": "보행지원시설 확인 정보 없음",
        "nearest_audio_signal_id": NaN,
        "nearest_audio_signal_distance_m": NaN,
        "nearest_push_button_id": NaN,
        "nearest_push_button_distance_m": NaN,
        "data_reference_date": "2026-03-20",
        "coordinate_note": "source_columns_swapped_and_normalized"
      }
    },
    {
      "type": "Feature",
      "geometry": {
        "type": "Point",
        "coordinates": [
          126.9048872,
          37.48583707
        ]
      },
      "properties": {
        "crosswalk_id": "06-0000052060",
        "district": "동작구",
        "address": "동작구 신대방동 686-48대",
        "crosswalk_type": "일단(화살표없음)",
        "has_pedestrian_light": "N",
        "has_audio_signal": "N",
        "has_push_button": "N",
        "is_raised_crosswalk": "N",
        "has_traffic_safety_detail": "N",
        "accessibility_score": 0,
        "route_recommendation_tier": "insufficient",
        "support_evidence": "보행지원시설 확인 정보 없음",
        "nearest_audio_signal_id": NaN,
        "nearest_audio_signal_distance_m": NaN,
        "nearest_push_button_id": NaN,
        "nearest_push_button_distance_m": NaN,
        "data_reference_date": "2026-03-20",
        "coordinate_note": "source_columns_swapped_and_normalized"
      }
    },
    {
      "type": "Feature",
      "geometry": {
        "type": "Point",
        "coordinates": [
          126.9054681,
          37.48575167
        ]
      },
      "properties": {
        "crosswalk_id": "06-0000052062",
        "district": "동작구",
        "address": "동작구 신대방동 686-80 도",
        "crosswalk_type": "일단(화살표없음)",
        "has_pedestrian_light": "N",
        "has_audio_signal": "N",
        "has_push_button": "N",
        "is_raised_crosswalk": "N",
        "has_traffic_safety_detail": "N",
        "accessibility_score": 0,
        "route_recommendation_tier": "insufficient",
        "support_evidence": "보행지원시설 확인 정보 없음",
        "nearest_audio_signal_id": NaN,
        "nearest_audio_signal_distance_m": NaN,
        "nearest_push_button_id": NaN,
        "nearest_push_button_distance_m": NaN,
        "data_reference_date": "2026-03-20",
        "coordinate_note": "source_columns_swapped_and_normalized"
      }
    },
    {
      "type": "Feature",
      "geometry": {
        "type": "Point",
        "coordinates": [
          126.9055766,
          37.48581235
        ]
      },
      "properties": {
        "crosswalk_id": "06-0000052063",
        "district": "동작구",
        "address": "동작구 신대방동 686-79 도",
        "crosswalk_type": "일단(화살표없음)",
        "has_pedestrian_light": "N",
        "has_audio_signal": "N",
        "has_push_button": "N",
        "is_raised_crosswalk": "N",
        "has_traffic_safety_detail": "N",
        "accessibility_score": 0,
        "route_recommendation_tier": "insufficient",
        "support_evidence": "보행지원시설 확인 정보 없음",
        "nearest_audio_signal_id": NaN,
        "nearest_audio_signal_distance_m": NaN,
        "nearest_push_button_id": NaN,
        "nearest_push_button_distance_m": NaN,
        "data_reference_date": "2026-03-20",
        "coordinate_note": "source_columns_swapped_and_normalized"
      }
    },
    {
      "type": "Feature",
      "geometry": {
        "type": "Point",
        "coordinates": [
          126.9055394,
          37.48569051
        ]
      },
      "properties": {
        "crosswalk_id": "06-0000052064",
        "district": "동작구",
        "address": "동작구 신대방동 701-12도",
        "crosswalk_type": "일단(화살표없음)",
        "has_pedestrian_light": "N",
        "has_audio_signal": "N",
        "has_push_button": "N",
        "is_raised_crosswalk": "N",
        "has_traffic_safety_detail": "N",
        "accessibility_score": 0,
        "route_recommendation_tier": "insufficient",
        "support_evidence": "보행지원시설 확인 정보 없음",
        "nearest_audio_signal_id": NaN,
        "nearest_audio_signal_distance_m": NaN,
        "nearest_push_button_id": NaN,
        "nearest_push_button_distance_m": NaN,
        "data_reference_date": "2026-03-20",
        "coordinate_note": "source_columns_swapped_and_normalized"
      }
    },
    {
      "type": "Feature",
      "geometry": {
        "type": "Point",
        "coordinates": [
          126.9056845,
          37.4857594
        ]
      },
      "properties": {
        "crosswalk_id": "06-0000052065",
        "district": "동작구",
        "address": "동작구 신대방동 701-12도",
        "crosswalk_type": "일단(화살표없음)",
        "has_pedestrian_light": "N",
        "has_audio_signal": "N",
        "has_push_button": "N",
        "is_raised_crosswalk": "N",
        "has_traffic_safety_detail": "N",
        "accessibility_score": 0,
        "route_recommendation_tier": "insufficient",
        "support_evidence": "보행지원시설 확인 정보 없음",
        "nearest_audio_signal_id": NaN,
        "nearest_audio_signal_distance_m": NaN,
        "nearest_push_button_id": NaN,
        "nearest_push_button_distance_m": NaN,
        "data_reference_date": "2026-03-20",
        "coordinate_note": "source_columns_swapped_and_normalized"
      }
    },
    {
      "type": "Feature",
      "geometry": {
        "type": "Point",
        "coordinates": [
          126.9056496,
          37.48610142
        ]
      },
      "properties": {
        "crosswalk_id": "06-0000052067",
        "district": "동작구",
        "address": "동작구 신대방동 686-48대",
        "crosswalk_type": "일단(화살표없음)",
        "has_pedestrian_light": "N",
        "has_audio_signal": "N",
        "has_push_button": "N",
        "is_raised_crosswalk": "N",
        "has_traffic_safety_detail": "N",
        "accessibility_score": 0,
        "route_recommendation_tier": "insufficient",
        "support_evidence": "보행지원시설 확인 정보 없음",
        "nearest_audio_signal_id": NaN,
        "nearest_audio_signal_distance_m": NaN,
        "nearest_push_button_id": NaN,
        "nearest_push_button_distance_m": NaN,
        "data_reference_date": "2026-03-20",
        "coordinate_note": "source_columns_swapped_and_normalized"
      }
    },
    {
      "type": "Feature",
      "geometry": {
        "type": "Point",
        "coordinates": [
          126.9058851,
          37.48644256
        ]
      },
      "properties": {
        "crosswalk_id": "06-0000052068",
        "district": "동작구",
        "address": "동작구 신대방동 719-4 도",
        "crosswalk_type": "일단(화살표없음)",
        "has_pedestrian_light": "N",
        "has_audio_signal": "N",
        "has_push_button": "N",
        "is_raised_crosswalk": "N",
        "has_traffic_safety_detail": "N",
        "accessibility_score": 0,
        "route_recommendation_tier": "insufficient",
        "support_evidence": "보행지원시설 확인 정보 없음",
        "nearest_audio_signal_id": NaN,
        "nearest_audio_signal_distance_m": NaN,
        "nearest_push_button_id": NaN,
        "nearest_push_button_distance_m": NaN,
        "data_reference_date": "2026-03-20",
        "coordinate_note": "source_columns_swapped_and_normalized"
      }
    },
    {
      "type": "Feature",
      "geometry": {
        "type": "Point",
        "coordinates": [
          126.9058825,
          37.48633753
        ]
      },
      "properties": {
        "crosswalk_id": "06-0000052069",
        "district": "동작구",
        "address": "동작구 신대방동 686-79 도",
        "crosswalk_type": "일단(화살표없음)",
        "has_pedestrian_light": "N",
        "has_audio_signal": "N",
        "has_push_button": "N",
        "is_raised_crosswalk": "N",
        "has_traffic_safety_detail": "N",
        "accessibility_score": 0,
        "route_recommendation_tier": "insufficient",
        "support_evidence": "보행지원시설 확인 정보 없음",
        "nearest_audio_signal_id": NaN,
        "nearest_audio_signal_distance_m": NaN,
        "nearest_push_button_id": NaN,
        "nearest_push_button_distance_m": NaN,
        "data_reference_date": "2026-03-20",
        "coordinate_note": "source_columns_swapped_and_normalized"
      }
    },
    {
      "type": "Feature",
      "geometry": {
        "type": "Point",
        "coordinates": [
          126.9059685,
          37.48633141
        ]
      },
      "properties": {
        "crosswalk_id": "06-0000052071",
        "district": "동작구",
        "address": "동작구 신대방동 686-59도",
        "crosswalk_type": "일단(화살표없음)",
        "has_pedestrian_light": "N",
        "has_audio_signal": "N",
        "has_push_button": "N",
        "is_raised_crosswalk": "N",
        "has_traffic_safety_detail": "N",
        "accessibility_score": 0,
        "route_recommendation_tier": "insufficient",
        "support_evidence": "보행지원시설 확인 정보 없음",
        "nearest_audio_signal_id": NaN,
        "nearest_audio_signal_distance_m": NaN,
        "nearest_push_button_id": NaN,
        "nearest_push_button_distance_m": NaN,
        "data_reference_date": "2026-03-20",
        "coordinate_note": "source_columns_swapped_and_normalized"
      }
    },
    {
      "type": "Feature",
      "geometry": {
        "type": "Point",
        "coordinates": [
          126.9815349,
          37.49383882
        ]
      },
      "properties": {
        "crosswalk_id": "06-0000052277",
        "district": "동작구",
        "address": "동작구 동작동 333-6 도",
        "crosswalk_type": "일단(화살표없음)",
        "has_pedestrian_light": "N",
        "has_audio_signal": "N",
        "has_push_button": "N",
        "is_raised_crosswalk": "N",
        "has_traffic_safety_detail": "N",
        "accessibility_score": 0,
        "route_recommendation_tier": "insufficient",
        "support_evidence": "보행지원시설 확인 정보 없음",
        "nearest_audio_signal_id": NaN,
        "nearest_audio_signal_distance_m": NaN,
        "nearest_push_button_id": NaN,
        "nearest_push_button_distance_m": NaN,
        "data_reference_date": "2026-03-20",
        "coordinate_note": "source_columns_swapped_and_normalized"
      }
    },
    {
      "type": "Feature",
      "geometry": {
        "type": "Point",
        "coordinates": [
          126.9263561,
          37.50852075
        ]
      },
      "properties": {
        "crosswalk_id": "06-0000052851",
        "district": "동작구",
        "address": "동작구 대방동 503-2도",
        "crosswalk_type": "이단(화살표있음)",
        "has_pedestrian_light": "N",
        "has_audio_signal": "N",
        "has_push_button": "N",
        "is_raised_crosswalk": "N",
        "has_traffic_safety_detail": "N",
        "accessibility_score": 0,
        "route_recommendation_tier": "insufficient",
        "support_evidence": "보행지원시설 확인 정보 없음",
        "nearest_audio_signal_id": NaN,
        "nearest_audio_signal_distance_m": NaN,
        "nearest_push_button_id": NaN,
        "nearest_push_button_distance_m": NaN,
        "data_reference_date": "2026-03-20",
        "coordinate_note": "source_columns_swapped_and_normalized"
      }
    },
    {
      "type": "Feature",
      "geometry": {
        "type": "Point",
        "coordinates": [
          126.9327912,
          37.50615743
        ]
      },
      "properties": {
        "crosswalk_id": "06-0000052852",
        "district": "동작구",
        "address": "동작구 대방동 68-82구",
        "crosswalk_type": "일단(화살표없음)",
        "has_pedestrian_light": "N",
        "has_audio_signal": "N",
        "has_push_button": "N",
        "is_raised_crosswalk": "N",
        "has_traffic_safety_detail": "N",
        "accessibility_score": 0,
        "route_recommendation_tier": "insufficient",
        "support_evidence": "보행지원시설 확인 정보 없음",
        "nearest_audio_signal_id": NaN,
        "nearest_audio_signal_distance_m": NaN,
        "nearest_push_button_id": NaN,
        "nearest_push_button_distance_m": NaN,
        "data_reference_date": "2026-03-20",
        "coordinate_note": "source_columns_swapped_and_normalized"
      }
    },
    {
      "type": "Feature",
      "geometry": {
        "type": "Point",
        "coordinates": [
          126.9456155,
          37.50965798
        ]
      },
      "properties": {
        "crosswalk_id": "06-0000052854",
        "district": "동작구",
        "address": "동작구 노량진동 223-9도",
        "crosswalk_type": "일단(화살표없음)",
        "has_pedestrian_light": "N",
        "has_audio_signal": "N",
        "has_push_button": "N",
        "is_raised_crosswalk": "N",
        "has_traffic_safety_detail": "N",
        "accessibility_score": 0,
        "route_recommendation_tier": "insufficient",
        "support_evidence": "보행지원시설 확인 정보 없음",
        "nearest_audio_signal_id": NaN,
        "nearest_audio_signal_distance_m": NaN,
        "nearest_push_button_id": NaN,
        "nearest_push_button_distance_m": NaN,
        "data_reference_date": "2026-03-20",
        "coordinate_note": "source_columns_swapped_and_normalized"
      }
    },
    {
      "type": "Feature",
      "geometry": {
        "type": "Point",
        "coordinates": [
          126.9446342,
          37.5107297
        ]
      },
      "properties": {
        "crosswalk_id": "06-0000053554",
        "district": "동작구",
        "address": "동작구 노량진동 118-14도",
        "crosswalk_type": "이단(화살표있음)",
        "has_pedestrian_light": "N",
        "has_audio_signal": "N",
        "has_push_button": "N",
        "is_raised_crosswalk": "N",
        "has_traffic_safety_detail": "N",
        "accessibility_score": 0,
        "route_recommendation_tier": "insufficient",
        "support_evidence": "보행지원시설 확인 정보 없음",
        "nearest_audio_signal_id": NaN,
        "nearest_audio_signal_distance_m": NaN,
        "nearest_push_button_id": NaN,
        "nearest_push_button_distance_m": NaN,
        "data_reference_date": "2026-03-20",
        "coordinate_note": "source_columns_swapped_and_normalized"
      }
    },
    {
      "type": "Feature",
      "geometry": {
        "type": "Point",
        "coordinates": [
          126.944774,
          37.51058953
        ]
      },
      "properties": {
        "crosswalk_id": "06-0000053555",
        "district": "동작구",
        "address": "동작구 노량진동 118-14도",
        "crosswalk_type": "일단(화살표없음)",
        "has_pedestrian_light": "N",
        "has_audio_signal": "N",
        "has_push_button": "N",
        "is_raised_crosswalk": "N",
        "has_traffic_safety_detail": "N",
        "accessibility_score": 0,
        "route_recommendation_tier": "insufficient",
        "support_evidence": "보행지원시설 확인 정보 없음",
        "nearest_audio_signal_id": NaN,
        "nearest_audio_signal_distance_m": NaN,
        "nearest_push_button_id": NaN,
        "nearest_push_button_distance_m": NaN,
        "data_reference_date": "2026-03-20",
        "coordinate_note": "source_columns_swapped_and_normalized"
      }
    },
    {
      "type": "Feature",
      "geometry": {
        "type": "Point",
        "coordinates": [
          126.9446124,
          37.51060095
        ]
      },
      "properties": {
        "crosswalk_id": "06-0000053556",
        "district": "동작구",
        "address": "동작구 노량진동 221-139 도",
        "crosswalk_type": "일단(화살표없음)",
        "has_pedestrian_light": "N",
        "has_audio_signal": "N",
        "has_push_button": "N",
        "is_raised_crosswalk": "N",
        "has_traffic_safety_detail": "N",
        "accessibility_score": 0,
        "route_recommendation_tier": "insufficient",
        "support_evidence": "보행지원시설 확인 정보 없음",
        "nearest_audio_signal_id": NaN,
        "nearest_audio_signal_distance_m": NaN,
        "nearest_push_button_id": NaN,
        "nearest_push_button_distance_m": NaN,
        "data_reference_date": "2026-03-20",
        "coordinate_note": "source_columns_swapped_and_normalized"
      }
    },
    {
      "type": "Feature",
      "geometry": {
        "type": "Point",
        "coordinates": [
          126.9241599,
          37.50029396
        ]
      },
      "properties": {
        "crosswalk_id": "06-0000053557",
        "district": "동작구",
        "address": "동작구 대방동 466-10 도",
        "crosswalk_type": "일단(화살표없음)",
        "has_pedestrian_light": "N",
        "has_audio_signal": "N",
        "has_push_button": "N",
        "is_raised_crosswalk": "N",
        "has_traffic_safety_detail": "N",
        "accessibility_score": 0,
        "route_recommendation_tier": "insufficient",
        "support_evidence": "보행지원시설 확인 정보 없음",
        "nearest_audio_signal_id": NaN,
        "nearest_audio_signal_distance_m": NaN,
        "nearest_push_button_id": NaN,
        "nearest_push_button_distance_m": NaN,
        "data_reference_date": "2026-03-20",
        "coordinate_note": "source_columns_swapped_and_normalized"
      }
    },
    {
      "type": "Feature",
      "geometry": {
        "type": "Point",
        "coordinates": [
          126.9338467,
          37.51468994
        ]
      },
      "properties": {
        "crosswalk_id": "06-0000054121",
        "district": "동작구",
        "address": "동작구 노량진동 19-23잡",
        "crosswalk_type": "일단(화살표없음)",
        "has_pedestrian_light": "N",
        "has_audio_signal": "N",
        "has_push_button": "N",
        "is_raised_crosswalk": "N",
        "has_traffic_safety_detail": "N",
        "accessibility_score": 0,
        "route_recommendation_tier": "insufficient",
        "support_evidence": "보행지원시설 확인 정보 없음",
        "nearest_audio_signal_id": NaN,
        "nearest_audio_signal_distance_m": NaN,
        "nearest_push_button_id": NaN,
        "nearest_push_button_distance_m": NaN,
        "data_reference_date": "2026-03-20",
        "coordinate_note": "source_columns_swapped_and_normalized"
      }
    },
    {
      "type": "Feature",
      "geometry": {
        "type": "Point",
        "coordinates": [
          126.9349448,
          37.51478156
        ]
      },
      "properties": {
        "crosswalk_id": "06-0000054122",
        "district": "동작구",
        "address": "동작구 노량진동 19-4도",
        "crosswalk_type": "일단(화살표없음)",
        "has_pedestrian_light": "N",
        "has_audio_signal": "N",
        "has_push_button": "N",
        "is_raised_crosswalk": "N",
        "has_traffic_safety_detail": "N",
        "accessibility_score": 0,
        "route_recommendation_tier": "insufficient",
        "support_evidence": "보행지원시설 확인 정보 없음",
        "nearest_audio_signal_id": NaN,
        "nearest_audio_signal_distance_m": NaN,
        "nearest_push_button_id": NaN,
        "nearest_push_button_distance_m": NaN,
        "data_reference_date": "2026-03-20",
        "coordinate_note": "source_columns_swapped_and_normalized"
      }
    },
    {
      "type": "Feature",
      "geometry": {
        "type": "Point",
        "coordinates": [
          126.946323,
          37.51653331
        ]
      },
      "properties": {
        "crosswalk_id": "06-0000054124",
        "district": "동작구",
        "address": "동작구 노량진동 13-4도",
        "crosswalk_type": "일단(화살표없음)",
        "has_pedestrian_light": "N",
        "has_audio_signal": "N",
        "has_push_button": "N",
        "is_raised_crosswalk": "N",
        "has_traffic_safety_detail": "N",
        "accessibility_score": 0,
        "route_recommendation_tier": "insufficient",
        "support_evidence": "보행지원시설 확인 정보 없음",
        "nearest_audio_signal_id": NaN,
        "nearest_audio_signal_distance_m": NaN,
        "nearest_push_button_id": NaN,
        "nearest_push_button_distance_m": NaN,
        "data_reference_date": "2026-03-20",
        "coordinate_note": "source_columns_swapped_and_normalized"
      }
    },
    {
      "type": "Feature",
      "geometry": {
        "type": "Point",
        "coordinates": [
          126.9444643,
          37.5162891
        ]
      },
      "properties": {
        "crosswalk_id": "06-0000054125",
        "district": "동작구",
        "address": "동작구 노량진동 13-4도",
        "crosswalk_type": "일단(화살표없음)",
        "has_pedestrian_light": "N",
        "has_audio_signal": "N",
        "has_push_button": "N",
        "is_raised_crosswalk": "N",
        "has_traffic_safety_detail": "N",
        "accessibility_score": 0,
        "route_recommendation_tier": "insufficient",
        "support_evidence": "보행지원시설 확인 정보 없음",
        "nearest_audio_signal_id": NaN,
        "nearest_audio_signal_distance_m": NaN,
        "nearest_push_button_id": NaN,
        "nearest_push_button_distance_m": NaN,
        "data_reference_date": "2026-03-20",
        "coordinate_note": "source_columns_swapped_and_normalized"
      }
    },
    {
      "type": "Feature",
      "geometry": {
        "type": "Point",
        "coordinates": [
          126.9431608,
          37.51606532
        ]
      },
      "properties": {
        "crosswalk_id": "06-0000054126",
        "district": "동작구",
        "address": "동작구 노량진동 13-4도",
        "crosswalk_type": "일단(화살표없음)",
        "has_pedestrian_light": "N",
        "has_audio_signal": "N",
        "has_push_button": "N",
        "is_raised_crosswalk": "N",
        "has_traffic_safety_detail": "N",
        "accessibility_score": 0,
        "route_recommendation_tier": "insufficient",
        "support_evidence": "보행지원시설 확인 정보 없음",
        "nearest_audio_signal_id": NaN,
        "nearest_audio_signal_distance_m": NaN,
        "nearest_push_button_id": NaN,
        "nearest_push_button_distance_m": NaN,
        "data_reference_date": "2026-03-20",
        "coordinate_note": "source_columns_swapped_and_normalized"
      }
    },
    {
      "type": "Feature",
      "geometry": {
        "type": "Point",
        "coordinates": [
          126.9405703,
          37.51564878
        ]
      },
      "properties": {
        "crosswalk_id": "06-0000054129",
        "district": "동작구",
        "address": "동작구 노량진동 13-4도",
        "crosswalk_type": "일단(화살표없음)",
        "has_pedestrian_light": "N",
        "has_audio_signal": "N",
        "has_push_button": "N",
        "is_raised_crosswalk": "N",
        "has_traffic_safety_detail": "N",
        "accessibility_score": 0,
        "route_recommendation_tier": "insufficient",
        "support_evidence": "보행지원시설 확인 정보 없음",
        "nearest_audio_signal_id": NaN,
        "nearest_audio_signal_distance_m": NaN,
        "nearest_push_button_id": NaN,
        "nearest_push_button_distance_m": NaN,
        "data_reference_date": "2026-03-20",
        "coordinate_note": "source_columns_swapped_and_normalized"
      }
    },
    {
      "type": "Feature",
      "geometry": {
        "type": "Point",
        "coordinates": [
          126.9399111,
          37.51477835
        ]
      },
      "properties": {
        "crosswalk_id": "06-0000054130",
        "district": "동작구",
        "address": "동작구 노량진동 334-2 도",
        "crosswalk_type": "일단(화살표없음)",
        "has_pedestrian_light": "N",
        "has_audio_signal": "N",
        "has_push_button": "N",
        "is_raised_crosswalk": "N",
        "has_traffic_safety_detail": "N",
        "accessibility_score": 0,
        "route_recommendation_tier": "insufficient",
        "support_evidence": "보행지원시설 확인 정보 없음",
        "nearest_audio_signal_id": NaN,
        "nearest_audio_signal_distance_m": NaN,
        "nearest_push_button_id": NaN,
        "nearest_push_button_distance_m": NaN,
        "data_reference_date": "2026-03-20",
        "coordinate_note": "source_columns_swapped_and_normalized"
      }
    },
    {
      "type": "Feature",
      "geometry": {
        "type": "Point",
        "coordinates": [
          126.946072,
          37.51652167
        ]
      },
      "properties": {
        "crosswalk_id": "06-0000054161",
        "district": "동작구",
        "address": "동작구 노량진동 13-4도",
        "crosswalk_type": "일단(화살표없음)",
        "has_pedestrian_light": "N",
        "has_audio_signal": "N",
        "has_push_button": "N",
        "is_raised_crosswalk": "N",
        "has_traffic_safety_detail": "N",
        "accessibility_score": 0,
        "route_recommendation_tier": "insufficient",
        "support_evidence": "보행지원시설 확인 정보 없음",
        "nearest_audio_signal_id": NaN,
        "nearest_audio_signal_distance_m": NaN,
        "nearest_push_button_id": NaN,
        "nearest_push_button_distance_m": NaN,
        "data_reference_date": "2026-03-20",
        "coordinate_note": "source_columns_swapped_and_normalized"
      }
    },
    {
      "type": "Feature",
      "geometry": {
        "type": "Point",
        "coordinates": [
          126.9524644,
          37.49457577
        ]
      },
      "properties": {
        "crosswalk_id": "06-0000054307",
        "district": "동작구",
        "address": "동작구 상도동 531-3 도",
        "crosswalk_type": "일단(화살표없음)",
        "has_pedestrian_light": "N",
        "has_audio_signal": "N",
        "has_push_button": "N",
        "is_raised_crosswalk": "N",
        "has_traffic_safety_detail": "N",
        "accessibility_score": 0,
        "route_recommendation_tier": "insufficient",
        "support_evidence": "보행지원시설 확인 정보 없음",
        "nearest_audio_signal_id": NaN,
        "nearest_audio_signal_distance_m": NaN,
        "nearest_push_button_id": NaN,
        "nearest_push_button_distance_m": NaN,
        "data_reference_date": "2026-03-20",
        "coordinate_note": "source_columns_swapped_and_normalized"
      }
    },
    {
      "type": "Feature",
      "geometry": {
        "type": "Point",
        "coordinates": [
          126.9794015,
          37.49270477
        ]
      },
      "properties": {
        "crosswalk_id": "06-0000054308",
        "district": "동작구",
        "address": "동작구 사당동 43-89 도",
        "crosswalk_type": "일단(화살표없음)",
        "has_pedestrian_light": "N",
        "has_audio_signal": "N",
        "has_push_button": "N",
        "is_raised_crosswalk": "N",
        "has_traffic_safety_detail": "N",
        "accessibility_score": 0,
        "route_recommendation_tier": "insufficient",
        "support_evidence": "보행지원시설 확인 정보 없음",
        "nearest_audio_signal_id": NaN,
        "nearest_audio_signal_distance_m": NaN,
        "nearest_push_button_id": NaN,
        "nearest_push_button_distance_m": NaN,
        "data_reference_date": "2026-03-20",
        "coordinate_note": "source_columns_swapped_and_normalized"
      }
    },
    {
      "type": "Feature",
      "geometry": {
        "type": "Point",
        "coordinates": [
          126.979414,
          37.49279663
        ]
      },
      "properties": {
        "crosswalk_id": "06-0000054309",
        "district": "동작구",
        "address": "동작구 사당동 43-95 도",
        "crosswalk_type": "일단(화살표없음)",
        "has_pedestrian_light": "N",
        "has_audio_signal": "N",
        "has_push_button": "N",
        "is_raised_crosswalk": "N",
        "has_traffic_safety_detail": "N",
        "accessibility_score": 0,
        "route_recommendation_tier": "insufficient",
        "support_evidence": "보행지원시설 확인 정보 없음",
        "nearest_audio_signal_id": NaN,
        "nearest_audio_signal_distance_m": NaN,
        "nearest_push_button_id": NaN,
        "nearest_push_button_distance_m": NaN,
        "data_reference_date": "2026-03-20",
        "coordinate_note": "source_columns_swapped_and_normalized"
      }
    },
    {
      "type": "Feature",
      "geometry": {
        "type": "Point",
        "coordinates": [
          126.9256833,
          37.49793927
        ]
      },
      "properties": {
        "crosswalk_id": "06-0000054311",
        "district": "동작구",
        "address": "동작구 신대방동 349-35도",
        "crosswalk_type": "일단(화살표없음)",
        "has_pedestrian_light": "N",
        "has_audio_signal": "N",
        "has_push_button": "N",
        "is_raised_crosswalk": "N",
        "has_traffic_safety_detail": "N",
        "accessibility_score": 0,
        "route_recommendation_tier": "insufficient",
        "support_evidence": "보행지원시설 확인 정보 없음",
        "nearest_audio_signal_id": NaN,
        "nearest_audio_signal_distance_m": NaN,
        "nearest_push_button_id": NaN,
        "nearest_push_button_distance_m": NaN,
        "data_reference_date": "2026-03-20",
        "coordinate_note": "source_columns_swapped_and_normalized"
      }
    },
    {
      "type": "Feature",
      "geometry": {
        "type": "Point",
        "coordinates": [
          126.9248437,
          37.49782609
        ]
      },
      "properties": {
        "crosswalk_id": "06-0000054312",
        "district": "동작구",
        "address": "동작구 신대방동 349-35도",
        "crosswalk_type": "일단(화살표없음)",
        "has_pedestrian_light": "N",
        "has_audio_signal": "N",
        "has_push_button": "N",
        "is_raised_crosswalk": "N",
        "has_traffic_safety_detail": "N",
        "accessibility_score": 0,
        "route_recommendation_tier": "insufficient",
        "support_evidence": "보행지원시설 확인 정보 없음",
        "nearest_audio_signal_id": NaN,
        "nearest_audio_signal_distance_m": NaN,
        "nearest_push_button_id": NaN,
        "nearest_push_button_distance_m": NaN,
        "data_reference_date": "2026-03-20",
        "coordinate_note": "source_columns_swapped_and_normalized"
      }
    },
    {
      "type": "Feature",
      "geometry": {
        "type": "Point",
        "coordinates": [
          126.9519321,
          37.50713615
        ]
      },
      "properties": {
        "crosswalk_id": "06-0000054313",
        "district": "동작구",
        "address": "동작구 상도1동 508-2도",
        "crosswalk_type": "일단(화살표없음)",
        "has_pedestrian_light": "N",
        "has_audio_signal": "N",
        "has_push_button": "N",
        "is_raised_crosswalk": "N",
        "has_traffic_safety_detail": "N",
        "accessibility_score": 0,
        "route_recommendation_tier": "insufficient",
        "support_evidence": "보행지원시설 확인 정보 없음",
        "nearest_audio_signal_id": NaN,
        "nearest_audio_signal_distance_m": NaN,
        "nearest_push_button_id": NaN,
        "nearest_push_button_distance_m": NaN,
        "data_reference_date": "2026-03-20",
        "coordinate_note": "source_columns_swapped_and_normalized"
      }
    },
    {
      "type": "Feature",
      "geometry": {
        "type": "Point",
        "coordinates": [
          126.9519325,
          37.50701919
        ]
      },
      "properties": {
        "crosswalk_id": "06-0000054314",
        "district": "동작구",
        "address": "동작구 상도1동 508-2도",
        "crosswalk_type": "일단(화살표없음)",
        "has_pedestrian_light": "N",
        "has_audio_signal": "N",
        "has_push_button": "N",
        "is_raised_crosswalk": "N",
        "has_traffic_safety_detail": "N",
        "accessibility_score": 0,
        "route_recommendation_tier": "insufficient",
        "support_evidence": "보행지원시설 확인 정보 없음",
        "nearest_audio_signal_id": NaN,
        "nearest_audio_signal_distance_m": NaN,
        "nearest_push_button_id": NaN,
        "nearest_push_button_distance_m": NaN,
        "data_reference_date": "2026-03-20",
        "coordinate_note": "source_columns_swapped_and_normalized"
      }
    },
    {
      "type": "Feature",
      "geometry": {
        "type": "Point",
        "coordinates": [
          126.9521983,
          37.50574545
        ]
      },
      "properties": {
        "crosswalk_id": "06-0000054315",
        "district": "동작구",
        "address": "동작구 상도1동 500-1도",
        "crosswalk_type": "일단(화살표없음)",
        "has_pedestrian_light": "N",
        "has_audio_signal": "N",
        "has_push_button": "N",
        "is_raised_crosswalk": "N",
        "has_traffic_safety_detail": "N",
        "accessibility_score": 0,
        "route_recommendation_tier": "insufficient",
        "support_evidence": "보행지원시설 확인 정보 없음",
        "nearest_audio_signal_id": NaN,
        "nearest_audio_signal_distance_m": NaN,
        "nearest_push_button_id": NaN,
        "nearest_push_button_distance_m": NaN,
        "data_reference_date": "2026-03-20",
        "coordinate_note": "source_columns_swapped_and_normalized"
      }
    },
    {
      "type": "Feature",
      "geometry": {
        "type": "Point",
        "coordinates": [
          126.980258,
          37.49294201
        ]
      },
      "properties": {
        "crosswalk_id": "06-0000054318",
        "district": "동작구",
        "address": "동작구 사당동 58-107대",
        "crosswalk_type": "일단(화살표없음)",
        "has_pedestrian_light": "N",
        "has_audio_signal": "N",
        "has_push_button": "N",
        "is_raised_crosswalk": "N",
        "has_traffic_safety_detail": "N",
        "accessibility_score": 0,
        "route_recommendation_tier": "insufficient",
        "support_evidence": "보행지원시설 확인 정보 없음",
        "nearest_audio_signal_id": NaN,
        "nearest_audio_signal_distance_m": NaN,
        "nearest_push_button_id": NaN,
        "nearest_push_button_distance_m": NaN,
        "data_reference_date": "2026-03-20",
        "coordinate_note": "source_columns_swapped_and_normalized"
      }
    },
    {
      "type": "Feature",
      "geometry": {
        "type": "Point",
        "coordinates": [
          126.9803286,
          37.49292082
        ]
      },
      "properties": {
        "crosswalk_id": "06-0000054319",
        "district": "동작구",
        "address": "동작구 동작동 58-44대",
        "crosswalk_type": "일단(화살표없음)",
        "has_pedestrian_light": "N",
        "has_audio_signal": "N",
        "has_push_button": "N",
        "is_raised_crosswalk": "N",
        "has_traffic_safety_detail": "N",
        "accessibility_score": 0,
        "route_recommendation_tier": "insufficient",
        "support_evidence": "보행지원시설 확인 정보 없음",
        "nearest_audio_signal_id": NaN,
        "nearest_audio_signal_distance_m": NaN,
        "nearest_push_button_id": NaN,
        "nearest_push_button_distance_m": NaN,
        "data_reference_date": "2026-03-20",
        "coordinate_note": "source_columns_swapped_and_normalized"
      }
    },
    {
      "type": "Feature",
      "geometry": {
        "type": "Point",
        "coordinates": [
          126.9820256,
          37.49684053
        ]
      },
      "properties": {
        "crosswalk_id": "06-0000054661",
        "district": "동작구",
        "address": "동작구 동작동 102대",
        "crosswalk_type": "일단(화살표없음)",
        "has_pedestrian_light": "N",
        "has_audio_signal": "N",
        "has_push_button": "N",
        "is_raised_crosswalk": "N",
        "has_traffic_safety_detail": "N",
        "accessibility_score": 0,
        "route_recommendation_tier": "insufficient",
        "support_evidence": "보행지원시설 확인 정보 없음",
        "nearest_audio_signal_id": NaN,
        "nearest_audio_signal_distance_m": NaN,
        "nearest_push_button_id": NaN,
        "nearest_push_button_distance_m": NaN,
        "data_reference_date": "2026-03-20",
        "coordinate_note": "source_columns_swapped_and_normalized"
      }
    },
    {
      "type": "Feature",
      "geometry": {
        "type": "Point",
        "coordinates": [
          126.9394877,
          37.50335835
        ]
      },
      "properties": {
        "crosswalk_id": "06-0000055556",
        "district": "동작구",
        "address": "동작구 상도동 181-62 도",
        "crosswalk_type": "일단(화살표없음)",
        "has_pedestrian_light": "N",
        "has_audio_signal": "N",
        "has_push_button": "N",
        "is_raised_crosswalk": "N",
        "has_traffic_safety_detail": "N",
        "accessibility_score": 0,
        "route_recommendation_tier": "insufficient",
        "support_evidence": "보행지원시설 확인 정보 없음",
        "nearest_audio_signal_id": NaN,
        "nearest_audio_signal_distance_m": NaN,
        "nearest_push_button_id": NaN,
        "nearest_push_button_distance_m": NaN,
        "data_reference_date": "2026-03-20",
        "coordinate_note": "source_columns_swapped_and_normalized"
      }
    },
    {
      "type": "Feature",
      "geometry": {
        "type": "Point",
        "coordinates": [
          126.941613,
          37.50613407
        ]
      },
      "properties": {
        "crosswalk_id": "06-0000055928",
        "district": "동작구",
        "address": "동작구 상도동 329-3도",
        "crosswalk_type": "일단(화살표없음)",
        "has_pedestrian_light": "N",
        "has_audio_signal": "N",
        "has_push_button": "N",
        "is_raised_crosswalk": "N",
        "has_traffic_safety_detail": "N",
        "accessibility_score": 0,
        "route_recommendation_tier": "insufficient",
        "support_evidence": "보행지원시설 확인 정보 없음",
        "nearest_audio_signal_id": NaN,
        "nearest_audio_signal_distance_m": NaN,
        "nearest_push_button_id": NaN,
        "nearest_push_button_distance_m": NaN,
        "data_reference_date": "2026-03-20",
        "coordinate_note": "source_columns_swapped_and_normalized"
      }
    },
    {
      "type": "Feature",
      "geometry": {
        "type": "Point",
        "coordinates": [
          126.9414902,
          37.50565463
        ]
      },
      "properties": {
        "crosswalk_id": "06-0000055929",
        "district": "동작구",
        "address": "동작구 상도동 산15-39 도",
        "crosswalk_type": "일단(화살표없음)",
        "has_pedestrian_light": "N",
        "has_audio_signal": "N",
        "has_push_button": "N",
        "is_raised_crosswalk": "N",
        "has_traffic_safety_detail": "N",
        "accessibility_score": 0,
        "route_recommendation_tier": "insufficient",
        "support_evidence": "보행지원시설 확인 정보 없음",
        "nearest_audio_signal_id": NaN,
        "nearest_audio_signal_distance_m": NaN,
        "nearest_push_button_id": NaN,
        "nearest_push_button_distance_m": NaN,
        "data_reference_date": "2026-03-20",
        "coordinate_note": "source_columns_swapped_and_normalized"
      }
    },
    {
      "type": "Feature",
      "geometry": {
        "type": "Point",
        "coordinates": [
          126.9412743,
          37.50562357
        ]
      },
      "properties": {
        "crosswalk_id": "06-0000055930",
        "district": "동작구",
        "address": "동작구 상도동 산15-16임",
        "crosswalk_type": "일단(화살표없음)",
        "has_pedestrian_light": "N",
        "has_audio_signal": "N",
        "has_push_button": "N",
        "is_raised_crosswalk": "N",
        "has_traffic_safety_detail": "N",
        "accessibility_score": 0,
        "route_recommendation_tier": "insufficient",
        "support_evidence": "보행지원시설 확인 정보 없음",
        "nearest_audio_signal_id": NaN,
        "nearest_audio_signal_distance_m": NaN,
        "nearest_push_button_id": NaN,
        "nearest_push_button_distance_m": NaN,
        "data_reference_date": "2026-03-20",
        "coordinate_note": "source_columns_swapped_and_normalized"
      }
    }
  ]
}