facility_kind,facility_id,pole_id,direction_degrees,install_date,replace_date,projected_x,projected_y,state_code,display_code,work_code,source_coordinate_system
pedestrian_push_button,29-0000000925,02-0000082725,0.0,,,208759.83221,554886.89962,1.0,1,1,seoul_projected_xy_unconverted
pedestrian_push_button,29-0000000266,02-0000094732,90.0,,,198513.35127,550181.1188,1.0,1,4,seoul_projected_xy_unconverted
pedestrian_push_button,29-0000000519,02-0000072219,90.0,,,202370.69455,553467.62824,1.0,1,1,seoul_projected_xy_unconverted
pedestrian_push_button,29-0000000841,02-0000072456,90.0,,,202194.18435,553340.5447,1.0,1,2,seoul_projected_xy_unconverted
pedestrian_push_button,29-0000000948,02-0000076020,90.0,,,205389.75785,555168.35945,1.0,1,3,seoul_projected_xy_unconverted
pedestrian_push_button,29-0000000516,02-0000072456,90.0,,,202194.18435,553340.5447,1.0,1,2,seoul_projected_xy_unconverted
pedestrian_push_button,29-0000000843,02-0000072456,0.0,,,202194.18435,553340.5447,1.0,1,2,seoul_projected_xy_unconverted
pedestrian_push_button,29-0000000645,02-0000076037,90.0,,,204125.13143,554672.17275,1.0,1,2,seoul_projected_xy_unconverted
pedestrian_push_button,29-0000000645,02-0000076037,90.0,,,204125.13143,554672.17275,1.0,1,1,seoul_projected_xy_unconverted
pedestrian_push_button,29-0000002010,02-0000166104,180.0,,,191513.25369,553620.61877,,1,1,seoul_projected_xy_unconverted
pedestrian_push_button,29-0000001941,02-0000132429,180.0,,,206726.54726,544335.78996,,2,1,seoul_projected_xy_unconverted
pedestrian_push_button,29-0000002046,02-0000160713,,,,,,1.0,2,1,seoul_projected_xy_unconverted
pedestrian_push_button,29-0000002168,02-0000218479,,,,,,1.0,2,1,seoul_projected_xy_unconverted
pedestrian_push_button,29-0000000516,02-0000072456,90.0,,,202194.18435,553340.5447,1.0,1,1,seoul_projected_xy_unconverted
pedestrian_push_button,29-0000000517,02-0000072457,90.0,,,202213.38435,553332.9447,1.0,1,2,seoul_projected_xy_unconverted
pedestrian_push_button,29-0000000844,02-0000072457,0.0,,,202213.38435,553332.9447,1.0,1,2,seoul_projected_xy_unconverted
pedestrian_push_button,29-0000000804,02-0000077101,90.0,,,201306.47594,551166.50697,1.0,1,2,seoul_projected_xy_unconverted
pedestrian_push_button,29-0000000549,02-0000071437,90.0,,,203698.02885,553714.53074,1.0,1,1,seoul_projected_xy_unconverted
pedestrian_push_button,29-0000000120,02-0000071533,270.0,,,204434.32715,554038.79556,1.0,1,1,seoul_projected_xy_unconverted
pedestrian_push_button,29-0000000119,02-0000071534,90.0,,,204432.45997,554062.41087,1.0,1,1,seoul_projected_xy_unconverted
pedestrian_push_button,29-0000000598,02-0000071969,90.0,,,203046.47534,554116.34534,1.0,1,1,seoul_projected_xy_unconverted
pedestrian_push_button,29-0000000588,02-0000071976,90.0,,,203392.87261,553953.80706,1.0,1,1,seoul_projected_xy_unconverted
pedestrian_push_button,29-0000000589,02-0000071977,90.0,,,203414.77447,553949.26659,1.0,1,1,seoul_projected_xy_unconverted
pedestrian_push_button,29-0000000601,02-0000072065,90.0,,,203168.52996,554096.91806,1.0,1,1,seoul_projected_xy_unconverted
pedestrian_push_button,29-0000000602,02-0000072107,90.0,,,203319.95891,554225.02039,1.0,1,1,seoul_projected_xy_unconverted
pedestrian_push_button,29-0000000517,02-0000072457,90.0,,,202213.38435,553332.9447,1.0,1,2,seoul_projected_xy_unconverted
pedestrian_push_button,29-0000000842,02-0000072457,90.0,,,202213.38435,553332.9447,1.0,1,2,seoul_projected_xy_unconverted
pedestrian_push_button,29-0000000636,02-0000073577,90.0,,,202488.39196,553076.60812,1.0,1,2,seoul_projected_xy_unconverted
pedestrian_push_button,29-0000000636,02-0000073577,90.0,,,202488.39196,553076.60812,1.0,1,1,seoul_projected_xy_unconverted
pedestrian_push_button,29-0000000974,02-0000073577,90.0,,,202488.39196,553076.60812,1.0,1,2,seoul_projected_xy_unconverted
pedestrian_push_button,29-0000000400,02-0000073767,90.0,,,200212.67172,554749.54576,1.0,2,1,seoul_projected_xy_unconverted
pedestrian_push_button,29-0000000384,02-0000073903,90.0,,,200334.2558,554564.82817,1.0,2,1,seoul_projected_xy_unconverted
pedestrian_push_button,29-0000000399,02-0000074701,90.0,,,200085.99351,554855.27478,1.0,2,1,seoul_projected_xy_unconverted
pedestrian_push_button,29-0000000398,02-0000074702,90.0,,,200084.59351,554883.30374,1.0,2,1,seoul_projected_xy_unconverted
pedestrian_push_button,29-0000000923,02-0000074880,0.0,,,205210.92539,555021.2915,1.0,1,1,seoul_projected_xy_unconverted
pedestrian_push_button,29-0000000612,02-0000076020,90.0,,,205389.75785,555168.35945,1.0,1,1,seoul_projected_xy_unconverted
pedestrian_push_button,29-0000000303,02-0000077101,90.0,,,201306.47594,551166.50697,1.0,1,2,seoul_projected_xy_unconverted
pedestrian_push_button,29-0000000890,02-0000078502,0.0,,,206566.44839,555786.34548,1.0,1,1,seoul_projected_xy_unconverted
pedestrian_push_button,29-0000000891,02-0000078505,0.0,,,206551.80341,555793.55549,1.0,1,1,seoul_projected_xy_unconverted
pedestrian_push_button,29-0000000442,02-0000078781,90.0,,,201945.01564,557377.19133,1.0,1,1,seoul_projected_xy_unconverted
pedestrian_push_button,29-0000000445,02-0000078817,90.0,,,201919.96883,557560.25088,1.0,1,1,seoul_projected_xy_unconverted
pedestrian_push_button,29-0000000443,02-0000078898,90.0,,,201962.53378,557381.55807,1.0,1,1,seoul_projected_xy_unconverted
pedestrian_push_button,29-0000000554,02-0000079626,90.0,,,206687.09499,556909.48769,1.0,1,1,seoul_projected_xy_unconverted
pedestrian_push_button,29-0000000889,02-0000079626,90.0,,,206686.79518,556913.50746,1.0,1,1,seoul_projected_xy_unconverted
pedestrian_push_button,29-0000000951,02-0000079905,90.0,,,206504.53924,554272.52757,1.0,1,3,seoul_projected_xy_unconverted
pedestrian_push_button,29-0000000640,02-0000079905,90.0,,,206504.53924,554272.52757,1.0,1,1,seoul_projected_xy_unconverted
pedestrian_push_button,29-0000000641,02-0000079912,90.0,,,206518.94031,554281.28134,1.0,1,1,seoul_projected_xy_unconverted
pedestrian_push_button,29-0000000946,02-0000080024,0.0,,,208558.8068,554419.72064,1.0,1,1,seoul_projected_xy_unconverted
pedestrian_push_button,29-0000000070,02-0000086546,90.0,,,202458.99268,561779.87013,1.0,1,1,seoul_projected_xy_unconverted
pedestrian_push_button,29-0000000069,02-0000086569,90.0,,,202453.52943,561913.86107,1.0,1,1,seoul_projected_xy_unconverted
pedestrian_push_button,29-0000000069,02-0000086569,0.0,,,202452.95884,561919.65978,1.0,1,4,seoul_projected_xy_unconverted
pedestrian_push_button,29-0000000870,02-0000080246,90.0,,,207080.7794,552759.61536,1.0,1,2,seoul_projected_xy_unconverted
pedestrian_push_button,29-0000000042,02-0000086590,0.0,,,201657.4364,561978.86894,1.0,1,4,seoul_projected_xy_unconverted
pedestrian_push_button,29-0000000561,02-0000080246,-45.0,,,207080.7794,552759.61536,1.0,1,2,seoul_projected_xy_unconverted
pedestrian_push_button,29-0000001098,02-0000176311,180.0,20130403.0,20130403.0,199380.68614,550021.48372,1.0,1,1,seoul_projected_xy_unconverted
pedestrian_push_button,29-0000000867,02-0000080246,90.0,,,207080.7794,552759.61536,1.0,1,2,seoul_projected_xy_unconverted
pedestrian_push_button,29-0000000868,02-0000080248,90.0,,,207085.85412,552747.7224,1.0,1,2,seoul_projected_xy_unconverted
pedestrian_push_button,29-0000000562,02-0000080248,90.0,,,207085.85412,552747.7224,1.0,1,2,seoul_projected_xy_unconverted
pedestrian_push_button,29-0000000878,02-0000080248,90.0,,,207085.85412,552747.7224,1.0,1,2,seoul_projected_xy_unconverted
pedestrian_push_button,29-0000000562,02-0000080248,90.0,,,207085.85412,552747.7224,1.0,1,1,seoul_projected_xy_unconverted
pedestrian_push_button,29-0000000872,02-0000080249,90.0,,,207085.61014,552735.63637,1.0,1,2,seoul_projected_xy_unconverted
pedestrian_push_button,29-0000000563,02-0000080249,90.0,,,207085.61014,552735.63637,1.0,1,1,seoul_projected_xy_unconverted
pedestrian_push_button,29-0000000879,02-0000080249,90.0,,,207085.61014,552735.63637,1.0,1,2,seoul_projected_xy_unconverted
pedestrian_push_button,29-0000000563,02-0000080249,90.0,,,207085.61014,552735.63637,1.0,1,2,seoul_projected_xy_unconverted
pedestrian_push_button,29-0000000866,02-0000080250,90.0,,,207057.53485,552756.64403,1.0,1,2,seoul_projected_xy_unconverted
pedestrian_push_button,29-0000000560,02-0000080250,90.0,,,207057.53485,552756.64403,1.0,1,1,seoul_projected_xy_unconverted
pedestrian_push_button,29-0000000869,02-0000080250,90.0,,,207057.53485,552756.64403,1.0,1,2,seoul_projected_xy_unconverted
pedestrian_push_button,29-0000000560,02-0000080250,90.0,,,207057.53485,552756.64403,1.0,1,2,seoul_projected_xy_unconverted
pedestrian_push_button,29-0000000582,02-0000081207,90.0,,,208708.48148,556509.76003,1.0,1,1,seoul_projected_xy_unconverted
pedestrian_push_button,29-0000000580,02-0000081325,90.0,,,207190.15356,553544.99241,1.0,1,1,seoul_projected_xy_unconverted
pedestrian_push_button,29-0000000581,02-0000081334,90.0,,,207177.76194,553518.7488,1.0,1,1,seoul_projected_xy_unconverted
pedestrian_push_button,29-0000000123,02-0000081426,90.0,,,207274.11661,553357.99521,1.0,1,1,seoul_projected_xy_unconverted
pedestrian_push_button,29-0000002089,02-0000215130,,20211030.0,20211030.0,,,1.0,2,1,seoul_projected_xy_unconverted
pedestrian_push_button,29-0000000587,02-0000082179,90.0,,,208562.03195,556448.36497,1.0,1,1,seoul_projected_xy_unconverted
pedestrian_push_button,29-0000000394,02-0000082230,90.0,,,205545.30598,557883.07468,1.0,2,1,seoul_projected_xy_unconverted
pedestrian_push_button,29-0000000395,02-0000082269,90.0,,,205561.11888,557900.20454,1.0,2,1,seoul_projected_xy_unconverted
pedestrian_push_button,29-0000000894,02-0000082269,90.0,,,205559.07974,557903.92344,1.0,1,3,seoul_projected_xy_unconverted
pedestrian_push_button,29-0000000485,02-0000082505,90.0,,,201373.19265,557440.11184,1.0,2,1,seoul_projected_xy_unconverted
pedestrian_push_button,29-0000000486,02-0000082506,90.0,,,201381.05692,557438.23435,1.0,2,1,seoul_projected_xy_unconverted
pedestrian_push_button,29-0000000799,02-0000118505,90.0,,,198273.26414,550569.52746,1.0,1,1,seoul_projected_xy_unconverted
pedestrian_push_button,29-0000000334,02-0000118684,90.0,,,191894.92301,544045.4808,1.0,2,1,seoul_projected_xy_unconverted
pedestrian_push_button,29-0000000335,02-0000118685,90.0,,,191914.70648,544041.42025,1.0,2,1,seoul_projected_xy_unconverted
pedestrian_push_button,29-0000000370,02-0000119399,90.0,,,199026.26948,539774.54976,1.0,1,1,seoul_projected_xy_unconverted
pedestrian_push_button,29-0000000371,02-0000119401,90.0,,,199052.3346,539795.57057,1.0,1,1,seoul_projected_xy_unconverted
pedestrian_push_button,29-0000000148,02-0000119473,270.0,20100601.0,,212448.63697,545553.14138,1.0,1,1,seoul_projected_xy_unconverted
pedestrian_push_button,29-0000000147,02-0000119474,90.0,20100601.0,,212430.1432,545570.59651,1.0,1,1,seoul_projected_xy_unconverted
pedestrian_push_button,29-0000000273,02-0000119502,90.0,,,193967.66197,555752.5891,1.0,1,1,seoul_projected_xy_unconverted
pedestrian_push_button,29-0000000100,02-0000119855,0.0,,,196337.41274,543968.84179,1.0,1,4,seoul_projected_xy_unconverted
pedestrian_push_button,29-0000000100,02-0000119855,90.0,,,196339.33323,543964.8828,1.0,1,1,seoul_projected_xy_unconverted
pedestrian_push_button,29-0000000102,02-0000119857,0.0,,,196392.1247,543958.28584,1.0,1,4,seoul_projected_xy_unconverted
pedestrian_push_button,29-0000000102,02-0000119857,90.0,,,196394.04382,543954.20651,1.0,1,1,seoul_projected_xy_unconverted
pedestrian_push_button,29-0000000103,02-0000119858,0.0,,,196396.58998,543940.61601,1.0,1,4,seoul_projected_xy_unconverted
pedestrian_push_button,29-0000000103,02-0000119858,90.0,,,196395.56981,543937.01572,1.0,1,1,seoul_projected_xy_unconverted
pedestrian_push_button,29-0000000606,02-0000120394,90.0,,,206861.93441,550509.99666,1.0,1,1,seoul_projected_xy_unconverted
pedestrian_push_button,29-0000000606,02-0000120394,90.0,,,206861.93441,550509.99666,1.0,1,2,seoul_projected_xy_unconverted
pedestrian_push_button,29-0000000741,02-0000120440,90.0,,,187949.95216,546226.97167,1.0,1,1,seoul_projected_xy_unconverted
pedestrian_push_button,29-0000000740,02-0000120444,90.0,,,187944.85866,546243.80627,1.0,1,1,seoul_projected_xy_unconverted
pedestrian_push_button,29-0000000153,02-0000120662,90.0,,,212861.27294,546905.99506,1.0,1,1,seoul_projected_xy_unconverted
pedestrian_push_button,29-0000000154,02-0000120663,270.0,,,212883.87294,546906.46453,1.0,1,1,seoul_projected_xy_unconverted
pedestrian_push_button,29-0000000451,02-0000124096,90.0,,,201593.2794,557474.66603,1.0,1,1,seoul_projected_xy_unconverted
pedestrian_push_button,29-0000000456,02-0000124107,90.0,,,201494.76173,557396.04286,1.0,2,1,seoul_projected_xy_unconverted
pedestrian_push_button,29-0000000458,02-0000124108,90.0,,,201520.47106,557397.69445,1.0,2,1,seoul_projected_xy_unconverted
pedestrian_push_button,29-0000000455,02-0000124109,90.0,,,201503.37587,557411.66267,1.0,2,1,seoul_projected_xy_unconverted
pedestrian_push_button,29-0000000457,02-0000124110,90.0,,,201513.42039,557412.9965,1.0,2,1,seoul_projected_xy_unconverted
pedestrian_push_button,29-0000000958,02-0000124129,90.0,,,204647.04608,553956.33606,1.0,1,3,seoul_projected_xy_unconverted
pedestrian_push_button,29-0000000648,02-0000124129,90.0,,,204647.04608,553956.33606,1.0,1,1,seoul_projected_xy_unconverted
pedestrian_push_button,29-0000000649,02-0000124130,90.0,,,204626.40596,553939.92995,1.0,1,1,seoul_projected_xy_unconverted
pedestrian_push_button,29-0000000959,02-0000124130,90.0,,,204626.40596,553939.92995,1.0,1,1,seoul_projected_xy_unconverted
pedestrian_push_button,29-0000000101,02-0000126595,90.0,,,196337.76038,543948.3294,1.0,1,1,seoul_projected_xy_unconverted
pedestrian_push_button,29-0000000101,02-0000126595,0.0,,,196341.60026,543952.16885,1.0,1,4,seoul_projected_xy_unconverted
pedestrian_push_button,29-0000000502,02-0000127462,90.0,,,197462.13003,552268.84326,1.0,1,1,seoul_projected_xy_unconverted
pedestrian_push_button,29-0000000196,02-0000006417,270.0,,,194494.77722,550246.18496,1.0,1,1,seoul_projected_xy_unconverted
pedestrian_push_button,29-0000000600,02-0000015679,90.0,,,203160.6282,554120.6496,1.0,1,1,seoul_projected_xy_unconverted
pedestrian_push_button,29-0000000339,02-0000031673,90.0,,,195641.49207,545029.34713,1.0,2,1,seoul_projected_xy_unconverted
pedestrian_push_button,29-0000000151,02-0000035681,90.0,20010101.0,,203005.35429,543693.44638,1.0,1,1,seoul_projected_xy_unconverted
pedestrian_push_button,29-0000000157,02-0000045667,90.0,,,213303.3668,548266.84807,1.0,1,1,seoul_projected_xy_unconverted
pedestrian_push_button,29-0000000053,02-0000158344,90.0,,,202905.40774,561287.49917,1.0,1,1,seoul_projected_xy_unconverted
pedestrian_push_button,29-0000000529,02-0000158610,90.0,,,207333.21019,563634.24332,1.0,1,1,seoul_projected_xy_unconverted
pedestrian_push_button,29-0000000005,02-0000162103,0.0,,,200129.19072,547067.93824,1.0,1,2,seoul_projected_xy_unconverted
pedestrian_push_button,29-0000000012,02-0000162105,0.0,,,190934.63327,549168.58356,1.0,1,2,seoul_projected_xy_unconverted
pedestrian_push_button,29-0000000011,02-0000162105,0.0,,,190934.63327,549168.58356,1.0,1,2,seoul_projected_xy_unconverted
pedestrian_push_button,29-0000000275,02-0000163354,90.0,,,194163.02398,555705.09883,1.0,1,1,seoul_projected_xy_unconverted
pedestrian_push_button,29-0000000778,02-0000167116,0.0,,,199172.29789,551323.86897,1.0,1,1,seoul_projected_xy_unconverted
pedestrian_push_button,29-0000000996,02-0000173383,225.0,,,201363.23166,552983.79133,1.0,1,1,seoul_projected_xy_unconverted
pedestrian_push_button,29-0000000132,02-0000157318,0.0,,,206934.31954,552061.5845,1.0,1,2,seoul_projected_xy_unconverted
pedestrian_push_button,29-0000000916,02-0000170009,0.0,,,208624.99193,556489.70345,1.0,1,1,seoul_projected_xy_unconverted
pedestrian_push_button,29-0000000848,02-0000103150,180.0,,,204176.711,564501.92018,1.0,1,1,seoul_projected_xy_unconverted
pedestrian_push_button,29-0000000873,02-0000080250,90.0,,,207057.53485,552756.64403,1.0,1,2,seoul_projected_xy_unconverted
pedestrian_push_button,29-0000000887,02-0000160968,90.0,,,205760.37938,552356.73518,1.0,1,2,seoul_projected_xy_unconverted
pedestrian_push_button,29-0000000906,02-0000154836,0.0,,,210731.04426,547488.19652,1.0,1,1,seoul_projected_xy_unconverted
pedestrian_push_button,29-0000001021,02-0000062721,315.0,20170520.0,20180810.0,184988.6283,552576.12538,1.0,1,1,seoul_projected_xy_unconverted
pedestrian_push_button,29-0000001015,02-0000000030,315.0,,,197694.00138,550450.82047,1.0,1,1,seoul_projected_xy_unconverted
pedestrian_push_button,29-0000001040,02-0000117327,90.0,,,201594.49009,558600.64063,1.0,1,2,seoul_projected_xy_unconverted
pedestrian_push_button,29-0000001058,02-0000120394,90.0,,,206861.93441,550509.99666,1.0,1,2,seoul_projected_xy_unconverted
pedestrian_push_button,29-0000001064,02-0000050216,90.0,,,206777.83936,550295.15259,1.0,1,2,seoul_projected_xy_unconverted
pedestrian_push_button,29-0000001092,02-0000009634,90.0,,,198742.67717,550794.67193,1.0,1,1,seoul_projected_xy_unconverted
pedestrian_push_button,29-0000001087,02-0000139703,90.0,,,197867.46342,550996.25356,1.0,1,2,seoul_projected_xy_unconverted
pedestrian_push_button,29-0000000950,02-0000079912,90.0,,,206522.05977,554275.64231,1.0,1,1,seoul_projected_xy_unconverted
pedestrian_push_button,29-0000000929,02-0000129123,0.0,,,204960.44412,551607.19086,1.0,1,1,seoul_projected_xy_unconverted
pedestrian_push_button,29-0000000618,02-0000068290,90.0,,,206029.1903,553142.69337,1.0,1,1,seoul_projected_xy_unconverted
pedestrian_push_button,29-0000000647,02-0000068759,90.0,,,205673.63057,552209.97284,1.0,1,1,seoul_projected_xy_unconverted
pedestrian_push_button,29-0000000882,02-0000068832,0.0,,,206370.02929,552852.09732,1.0,1,2,seoul_projected_xy_unconverted
pedestrian_push_button,29-0000000883,02-0000068832,90.0,,,206370.02929,552852.09732,1.0,1,2,seoul_projected_xy_unconverted
pedestrian_push_button,29-0000000652,02-0000068883,90.0,,,206598.27275,552531.27628,1.0,1,1,seoul_projected_xy_unconverted
pedestrian_push_button,29-0000000652,02-0000068883,90.0,,,206598.27275,552531.27628,1.0,1,2,seoul_projected_xy_unconverted
pedestrian_push_button,29-0000000033,02-0000069341,90.0,,,201362.6978,552994.47429,1.0,1,1,seoul_projected_xy_unconverted
pedestrian_push_button,29-0000000033,02-0000069341,0.0,,,201362.6978,552994.47429,1.0,1,4,seoul_projected_xy_unconverted
pedestrian_push_button,29-0000000035,02-0000069350,90.0,,,201378.47348,552795.14348,1.0,1,1,seoul_projected_xy_unconverted
pedestrian_push_button,29-0000000035,02-0000069350,0.0,,,201378.47348,552795.14348,1.0,1,4,seoul_projected_xy_unconverted
pedestrian_push_button,29-0000000035,02-0000069350,90.0,,,201378.47348,552795.14348,1.0,1,2,seoul_projected_xy_unconverted
pedestrian_push_button,29-0000000985,02-0000069350,90.0,,,201378.47348,552795.14348,1.0,1,2,seoul_projected_xy_unconverted
pedestrian_push_button,29-0000000034,02-0000069351,90.0,,,201395.27348,552785.64778,1.0,1,2,seoul_projected_xy_unconverted
pedestrian_push_button,29-0000000034,02-0000069351,90.0,,,201395.27348,552785.64778,1.0,1,1,seoul_projected_xy_unconverted
pedestrian_push_button,29-0000000987,02-0000069351,90.0,,,201395.27348,552785.64778,1.0,1,2,seoul_projected_xy_unconverted
pedestrian_push_button,29-0000000034,02-0000069351,0.0,,,201395.27348,552785.64778,1.0,1,4,seoul_projected_xy_unconverted
pedestrian_push_button,29-0000000981,02-0000069409,90.0,,,201367.81532,553155.4315,1.0,1,3,seoul_projected_xy_unconverted
pedestrian_push_button,29-0000000030,02-0000069409,0.0,,,201367.81532,553155.4315,1.0,1,4,seoul_projected_xy_unconverted
pedestrian_push_button,29-0000000376,02-0000134022,90.0,20201215.0,20201215.0,196695.04222,555384.92962,1.0,1,1,seoul_projected_xy_unconverted
pedestrian_push_button,29-0000001053,02-0000129832,270.0,,,207169.33815,548010.9544,1.0,1,2,seoul_projected_xy_unconverted
pedestrian_push_button,29-0000001056,02-0000129832,0.0,,,207169.33815,548010.9544,1.0,1,2,seoul_projected_xy_unconverted
pedestrian_push_button,29-0000001052,02-0000129839,135.0,,,207165.55729,548025.94491,1.0,1,2,seoul_projected_xy_unconverted
pedestrian_push_button,29-0000001057,02-0000129839,0.0,,,207165.55729,548025.94491,1.0,1,2,seoul_projected_xy_unconverted
pedestrian_push_button,29-0000000881,02-0000130616,90.0,,,206345.52695,552853.59603,1.0,1,2,seoul_projected_xy_unconverted
pedestrian_push_button,29-0000000880,02-0000130616,0.0,,,206345.52695,552853.59603,1.0,1,2,seoul_projected_xy_unconverted
pedestrian_push_button,29-0000000474,02-0000130641,90.0,,,201881.17211,560236.74248,1.0,1,1,seoul_projected_xy_unconverted
pedestrian_push_button,29-0000000473,02-0000130644,90.0,,,201875.84803,560247.63623,1.0,1,1,seoul_projected_xy_unconverted
pedestrian_push_button,29-0000000447,02-0000091196,90.0,,,201527.86478,559722.76499,1.0,1,1,seoul_projected_xy_unconverted
pedestrian_push_button,29-0000000227,02-0000130892,90.0,,,197199.73532,551569.10305,1.0,1,1,seoul_projected_xy_unconverted
pedestrian_push_button,29-0000002016,02-0000183269,180.0,20201215.0,20201215.0,201196.64678,562292.94865,,1,1,seoul_projected_xy_unconverted
pedestrian_push_button,29-0000000552,02-0000132213,90.0,,,206683.65322,556934.23108,1.0,1,1,seoul_projected_xy_unconverted
pedestrian_push_button,29-0000000090,02-0000132245,0.0,,,194862.66296,544580.42,1.0,2,1,seoul_projected_xy_unconverted
pedestrian_push_button,29-0000000094,02-0000132262,0.0,,,195024.44387,544315.84116,1.0,1,1,seoul_projected_xy_unconverted
pedestrian_push_button,29-0000000095,02-0000132265,0.0,,,195012.74963,544325.94379,1.0,1,1,seoul_projected_xy_unconverted
pedestrian_push_button,29-0000000146,02-0000132430,270.0,20011203.0,,206737.12277,544305.41045,1.0,1,1,seoul_projected_xy_unconverted
pedestrian_push_button,29-0000000930,02-0000132507,0.0,,,204984.15316,551586.15136,1.0,1,1,seoul_projected_xy_unconverted
pedestrian_push_button,29-0000000578,02-0000132540,90.0,,,209812.66229,555830.59349,1.0,2,1,seoul_projected_xy_unconverted
pedestrian_push_button,29-0000000579,02-0000132541,90.0,,,209828.90449,555834.84713,1.0,2,1,seoul_projected_xy_unconverted
pedestrian_push_button,29-0000000577,02-0000132543,90.0,,,209724.87489,556004.34796,1.0,2,1,seoul_projected_xy_unconverted
pedestrian_push_button,29-0000000576,02-0000132545,90.0,,,209710.06494,555989.61487,1.0,2,1,seoul_projected_xy_unconverted
pedestrian_push_button,29-0000000642,02-0000132631,90.0,,,205971.46032,555462.50235,1.0,1,1,seoul_projected_xy_unconverted
pedestrian_push_button,29-0000000642,02-0000132631,90.0,,,205971.46032,555462.50235,1.0,1,2,seoul_projected_xy_unconverted
pedestrian_push_button,29-0000002015,02-0000183270,180.0,20201215.0,20201215.0,201216.28777,562302.31361,,1,1,seoul_projected_xy_unconverted
pedestrian_push_button,29-0000000393,02-0000086097,90.0,20161111.0,20201215.0,201190.98079,562411.81574,1.0,1,1,seoul_projected_xy_unconverted
pedestrian_push_button,29-0000000392,02-0000086095,90.0,20201215.0,20201215.0,201171.79378,562404.03014,1.0,1,1,seoul_projected_xy_unconverted
pedestrian_push_button,29-0000001728,02-0000179241,180.0,20130801.0,20201215.0,197552.78005,554293.0037,1.0,1,1,seoul_projected_xy_unconverted
pedestrian_push_button,29-0000001727,02-0000139671,180.0,20130801.0,20201215.0,197564.4068,554302.75389,1.0,1,1,seoul_projected_xy_unconverted
pedestrian_push_button,29-0000000278,02-0000134220,90.0,,,193428.62237,556003.16707,1.0,1,2,seoul_projected_xy_unconverted
pedestrian_push_button,29-0000000823,02-0000134220,90.0,,,193428.62237,556003.16707,1.0,1,2,seoul_projected_xy_unconverted
pedestrian_push_button,29-0000000278,02-0000134220,90.0,,,193428.62237,556003.16707,1.0,1,2,seoul_projected_xy_unconverted
pedestrian_push_button,29-0000000168,02-0000134961,270.0,,,211165.63572,549022.86744,1.0,1,1,seoul_projected_xy_unconverted
pedestrian_push_button,29-0000000167,02-0000134964,90.0,,,211169.5538,549038.87906,1.0,1,1,seoul_projected_xy_unconverted
pedestrian_push_button,29-0000000166,02-0000134971,270.0,,,211063.69451,549055.11564,1.0,1,1,seoul_projected_xy_unconverted
pedestrian_push_button,29-0000000901,02-0000135763,0.0,,,212032.18911,548868.88643,1.0,1,1,seoul_projected_xy_unconverted
pedestrian_push_button,29-0000000547,02-0000135883,90.0,,,200189.33949,555557.29926,1.0,2,1,seoul_projected_xy_unconverted
pedestrian_push_button,29-0000000462,02-0000136550,90.0,,,201719.74739,557792.83614,1.0,1,1,seoul_projected_xy_unconverted
pedestrian_push_button,29-0000000556,02-0000136755,90.0,,,207039.62379,553917.12922,1.0,1,2,seoul_projected_xy_unconverted
pedestrian_push_button,29-0000000862,02-0000136755,90.0,,,207039.62379,553917.12922,1.0,1,2,seoul_projected_xy_unconverted
pedestrian_push_button,29-0000000556,02-0000136755,90.0,,,207039.62379,553917.12922,1.0,1,1,seoul_projected_xy_unconverted
pedestrian_push_button,29-0000000863,02-0000136755,90.0,,,207039.62379,553917.12922,1.0,1,2,seoul_projected_xy_unconverted
pedestrian_push_button,29-0000000557,02-0000136757,90.0,,,207062.173,553910.32527,1.0,1,2,seoul_projected_xy_unconverted
pedestrian_push_button,29-0000000557,02-0000136757,90.0,,,207062.173,553910.32527,1.0,1,1,seoul_projected_xy_unconverted
pedestrian_push_button,29-0000000864,02-0000136757,90.0,,,207062.173,553910.32527,1.0,1,2,seoul_projected_xy_unconverted
pedestrian_push_button,29-0000000865,02-0000136757,90.0,,,207062.173,553910.32527,1.0,1,2,seoul_projected_xy_unconverted
pedestrian_push_button,29-0000000871,02-0000136757,90.0,,,207062.173,553910.32527,1.0,1,2,seoul_projected_xy_unconverted
pedestrian_push_button,29-0000000800,02-0000153777,90.0,,,198258.14849,550577.22746,1.0,1,1,seoul_projected_xy_unconverted
pedestrian_push_button,29-0000000548,02-0000154490,90.0,,,203696.42413,553731.24349,1.0,1,1,seoul_projected_xy_unconverted
pedestrian_push_button,29-0000000907,02-0000154837,0.0,,,210762.25844,547519.03851,1.0,1,1,seoul_projected_xy_unconverted
pedestrian_push_button,29-0000000482,02-0000154992,90.0,,,202999.17394,557123.73538,1.0,1,1,seoul_projected_xy_unconverted
pedestrian_push_button,29-0000000481,02-0000154992,90.0,,,202999.17394,557123.73538,1.0,1,2,seoul_projected_xy_unconverted
pedestrian_push_button,29-0000000481,02-0000154992,90.0,,,202999.17394,557123.73538,1.0,1,2,seoul_projected_xy_unconverted
pedestrian_push_button,29-0000000483,02-0000154993,90.0,,,203009.67394,557128.13539,1.0,1,1,seoul_projected_xy_unconverted
pedestrian_push_button,29-0000001078,02-0000155356,90.0,,,197776.27686,551529.3468,1.0,1,2,seoul_projected_xy_unconverted
pedestrian_push_button,29-0000000300,02-0000155356,90.0,,,197776.27686,551529.3468,1.0,1,4,seoul_projected_xy_unconverted
pedestrian_push_button,29-0000000300,02-0000155356,90.0,,,197776.27686,551529.3468,1.0,1,1,seoul_projected_xy_unconverted
pedestrian_push_button,29-0000000300,02-0000155356,90.0,,,197776.27686,551529.3468,1.0,1,2,seoul_projected_xy_unconverted
pedestrian_push_button,29-0000000655,02-0000155422,90.0,,,206582.60534,552503.27628,1.0,1,2,seoul_projected_xy_unconverted
pedestrian_push_button,29-0000000655,02-0000155422,90.0,,,206582.60534,552503.27628,1.0,1,1,seoul_projected_xy_unconverted
pedestrian_push_button,29-0000000654,02-0000155423,90.0,,,206571.35281,552508.42719,1.0,1,1,seoul_projected_xy_unconverted
pedestrian_push_button,29-0000000143,02-0000155726,0.0,,,206428.88558,544231.67832,1.0,1,4,seoul_projected_xy_unconverted
pedestrian_push_button,29-0000000029,02-0000155728,0.0,,,206418.62643,544227.84522,1.0,1,2,seoul_projected_xy_unconverted
pedestrian_push_button,29-0000000029,02-0000155728,0.0,,,206418.62643,544227.84522,1.0,1,1,seoul_projected_xy_unconverted
pedestrian_push_button,29-0000000500,02-0000155803,90.0,,,197943.69008,556774.90346,1.0,1,1,seoul_projected_xy_unconverted
pedestrian_push_button,29-0000000501,02-0000155804,90.0,,,197949.64493,556756.35843,1.0,1,1,seoul_projected_xy_unconverted
pedestrian_push_button,29-0000000686,02-0000156020,90.0,,,188593.39394,547479.49614,1.0,1,1,seoul_projected_xy_unconverted
pedestrian_push_button,29-0000001020,02-0000156146,45.0,20170520.0,20180810.0,184996.35759,552601.51601,1.0,1,1,seoul_projected_xy_unconverted
pedestrian_push_button,29-0000000085,02-0000156153,0.0,,,203600.98263,563505.78226,1.0,1,4,seoul_projected_xy_unconverted
pedestrian_push_button,29-0000000081,02-0000156154,0.0,,,203627.66893,563522.1971,1.0,1,4,seoul_projected_xy_unconverted
pedestrian_push_button,29-0000000030,02-0000069409,90.0,,,201367.81532,553155.4315,1.0,1,2,seoul_projected_xy_unconverted
pedestrian_push_button,29-0000000031,02-0000069411,0.0,,,201347.58665,553163.29356,1.0,1,4,seoul_projected_xy_unconverted
pedestrian_push_button,29-0000000982,02-0000069411,90.0,,,201347.58665,553163.29356,1.0,1,2,seoul_projected_xy_unconverted
pedestrian_push_button,29-0000000031,02-0000069411,90.0,,,201347.58665,553163.29356,1.0,1,1,seoul_projected_xy_unconverted
pedestrian_push_button,29-0000000031,02-0000069411,90.0,,,201347.58665,553163.29356,1.0,1,2,seoul_projected_xy_unconverted
pedestrian_push_button,29-0000000489,02-0000069490,90.0,,,200285.46449,552650.27381,1.0,1,1,seoul_projected_xy_unconverted
pedestrian_push_button,29-0000000661,02-0000069750,90.0,,,204955.31176,552587.21478,1.0,1,1,seoul_projected_xy_unconverted
pedestrian_push_button,29-0000000874,02-0000069750,90.0,,,204955.31176,552587.21478,1.0,1,2,seoul_projected_xy_unconverted
pedestrian_push_button,29-0000000875,02-0000069750,90.0,,,204955.31176,552587.21478,1.0,1,2,seoul_projected_xy_unconverted
pedestrian_push_button,29-0000000661,02-0000069750,-45.0,,,204955.31176,552587.21478,1.0,1,2,seoul_projected_xy_unconverted
pedestrian_push_button,29-0000000957,02-0000069800,0.0,,,205062.88399,552251.67121,1.0,1,1,seoul_projected_xy_unconverted
pedestrian_push_button,29-0000000954,02-0000070282,0.0,,,204997.76145,551953.68749,1.0,1,1,seoul_projected_xy_unconverted
pedestrian_push_button,29-0000000955,02-0000070288,0.0,,,205019.98012,551954.24614,1.0,1,1,seoul_projected_xy_unconverted
pedestrian_push_button,29-0000000720,02-0000070402,90.0,,,188879.82309,547621.32486,1.0,1,1,seoul_projected_xy_unconverted
pedestrian_push_button,29-0000000721,02-0000070405,90.0,,,188897.75272,547611.7149,1.0,1,1,seoul_projected_xy_unconverted
pedestrian_push_button,29-0000000660,02-0000070523,-45.0,,,204945.33963,552607.95843,1.0,1,2,seoul_projected_xy_unconverted
pedestrian_push_button,29-0000000877,02-0000070523,90.0,,,204945.33963,552607.95843,1.0,1,2,seoul_projected_xy_unconverted
pedestrian_push_button,29-0000000660,02-0000070523,90.0,,,204945.33963,552607.95843,1.0,1,1,seoul_projected_xy_unconverted
pedestrian_push_button,29-0000000876,02-0000070523,90.0,,,204945.33963,552607.95843,1.0,1,2,seoul_projected_xy_unconverted
pedestrian_push_button,29-0000000129,02-0000070813,0.0,,,206862.8577,551849.22284,1.0,1,2,seoul_projected_xy_unconverted
pedestrian_push_button,29-0000000133,02-0000070906,0.0,,,207043.09309,552276.83464,1.0,1,2,seoul_projected_xy_unconverted
pedestrian_push_button,29-0000000134,02-0000070933,0.0,,,207020.45281,552274.44525,1.0,1,2,seoul_projected_xy_unconverted
pedestrian_push_button,29-0000000940,02-0000082559,0.0,,,208847.81284,555337.84665,1.0,1,1,seoul_projected_xy_unconverted
pedestrian_push_button,29-0000000941,02-0000082577,0.0,,,208868.91284,555339.52021,1.0,1,1,seoul_projected_xy_unconverted
pedestrian_push_button,29-0000000927,02-0000082942,90.0,,,207404.40586,553732.11986,1.0,1,1,seoul_projected_xy_unconverted
pedestrian_push_button,29-0000000634,02-0000082942,90.0,,,207404.40586,553732.11986,1.0,1,1,seoul_projected_xy_unconverted
pedestrian_push_button,29-0000000928,02-0000082945,90.0,,,207420.10802,553740.18177,1.0,1,1,seoul_projected_xy_unconverted
pedestrian_push_button,29-0000000635,02-0000082945,90.0,,,207420.10802,553740.18177,1.0,1,1,seoul_projected_xy_unconverted
pedestrian_push_button,29-0000000505,02-0000083392,90.0,,,206241.72426,561441.32864,1.0,2,1,seoul_projected_xy_unconverted
pedestrian_push_button,29-0000000480,02-0000083882,90.0,,,203038.43297,557057.37114,1.0,1,1,seoul_projected_xy_unconverted
pedestrian_push_button,29-0000000508,02-0000084113,90.0,,,202523.49165,557524.15546,1.0,1,1,seoul_projected_xy_unconverted
pedestrian_push_button,29-0000000509,02-0000084122,90.0,,,202523.9035,557505.05546,1.0,1,1,seoul_projected_xy_unconverted
pedestrian_push_button,29-0000000530,02-0000084758,90.0,,,207373.62449,563719.99997,1.0,1,1,seoul_projected_xy_unconverted
pedestrian_push_button,29-0000000420,02-0000085073,90.0,,,206336.40948,561753.54067,1.0,1,1,seoul_projected_xy_unconverted
pedestrian_push_button,29-0000000421,02-0000085075,90.0,,,206355.15742,561747.4677,1.0,2,1,seoul_projected_xy_unconverted
pedestrian_push_button,29-0000000418,02-0000085085,90.0,,,206325.37433,561650.76751,1.0,2,1,seoul_projected_xy_unconverted
pedestrian_push_button,29-0000001643,02-0000091038,0.0,20141001.0,20201215.0,201195.58009,559892.26676,1.0,1,1,seoul_projected_xy_unconverted
pedestrian_push_button,29-0000000540,02-0000085636,90.0,,,206597.51554,561244.43033,1.0,1,1,seoul_projected_xy_unconverted
pedestrian_push_button,29-0000000060,02-0000085923,0.0,,,202447.86041,562347.45347,1.0,1,4,seoul_projected_xy_unconverted
pedestrian_push_button,29-0000000058,02-0000085928,0.0,,,202437.56041,562294.3708,1.0,1,4,seoul_projected_xy_unconverted
pedestrian_push_button,29-0000000063,02-0000085930,90.0,,,202443.67282,562157.74692,1.0,1,1,seoul_projected_xy_unconverted
pedestrian_push_button,29-0000000063,02-0000085930,0.0,,,202445.953,562162.78578,1.0,1,4,seoul_projected_xy_unconverted
pedestrian_push_button,29-0000000068,02-0000086032,0.0,,,202464.63686,561917.13699,1.0,1,4,seoul_projected_xy_unconverted
pedestrian_push_button,29-0000000071,02-0000086036,0.0,,,202470.04578,561782.27896,1.0,1,4,seoul_projected_xy_unconverted
pedestrian_push_button,29-0000000071,02-0000086036,90.0,,,202470.04578,561782.27896,1.0,1,1,seoul_projected_xy_unconverted
pedestrian_push_button,29-0000000454,02-0000218802,90.0,20210816.0,20210816.0,201609.52198,557452.47346,1.0,2,1,seoul_projected_xy_unconverted
pedestrian_push_button,29-0000000453,02-0000124114,90.0,20210816.0,20210816.0,201615.31474,557469.93983,1.0,2,1,seoul_projected_xy_unconverted
pedestrian_push_button,29-0000000039,02-0000086466,180.0,,,201478.60888,561976.92466,1.0,1,4,seoul_projected_xy_unconverted
pedestrian_push_button,29-0000000039,02-0000086466,90.0,,,201478.60888,561976.92466,1.0,1,4,seoul_projected_xy_unconverted
pedestrian_push_button,29-0000000040,02-0000086467,180.0,,,201481.36583,561960.71547,1.0,1,4,seoul_projected_xy_unconverted
pedestrian_push_button,29-0000000079,02-0000116477,90.0,20191115.0,20191115.0,203091.312,562316.09436,1.0,2,1,seoul_projected_xy_unconverted
pedestrian_push_button,29-0000000038,02-0000086471,180.0,,,201363.63463,561998.43135,1.0,1,4,seoul_projected_xy_unconverted
pedestrian_push_button,29-0000000080,02-0000086312,90.0,20191115.0,20191115.0,203069.2508,562320.58327,1.0,2,1,seoul_projected_xy_unconverted
pedestrian_push_button,29-0000000037,02-0000086472,180.0,,,201360.13138,561981.55635,1.0,1,4,seoul_projected_xy_unconverted
pedestrian_push_button,29-0000000070,02-0000086546,0.0,,,202458.99268,561779.87013,1.0,1,4,seoul_projected_xy_unconverted
pedestrian_push_button,29-0000000041,02-0000086591,180.0,,,201664.12147,561963.35644,1.0,1,4,seoul_projected_xy_unconverted
pedestrian_push_button,29-0000000471,02-0000088711,90.0,,,201766.35375,560172.94721,1.0,1,1,seoul_projected_xy_unconverted
pedestrian_push_button,29-0000000472,02-0000088713,90.0,,,201777.05815,560160.40468,1.0,1,1,seoul_projected_xy_unconverted
pedestrian_push_button,29-0000000036,02-0000088750,0.0,,,204509.84832,563485.42568,1.0,1,1,seoul_projected_xy_unconverted
pedestrian_push_button,29-0000000072,02-0000088983,0.0,,,204737.92276,563085.90539,1.0,1,2,seoul_projected_xy_unconverted
pedestrian_push_button,29-0000000072,02-0000088983,0.0,,,204737.92276,563085.90539,1.0,1,2,seoul_projected_xy_unconverted
pedestrian_push_button,29-0000001095,02-0000089323,0.0,,,206988.27557,560953.25328,1.0,1,1,seoul_projected_xy_unconverted
pedestrian_push_button,29-0000000052,02-0000090299,0.0,,,204487.83431,564676.7648,1.0,1,4,seoul_projected_xy_unconverted
pedestrian_push_button,29-0000000052,02-0000090299,90.0,,,204489.63388,564669.44628,1.0,1,1,seoul_projected_xy_unconverted
pedestrian_push_button,29-0000000051,02-0000090301,90.0,,,204461.81367,564676.53584,1.0,1,1,seoul_projected_xy_unconverted
pedestrian_push_button,29-0000000051,02-0000090301,0.0,,,204464.57299,564680.49496,1.0,1,4,seoul_projected_xy_unconverted
pedestrian_push_button,29-0000000439,02-0000090869,90.0,,,202407.55903,557981.09219,1.0,1,1,seoul_projected_xy_unconverted
pedestrian_push_button,29-0000000679,02-0000056975,90.0,,,190525.02499,548762.39788,1.0,1,1,seoul_projected_xy_unconverted
pedestrian_push_button,29-0000000181,02-0000093294,90.0,,,191777.79154,551104.71096,1.0,1,1,seoul_projected_xy_unconverted
pedestrian_push_button,29-0000000182,02-0000093559,270.0,,,191802.09274,551106.61637,1.0,1,1,seoul_projected_xy_unconverted
pedestrian_push_button,29-0000000440,02-0000093609,90.0,,,203315.40326,558087.15509,1.0,2,1,seoul_projected_xy_unconverted
pedestrian_push_button,29-0000000298,02-0000093716,90.0,,,197662.31128,551480.698,1.0,1,1,seoul_projected_xy_unconverted
pedestrian_push_button,29-0000000298,02-0000093716,90.0,,,197662.31128,551480.698,1.0,1,2,seoul_projected_xy_unconverted
pedestrian_push_button,29-0000000208,02-0000093749,270.0,,,192280.98516,550261.5844,1.0,1,1,seoul_projected_xy_unconverted
pedestrian_push_button,29-0000000208,02-0000093749,270.0,,,192280.98516,550261.5844,1.0,1,2,seoul_projected_xy_unconverted
pedestrian_push_button,29-0000000573,02-0000093949,90.0,,,203675.62833,551317.32824,1.0,1,1,seoul_projected_xy_unconverted
pedestrian_push_button,29-0000000752,02-0000094064,90.0,,,184887.88314,544270.98388,1.0,2,1,seoul_projected_xy_unconverted
pedestrian_push_button,29-0000000902,02-0000095584,0.0,,,211973.92671,548723.95688,1.0,1,1,seoul_projected_xy_unconverted
pedestrian_push_button,29-0000000291,02-0000095806,90.0,,,198391.05705,550591.64811,1.0,1,1,seoul_projected_xy_unconverted
pedestrian_push_button,29-0000000913,02-0000095806,90.0,,,198391.05705,550591.64811,1.0,1,1,seoul_projected_xy_unconverted
pedestrian_push_button,29-0000000141,02-0000096816,90.0,,,193770.13658,539919.4208,1.0,2,1,seoul_projected_xy_unconverted
pedestrian_push_button,29-0000000362,02-0000097299,90.0,,,191439.78508,540493.37017,1.0,2,1,seoul_projected_xy_unconverted
pedestrian_push_button,29-0000000348,02-0000097751,90.0,,,193497.01858,545729.55789,1.0,2,1,seoul_projected_xy_unconverted
pedestrian_push_button,29-0000000093,02-0000097922,90.0,,,194949.79756,544505.02932,1.0,1,4,seoul_projected_xy_unconverted
pedestrian_push_button,29-0000000093,02-0000097922,90.0,,,194951.8976,544501.01054,1.0,2,1,seoul_projected_xy_unconverted
pedestrian_push_button,29-0000000093,02-0000097922,0.0,,,194949.79756,544505.02932,1.0,1,4,seoul_projected_xy_unconverted
pedestrian_push_button,29-0000000093,02-0000097922,0.0,,,194949.79756,544505.02932,1.0,1,4,seoul_projected_xy_unconverted
pedestrian_push_button,29-0000000355,02-0000098050,90.0,,,194722.93468,545635.53252,1.0,1,1,seoul_projected_xy_unconverted
pedestrian_push_button,29-0000000145,02-0000098656,90.0,20011203.0,,206732.18862,544339.68143,1.0,1,1,seoul_projected_xy_unconverted
pedestrian_push_button,29-0000000158,02-0000099580,270.0,,,213328.12075,548256.60394,1.0,1,1,seoul_projected_xy_unconverted
pedestrian_push_button,29-0000000551,02-0000099707,90.0,,,205944.02174,548096.76555,1.0,1,1,seoul_projected_xy_unconverted
pedestrian_push_button,29-0000001062,02-0000099909,90.0,,,206973.19764,549579.15807,1.0,1,2,seoul_projected_xy_unconverted
pedestrian_push_button,29-0000000628,02-0000099909,90.0,,,206973.19764,549579.15807,1.0,1,2,seoul_projected_xy_unconverted
pedestrian_push_button,29-0000000628,02-0000099909,90.0,,,206973.19764,549579.15807,1.0,1,1,seoul_projected_xy_unconverted
pedestrian_push_button,29-0000000566,02-0000100103,90.0,,,206651.65675,549973.58599,1.0,1,1,seoul_projected_xy_unconverted
pedestrian_push_button,29-0000000162,02-0000100538,270.0,,,212356.26993,548613.28172,1.0,1,1,seoul_projected_xy_unconverted
pedestrian_push_button,29-0000000621,02-0000101352,90.0,,,207208.17241,551299.5666,1.0,1,1,seoul_projected_xy_unconverted
pedestrian_push_button,29-0000000723,02-0000101502,90.0,,,188895.02391,547577.59426,1.0,1,1,seoul_projected_xy_unconverted
pedestrian_push_button,29-0000000700,02-0000101566,90.0,,,183551.5259,552682.29399,1.0,1,1,seoul_projected_xy_unconverted
pedestrian_push_button,29-0000000962,02-0000101566,90.0,,,183551.46591,552682.234,1.0,1,1,seoul_projected_xy_unconverted
pedestrian_push_button,29-0000000593,02-0000101592,90.0,,,204542.64002,552548.15214,1.0,1,1,seoul_projected_xy_unconverted
pedestrian_push_button,29-0000000599,02-0000101931,90.0,,,203048.07632,554092.10764,1.0,1,1,seoul_projected_xy_unconverted
pedestrian_push_button,29-0000000518,02-0000101951,90.0,,,202351.84407,553475.26992,1.0,1,2,seoul_projected_xy_unconverted
pedestrian_push_button,29-0000001030,02-0000101951,45.0,,,202351.84407,553475.26992,1.0,1,2,seoul_projected_xy_unconverted
pedestrian_push_button,29-0000001046,02-0000101951,0.0,,,202351.84407,553475.26992,1.0,1,2,seoul_projected_xy_unconverted
pedestrian_push_button,29-0000000643,02-0000102159,90.0,,,205992.20356,555473.88491,1.0,1,1,seoul_projected_xy_unconverted
pedestrian_push_button,29-0000001072,02-0000102159,90.0,,,205992.20356,555473.88491,1.0,1,2,seoul_projected_xy_unconverted
pedestrian_push_button,29-0000000643,02-0000102159,90.0,,,205992.20356,555473.88491,1.0,1,2,seoul_projected_xy_unconverted
pedestrian_push_button,29-0000000926,02-0000102168,0.0,,,205221.70666,555007.57823,1.0,1,1,seoul_projected_xy_unconverted
pedestrian_push_button,29-0000000949,02-0000102285,0.0,,,203497.74206,554623.4962,1.0,1,1,seoul_projected_xy_unconverted
pedestrian_push_button,29-0000000945,02-0000102585,0.0,,,208533.46491,554423.02195,1.0,1,1,seoul_projected_xy_unconverted
pedestrian_push_button,29-0000000586,02-0000102759,90.0,,,208545.97092,556459.46634,1.0,1,1,seoul_projected_xy_unconverted
pedestrian_push_button,29-0000000079,02-0000103098,0.0,,,203089.15153,562320.05384,1.0,1,4,seoul_projected_xy_unconverted
pedestrian_push_button,29-0000000446,02-0000091193,90.0,,,201510.2072,559726.90052,1.0,1,1,seoul_projected_xy_unconverted
pedestrian_push_button,29-0000000043,02-0000087342,0.0,20080201.0,,203294.98445,562893.17349,1.0,1,1,seoul_projected_xy_unconverted
pedestrian_push_button,29-0000000044,02-0000087344,0.0,,,203280.86602,562908.5169,1.0,1,1,seoul_projected_xy_unconverted
pedestrian_push_button,29-0000000086,02-0000087388,0.0,,,203756.34146,563513.26083,1.0,1,4,seoul_projected_xy_unconverted
pedestrian_push_button,29-0000000082,02-0000087514,0.0,,,203598.00282,563517.77367,1.0,1,4,seoul_projected_xy_unconverted
pedestrian_push_button,29-0000000087,02-0000087526,0.0,,,203764.48496,563525.17069,1.0,1,4,seoul_projected_xy_unconverted
pedestrian_push_button,29-0000000083,02-0000087545,0.0,,,203636.86106,563510.83126,1.0,1,2,seoul_projected_xy_unconverted
pedestrian_push_button,29-0000000083,02-0000087545,0.0,,,203636.86106,563510.83126,1.0,1,2,seoul_projected_xy_unconverted
pedestrian_push_button,29-0000000411,02-0000087647,90.0,,,203020.7678,560733.01819,1.0,1,1,seoul_projected_xy_unconverted
pedestrian_push_button,29-0000000412,02-0000087654,90.0,,,203042.64725,560735.11891,1.0,1,1,seoul_projected_xy_unconverted
pedestrian_push_button,29-0000000409,02-0000087666,90.0,,,203159.74897,560721.46001,1.0,2,1,seoul_projected_xy_unconverted
pedestrian_push_button,29-0000000450,02-0000087755,90.0,,,202087.63221,560554.99428,1.0,1,1,seoul_projected_xy_unconverted
pedestrian_push_button,29-0000000449,02-0000087756,90.0,,,202064.9055,560560.66705,1.0,1,1,seoul_projected_xy_unconverted
pedestrian_push_button,29-0000000078,02-0000087833,0.0,,,204080.42759,561440.66278,1.0,1,4,seoul_projected_xy_unconverted
pedestrian_push_button,29-0000000077,02-0000087834,0.0,,,204064.10288,561445.5861,1.0,1,4,seoul_projected_xy_unconverted
pedestrian_push_button,29-0000000405,02-0000087911,90.0,,,204658.54607,560926.99589,1.0,1,1,seoul_projected_xy_unconverted
pedestrian_push_button,29-0000000404,02-0000087912,90.0,,,204636.80731,560928.66435,1.0,1,1,seoul_projected_xy_unconverted
pedestrian_push_button,29-0000000407,02-0000087920,90.0,,,204631.95377,561014.36523,1.0,1,1,seoul_projected_xy_unconverted
pedestrian_push_button,29-0000000406,02-0000087923,90.0,,,204612.65584,561008.88461,1.0,1,1,seoul_projected_xy_unconverted
pedestrian_push_button,29-0000000047,02-0000088034,90.0,,,202192.64426,560754.91638,1.0,2,1,seoul_projected_xy_unconverted
pedestrian_push_button,29-0000000047,02-0000088034,0.0,,,202192.64426,560754.91638,1.0,1,4,seoul_projected_xy_unconverted
pedestrian_push_button,29-0000000048,02-0000088036,90.0,,,202209.97575,560742.97472,1.0,1,1,seoul_projected_xy_unconverted
pedestrian_push_button,29-0000000048,02-0000088036,0.0,,,202209.97575,560742.97472,1.0,1,4,seoul_projected_xy_unconverted
pedestrian_push_button,29-0000000049,02-0000088039,0.0,,,202154.57364,560696.85525,1.0,1,4,seoul_projected_xy_unconverted
pedestrian_push_button,29-0000000049,02-0000088039,90.0,,,202155.53303,560693.7354,1.0,1,1,seoul_projected_xy_unconverted
pedestrian_push_button,29-0000000448,02-0000088040,90.0,,,202167.42785,560677.01047,1.0,1,1,seoul_projected_xy_unconverted
pedestrian_push_button,29-0000000050,02-0000088042,0.0,,,202156.78757,560665.80243,1.0,1,2,seoul_projected_xy_unconverted
pedestrian_push_button,29-0000000050,02-0000088042,0.0,,,202156.78757,560665.80243,1.0,1,2,seoul_projected_xy_unconverted
pedestrian_push_button,29-0000000389,02-0000088305,90.0,,,202654.81385,559828.53927,1.0,1,1,seoul_projected_xy_unconverted
pedestrian_push_button,29-0000000521,02-0000088410,90.0,,,203558.02607,559327.73671,1.0,1,1,seoul_projected_xy_unconverted
pedestrian_push_button,29-0000000850,02-0000088440,180.0,,,203072.98328,561284.92992,1.0,1,1,seoul_projected_xy_unconverted
pedestrian_push_button,29-0000000523,02-0000088598,90.0,,,204063.66061,558206.36426,1.0,2,1,seoul_projected_xy_unconverted
pedestrian_push_button,29-0000000435,02-0000088609,90.0,,,203970.04454,558388.62456,1.0,2,1,seoul_projected_xy_unconverted
pedestrian_push_button,29-0000000431,02-0000088618,90.0,,,203960.83988,558403.03333,1.0,2,1,seoul_projected_xy_unconverted
pedestrian_push_button,29-0000000430,02-0000088619,90.0,,,203946.71418,558400.72373,1.0,2,1,seoul_projected_xy_unconverted
pedestrian_push_button,29-0000000432,02-0000088631,90.0,,,203967.46124,558405.62601,1.0,2,1,seoul_projected_xy_unconverted
pedestrian_push_button,29-0000000469,02-0000091268,90.0,,,201133.35547,559705.70507,1.0,1,1,seoul_projected_xy_unconverted
pedestrian_push_button,29-0000000510,02-0000091361,90.0,,,201085.61526,558382.54029,1.0,1,1,seoul_projected_xy_unconverted
pedestrian_push_button,29-0000000511,02-0000091363,90.0,,,201106.00613,558375.58055,1.0,1,1,seoul_projected_xy_unconverted
pedestrian_push_button,29-0000000497,02-0000092032,90.0,,,201609.79009,558608.99776,1.0,1,2,seoul_projected_xy_unconverted
pedestrian_push_button,29-0000001041,02-0000092032,90.0,,,201609.79009,558608.99776,1.0,1,2,seoul_projected_xy_unconverted
pedestrian_push_button,29-0000000497,02-0000092032,90.0,,,201609.79009,558608.99776,1.0,1,1,seoul_projected_xy_unconverted
pedestrian_push_button,29-0000000461,02-0000136941,90.0,,,201715.46375,557813.73036,1.0,1,1,seoul_projected_xy_unconverted
pedestrian_push_button,29-0000000109,02-0000137249,0.0,,,192292.36464,543140.77251,1.0,2,1,seoul_projected_xy_unconverted
pedestrian_push_button,29-0000000375,02-0000137288,90.0,,,197117.4244,556241.05642,1.0,1,1,seoul_projected_xy_unconverted
pedestrian_push_button,29-0000000217,02-0000137395,90.0,,,191427.19475,550229.55792,1.0,1,1,seoul_projected_xy_unconverted
pedestrian_push_button,29-0000000293,02-0000137992,0.0,,,201242.92845,551745.63292,1.0,1,4,seoul_projected_xy_unconverted
pedestrian_push_button,29-0000000057,02-0000138000,0.0,,,201913.0885,562544.76001,1.0,1,1,seoul_projected_xy_unconverted
pedestrian_push_button,29-0000000477,02-0000138026,90.0,,,203016.15806,557073.35932,1.0,1,1,seoul_projected_xy_unconverted
pedestrian_push_button,29-0000000488,02-0000139612,90.0,,,200283.36449,552662.37372,1.0,1,1,seoul_projected_xy_unconverted
pedestrian_push_button,29-0000000792,02-0000139665,90.0,,,194486.37722,550194.4345,1.0,1,2,seoul_projected_xy_unconverted
pedestrian_push_button,29-0000000193,02-0000139665,90.0,,,194486.37722,550194.4345,1.0,1,1,seoul_projected_xy_unconverted
pedestrian_push_button,29-0000000194,02-0000139666,270.0,,,194507.87722,550210.34235,1.0,1,1,seoul_projected_xy_unconverted
pedestrian_push_button,29-0000000791,02-0000139666,270.0,,,194507.87722,550210.34235,1.0,1,2,seoul_projected_xy_unconverted
pedestrian_push_button,29-0000000194,02-0000139666,270.0,,,194507.87722,550210.34235,1.0,1,2,seoul_projected_xy_unconverted
pedestrian_push_button,29-0000001090,02-0000139702,90.0,,,197895.5442,551006.34925,1.0,1,1,seoul_projected_xy_unconverted
pedestrian_push_button,29-0000000296,02-0000139702,90.0,,,197895.90323,551010.66844,1.0,1,2,seoul_projected_xy_unconverted
pedestrian_push_button,29-0000001089,02-0000139702,90.0,,,197895.90323,551010.66844,1.0,1,2,seoul_projected_xy_unconverted
pedestrian_push_button,29-0000000296,02-0000139702,90.0,,,197895.90323,551010.66844,1.0,1,1,seoul_projected_xy_unconverted
pedestrian_push_button,29-0000000295,02-0000139703,90.0,,,197867.46342,550996.25356,1.0,1,2,seoul_projected_xy_unconverted
pedestrian_push_button,29-0000001088,02-0000139703,90.0,,,197867.46342,550996.25356,1.0,1,1,seoul_projected_xy_unconverted
pedestrian_push_button,29-0000000656,02-0000140358,90.0,,,206617.12578,553388.02204,1.0,1,1,seoul_projected_xy_unconverted
pedestrian_push_button,29-0000000935,02-0000140358,90.0,,,206617.12467,553388.02192,1.0,1,1,seoul_projected_xy_unconverted
pedestrian_push_button,29-0000000936,02-0000140359,90.0,,,206617.11272,553358.69275,1.0,1,3,seoul_projected_xy_unconverted
pedestrian_push_button,29-0000000657,02-0000140359,90.0,,,206617.11272,553358.69275,1.0,1,1,seoul_projected_xy_unconverted
pedestrian_push_button,29-0000000287,02-0000140360,90.0,,,192245.03181,554126.54606,1.0,1,1,seoul_projected_xy_unconverted
pedestrian_push_button,29-0000000288,02-0000140361,90.0,,,192271.05681,554126.67735,1.0,1,1,seoul_projected_xy_unconverted
pedestrian_push_button,29-0000000611,02-0000140901,90.0,,,205396.13062,555183.31779,1.0,1,1,seoul_projected_xy_unconverted
pedestrian_push_button,29-0000000947,02-0000140901,90.0,,,205396.13062,555183.31779,1.0,1,1,seoul_projected_xy_unconverted
pedestrian_push_button,29-0000000056,02-0000140926,0.0,,,201919.23181,562558.35986,1.0,1,1,seoul_projected_xy_unconverted
pedestrian_push_button,29-0000000417,02-0000141207,90.0,,,203208.88052,556512.40523,1.0,2,1,seoul_projected_xy_unconverted
pedestrian_push_button,29-0000000416,02-0000141209,90.0,,,203190.77301,556522.64378,1.0,2,1,seoul_projected_xy_unconverted
pedestrian_push_button,29-0000000414,02-0000141210,90.0,,,203187.92163,556531.58974,1.0,2,1,seoul_projected_xy_unconverted
pedestrian_push_button,29-0000000415,02-0000141211,90.0,,,203200.06391,556546.89742,1.0,2,1,seoul_projected_xy_unconverted
pedestrian_push_button,29-0000001025,02-0000142275,315.0,,,188242.67273,546109.58687,1.0,1,1,seoul_projected_xy_unconverted
pedestrian_push_button,29-0000001024,02-0000142277,45.0,,,188253.65646,546113.93987,1.0,1,1,seoul_projected_xy_unconverted
pedestrian_push_button,29-0000000170,02-0000142489,270.0,,,215113.1247,551125.46738,1.0,1,1,seoul_projected_xy_unconverted
pedestrian_push_button,29-0000000170,02-0000142489,270.0,,,215113.1247,551125.46738,1.0,1,2,seoul_projected_xy_unconverted
pedestrian_push_button,29-0000000165,02-0000143853,90.0,,,211069.50209,549073.53943,1.0,1,1,seoul_projected_xy_unconverted
pedestrian_push_button,29-0000000895,02-0000144167,0.0,,,212203.54284,549090.22433,1.0,1,1,seoul_projected_xy_unconverted
pedestrian_push_button,29-0000000858,02-0000144204,180.0,,,205540.04376,559782.40129,1.0,1,1,seoul_projected_xy_unconverted
pedestrian_push_button,29-0000000857,02-0000144205,180.0,,,205547.55746,559763.56078,1.0,1,1,seoul_projected_xy_unconverted
pedestrian_push_button,29-0000001003,02-0000144683,90.0,,,194427.25637,554373.99911,1.0,1,2,seoul_projected_xy_unconverted
pedestrian_push_button,29-0000000232,02-0000144683,90.0,,,194427.25637,554373.99911,1.0,1,1,seoul_projected_xy_unconverted
pedestrian_push_button,29-0000000232,02-0000144683,90.0,,,194427.25637,554373.99911,1.0,1,2,seoul_projected_xy_unconverted
pedestrian_push_button,29-0000000349,02-0000144835,90.0,,,193504.52479,545719.28091,1.0,2,1,seoul_projected_xy_unconverted
pedestrian_push_button,29-0000000350,02-0000144836,90.0,,,193522.78415,545732.97168,1.0,2,1,seoul_projected_xy_unconverted
pedestrian_push_button,29-0000000498,02-0000145547,90.0,,,197879.22576,556740.68681,1.0,1,1,seoul_projected_xy_unconverted
pedestrian_push_button,29-0000000499,02-0000145548,90.0,,,197886.96706,556723.4029,1.0,1,1,seoul_projected_xy_unconverted
pedestrian_push_button,29-0000000546,02-0000145555,90.0,,,200179.0925,555548.46204,1.0,2,1,seoul_projected_xy_unconverted
pedestrian_push_button,29-0000000419,02-0000148054,90.0,,,206346.47112,561659.38322,1.0,1,1,seoul_projected_xy_unconverted
pedestrian_push_button,29-0000000522,02-0000148827,90.0,,,204055.01307,558202.04049,1.0,2,1,seoul_projected_xy_unconverted
pedestrian_push_button,29-0000000475,02-0000149545,90.0,,,202777.06545,557445.83242,1.0,1,1,seoul_projected_xy_unconverted
pedestrian_push_button,29-0000000476,02-0000149547,90.0,,,202777.14419,557424.4311,1.0,1,1,seoul_projected_xy_unconverted
pedestrian_push_button,29-0000000644,02-0000149564,90.0,,,204126.23144,554688.27275,1.0,1,1,seoul_projected_xy_unconverted
pedestrian_push_button,29-0000000644,02-0000149564,90.0,,,204126.23144,554688.27275,1.0,1,2,seoul_projected_xy_unconverted
pedestrian_push_button,29-0000000478,02-0000151221,90.0,,,203027.97415,557084.05248,1.0,1,1,seoul_projected_xy_unconverted
pedestrian_push_button,29-0000000479,02-0000151332,90.0,,,203026.52877,557047.73904,1.0,2,1,seoul_projected_xy_unconverted
pedestrian_push_button,29-0000000761,02-0000151395,90.0,,,184889.78018,544582.81856,1.0,1,1,seoul_projected_xy_unconverted
pedestrian_push_button,29-0000000760,02-0000151396,90.0,,,184873.33701,544574.10403,1.0,1,1,seoul_projected_xy_unconverted
pedestrian_push_button,29-0000000307,02-0000151576,90.0,,,198528.90771,550576.64882,1.0,1,1,seoul_projected_xy_unconverted
pedestrian_push_button,29-0000000308,02-0000151577,90.0,,,198544.91933,550574.86787,1.0,1,1,seoul_projected_xy_unconverted
pedestrian_push_button,29-0000000595,02-0000152394,90.0,,,205996.71892,553919.05617,1.0,1,1,seoul_projected_xy_unconverted
pedestrian_push_button,29-0000000594,02-0000152470,90.0,,,205977.16759,553910.24533,1.0,1,1,seoul_projected_xy_unconverted
pedestrian_push_button,29-0000001999,02-0000197218,180.0,20171229.0,20171229.0,203585.10141,550600.14415,1.0,2,1,seoul_projected_xy_unconverted
pedestrian_push_button,29-0000000801,02-0000153775,90.0,,,198209.26584,550495.25782,1.0,1,1,seoul_projected_xy_unconverted
pedestrian_push_button,29-0000000802,02-0000153776,90.0,,,198190.04852,550494.74791,1.0,1,1,seoul_projected_xy_unconverted
pedestrian_push_button,29-0000000800,02-0000153777,90.0,,,198258.14849,550577.22746,1.0,1,2,seoul_projected_xy_unconverted
pedestrian_push_button,29-0000000908,02-0000047116,0.0,,,214933.75982,550840.16285,1.0,1,1,seoul_projected_xy_unconverted
pedestrian_push_button,29-0000001063,02-0000048258,90.0,,,206957.49764,549558.15806,1.0,1,2,seoul_projected_xy_unconverted
pedestrian_push_button,29-0000000629,02-0000048258,90.0,,,206957.49764,549558.15806,1.0,1,1,seoul_projected_xy_unconverted
pedestrian_push_button,29-0000000629,02-0000048258,90.0,,,206957.49764,549558.15806,1.0,1,2,seoul_projected_xy_unconverted
pedestrian_push_button,29-0000000163,02-0000048523,90.0,,,211847.02472,550599.45989,1.0,2,1,seoul_projected_xy_unconverted
pedestrian_push_button,29-0000000164,02-0000048525,270.0,,,211839.25606,550581.05431,1.0,2,1,seoul_projected_xy_unconverted
pedestrian_push_button,29-0000001032,02-0000049947,90.0,,,204824.98388,550057.48935,1.0,1,2,seoul_projected_xy_unconverted
pedestrian_push_button,29-0000000639,02-0000049947,90.0,,,204824.98388,550057.48935,1.0,1,2,seoul_projected_xy_unconverted
pedestrian_push_button,29-0000000639,02-0000049947,90.0,,,204824.98388,550057.48935,1.0,1,1,seoul_projected_xy_unconverted
pedestrian_push_button,29-0000001033,02-0000049951,90.0,,,204829.48388,550081.80286,1.0,1,2,seoul_projected_xy_unconverted
pedestrian_push_button,29-0000000638,02-0000049951,90.0,,,204829.48388,550081.80286,1.0,1,2,seoul_projected_xy_unconverted
pedestrian_push_button,29-0000000638,02-0000049951,90.0,,,204829.48388,550081.80286,1.0,1,1,seoul_projected_xy_unconverted
pedestrian_push_button,29-0000000605,02-0000050215,90.0,,,206798.63936,550288.5526,1.0,1,2,seoul_projected_xy_unconverted
pedestrian_push_button,29-0000001065,02-0000050215,90.0,,,206798.63936,550288.5526,1.0,1,2,seoul_projected_xy_unconverted
pedestrian_push_button,29-0000000605,02-0000050215,90.0,,,206798.63936,550288.5526,1.0,1,1,seoul_projected_xy_unconverted
pedestrian_push_button,29-0000000604,02-0000050216,90.0,,,206777.83936,550295.15259,1.0,1,2,seoul_projected_xy_unconverted
pedestrian_push_button,29-0000000604,02-0000050216,90.0,,,206777.83936,550295.15259,1.0,1,1,seoul_projected_xy_unconverted
pedestrian_push_button,29-0000000567,02-0000050222,90.0,,,206666.47079,549956.81081,1.0,1,1,seoul_projected_xy_unconverted
pedestrian_push_button,29-0000000258,02-0000050543,90.0,,,197356.22899,549964.61575,1.0,1,1,seoul_projected_xy_unconverted
pedestrian_push_button,29-0000001086,02-0000050543,90.0,,,197356.22899,549964.61575,1.0,1,2,seoul_projected_xy_unconverted
pedestrian_push_button,29-0000000258,02-0000050543,90.0,,,197356.22899,549964.61575,1.0,1,2,seoul_projected_xy_unconverted
pedestrian_push_button,29-0000001998,02-0000197217,180.0,20171229.0,20171229.0,203593.48309,550616.70068,1.0,2,1,seoul_projected_xy_unconverted
pedestrian_push_button,29-0000000781,02-0000052509,90.0,,,211016.46389,547755.18058,1.0,1,1,seoul_projected_xy_unconverted
pedestrian_push_button,29-0000001036,02-0000053351,90.0,,,208218.48536,548901.39959,1.0,1,1,seoul_projected_xy_unconverted
pedestrian_push_button,29-0000001051,02-0000053856,270.0,,,207287.56336,547995.93804,1.0,1,2,seoul_projected_xy_unconverted
pedestrian_push_button,29-0000001055,02-0000053856,0.0,,,207287.56336,547995.93804,1.0,1,2,seoul_projected_xy_unconverted
pedestrian_push_button,29-0000001050,02-0000053860,135.0,,,207285.37372,548010.20053,1.0,1,2,seoul_projected_xy_unconverted
pedestrian_push_button,29-0000001054,02-0000053860,0.0,,,207285.37372,548010.20053,1.0,1,2,seoul_projected_xy_unconverted
pedestrian_push_button,29-0000001034,02-0000054079,90.0,,,207348.12079,548881.9298,1.0,1,2,seoul_projected_xy_unconverted
pedestrian_push_button,29-0000000596,02-0000054079,90.0,,,207348.12079,548881.9298,1.0,1,1,seoul_projected_xy_unconverted
pedestrian_push_button,29-0000000596,02-0000054079,90.0,,,207348.12079,548881.9298,1.0,1,2,seoul_projected_xy_unconverted
pedestrian_push_button,29-0000000558,02-0000054081,90.0,,,207354.35891,548785.53448,1.0,1,1,seoul_projected_xy_unconverted
pedestrian_push_button,29-0000000559,02-0000054090,90.0,,,207377.80952,548788.83654,1.0,1,1,seoul_projected_xy_unconverted
pedestrian_push_button,29-0000000597,02-0000054094,90.0,,,207368.25778,548892.4298,1.0,1,1,seoul_projected_xy_unconverted
pedestrian_push_button,29-0000001035,02-0000054094,90.0,,,207368.25778,548892.4298,1.0,1,2,seoul_projected_xy_unconverted
pedestrian_push_button,29-0000000597,02-0000054094,90.0,,,207368.25778,548892.4298,1.0,1,2,seoul_projected_xy_unconverted
pedestrian_push_button,29-0000000159,02-0000054780,90.0,,,212273.2163,548428.52026,1.0,1,1,seoul_projected_xy_unconverted
pedestrian_push_button,29-0000000161,02-0000054783,90.0,,,212332.88249,548611.73057,1.0,1,1,seoul_projected_xy_unconverted
pedestrian_push_button,29-0000000160,02-0000054817,270.0,,,212303.84424,548419.50583,1.0,1,1,seoul_projected_xy_unconverted
pedestrian_push_button,29-0000000572,02-0000055859,90.0,,,203662.69868,551318.37431,1.0,1,1,seoul_projected_xy_unconverted
pedestrian_push_button,29-0000000247,02-0000056053,90.0,,,196311.56697,549029.929,1.0,1,2,seoul_projected_xy_unconverted
pedestrian_push_button,29-0000000247,02-0000056053,90.0,,,196311.56697,549029.929,1.0,1,2,seoul_projected_xy_unconverted
pedestrian_push_button,29-0000000724,02-0000056081,90.0,,,191190.07055,548079.22794,1.0,1,1,seoul_projected_xy_unconverted
pedestrian_push_button,29-0000000725,02-0000056086,90.0,,,191216.13044,548059.59444,1.0,1,1,seoul_projected_xy_unconverted
pedestrian_push_button,29-0000000732,02-0000056143,90.0,,,187677.05818,546125.76159,1.0,1,1,seoul_projected_xy_unconverted
pedestrian_push_button,29-0000000735,02-0000056164,90.0,,,187813.29193,546167.34943,1.0,1,1,seoul_projected_xy_unconverted
pedestrian_push_button,29-0000000734,02-0000056165,90.0,,,187812.10057,546187.44222,1.0,1,1,seoul_projected_xy_unconverted
pedestrian_push_button,29-0000000747,02-0000056202,90.0,,,187954.70972,548312.89097,1.0,1,1,seoul_projected_xy_unconverted
pedestrian_push_button,29-0000000965,02-0000056202,90.0,,,187956.56977,548310.31193,1.0,1,1,seoul_projected_xy_unconverted
pedestrian_push_button,29-0000000746,02-0000056204,90.0,,,187932.92024,548322.36062,1.0,1,1,seoul_projected_xy_unconverted
pedestrian_push_button,29-0000000964,02-0000056204,90.0,,,187931.89996,548319.24102,1.0,1,1,seoul_projected_xy_unconverted
pedestrian_push_button,29-0000000704,02-0000056485,90.0,,,183785.83664,552189.20048,1.0,1,1,seoul_projected_xy_unconverted
pedestrian_push_button,29-0000001097,02-0000176308,0.0,20130402.0,20130402.0,199378.72148,550026.8378,1.0,1,1,seoul_projected_xy_unconverted
pedestrian_push_button,29-0000000706,02-0000056486,90.0,,,183798.84617,552184.89661,1.0,1,1,seoul_projected_xy_unconverted
pedestrian_push_button,29-0000000705,02-0000056494,90.0,,,183799.37078,552193.10049,1.0,1,1,seoul_projected_xy_unconverted
pedestrian_push_button,29-0000000767,02-0000056495,90.0,,,183820.18686,552396.81623,1.0,1,1,seoul_projected_xy_unconverted
pedestrian_push_button,29-0000000766,02-0000056499,90.0,,,183791.3562,552403.5407,1.0,1,1,seoul_projected_xy_unconverted
pedestrian_push_button,29-0000000245,02-0000056702,90.0,,,196710.89419,548515.29834,1.0,1,1,seoul_projected_xy_unconverted
pedestrian_push_button,29-0000000845,02-0000056702,90.0,,,196710.89419,548515.29834,1.0,1,2,seoul_projected_xy_unconverted
pedestrian_push_button,29-0000000846,02-0000056702,90.0,,,196710.89419,548515.29834,1.0,2,1,seoul_projected_xy_unconverted
pedestrian_push_button,29-0000000245,02-0000056702,90.0,,,196710.89419,548515.29834,1.0,1,2,seoul_projected_xy_unconverted
pedestrian_push_button,29-0000000719,02-0000057302,90.0,,,189673.69461,548556.79451,1.0,1,1,seoul_projected_xy_unconverted
pedestrian_push_button,29-0000000718,02-0000057307,90.0,,,189672.47482,548574.79517,1.0,1,1,seoul_projected_xy_unconverted
pedestrian_push_button,29-0000001074,02-0000057971,180.0,,,202298.54619,551988.97382,1.0,1,2,seoul_projected_xy_unconverted
pedestrian_push_button,29-0000000977,02-0000057971,-45.0,,,202298.54619,551988.97382,1.0,1,2,seoul_projected_xy_unconverted
pedestrian_push_button,29-0000000977,02-0000057971,180.0,,,202298.54619,551988.97382,1.0,1,1,seoul_projected_xy_unconverted
pedestrian_push_button,29-0000000738,02-0000058967,90.0,,,188083.56136,546301.74693,1.0,1,1,seoul_projected_xy_unconverted
pedestrian_push_button,29-0000000575,02-0000059063,90.0,,,203930.24139,550030.66589,1.0,1,1,seoul_projected_xy_unconverted
pedestrian_push_button,29-0000000574,02-0000059067,90.0,,,203895.2766,550023.58413,1.0,1,1,seoul_projected_xy_unconverted
pedestrian_push_button,29-0000000304,02-0000059089,90.0,,,201299.11907,551150.92863,1.0,1,1,seoul_projected_xy_unconverted
pedestrian_push_button,29-0000000304,02-0000059089,90.0,,,201299.11907,551150.92863,1.0,1,2,seoul_projected_xy_unconverted
pedestrian_push_button,29-0000000803,02-0000059089,90.0,,,201299.11907,551150.92863,1.0,1,2,seoul_projected_xy_unconverted
pedestrian_push_button,29-0000000127,02-0000059197,0.0,,,206385.24479,550784.21016,1.0,1,2,seoul_projected_xy_unconverted
pedestrian_push_button,29-0000000125,02-0000059442,0.0,,,206274.66725,550592.64898,1.0,1,2,seoul_projected_xy_unconverted
pedestrian_push_button,29-0000000728,02-0000059473,90.0,,,188549.90187,547763.24844,1.0,1,1,seoul_projected_xy_unconverted
pedestrian_push_button,29-0000000729,02-0000059474,90.0,,,188566.42655,547743.99831,1.0,1,1,seoul_projected_xy_unconverted
pedestrian_push_button,29-0000000301,02-0000059965,90.0,,,201351.57012,551505.89829,1.0,1,1,seoul_projected_xy_unconverted
pedestrian_push_button,29-0000000703,02-0000060282,90.0,,,191585.1794,547885.74372,1.0,1,1,seoul_projected_xy_unconverted
pedestrian_push_button,29-0000000702,02-0000060284,90.0,,,191556.70825,547894.84304,1.0,1,1,seoul_projected_xy_unconverted
pedestrian_push_button,29-0000000730,02-0000060453,90.0,,,191793.58856,547894.72369,1.0,1,1,seoul_projected_xy_unconverted
pedestrian_push_button,29-0000000235,02-0000061217,90.0,,,197413.01348,548838.63164,1.0,1,1,seoul_projected_xy_unconverted
pedestrian_push_button,29-0000000682,02-0000062148,90.0,,,188717.65506,547451.40785,1.0,1,1,seoul_projected_xy_unconverted
pedestrian_push_button,29-0000000683,02-0000062149,90.0,,,188703.55374,547436.08799,1.0,1,1,seoul_projected_xy_unconverted
pedestrian_push_button,29-0000000684,02-0000062169,90.0,,,188662.01276,547464.12754,1.0,1,1,seoul_projected_xy_unconverted
pedestrian_push_button,29-0000000736,02-0000062262,90.0,,,188149.40104,546526.40346,1.0,1,1,seoul_projected_xy_unconverted
pedestrian_push_button,29-0000000737,02-0000062263,90.0,,,188169.23974,546511.93764,1.0,1,1,seoul_projected_xy_unconverted
pedestrian_push_button,29-0000001061,02-0000063453,90.0,,,206956.17204,550672.2352,1.0,1,2,seoul_projected_xy_unconverted
pedestrian_push_button,29-0000000608,02-0000063453,90.0,,,206956.17204,550672.2352,1.0,1,2,seoul_projected_xy_unconverted
pedestrian_push_button,29-0000000608,02-0000063453,90.0,,,206956.17204,550672.2352,1.0,1,1,seoul_projected_xy_unconverted
pedestrian_push_button,29-0000000607,02-0000063455,90.0,,,206936.35888,550680.41384,1.0,1,1,seoul_projected_xy_unconverted
pedestrian_push_button,29-0000001060,02-0000063455,90.0,,,206936.35888,550680.41384,1.0,1,2,seoul_projected_xy_unconverted
pedestrian_push_button,29-0000000607,02-0000063455,90.0,,,206936.35888,550680.41384,1.0,1,2,seoul_projected_xy_unconverted
pedestrian_push_button,29-0000000715,02-0000063503,90.0,,,183801.94063,551467.44491,1.0,1,1,seoul_projected_xy_unconverted
pedestrian_push_button,29-0000000714,02-0000063505,90.0,,,183772.7444,551478.89731,1.0,1,1,seoul_projected_xy_unconverted
pedestrian_push_button,29-0000000688,02-0000063513,90.0,,,183521.12614,551317.40885,1.0,1,1,seoul_projected_xy_unconverted
pedestrian_push_button,29-0000000689,02-0000063515,90.0,,,183525.41352,551282.36926,1.0,1,1,seoul_projected_xy_unconverted
pedestrian_push_button,29-0000000666,02-0000064786,90.0,,,187086.42426,546554.01043,1.0,1,1,seoul_projected_xy_unconverted
pedestrian_push_button,29-0000000664,02-0000064787,90.0,,,187068.64105,546519.95466,1.0,1,1,seoul_projected_xy_unconverted
pedestrian_push_button,29-0000000665,02-0000064788,90.0,,,187090.14105,546534.65466,1.0,1,1,seoul_projected_xy_unconverted
pedestrian_push_button,29-0000000667,02-0000064792,90.0,,,187102.15984,546542.90513,1.0,1,1,seoul_projected_xy_unconverted
pedestrian_push_button,29-0000000622,02-0000064854,90.0,,,207226.25903,551295.74732,1.0,1,2,seoul_projected_xy_unconverted
pedestrian_push_button,29-0000000622,02-0000064854,90.0,,,207226.25903,551295.74732,1.0,1,2,seoul_projected_xy_unconverted
pedestrian_push_button,29-0000000692,02-0000065825,90.0,,,186692.24581,551762.88803,1.0,1,1,seoul_projected_xy_unconverted
pedestrian_push_button,29-0000000748,02-0000067109,90.0,,,187948.20496,549048.20745,1.0,1,1,seoul_projected_xy_unconverted
pedestrian_push_button,29-0000000749,02-0000067110,90.0,,,187970.56049,549049.14854,1.0,1,1,seoul_projected_xy_unconverted
pedestrian_push_button,29-0000000745,02-0000067133,90.0,,,187954.30021,548717.43675,1.0,1,1,seoul_projected_xy_unconverted
pedestrian_push_button,29-0000000967,02-0000067133,90.0,,,187954.30048,548717.4375,1.0,1,1,seoul_projected_xy_unconverted
pedestrian_push_button,29-0000000966,02-0000067135,90.0,,,187931.12982,548716.71659,1.0,1,3,seoul_projected_xy_unconverted
pedestrian_push_button,29-0000000744,02-0000067135,90.0,,,187931.12982,548716.71659,1.0,1,1,seoul_projected_xy_unconverted
pedestrian_push_button,29-0000000701,02-0000067434,90.0,,,183558.63468,552665.45376,1.0,1,1,seoul_projected_xy_unconverted
pedestrian_push_button,29-0000000963,02-0000067434,90.0,,,183558.75466,552665.63373,1.0,1,1,seoul_projected_xy_unconverted
pedestrian_push_button,29-0000000592,02-0000067763,90.0,,,204517.05268,552557.57916,1.0,1,1,seoul_projected_xy_unconverted
pedestrian_push_button,29-0000000938,02-0000067991,90.0,,,204158.23045,552615.36248,1.0,1,3,seoul_projected_xy_unconverted
pedestrian_push_button,29-0000000663,02-0000067991,90.0,,,204158.23045,552615.36248,1.0,1,1,seoul_projected_xy_unconverted
pedestrian_push_button,29-0000000662,02-0000067992,90.0,,,204141.96319,552607.72869,1.0,1,1,seoul_projected_xy_unconverted
pedestrian_push_button,29-0000000939,02-0000067992,90.0,,,204141.96319,552607.72869,1.0,1,3,seoul_projected_xy_unconverted
pedestrian_push_button,29-0000000615,02-0000068005,90.0,,,204122.5308,552842.82824,1.0,1,1,seoul_projected_xy_unconverted
pedestrian_push_button,29-0000000743,02-0000068023,90.0,,,188393.7049,546814.26872,1.0,1,1,seoul_projected_xy_unconverted
pedestrian_push_button,29-0000000630,02-0000068216,90.0,,,204589.7579,552151.3441,1.0,1,1,seoul_projected_xy_unconverted
pedestrian_push_button,29-0000000632,02-0000068223,90.0,,,204501.88865,552281.10177,1.0,1,1,seoul_projected_xy_unconverted
pedestrian_push_button,29-0000000633,02-0000068224,90.0,,,204490.42312,552264.05533,1.0,1,1,seoul_projected_xy_unconverted
pedestrian_push_button,29-0000000617,02-0000068286,90.0,,,206004.77372,553136.38429,1.0,1,1,seoul_projected_xy_unconverted
pedestrian_push_button,29-0000000237,02-0000117852,90.0,,,197253.29087,550488.07444,1.0,1,2,seoul_projected_xy_unconverted
pedestrian_push_button,29-0000001010,02-0000117852,90.0,,,197253.29087,550488.07444,1.0,1,2,seoul_projected_xy_unconverted
pedestrian_push_button,29-0000000237,02-0000117852,90.0,,,197253.29087,550488.07444,1.0,1,1,seoul_projected_xy_unconverted
pedestrian_push_button,29-0000000345,02-0000117897,90.0,,,194709.30808,545383.82284,1.0,1,1,seoul_projected_xy_unconverted
pedestrian_push_button,29-0000000344,02-0000117899,90.0,,,194692.461,545397.93756,1.0,1,1,seoul_projected_xy_unconverted
pedestrian_push_button,29-0000000206,02-0000118174,270.0,,,192317.51446,550112.31238,1.0,1,2,seoul_projected_xy_unconverted
pedestrian_push_button,29-0000000206,02-0000118174,270.0,,,192317.51446,550112.31238,1.0,1,1,seoul_projected_xy_unconverted
pedestrian_push_button,29-0000001275,02-0000122915,180.0,,,191584.48581,547978.90458,1.0,1,1,seoul_projected_xy_unconverted
pedestrian_push_button,29-0000001360,02-0000178334,180.0,20140214.0,20140214.0,197334.33327,554602.91787,1.0,2,1,seoul_projected_xy_unconverted
pedestrian_push_button,29-0000001428,02-0000161078,180.0,20150312.0,20150312.0,188027.18512,546448.05425,1.0,1,1,seoul_projected_xy_unconverted
pedestrian_push_button,29-0000001453,02-0000107617,0.0,20131201.0,,190150.07639,539777.85829,1.0,1,1,seoul_projected_xy_unconverted
pedestrian_push_button,29-0000001464,02-0000165413,0.0,,,198844.87896,541978.97328,1.0,1,1,seoul_projected_xy_unconverted
pedestrian_push_button,29-0000001495,02-0000099575,180.0,,,214187.61946,550716.64598,1.0,1,1,seoul_projected_xy_unconverted
pedestrian_push_button,29-0000001498,02-0000171613,180.0,,,215101.13852,551087.7215,1.0,1,1,seoul_projected_xy_unconverted
pedestrian_push_button,29-0000001520,02-0000171691,180.0,20090401.0,,207543.84895,540251.17497,1.0,2,1,seoul_projected_xy_unconverted
pedestrian_push_button,29-0000001537,02-0000180426,180.0,,,207016.83963,543788.61626,1.0,1,6,seoul_projected_xy_unconverted
pedestrian_push_button,29-0000001344,02-0000039058,0.0,,,205454.61846,545784.59654,1.0,1,1,seoul_projected_xy_unconverted
pedestrian_push_button,29-0000001345,02-0000110502,180.0,20130801.0,,212722.79152,543636.5293,1.0,1,1,seoul_projected_xy_unconverted
pedestrian_push_button,29-0000001346,02-0000016400,180.0,20130801.0,,212743.03054,543620.12962,1.0,1,1,seoul_projected_xy_unconverted
pedestrian_push_button,29-0000001490,02-0000111378,180.0,,,210794.04841,547885.05073,1.0,1,1,seoul_projected_xy_unconverted
pedestrian_push_button,29-0000001501,02-0000053388,180.0,,,212282.02862,549059.96543,1.0,1,1,seoul_projected_xy_unconverted
pedestrian_push_button,29-0000001532,02-0000180005,180.0,20130501.0,,204800.4254,540048.1399,1.0,2,1,seoul_projected_xy_unconverted
pedestrian_push_button,29-0000001535,02-0000176645,180.0,20130101.0,20130101.0,184874.24017,544577.68298,1.0,2,1,seoul_projected_xy_unconverted
pedestrian_push_button,29-0000001546,02-0000143826,180.0,20080101.0,,184983.38014,544007.32175,1.0,1,1,seoul_projected_xy_unconverted
pedestrian_push_button,29-0000001551,02-0000180530,180.0,20100101.0,,189573.15004,553499.89517,1.0,2,1,seoul_projected_xy_unconverted
pedestrian_push_button,29-0000001561,02-0000144525,180.0,20131023.0,,193896.278,552298.59251,1.0,1,1,seoul_projected_xy_unconverted
pedestrian_push_button,29-0000002006,02-0000031413,180.0,20160620.0,20160620.0,204541.59807,539308.26847,1.0,2,1,seoul_projected_xy_unconverted
pedestrian_push_button,29-0000001627,02-0000169497,180.0,20140811.0,,206720.50563,556803.97568,1.0,1,1,seoul_projected_xy_unconverted
pedestrian_push_button,29-0000001645,02-0000161655,0.0,20141102.0,,201794.9707,557303.68313,1.0,2,1,seoul_projected_xy_unconverted
pedestrian_push_button,29-0000001653,02-0000157700,0.0,20090101.0,,202915.75034,557696.7533,1.0,2,1,seoul_projected_xy_unconverted
pedestrian_push_button,29-0000001668,02-0000115866,0.0,20090101.0,,205799.34539,558595.9142,1.0,1,1,seoul_projected_xy_unconverted
pedestrian_push_button,29-0000001143,02-0000033025,180.0,20180930.0,20180930.0,201545.7567,544822.35275,1.0,2,1,seoul_projected_xy_unconverted
pedestrian_push_button,29-0000001680,02-0000155829,0.0,20100625.0,,201197.91593,561901.87126,1.0,1,1,seoul_projected_xy_unconverted
pedestrian_push_button,29-0000001681,02-0000155828,0.0,20100625.0,,201175.49667,561912.90186,1.0,1,1,seoul_projected_xy_unconverted
pedestrian_push_button,29-0000001144,02-0000098147,180.0,20180930.0,20180930.0,201561.13093,544824.81045,1.0,2,1,seoul_projected_xy_unconverted
pedestrian_push_button,29-0000001114,02-0000057404,180.0,20130723.0,20130723.0,190055.51016,548221.87215,1.0,1,1,seoul_projected_xy_unconverted
pedestrian_push_button,29-0000001128,02-0000176747,180.0,20130806.0,20130806.0,188589.803,545048.61131,1.0,2,1,seoul_projected_xy_unconverted
pedestrian_push_button,29-0000001479,02-0000038808,180.0,,,205139.61454,545673.71875,1.0,1,1,seoul_projected_xy_unconverted
pedestrian_push_button,29-0000001503,02-0000053392,180.0,,,212263.01189,549070.08119,1.0,1,1,seoul_projected_xy_unconverted
pedestrian_push_button,29-0000001505,02-0000053376,180.0,,,212277.52939,549088.0106,1.0,1,1,seoul_projected_xy_unconverted
pedestrian_push_button,29-0000001513,02-0000143813,180.0,20130501.0,,207881.54959,542747.83098,1.0,1,1,seoul_projected_xy_unconverted
pedestrian_push_button,29-0000001517,02-0000169510,180.0,20100601.0,,213059.0899,547529.52941,1.0,1,1,seoul_projected_xy_unconverted
pedestrian_push_button,29-0000001508,02-0000180399,180.0,20150223.0,20150223.0,196022.71709,547560.26474,1.0,1,6,seoul_projected_xy_unconverted
pedestrian_push_button,29-0000001437,02-0000180270,180.0,,,192441.35024,556241.65119,1.0,2,1,seoul_projected_xy_unconverted
pedestrian_push_button,29-0000001471,02-0000158394,180.0,20150206.0,20150206.0,195717.06969,555121.93824,1.0,1,6,seoul_projected_xy_unconverted
pedestrian_push_button,29-0000001573,02-0000177186,180.0,20140202.0,,191819.7672,552883.43562,1.0,1,1,seoul_projected_xy_unconverted
pedestrian_push_button,29-0000001586,02-0000010466,180.0,20110102.0,,198283.52931,550638.5263,1.0,1,1,seoul_projected_xy_unconverted
pedestrian_push_button,29-0000001591,02-0000015696,180.0,20130410.0,,209019.53127,549318.85838,1.0,1,1,seoul_projected_xy_unconverted
pedestrian_push_button,29-0000001599,02-0000135910,180.0,20131213.0,,202270.0027,552779.8672,1.0,1,1,seoul_projected_xy_unconverted
pedestrian_push_button,29-0000001600,02-0000117867,180.0,20131213.0,,202249.77306,552765.42093,1.0,1,1,seoul_projected_xy_unconverted
pedestrian_push_button,29-0000001605,02-0000135951,180.0,20130410.0,,202649.68299,551746.38941,1.0,1,1,seoul_projected_xy_unconverted
pedestrian_push_button,29-0000001336,02-0000075893,180.0,20140619.0,20140619.0,201032.91808,554364.63512,1.0,1,1,seoul_projected_xy_unconverted
pedestrian_push_button,29-0000001279,02-0000062903,180.0,20140516.0,20140516.0,188519.32356,547460.57315,1.0,1,1,seoul_projected_xy_unconverted
pedestrian_push_button,29-0000001281,02-0000142866,180.0,20140516.0,20140516.0,188528.51323,547492.86634,1.0,1,1,seoul_projected_xy_unconverted
pedestrian_push_button,29-0000001379,02-0000097545,180.0,20150202.0,20150202.0,186834.48067,544890.66599,1.0,1,6,seoul_projected_xy_unconverted
pedestrian_push_button,29-0000001483,02-0000109277,180.0,,,203674.86721,546290.63759,1.0,1,1,seoul_projected_xy_unconverted
pedestrian_push_button,29-0000000468,02-0000117204,90.0,20170714.0,20201215.0,201173.5695,559774.05803,1.0,1,1,seoul_projected_xy_unconverted
pedestrian_push_button,29-0000001642,02-0000091040,0.0,20141001.0,20201215.0,201209.24086,559907.52663,1.0,1,1,seoul_projected_xy_unconverted
pedestrian_push_button,29-0000000914,02-0000010467,90.0,,,198394.56458,550575.99643,1.0,1,1,seoul_projected_xy_unconverted
pedestrian_push_button,29-0000000292,02-0000010467,90.0,,,198394.56458,550575.99643,1.0,1,1,seoul_projected_xy_unconverted
pedestrian_push_button,29-0000000795,02-0000010574,90.0,,,199335.8776,549245.3654,1.0,2,1,seoul_projected_xy_unconverted
pedestrian_push_button,29-0000000226,02-0000011688,270.0,,,189744.67177,552928.02108,1.0,1,1,seoul_projected_xy_unconverted
pedestrian_push_button,29-0000000225,02-0000011691,90.0,,,189715.06874,552912.31315,1.0,1,1,seoul_projected_xy_unconverted
pedestrian_push_button,29-0000000467,02-0000091214,90.0,20201215.0,20201215.0,201158.90765,559783.17646,1.0,1,1,seoul_projected_xy_unconverted
pedestrian_push_button,29-0000000428,02-0000156258,90.0,20201215.0,20201215.0,202809.86293,558128.87582,1.0,1,1,seoul_projected_xy_unconverted
pedestrian_push_button,29-0000000429,02-0000156259,90.0,20201215.0,20201215.0,202818.26336,558144.33535,1.0,1,1,seoul_projected_xy_unconverted
pedestrian_push_button,29-0000000241,02-0000010457,90.0,,,197257.73709,550371.34722,1.0,1,2,seoul_projected_xy_unconverted
pedestrian_push_button,29-0000000653,02-0000012416,90.0,,,206587.00534,552505.53571,1.0,1,1,seoul_projected_xy_unconverted
pedestrian_push_button,29-0000000426,02-0000156256,90.0,20201215.0,20201215.0,202797.96248,558146.35719,1.0,1,1,seoul_projected_xy_unconverted
pedestrian_push_button,29-0000001029,02-0000013388,90.0,,,199758.30856,553561.31667,1.0,1,2,seoul_projected_xy_unconverted
pedestrian_push_button,29-0000000495,02-0000013388,90.0,,,199758.30856,553561.31667,1.0,1,1,seoul_projected_xy_unconverted
pedestrian_push_button,29-0000000495,02-0000013388,90.0,,,199758.30856,553561.31667,1.0,1,2,seoul_projected_xy_unconverted
pedestrian_push_button,29-0000000494,02-0000013389,90.0,,,199740.0085,553577.50582,1.0,1,2,seoul_projected_xy_unconverted
pedestrian_push_button,29-0000001028,02-0000013389,90.0,,,199740.0085,553577.50582,1.0,1,2,seoul_projected_xy_unconverted
pedestrian_push_button,29-0000000494,02-0000013389,90.0,,,199740.0085,553577.50582,1.0,1,1,seoul_projected_xy_unconverted
pedestrian_push_button,29-0000000209,02-0000014385,90.0,,,192227.70637,550373.69624,1.0,1,1,seoul_projected_xy_unconverted
pedestrian_push_button,29-0000000207,02-0000014388,90.0,,,192257.35115,550254.45537,1.0,1,2,seoul_projected_xy_unconverted
pedestrian_push_button,29-0000000207,02-0000014388,90.0,,,192257.35115,550254.45537,1.0,1,1,seoul_projected_xy_unconverted
pedestrian_push_button,29-0000000128,02-0000015183,0.0,,,206359.61169,550784.60242,1.0,1,2,seoul_projected_xy_unconverted
pedestrian_push_button,29-0000000491,02-0000015335,90.0,20190614.0,20190614.0,197537.46769,556423.85015,1.0,1,1,seoul_projected_xy_unconverted
pedestrian_push_button,29-0000000650,02-0000015418,90.0,,,207302.33801,549539.66351,1.0,1,1,seoul_projected_xy_unconverted
pedestrian_push_button,29-0000000427,02-0000156257,90.0,20201215.0,20201215.0,202808.32195,558157.87614,1.0,1,1,seoul_projected_xy_unconverted
pedestrian_push_button,29-0000002064,02-0000203143,,20191210.0,20201215.0,,,1.0,1,1,seoul_projected_xy_unconverted
pedestrian_push_button,29-0000000675,02-0000016177,90.0,,,184332.94863,552632.47818,1.0,1,1,seoul_projected_xy_unconverted
pedestrian_push_button,29-0000000320,02-0000016200,90.0,,,197565.71281,542725.70856,1.0,1,1,seoul_projected_xy_unconverted
pedestrian_push_button,29-0000000319,02-0000016201,90.0,,,197574.87087,542741.08115,1.0,1,1,seoul_projected_xy_unconverted
pedestrian_push_button,29-0000000691,02-0000016664,90.0,,,186783.06654,551903.37492,1.0,1,1,seoul_projected_xy_unconverted
pedestrian_push_button,29-0000000690,02-0000016666,90.0,,,186768.94444,551909.09365,1.0,1,1,seoul_projected_xy_unconverted
pedestrian_push_button,29-0000000693,02-0000016670,90.0,,,186703.15003,551754.40596,1.0,1,1,seoul_projected_xy_unconverted
pedestrian_push_button,29-0000000346,02-0000017848,90.0,,,196990.20436,542436.58016,1.0,2,1,seoul_projected_xy_unconverted
pedestrian_push_button,29-0000000347,02-0000017854,90.0,,,196996.9682,542428.51905,1.0,2,1,seoul_projected_xy_unconverted
pedestrian_push_button,29-0000000142,02-0000020944,270.0,,,193789.06431,539913.16347,1.0,1,1,seoul_projected_xy_unconverted
pedestrian_push_button,29-0000000106,02-0000021733,90.0,,,192145.74735,543093.60585,1.0,2,1,seoul_projected_xy_unconverted
pedestrian_push_button,29-0000000106,02-0000021733,0.0,,,192147.00651,543097.8649,1.0,1,4,seoul_projected_xy_unconverted
pedestrian_push_button,29-0000000110,02-0000021740,0.0,,,192266.13733,543143.67898,1.0,1,2,seoul_projected_xy_unconverted
pedestrian_push_button,29-0000000110,02-0000021740,0.0,,,192266.13733,543143.67898,1.0,1,1,seoul_projected_xy_unconverted
pedestrian_push_button,29-0000000312,02-0000021747,90.0,,,192039.04446,543072.6657,1.0,2,1,seoul_projected_xy_unconverted
pedestrian_push_button,29-0000000311,02-0000021748,90.0,,,192035.22387,543091.70493,1.0,2,1,seoul_projected_xy_unconverted
pedestrian_push_button,29-0000000470,02-0000103497,90.0,,,201151.10899,559709.81791,1.0,1,1,seoul_projected_xy_unconverted
pedestrian_push_button,29-0000001019,02-0000103781,225.0,,,197824.63077,550429.08921,1.0,1,1,seoul_projected_xy_unconverted
pedestrian_push_button,29-0000001004,02-0000104084,45.0,,,194238.92966,554114.62064,1.0,1,1,seoul_projected_xy_unconverted
pedestrian_push_button,29-0000000305,02-0000105159,90.0,,,198731.60533,550801.25954,1.0,1,1,seoul_projected_xy_unconverted
pedestrian_push_button,29-0000000297,02-0000105207,90.0,,,197664.01128,551505.3754,1.0,1,2,seoul_projected_xy_unconverted
pedestrian_push_button,29-0000000297,02-0000105207,90.0,,,197664.01128,551505.3754,1.0,1,1,seoul_projected_xy_unconverted
pedestrian_push_button,29-0000001076,02-0000105207,90.0,,,197664.01128,551505.3754,1.0,1,2,seoul_projected_xy_unconverted
pedestrian_push_button,29-0000000321,02-0000106925,90.0,,,192143.52586,543076.42631,1.0,2,1,seoul_projected_xy_unconverted
pedestrian_push_button,29-0000000315,02-0000106940,90.0,,,191916.32058,543137.7845,1.0,2,1,seoul_projected_xy_unconverted
pedestrian_push_button,29-0000000676,02-0000107482,90.0,,,185819.1357,544168.2553,1.0,1,1,seoul_projected_xy_unconverted
pedestrian_push_button,29-0000000367,02-0000107640,90.0,,,191351.67226,540697.74688,1.0,1,1,seoul_projected_xy_unconverted
pedestrian_push_button,29-0000000105,02-0000107946,90.0,,,191815.25297,543191.60274,1.0,2,1,seoul_projected_xy_unconverted
pedestrian_push_button,29-0000000105,02-0000107946,0.0,,,191813.8739,543196.58202,1.0,1,4,seoul_projected_xy_unconverted
pedestrian_push_button,29-0000000098,02-0000108032,90.0,,,196146.36519,543983.83016,1.0,1,1,seoul_projected_xy_unconverted
pedestrian_push_button,29-0000000098,02-0000108032,0.0,,,196145.16616,543987.79022,1.0,1,4,seoul_projected_xy_unconverted
pedestrian_push_button,29-0000000837,02-0000108467,180.0,,,202839.99275,541229.53161,1.0,2,1,seoul_projected_xy_unconverted
pedestrian_push_button,29-0000000989,02-0000108843,0.0,,,201448.06914,547062.18545,1.0,2,1,seoul_projected_xy_unconverted
pedestrian_push_button,29-0000000373,02-0000108843,90.0,,,201464.86577,547051.98767,1.0,1,1,seoul_projected_xy_unconverted
pedestrian_push_button,29-0000000373,02-0000108843,90.0,,,201464.86577,547051.98767,1.0,1,2,seoul_projected_xy_unconverted
pedestrian_push_button,29-0000000257,02-0000111225,90.0,,,197335.45487,549952.61997,1.0,1,2,seoul_projected_xy_unconverted
pedestrian_push_button,29-0000001085,02-0000111225,90.0,,,197335.45487,549952.61997,1.0,1,2,seoul_projected_xy_unconverted
pedestrian_push_button,29-0000000257,02-0000111225,90.0,,,197335.45487,549952.61997,1.0,1,1,seoul_projected_xy_unconverted
pedestrian_push_button,29-0000000239,02-0000111502,90.0,,,197250.83206,550608.87197,1.0,1,1,seoul_projected_xy_unconverted
pedestrian_push_button,29-0000000239,02-0000111502,90.0,,,197250.83206,550608.87197,1.0,1,2,seoul_projected_xy_unconverted
pedestrian_push_button,29-0000001008,02-0000111502,90.0,,,197250.83206,550608.87197,1.0,1,2,seoul_projected_xy_unconverted
pedestrian_push_button,29-0000000248,02-0000112033,90.0,,,196312.85375,549003.75468,1.0,1,2,seoul_projected_xy_unconverted
pedestrian_push_button,29-0000000248,02-0000112033,90.0,,,196312.85375,549003.75468,1.0,1,1,seoul_projected_xy_unconverted
pedestrian_push_button,29-0000000976,02-0000112311,0.0,,,202300.69887,552003.18337,1.0,1,2,seoul_projected_xy_unconverted
pedestrian_push_button,29-0000000976,02-0000112311,0.0,,,202300.69887,552003.18337,1.0,1,1,seoul_projected_xy_unconverted
pedestrian_push_button,29-0000001073,02-0000112311,0.0,,,202300.69887,552003.18337,1.0,1,2,seoul_projected_xy_unconverted
pedestrian_push_button,29-0000000126,02-0000112436,0.0,,,206299.32765,550592.6494,1.0,1,2,seoul_projected_xy_unconverted
pedestrian_push_button,29-0000000302,02-0000112601,90.0,,,201369.43392,551487.34836,1.0,1,1,seoul_projected_xy_unconverted
pedestrian_push_button,29-0000000731,02-0000112674,90.0,,,191812.34875,547907.86153,1.0,1,1,seoul_projected_xy_unconverted
pedestrian_push_button,29-0000000685,02-0000112919,90.0,,,188664.50046,547441.94823,1.0,1,1,seoul_projected_xy_unconverted
pedestrian_push_button,29-0000000616,02-0000113771,90.0,,,204144.73823,552830.43849,1.0,1,1,seoul_projected_xy_unconverted
pedestrian_push_button,29-0000000032,02-0000113974,90.0,,,201381.59876,552989.80723,1.0,1,2,seoul_projected_xy_unconverted
pedestrian_push_button,29-0000000032,02-0000113974,0.0,,,201381.59876,552989.80723,1.0,1,4,seoul_projected_xy_unconverted
pedestrian_push_button,29-0000000032,02-0000113974,90.0,,,201381.59876,552989.80723,1.0,1,1,seoul_projected_xy_unconverted
pedestrian_push_button,29-0000000722,02-0000114129,90.0,,,188905.53242,547608.17587,1.0,1,1,seoul_projected_xy_unconverted
pedestrian_push_button,29-0000000130,02-0000114191,0.0,,,206837.43599,551846.3862,1.0,1,2,seoul_projected_xy_unconverted
pedestrian_push_button,29-0000000444,02-0000115373,90.0,,,201904.69822,557555.69544,1.0,1,1,seoul_projected_xy_unconverted
pedestrian_push_button,29-0000000553,02-0000115492,90.0,,,206698.49691,556939.64702,1.0,1,1,seoul_projected_xy_unconverted
pedestrian_push_button,29-0000000888,02-0000115492,90.0,,,206698.49691,556939.64702,1.0,1,1,seoul_projected_xy_unconverted
pedestrian_push_button,29-0000000124,02-0000115764,270.0,,,207295.62666,553339.6515,1.0,1,1,seoul_projected_xy_unconverted
pedestrian_push_button,29-0000000484,02-0000115921,90.0,,,201357.0648,557434.50843,1.0,2,1,seoul_projected_xy_unconverted
pedestrian_push_button,29-0000000504,02-0000116048,90.0,,,206225.83075,561451.86807,1.0,2,1,seoul_projected_xy_unconverted
pedestrian_push_button,29-0000000533,02-0000116220,90.0,,,207256.32967,563523.23992,1.0,1,1,seoul_projected_xy_unconverted
pedestrian_push_button,29-0000000531,02-0000116248,90.0,,,207390.93901,563715.53636,1.0,1,1,seoul_projected_xy_unconverted
pedestrian_push_button,29-0000001791,02-0000142488,180.0,,,192868.9979,540638.10651,1.0,2,1,seoul_projected_xy_unconverted
pedestrian_push_button,29-0000000413,02-0000116675,90.0,,,203042.4879,560718.84765,1.0,1,1,seoul_projected_xy_unconverted
pedestrian_push_button,29-0000000861,02-0000116791,180.0,,,203073.47819,561299.67332,1.0,1,1,seoul_projected_xy_unconverted
pedestrian_push_button,29-0000000849,02-0000116791,180.0,,,203076.11786,561304.59294,1.0,1,2,seoul_projected_xy_unconverted
pedestrian_push_button,29-0000000055,02-0000116791,0.0,,,203076.11786,561304.59294,1.0,1,2,seoul_projected_xy_unconverted
pedestrian_push_button,29-0000000433,02-0000116817,90.0,,,203974.27756,558393.0638,1.0,2,1,seoul_projected_xy_unconverted
pedestrian_push_button,29-0000000434,02-0000116818,90.0,,,203962.85515,558376.12421,1.0,2,1,seoul_projected_xy_unconverted
pedestrian_push_button,29-0000001096,02-0000116922,0.0,,,206993.77952,560936.52921,1.0,1,1,seoul_projected_xy_unconverted
pedestrian_push_button,29-0000001449,02-0000142573,180.0,,,192886.88982,540627.18464,1.0,2,1,seoul_projected_xy_unconverted
pedestrian_push_button,29-0000000496,02-0000117327,90.0,,,201594.49009,558600.64063,1.0,1,2,seoul_projected_xy_unconverted
pedestrian_push_button,29-0000002014,02-0000196245,180.0,,,195770.56735,541139.51335,1.0,2,1,seoul_projected_xy_unconverted
pedestrian_push_button,29-0000000585,02-0000117583,90.0,,,208638.5387,556476.22493,1.0,1,1,seoul_projected_xy_unconverted
pedestrian_push_button,29-0000001018,02-0000000026,45.0,,,197837.08988,550445.74572,1.0,1,1,seoul_projected_xy_unconverted
pedestrian_push_button,29-0000001017,02-0000000027,180.0,,,197738.33937,550440.30166,1.0,1,1,seoul_projected_xy_unconverted
pedestrian_push_button,29-0000001016,02-0000000031,90.0,,,197733.48583,550467.63633,1.0,1,1,seoul_projected_xy_unconverted
pedestrian_push_button,29-0000001009,02-0000000080,90.0,,,197276.63168,550608.24656,1.0,1,2,seoul_projected_xy_unconverted
pedestrian_push_button,29-0000000240,02-0000000080,90.0,,,197276.63168,550608.24656,1.0,1,2,seoul_projected_xy_unconverted
pedestrian_push_button,29-0000000240,02-0000000080,90.0,,,197276.63168,550608.24656,1.0,1,1,seoul_projected_xy_unconverted
pedestrian_push_button,29-0000001006,02-0000173626,90.0,20161218.0,20161218.0,193343.58186,552807.31997,1.0,1,1,seoul_projected_xy_unconverted
pedestrian_push_button,29-0000000261,02-0000000546,90.0,,,198611.48111,549862.59929,1.0,1,4,seoul_projected_xy_unconverted
pedestrian_push_button,29-0000000276,02-0000008091,90.0,20151210.0,20161226.0,194163.93882,555727.83023,1.0,1,1,seoul_projected_xy_unconverted
pedestrian_push_button,29-0000000490,02-0000000549,90.0,20190614.0,20190614.0,197531.67306,556445.34145,1.0,1,1,seoul_projected_xy_unconverted
pedestrian_push_button,29-0000000180,02-0000001342,270.0,,,196512.64804,550029.73923,1.0,1,2,seoul_projected_xy_unconverted
pedestrian_push_button,29-0000000807,02-0000001342,270.0,,,196512.64804,550029.73923,1.0,1,2,seoul_projected_xy_unconverted
pedestrian_push_button,29-0000000821,02-0000001342,270.0,,,196512.64804,550029.73923,1.0,1,2,seoul_projected_xy_unconverted
pedestrian_push_button,29-0000000180,02-0000001342,270.0,,,196512.64804,550029.73923,1.0,1,1,seoul_projected_xy_unconverted
pedestrian_push_button,29-0000000179,02-0000001343,90.0,,,196487.77371,550032.15462,1.0,1,1,seoul_projected_xy_unconverted
pedestrian_push_button,29-0000000822,02-0000001343,90.0,,,196487.77371,550032.15462,1.0,1,2,seoul_projected_xy_unconverted
pedestrian_push_button,29-0000000808,02-0000001343,90.0,,,196487.77371,550032.15462,1.0,1,2,seoul_projected_xy_unconverted
pedestrian_push_button,29-0000000179,02-0000001343,90.0,,,196487.77371,550032.15462,1.0,1,2,seoul_projected_xy_unconverted
pedestrian_push_button,29-0000000231,02-0000002130,90.0,,,194410.03571,554397.48204,1.0,1,1,seoul_projected_xy_unconverted
pedestrian_push_button,29-0000000231,02-0000002130,-45.0,,,194410.03571,554397.48204,1.0,1,2,seoul_projected_xy_unconverted
pedestrian_push_button,29-0000001002,02-0000002130,90.0,,,194410.03571,554397.48204,1.0,1,2,seoul_projected_xy_unconverted
pedestrian_push_button,29-0000001908,02-0000002897,180.0,20160804.0,20160804.0,197202.04567,551557.02744,1.0,1,1,seoul_projected_xy_unconverted
pedestrian_push_button,29-0000001907,02-0000015229,180.0,20161004.0,20161004.0,201402.50671,551114.76685,1.0,2,1,seoul_projected_xy_unconverted
pedestrian_push_button,29-0000000228,02-0000002898,270.0,,,197230.1894,551577.09942,1.0,1,1,seoul_projected_xy_unconverted
pedestrian_push_button,29-0000000264,02-0000002965,90.0,,,199581.77912,549165.25811,1.0,2,1,seoul_projected_xy_unconverted
pedestrian_push_button,29-0000001917,02-0000040286,180.0,,,204306.26606,546881.8996,,1,1,seoul_projected_xy_unconverted
pedestrian_push_button,29-0000000186,02-0000004727,270.0,,,195044.84224,549710.73907,1.0,1,1,seoul_projected_xy_unconverted
pedestrian_push_button,29-0000000185,02-0000004729,90.0,,,195047.71799,549733.9832,1.0,1,1,seoul_projected_xy_unconverted
pedestrian_push_button,29-0000000229,02-0000004734,90.0,,,196775.63604,551339.23694,1.0,1,2,seoul_projected_xy_unconverted
pedestrian_push_button,29-0000000229,02-0000004734,90.0,,,196775.63604,551339.23694,1.0,1,1,seoul_projected_xy_unconverted
pedestrian_push_button,29-0000000830,02-0000004734,90.0,,,196775.63604,551339.23694,1.0,1,2,seoul_projected_xy_unconverted
pedestrian_push_button,29-0000000230,02-0000004735,270.0,,,196805.54755,551324.07184,1.0,1,1,seoul_projected_xy_unconverted
pedestrian_push_button,29-0000000230,02-0000004735,270.0,,,196805.54755,551324.07184,1.0,1,2,seoul_projected_xy_unconverted
pedestrian_push_button,29-0000000829,02-0000004735,270.0,,,196805.54755,551324.07184,1.0,1,2,seoul_projected_xy_unconverted
pedestrian_push_button,29-0000000187,02-0000005231,90.0,,,191816.35952,551637.15021,1.0,1,1,seoul_projected_xy_unconverted
pedestrian_push_button,29-0000002098,02-0000089664,,20211028.0,20211028.0,,,1.0,1,1,seoul_projected_xy_unconverted
pedestrian_push_button,29-0000001302,02-0000147916,180.0,20201115.0,20201115.0,204062.22805,561046.6303,1.0,1,1,seoul_projected_xy_unconverted
pedestrian_push_button,29-0000001301,02-0000147915,180.0,20201115.0,20201115.0,204066.35234,561068.25658,1.0,1,1,seoul_projected_xy_unconverted
pedestrian_push_button,29-0000001918,02-0000098958,180.0,,,204326.45634,546896.94576,,1,1,seoul_projected_xy_unconverted
pedestrian_push_button,29-0000000218,02-0000005269,270.0,,,191438.15786,550218.29298,1.0,1,1,seoul_projected_xy_unconverted
pedestrian_push_button,29-0000001924,02-0000130000,180.0,,,203144.28289,548896.91911,1.0,2,1,seoul_projected_xy_unconverted
pedestrian_push_button,29-0000002121,02-0000220518,,20220722.0,20220722.0,,,1.0,1,1,seoul_projected_xy_unconverted
pedestrian_push_button,29-0000002120,02-0000209808,,20220722.0,20220722.0,,,1.0,1,1,seoul_projected_xy_unconverted
pedestrian_push_button,29-0000002097,02-0000219353,,20211028.0,20211028.0,,,1.0,1,1,seoul_projected_xy_unconverted
pedestrian_push_button,29-0000000188,02-0000005296,270.0,,,191833.93597,551618.18719,1.0,1,1,seoul_projected_xy_unconverted
pedestrian_push_button,29-0000002096,02-0000219352,,20211028.0,20211028.0,,,1.0,1,1,seoul_projected_xy_unconverted
pedestrian_push_button,29-0000002095,02-0000219350,,20211028.0,20211028.0,,,1.0,1,1,seoul_projected_xy_unconverted
pedestrian_push_button,29-0000001932,02-0000027463,180.0,,,188264.07311,545668.30093,,1,1,seoul_projected_xy_unconverted
pedestrian_push_button,29-0000000210,02-0000006223,270.0,,,192254.08683,550370.04624,1.0,1,1,seoul_projected_xy_unconverted
pedestrian_push_button,29-0000000789,02-0000006417,270.0,,,194494.77722,550246.18496,1.0,1,2,seoul_projected_xy_unconverted
pedestrian_push_button,29-0000000196,02-0000006417,270.0,,,194494.77722,550246.18496,1.0,1,2,seoul_projected_xy_unconverted
pedestrian_push_button,29-0000000277,02-0000006646,90.0,,,193408.72237,555989.76193,1.0,1,2,seoul_projected_xy_unconverted
pedestrian_push_button,29-0000000277,02-0000006646,90.0,,,193408.72237,555989.76193,1.0,1,2,seoul_projected_xy_unconverted
pedestrian_push_button,29-0000000824,02-0000006646,90.0,,,193408.72237,555989.76193,1.0,1,2,seoul_projected_xy_unconverted
pedestrian_push_button,29-0000002127,02-0000220944,,20221201.0,20221201.0,,,1.0,2,1,seoul_projected_xy_unconverted
pedestrian_push_button,29-0000000713,02-0000007406,90.0,,,183806.38361,551759.99394,1.0,1,1,seoul_projected_xy_unconverted
pedestrian_push_button,29-0000000712,02-0000007487,90.0,,,183778.17628,551770.96455,1.0,1,1,seoul_projected_xy_unconverted
pedestrian_push_button,29-0000000899,02-0000007572,0.0,,,212046.24919,548853.45945,1.0,1,1,seoul_projected_xy_unconverted
pedestrian_push_button,29-0000000904,02-0000007648,0.0,,,211997.80342,548734.12989,1.0,1,1,seoul_projected_xy_unconverted
pedestrian_push_button,29-0000000905,02-0000007654,0.0,,,211984.01222,548741.10905,1.0,1,1,seoul_projected_xy_unconverted
pedestrian_push_button,29-0000000903,02-0000007908,0.0,,,211992.96894,548720.29116,1.0,1,1,seoul_projected_xy_unconverted
pedestrian_push_button,29-0000000274,02-0000008088,90.0,,,193973.62719,555727.72056,1.0,1,1,seoul_projected_xy_unconverted
pedestrian_push_button,29-0000000271,02-0000008230,90.0,,,192326.08544,554888.94715,1.0,1,1,seoul_projected_xy_unconverted
pedestrian_push_button,29-0000000272,02-0000008231,90.0,,,192318.24734,554868.17147,1.0,1,1,seoul_projected_xy_unconverted
pedestrian_push_button,29-0000000282,02-0000008496,90.0,,,192573.36128,554637.34798,1.0,1,1,seoul_projected_xy_unconverted
pedestrian_push_button,29-0000000282,02-0000008496,90.0,,,192573.36128,554637.34798,1.0,1,2,seoul_projected_xy_unconverted
pedestrian_push_button,29-0000000281,02-0000008497,90.0,,,192568.05532,554617.35099,1.0,1,2,seoul_projected_xy_unconverted
pedestrian_push_button,29-0000000281,02-0000008497,90.0,,,192568.05532,554617.35099,1.0,1,1,seoul_projected_xy_unconverted
pedestrian_push_button,29-0000000285,02-0000008527,-45.0,,,191872.90165,553667.30585,1.0,1,2,seoul_projected_xy_unconverted
pedestrian_push_button,29-0000000285,02-0000008527,90.0,,,191872.90165,553667.30585,1.0,1,1,seoul_projected_xy_unconverted
pedestrian_push_button,29-0000000787,02-0000008527,90.0,,,191872.90165,553667.30585,1.0,1,2,seoul_projected_xy_unconverted
pedestrian_push_button,29-0000000286,02-0000008534,90.0,,,191885.12434,553646.05958,1.0,1,1,seoul_projected_xy_unconverted
pedestrian_push_button,29-0000000788,02-0000008534,90.0,,,191885.12434,553646.05958,1.0,1,2,seoul_projected_xy_unconverted
pedestrian_push_button,29-0000000286,02-0000008534,90.0,,,191885.12434,553646.05958,1.0,1,2,seoul_projected_xy_unconverted
pedestrian_push_button,29-0000000238,02-0000009435,90.0,,,197275.79087,550495.9631,1.0,1,2,seoul_projected_xy_unconverted
pedestrian_push_button,29-0000001011,02-0000009435,90.0,,,197275.79087,550495.9631,1.0,1,2,seoul_projected_xy_unconverted
pedestrian_push_button,29-0000000238,02-0000009435,90.0,,,197275.79087,550495.9631,1.0,1,1,seoul_projected_xy_unconverted
pedestrian_push_button,29-0000000797,02-0000009457,90.0,,,198343.99826,550312.77733,1.0,1,1,seoul_projected_xy_unconverted
pedestrian_push_button,29-0000000798,02-0000009459,90.0,,,198338.41799,550290.01064,1.0,1,1,seoul_projected_xy_unconverted
pedestrian_push_button,29-0000000306,02-0000009634,90.0,,,198745.34696,550798.57143,1.0,1,1,seoul_projected_xy_unconverted
pedestrian_push_button,29-0000000306,02-0000009634,90.0,,,198745.34696,550798.57143,1.0,1,2,seoul_projected_xy_unconverted
pedestrian_push_button,29-0000000299,02-0000009968,90.0,,,197771.58102,551551.62788,1.0,1,2,seoul_projected_xy_unconverted
pedestrian_push_button,29-0000001077,02-0000009968,90.0,,,197771.58102,551551.62788,1.0,1,2,seoul_projected_xy_unconverted
pedestrian_push_button,29-0000000299,02-0000009968,90.0,,,197771.58102,551551.62788,1.0,1,1,seoul_projected_xy_unconverted
pedestrian_push_button,29-0000000374,02-0000010162,90.0,,,197112.4244,556260.75642,1.0,1,1,seoul_projected_xy_unconverted
pedestrian_push_button,29-0000000242,02-0000010456,90.0,,,197281.35506,550369.32023,1.0,1,1,seoul_projected_xy_unconverted
pedestrian_push_button,29-0000001013,02-0000010456,90.0,,,197281.35506,550369.32023,1.0,1,2,seoul_projected_xy_unconverted
pedestrian_push_button,29-0000000242,02-0000010456,90.0,,,197281.35506,550369.32023,1.0,1,2,seoul_projected_xy_unconverted
pedestrian_push_button,29-0000001012,02-0000010457,90.0,,,197257.73709,550371.34722,1.0,1,2,seoul_projected_xy_unconverted
pedestrian_push_button,29-0000000241,02-0000010457,90.0,,,197257.73709,550371.34722,1.0,1,1,seoul_projected_xy_unconverted
pedestrian_push_button,29-0000000909,02-0000046278,0.0,,,214929.32808,550856.63189,1.0,1,1,seoul_projected_xy_unconverted
pedestrian_push_button,29-0000000550,02-0000046786,90.0,,,205922.63917,548113.47455,1.0,1,1,seoul_projected_xy_unconverted
pedestrian_push_button,29-0000001589,02-0000050702,0.0,,,209114.15748,549380.6215,,1,1,seoul_projected_xy_unconverted
pedestrian_push_button,29-0000001593,02-0000050702,180.0,20130410.0,,209101.43967,549379.72166,1.0,1,1,seoul_projected_xy_unconverted
pedestrian_push_button,29-0000001594,02-0000050881,0.0,20140615.0,,205621.62972,548575.07074,1.0,1,1,seoul_projected_xy_unconverted
pedestrian_push_button,29-0000001595,02-0000050881,180.0,20140615.0,,205613.5761,548556.08214,1.0,1,1,seoul_projected_xy_unconverted
pedestrian_push_button,29-0000001601,02-0000015208,180.0,20100618.0,,206378.23452,552968.73157,1.0,1,1,seoul_projected_xy_unconverted
pedestrian_push_button,29-0000001611,02-0000180591,180.0,20140430.0,,205290.27486,548426.3957,1.0,1,1,seoul_projected_xy_unconverted
pedestrian_push_button,29-0000001612,02-0000173516,180.0,20130430.0,,202195.78797,550440.40101,1.0,2,1,seoul_projected_xy_unconverted
pedestrian_push_button,29-0000001628,02-0000180598,180.0,20130830.0,,207951.79375,556068.43381,1.0,2,1,seoul_projected_xy_unconverted
pedestrian_push_button,29-0000001641,02-0000091367,0.0,20100625.0,,201128.99717,558235.90396,1.0,2,1,seoul_projected_xy_unconverted
pedestrian_push_button,29-0000001644,02-0000161658,0.0,20141102.0,,201775.47967,557294.71561,1.0,2,1,seoul_projected_xy_unconverted
pedestrian_push_button,29-0000001655,02-0000157707,0.0,20090101.0,,202673.97506,558352.2427,1.0,2,1,seoul_projected_xy_unconverted
pedestrian_push_button,29-0000001656,02-0000088625,0.0,20090101.0,,203893.99638,558681.26733,1.0,2,1,seoul_projected_xy_unconverted
pedestrian_push_button,29-0000001665,02-0000158702,0.0,20090101.0,,200574.18451,560667.1806,1.0,2,1,seoul_projected_xy_unconverted
pedestrian_push_button,29-0000001670,02-0000089990,0.0,20090101.0,,205872.7615,562913.21755,1.0,2,1,seoul_projected_xy_unconverted
pedestrian_push_button,29-0000001677,02-0000157956,0.0,20120101.0,,205225.25167,562783.91542,1.0,2,1,seoul_projected_xy_unconverted
pedestrian_push_button,29-0000001678,02-0000085626,0.0,20090501.0,,206777.16963,563080.69232,1.0,1,1,seoul_projected_xy_unconverted
pedestrian_push_button,29-0000001100,02-0000176322,180.0,20130401.0,20130401.0,199375.692,550028.72748,1.0,1,1,seoul_projected_xy_unconverted
pedestrian_push_button,29-0000001134,02-0000140377,180.0,20130825.0,,186405.98685,545675.78089,1.0,1,6,seoul_projected_xy_unconverted
pedestrian_push_button,29-0000001120,02-0000034605,180.0,20130725.0,,189876.2835,548871.59972,1.0,1,6,seoul_projected_xy_unconverted
pedestrian_push_button,29-0000000279,02-0000134211,90.0,20140205.0,20140205.0,193303.93805,556128.10573,1.0,1,1,seoul_projected_xy_unconverted
pedestrian_push_button,29-0000000202,02-0000013744,270.0,20130716.0,20130716.0,190729.94785,551905.677,1.0,2,1,seoul_projected_xy_unconverted
pedestrian_push_button,29-0000001323,02-0000167743,180.0,,,192284.00294,549583.16915,1.0,1,1,seoul_projected_xy_unconverted
pedestrian_push_button,29-0000001356,02-0000172835,180.0,20140814.0,20140814.0,209962.76771,549503.67908,1.0,2,1,seoul_projected_xy_unconverted
pedestrian_push_button,29-0000001422,02-0000119384,180.0,20150312.0,20150312.0,192238.94694,546876.21183,1.0,1,1,seoul_projected_xy_unconverted
pedestrian_push_button,29-0000001442,02-0000172547,180.0,,,193774.21963,539902.17002,1.0,2,1,seoul_projected_xy_unconverted
pedestrian_push_button,29-0000001440,02-0000161640,180.0,,,196328.39262,541398.85998,1.0,2,1,seoul_projected_xy_unconverted
pedestrian_push_button,29-0000001482,02-0000037440,180.0,,,203699.70294,546288.87539,1.0,1,1,seoul_projected_xy_unconverted
pedestrian_push_button,29-0000001485,02-0000180356,180.0,,,203075.49722,548370.28848,1.0,2,1,seoul_projected_xy_unconverted
pedestrian_push_button,29-0000001567,02-0000003302,180.0,20110601.0,,193430.42629,553718.58754,1.0,1,1,seoul_projected_xy_unconverted
pedestrian_push_button,29-0000001613,02-0000056476,180.0,20130430.0,,202182.17407,550424.22817,1.0,2,1,seoul_projected_xy_unconverted
pedestrian_push_button,29-0000001632,02-0000082632,180.0,20130830.0,,208076.63977,556146.87313,1.0,2,1,seoul_projected_xy_unconverted
pedestrian_push_button,29-0000001634,02-0000118703,180.0,20120601.0,,188214.15607,552963.25751,1.0,1,1,seoul_projected_xy_unconverted
pedestrian_push_button,29-0000001639,02-0000161661,0.0,20100625.0,,201653.62752,557410.71783,1.0,2,1,seoul_projected_xy_unconverted
pedestrian_push_button,29-0000001640,02-0000091337,0.0,20100625.0,,201144.72196,558246.8099,1.0,2,1,seoul_projected_xy_unconverted
pedestrian_push_button,29-0000001163,02-0000157837,0.0,20131209.0,20131209.0,198493.64878,552281.63231,1.0,1,1,seoul_projected_xy_unconverted
pedestrian_push_button,29-0000001178,02-0000160713,180.0,,,194645.44971,544960.02718,1.0,1,1,seoul_projected_xy_unconverted
pedestrian_push_button,29-0000001272,02-0000060364,180.0,,,191860.45707,547673.00597,1.0,2,1,seoul_projected_xy_unconverted
pedestrian_push_button,29-0000001342,02-0000098960,180.0,,,204257.67442,546994.04655,1.0,1,1,seoul_projected_xy_unconverted
pedestrian_push_button,29-0000001438,02-0000180272,180.0,,,196115.81732,549583.15228,1.0,1,1,seoul_projected_xy_unconverted
pedestrian_push_button,29-0000000200,02-0000156607,270.0,,,196120.3203,549557.77289,1.0,1,6,seoul_projected_xy_unconverted
pedestrian_push_button,29-0000000199,02-0000156605,90.0,,,196105.11302,549575.97029,1.0,1,6,seoul_projected_xy_unconverted
pedestrian_push_button,29-0000001435,02-0000002139,180.0,,,194262.63309,554111.48805,1.0,1,1,seoul_projected_xy_unconverted
pedestrian_push_button,29-0000001005,02-0000002139,45.0,,,194260.27099,554118.63995,1.0,1,6,seoul_projected_xy_unconverted
pedestrian_push_button,29-0000001434,02-0000180264,180.0,,,201114.16097,548708.3903,1.0,2,1,seoul_projected_xy_unconverted
pedestrian_push_button,29-0000000809,02-0000051423,0.0,,,201114.09911,548705.9251,1.0,1,6,seoul_projected_xy_unconverted
pedestrian_push_button,29-0000000810,02-0000050932,0.0,,,201096.45839,548698.76571,1.0,1,6,seoul_projected_xy_unconverted
pedestrian_push_button,29-0000001547,02-0000172667,0.0,20100625.0,,188703.58373,547628.6286,1.0,1,1,seoul_projected_xy_unconverted
pedestrian_push_button,29-0000001548,02-0000172669,0.0,20100625.0,,188719.68159,547620.16631,1.0,1,1,seoul_projected_xy_unconverted
pedestrian_push_button,29-0000001538,02-0000040743,180.0,20080101.0,20101020.0,207019.85786,543807.81295,1.0,1,6,seoul_projected_xy_unconverted
pedestrian_push_button,29-0000001556,02-0000171631,180.0,20120501.0,,192250.72179,550280.54165,1.0,1,1,seoul_projected_xy_unconverted
pedestrian_push_button,29-0000001568,02-0000003301,180.0,20110601.0,,193407.52898,553709.81405,1.0,1,1,seoul_projected_xy_unconverted
pedestrian_push_button,29-0000001569,02-0000003299,180.0,20110601.0,,193344.96537,553830.09335,1.0,1,1,seoul_projected_xy_unconverted
pedestrian_push_button,29-0000001577,02-0000134220,180.0,20140205.0,,193430.78248,556000.31366,1.0,1,1,seoul_projected_xy_unconverted
pedestrian_push_button,29-0000000195,02-0000158548,90.0,,,194469.98005,550248.0908,1.0,1,2,seoul_projected_xy_unconverted
pedestrian_push_button,29-0000000790,02-0000158548,90.0,,,194469.98005,550248.0908,1.0,1,2,seoul_projected_xy_unconverted
pedestrian_push_button,29-0000000195,02-0000158548,90.0,,,194469.98005,550248.0908,1.0,1,1,seoul_projected_xy_unconverted
pedestrian_push_button,29-0000000197,02-0000158552,90.0,,,194441.45293,550387.39651,1.0,1,1,seoul_projected_xy_unconverted
pedestrian_push_button,29-0000000198,02-0000158554,270.0,,,194462.59597,550399.75355,1.0,1,1,seoul_projected_xy_unconverted
pedestrian_push_button,29-0000000140,02-0000158574,45.0,,,195342.23608,554792.24118,1.0,1,1,seoul_projected_xy_unconverted
pedestrian_push_button,29-0000000139,02-0000158575,45.0,,,195330.78506,554815.68654,1.0,1,1,seoul_projected_xy_unconverted
pedestrian_push_button,29-0000000528,02-0000158609,90.0,,,207319.91498,563643.49485,1.0,1,1,seoul_projected_xy_unconverted
pedestrian_push_button,29-0000000532,02-0000158613,90.0,,,207238.39276,563525.43938,1.0,1,1,seoul_projected_xy_unconverted
pedestrian_push_button,29-0000000931,02-0000158664,0.0,,,204986.59155,551593.66702,1.0,1,1,seoul_projected_xy_unconverted
pedestrian_push_button,29-0000000251,02-0000159444,90.0,,,195784.08378,547919.09675,1.0,2,1,seoul_projected_xy_unconverted
pedestrian_push_button,29-0000000252,02-0000159445,90.0,,,195789.08542,547907.96304,1.0,2,1,seoul_projected_xy_unconverted
pedestrian_push_button,29-0000000337,02-0000159688,90.0,,,195768.11903,545043.43908,1.0,2,1,seoul_projected_xy_unconverted
pedestrian_push_button,29-0000000912,02-0000159965,0.0,20130701.0,,206587.05859,546526.18331,1.0,2,1,seoul_projected_xy_unconverted
pedestrian_push_button,29-0000000911,02-0000159967,0.0,20130701.0,,206601.5311,546541.69064,1.0,2,1,seoul_projected_xy_unconverted
pedestrian_push_button,29-0000000046,02-0000160698,0.0,,,202189.94362,560923.42036,1.0,1,4,seoul_projected_xy_unconverted
pedestrian_push_button,29-0000000410,02-0000160710,90.0,,,203020.17745,560746.55493,1.0,1,1,seoul_projected_xy_unconverted
pedestrian_push_button,29-0000000169,02-0000160725,90.0,,,215095.4747,551121.26738,1.0,1,2,seoul_projected_xy_unconverted
pedestrian_push_button,29-0000000169,02-0000160725,90.0,,,215095.4747,551121.26738,1.0,1,1,seoul_projected_xy_unconverted
pedestrian_push_button,29-0000000932,02-0000160841,0.0,,,205021.13305,551615.81063,1.0,1,1,seoul_projected_xy_unconverted
pedestrian_push_button,29-0000000851,02-0000160948,180.0,,,204318.78445,564163.38063,1.0,1,1,seoul_projected_xy_unconverted
pedestrian_push_button,29-0000000658,02-0000160966,90.0,,,205745.67406,552374.0823,1.0,1,2,seoul_projected_xy_unconverted
pedestrian_push_button,29-0000000658,02-0000160966,90.0,,,205745.67406,552374.0823,1.0,1,1,seoul_projected_xy_unconverted
pedestrian_push_button,29-0000000884,02-0000160966,90.0,,,205745.67406,552374.0823,1.0,1,2,seoul_projected_xy_unconverted
pedestrian_push_button,29-0000000658,02-0000160966,90.0,,,205745.67406,552374.0823,1.0,1,4,seoul_projected_xy_unconverted
pedestrian_push_button,29-0000000659,02-0000160968,90.0,,,205760.37938,552356.73518,1.0,1,1,seoul_projected_xy_unconverted
pedestrian_push_button,29-0000000659,02-0000160968,90.0,,,205760.37938,552356.73518,1.0,1,2,seoul_projected_xy_unconverted
pedestrian_push_button,29-0000000886,02-0000160968,90.0,,,205760.37938,552356.73518,1.0,1,2,seoul_projected_xy_unconverted
pedestrian_push_button,29-0000000646,02-0000160969,90.0,,,205654.85805,552220.13594,1.0,1,1,seoul_projected_xy_unconverted
pedestrian_push_button,29-0000000061,02-0000160992,0.0,,,202433.26041,562352.65347,1.0,1,4,seoul_projected_xy_unconverted
pedestrian_push_button,29-0000000059,02-0000160993,0.0,,,202451.47853,562287.54781,1.0,1,4,seoul_projected_xy_unconverted
pedestrian_push_button,29-0000000764,02-0000161091,90.0,,,184875.8702,544771.1853,1.0,1,1,seoul_projected_xy_unconverted
pedestrian_push_button,29-0000000310,02-0000161116,90.0,,,193591.43132,543964.71606,1.0,1,1,seoul_projected_xy_unconverted
pedestrian_push_button,29-0000000309,02-0000161119,90.0,,,193571.06261,543976.45844,1.0,1,4,seoul_projected_xy_unconverted
pedestrian_push_button,29-0000000309,02-0000161119,90.0,,,193571.06261,543976.45844,1.0,1,1,seoul_projected_xy_unconverted
pedestrian_push_button,29-0000000111,02-0000161233,90.0,,,206882.03227,550501.65817,1.0,1,1,seoul_projected_xy_unconverted
pedestrian_push_button,29-0000000111,02-0000161233,90.0,,,206882.03227,550501.65817,1.0,1,2,seoul_projected_xy_unconverted
pedestrian_push_button,29-0000001059,02-0000161233,90.0,,,206882.03227,550501.65817,1.0,1,2,seoul_projected_xy_unconverted
pedestrian_push_button,29-0000000112,02-0000161236,90.0,,,207465.57084,549263.07259,1.0,1,1,seoul_projected_xy_unconverted
pedestrian_push_button,29-0000000113,02-0000161239,90.0,,,207446.60535,549269.07978,1.0,1,1,seoul_projected_xy_unconverted
pedestrian_push_button,29-0000000114,02-0000161241,90.0,,,207394.47169,549048.77,1.0,1,1,seoul_projected_xy_unconverted
pedestrian_push_button,29-0000000115,02-0000161242,90.0,,,207373.00726,549046.58162,1.0,1,1,seoul_projected_xy_unconverted
pedestrian_push_button,29-0000001093,02-0000161317,0.0,,,204684.77655,565368.17229,1.0,1,1,seoul_projected_xy_unconverted
pedestrian_push_button,29-0000001094,02-0000161320,0.0,,,204705.18617,565358.06919,1.0,1,1,seoul_projected_xy_unconverted
pedestrian_push_button,29-0000000953,02-0000161474,0.0,,,203982.85609,552623.10855,1.0,1,1,seoul_projected_xy_unconverted
pedestrian_push_button,29-0000000952,02-0000161475,0.0,,,204005.72528,552617.60262,1.0,1,1,seoul_projected_xy_unconverted
pedestrian_push_button,29-0000000503,02-0000161650,90.0,,,197478.53908,552236.55194,1.0,1,1,seoul_projected_xy_unconverted
pedestrian_push_button,29-0000000527,02-0000161651,90.0,,,201855.06161,557243.08606,1.0,2,1,seoul_projected_xy_unconverted
pedestrian_push_button,29-0000000525,02-0000161653,90.0,,,201836.31858,557260.29559,1.0,2,1,seoul_projected_xy_unconverted
pedestrian_push_button,29-0000000460,02-0000161666,90.0,,,201630.18093,557807.5383,1.0,1,1,seoul_projected_xy_unconverted
pedestrian_push_button,29-0000000637,02-0000161830,90.0,,,202491.23049,553051.49137,1.0,1,2,seoul_projected_xy_unconverted
pedestrian_push_button,29-0000000975,02-0000161830,90.0,,,202491.23049,553051.49137,1.0,1,2,seoul_projected_xy_unconverted
pedestrian_push_button,29-0000000637,02-0000161830,90.0,,,202491.23049,553051.49137,1.0,1,1,seoul_projected_xy_unconverted
pedestrian_push_button,29-0000000136,02-0000162008,0.0,,,194067.14922,546410.97688,1.0,1,1,seoul_projected_xy_unconverted
pedestrian_push_button,29-0000000135,02-0000162010,0.0,,,194070.08122,546427.71963,1.0,1,1,seoul_projected_xy_unconverted
pedestrian_push_button,29-0000000001,02-0000162102,0.0,,,192304.7565,548293.31251,1.0,1,4,seoul_projected_xy_unconverted
pedestrian_push_button,29-0000000002,02-0000162102,0.0,,,192304.7565,548293.31251,1.0,1,4,seoul_projected_xy_unconverted
pedestrian_push_button,29-0000000001,02-0000162102,0.0,,,192304.7565,548293.31251,1.0,1,4,seoul_projected_xy_unconverted
pedestrian_push_button,29-0000000002,02-0000162102,0.0,,,192304.7565,548293.31251,1.0,1,2,seoul_projected_xy_unconverted
pedestrian_push_button,29-0000000001,02-0000162102,0.0,,,192304.7565,548293.31251,1.0,1,2,seoul_projected_xy_unconverted
pedestrian_push_button,29-0000000001,02-0000162102,0.0,,,192304.7565,548293.31251,1.0,1,4,seoul_projected_xy_unconverted
pedestrian_push_button,29-0000000001,02-0000162102,0.0,,,192304.7565,548293.31251,1.0,1,2,seoul_projected_xy_unconverted
pedestrian_push_button,29-0000000002,02-0000162102,0.0,,,192304.7565,548293.31251,1.0,1,2,seoul_projected_xy_unconverted
pedestrian_push_button,29-0000000004,02-0000162103,0.0,,,200129.19072,547067.93824,1.0,1,2,seoul_projected_xy_unconverted
pedestrian_push_button,29-0000001616,02-0000175481,180.0,20130430.0,,202284.63831,549982.9666,1.0,1,1,seoul_projected_xy_unconverted
pedestrian_push_button,29-0000001631,02-0000082608,180.0,20130830.0,,207985.35048,556074.32405,1.0,2,1,seoul_projected_xy_unconverted
pedestrian_push_button,29-0000001115,02-0000112227,180.0,20130723.0,20130723.0,190087.81647,548217.23982,1.0,1,1,seoul_projected_xy_unconverted
pedestrian_push_button,29-0000001481,02-0000037440,0.0,,,203699.46298,546289.35531,1.0,1,1,seoul_projected_xy_unconverted
pedestrian_push_button,29-0000001662,02-0000161989,0.0,20111010.0,,202884.36261,557878.35518,1.0,2,1,seoul_projected_xy_unconverted
pedestrian_push_button,29-0000001671,02-0000089992,0.0,20090101.0,,205850.96275,562908.53741,1.0,2,1,seoul_projected_xy_unconverted
pedestrian_push_button,29-0000001676,02-0000157954,0.0,20120101.0,,205211.64339,562801.35367,1.0,2,1,seoul_projected_xy_unconverted
pedestrian_push_button,29-0000000726,02-0000059478,90.0,,20130321.0,188529.28236,547655.17114,1.0,1,6,seoul_projected_xy_unconverted
pedestrian_push_button,29-0000001123,02-0000150780,180.0,20130725.0,,184643.55924,550660.06446,1.0,1,1,seoul_projected_xy_unconverted
pedestrian_push_button,29-0000000825,02-0000134220,90.0,20140205.0,20140205.0,193429.34273,556000.07745,1.0,1,1,seoul_projected_xy_unconverted
pedestrian_push_button,29-0000001270,02-0000063347,180.0,,,192123.2231,547090.68805,1.0,1,1,seoul_projected_xy_unconverted
pedestrian_push_button,29-0000001121,02-0000015474,180.0,20130725.0,,189900.08534,548889.76722,1.0,1,6,seoul_projected_xy_unconverted
pedestrian_push_button,29-0000001147,02-0000177296,180.0,20131115.0,20131115.0,192325.57578,554885.99978,1.0,1,6,seoul_projected_xy_unconverted
pedestrian_push_button,29-0000001704,02-0000168093,180.0,20111228.0,,200547.19103,554455.8513,1.0,2,1,seoul_projected_xy_unconverted
pedestrian_push_button,29-0000001705,02-0000168094,180.0,20111228.0,,200563.89816,554443.97334,1.0,2,1,seoul_projected_xy_unconverted
pedestrian_push_button,29-0000001706,02-0000075787,180.0,20110919.0,,203399.69269,555145.01083,1.0,2,1,seoul_projected_xy_unconverted
pedestrian_push_button,29-0000001707,02-0000075786,180.0,20110919.0,,203382.83371,555145.83007,1.0,2,1,seoul_projected_xy_unconverted
pedestrian_push_button,29-0000001708,02-0000076830,180.0,20101001.0,20101001.0,202918.92791,556628.22373,1.0,2,1,seoul_projected_xy_unconverted
pedestrian_push_button,29-0000001709,02-0000076831,180.0,20100101.0,20100101.0,202905.73768,556617.44903,1.0,2,1,seoul_projected_xy_unconverted
pedestrian_push_button,29-0000001711,02-0000179132,180.0,20120201.0,,201054.12255,555733.12713,1.0,2,1,seoul_projected_xy_unconverted
pedestrian_push_button,29-0000001712,02-0000077075,180.0,20111002.0,,200470.75106,556930.28676,1.0,2,1,seoul_projected_xy_unconverted
pedestrian_push_button,29-0000001713,02-0000180631,180.0,20111002.0,,200479.37645,556915.28652,1.0,2,1,seoul_projected_xy_unconverted
pedestrian_push_button,29-0000001714,02-0000074835,180.0,20140822.0,,202135.53584,554991.69034,1.0,1,1,seoul_projected_xy_unconverted
pedestrian_push_button,29-0000001715,02-0000175795,180.0,20111002.0,,199658.47396,554891.65568,1.0,2,1,seoul_projected_xy_unconverted
pedestrian_push_button,29-0000001716,02-0000175794,180.0,20111002.0,,199638.81047,554887.1752,1.0,2,1,seoul_projected_xy_unconverted
pedestrian_push_button,29-0000001717,02-0000010159,180.0,20100625.0,,196937.38907,556133.25172,1.0,1,1,seoul_projected_xy_unconverted
pedestrian_push_button,29-0000001718,02-0000010160,180.0,20100625.0,,196932.96858,556159.37066,1.0,1,1,seoul_projected_xy_unconverted
pedestrian_push_button,29-0000001719,02-0000012722,180.0,20100625.0,20190625.0,197368.4074,553823.74194,1.0,1,1,seoul_projected_xy_unconverted
pedestrian_push_button,29-0000001720,02-0000012389,180.0,20100625.0,20190625.0,197388.82639,553835.12124,1.0,1,1,seoul_projected_xy_unconverted
pedestrian_push_button,29-0000001721,02-0000012725,180.0,20100625.0,20190625.0,197396.92687,553785.32231,1.0,1,1,seoul_projected_xy_unconverted
pedestrian_push_button,29-0000001722,02-0000012388,180.0,20100625.0,20190625.0,197375.34746,553789.1204,1.0,1,1,seoul_projected_xy_unconverted
pedestrian_push_button,29-0000001724,02-0000000420,180.0,20080101.0,,196506.31263,556246.65564,1.0,1,1,seoul_projected_xy_unconverted
pedestrian_push_button,29-0000001725,02-0000154317,180.0,20090101.0,,197304.0966,556338.09022,1.0,1,1,seoul_projected_xy_unconverted
pedestrian_push_button,29-0000001726,02-0000154316,180.0,20090101.0,,197306.35183,556313.26106,1.0,1,1,seoul_projected_xy_unconverted
pedestrian_push_button,29-0000001731,02-0000162161,180.0,20130101.0,,198677.72523,554093.93733,1.0,2,1,seoul_projected_xy_unconverted
pedestrian_push_button,29-0000001732,02-0000162160,180.0,20130101.0,,198697.11689,554108.90662,1.0,1,1,seoul_projected_xy_unconverted
pedestrian_push_button,29-0000001733,02-0000162160,180.0,20130101.0,,198700.71627,554110.34638,1.0,1,1,seoul_projected_xy_unconverted
pedestrian_push_button,29-0000001734,02-0000128149,180.0,20130101.0,,198713.97961,554095.14462,1.0,1,1,seoul_projected_xy_unconverted
pedestrian_push_button,29-0000001735,02-0000162163,180.0,20130101.0,,198718.41135,554091.59398,1.0,2,1,seoul_projected_xy_unconverted
pedestrian_push_button,29-0000001736,02-0000162162,180.0,20130101.0,,198705.08802,554078.42062,1.0,1,1,seoul_projected_xy_unconverted
pedestrian_push_button,29-0000001737,02-0000156568,180.0,20141102.0,,200665.91623,552580.54025,1.0,1,1,seoul_projected_xy_unconverted
pedestrian_push_button,29-0000001738,02-0000069451,180.0,20141102.0,,200692.01736,552590.35418,1.0,1,1,seoul_projected_xy_unconverted
pedestrian_push_button,29-0000001739,02-0000163274,180.0,20130801.0,,198813.29627,554389.58895,1.0,2,1,seoul_projected_xy_unconverted
pedestrian_push_button,29-0000001740,02-0000162545,180.0,20130801.0,,198815.03035,554372.45065,1.0,2,1,seoul_projected_xy_unconverted
pedestrian_push_button,29-0000001741,02-0000106108,180.0,20150401.0,,208652.72814,546371.87299,1.0,1,1,seoul_projected_xy_unconverted
pedestrian_push_button,29-0000001742,02-0000016088,180.0,20150401.0,,208635.57484,546377.67511,1.0,1,1,seoul_projected_xy_unconverted
pedestrian_push_button,29-0000001749,02-0000176654,180.0,20130725.0,,186751.52995,547012.13719,1.0,1,1,seoul_projected_xy_unconverted
pedestrian_push_button,29-0000001750,02-0000140357,180.0,20130725.0,,186762.13968,546983.71895,1.0,1,1,seoul_projected_xy_unconverted
pedestrian_push_button,29-0000001758,02-0000089168,180.0,20150115.0,,201370.24191,557811.85756,1.0,1,6,seoul_projected_xy_unconverted
pedestrian_push_button,29-0000001747,02-0000161988,180.0,20140917.0,20140917.0,202822.2658,559535.89152,1.0,1,6,seoul_projected_xy_unconverted
pedestrian_push_button,29-0000001770,02-0000059005,180.0,20100625.0,,188018.67034,546445.34159,1.0,1,1,seoul_projected_xy_unconverted
pedestrian_push_button,29-0000001772,02-0000080773,180.0,20080101.0,,200459.04745,557381.59566,1.0,2,1,seoul_projected_xy_unconverted
pedestrian_push_button,29-0000001776,02-0000050525,180.0,20130428.0,20130428.0,207814.68734,549504.42895,1.0,1,1,seoul_projected_xy_unconverted
pedestrian_push_button,29-0000001781,02-0000117024,180.0,20091231.0,,205867.77861,563047.74533,1.0,1,1,seoul_projected_xy_unconverted
pedestrian_push_button,29-0000001788,02-0000139614,180.0,,,200354.67479,552666.43234,,1,1,seoul_projected_xy_unconverted
pedestrian_push_button,29-0000001792,02-0000171557,180.0,20130701.0,,213079.28768,545036.72773,1.0,2,1,seoul_projected_xy_unconverted
pedestrian_push_button,29-0000001795,02-0000171555,180.0,20130701.0,,212689.07732,545175.95065,1.0,2,1,seoul_projected_xy_unconverted
pedestrian_push_button,29-0000001799,02-0000158879,180.0,20091107.0,,196836.58204,550363.67422,1.0,2,1,seoul_projected_xy_unconverted
pedestrian_push_button,29-0000001812,02-0000117024,180.0,20091231.0,,205867.77861,563046.54554,1.0,1,1,seoul_projected_xy_unconverted
pedestrian_push_button,29-0000001813,02-0000089999,180.0,20091231.0,,205888.31758,563037.4646,1.0,1,1,seoul_projected_xy_unconverted
pedestrian_push_button,29-0000001636,02-0000180611,180.0,20141014.0,20141014.0,205869.2821,563047.64316,1.0,2,6,seoul_projected_xy_unconverted
pedestrian_push_button,29-0000001769,02-0000088109,180.0,20141128.0,20141128.0,202634.81305,561259.97609,1.0,1,6,seoul_projected_xy_unconverted
pedestrian_push_button,29-0000001767,02-0000158341,180.0,20141128.0,20141128.0,202760.52517,561271.8503,1.0,1,6,seoul_projected_xy_unconverted
pedestrian_push_button,29-0000001373,02-0000097692,180.0,20120319.0,20140519.0,191406.6839,544980.95421,1.0,1,6,seoul_projected_xy_unconverted
pedestrian_push_button,29-0000000224,02-0000005246,270.0,20151009.0,20151009.0,192412.17651,550847.94463,1.0,1,1,seoul_projected_xy_unconverted
pedestrian_push_button,29-0000001834,02-0000173416,180.0,20150618.0,,207328.31729,559086.14609,1.0,1,1,seoul_projected_xy_unconverted
pedestrian_push_button,29-0000000045,02-0000152478,0.0,20150123.0,20150123.0,202188.48423,560905.19527,1.0,1,6,seoul_projected_xy_unconverted
pedestrian_push_button,29-0000001869,02-0000039042,180.0,20150922.0,20150922.0,205369.97115,546060.14038,1.0,1,6,seoul_projected_xy_unconverted
pedestrian_push_button,29-0000001860,02-0000039048,180.0,20150922.0,20150922.0,205330.13238,546146.8967,1.0,1,6,seoul_projected_xy_unconverted
pedestrian_push_button,29-0000001859,02-0000098811,180.0,20150920.0,20150920.0,204719.28374,545982.65246,1.0,1,6,seoul_projected_xy_unconverted
pedestrian_push_button,29-0000001856,02-0000038926,180.0,20150920.0,20150920.0,204741.08249,545932.75042,1.0,1,6,seoul_projected_xy_unconverted
pedestrian_push_button,29-0000001852,02-0000038931,180.0,20150920.0,20150920.0,204685.31084,545977.82329,1.0,1,6,seoul_projected_xy_unconverted
pedestrian_push_button,29-0000001851,02-0000038911,180.0,20150919.0,20150919.0,205002.26817,545993.72618,1.0,1,6,seoul_projected_xy_unconverted
pedestrian_push_button,29-0000001230,02-0000082608,180.0,20130910.0,20130910.0,207972.81263,556086.38197,1.0,1,6,seoul_projected_xy_unconverted
pedestrian_push_button,29-0000001229,02-0000115936,180.0,20130910.0,20130910.0,207978.2192,556069.0309,1.0,1,6,seoul_projected_xy_unconverted
pedestrian_push_button,29-0000001765,02-0000029486,180.0,20141130.0,20141130.0,188263.14327,544440.72092,1.0,1,6,seoul_projected_xy_unconverted
pedestrian_push_button,29-0000001245,02-0000175482,180.0,20130430.0,20130430.0,202308.75791,549985.62677,1.0,1,6,seoul_projected_xy_unconverted
pedestrian_push_button,29-0000001202,02-0000177828,180.0,20131220.0,20131220.0,208341.49794,550565.5601,1.0,1,6,seoul_projected_xy_unconverted
pedestrian_push_button,29-0000001201,02-0000177827,180.0,20131220.0,20131220.0,208314.68256,550566.93986,1.0,1,6,seoul_projected_xy_unconverted
pedestrian_push_button,29-0000001404,02-0000132261,180.0,20140425.0,20140425.0,203169.57782,540375.74041,1.0,1,1,seoul_projected_xy_unconverted
pedestrian_push_button,29-0000001397,02-0000156000,180.0,20140425.0,20140425.0,203183.34929,540166.31019,1.0,1,6,seoul_projected_xy_unconverted
pedestrian_push_button,29-0000001396,02-0000156001,180.0,20140425.0,20140425.0,203159.12846,540155.15399,1.0,1,6,seoul_projected_xy_unconverted
pedestrian_push_button,29-0000001395,02-0000018697,180.0,20140425.0,20140425.0,203244.68498,540150.22546,1.0,1,6,seoul_projected_xy_unconverted
pedestrian_push_button,29-0000001391,02-0000155947,180.0,20140425.0,20140425.0,203151.64849,540112.87439,1.0,1,6,seoul_projected_xy_unconverted
pedestrian_push_button,29-0000001363,02-0000050881,180.0,20140615.0,20140615.0,205613.18617,548557.13195,1.0,1,6,seoul_projected_xy_unconverted
pedestrian_push_button,29-0000001364,02-0000179354,180.0,20140630.0,20140630.0,205275.75736,548434.73427,1.0,2,6,seoul_projected_xy_unconverted
pedestrian_push_button,29-0000000626,02-0000099911,90.0,,,207099.97264,549557.18306,1.0,1,6,seoul_projected_xy_unconverted
pedestrian_push_button,29-0000001244,02-0000050798,180.0,20130430.0,20130430.0,208707.65993,549189.20007,1.0,1,6,seoul_projected_xy_unconverted
pedestrian_push_button,29-0000001697,02-0000178248,180.0,20150126.0,20150126.0,196561.68497,545139.70564,1.0,2,6,seoul_projected_xy_unconverted
pedestrian_push_button,29-0000001161,02-0000030621,180.0,20150129.0,20150129.0,196545.02659,545142.44267,1.0,2,6,seoul_projected_xy_unconverted
pedestrian_push_button,29-0000001443,02-0000198146,180.0,20150126.0,20150126.0,196564.90379,545212.23503,1.0,2,1,seoul_projected_xy_unconverted
pedestrian_push_button,29-0000001837,02-0000181707,180.0,20151204.0,20151204.0,189336.12707,549704.79259,1.0,2,6,seoul_projected_xy_unconverted
pedestrian_push_button,29-0000001779,02-0000181351,180.0,20150930.0,,201219.47285,556841.3783,1.0,1,1,seoul_projected_xy_unconverted
pedestrian_push_button,29-0000001805,02-0000123729,180.0,20100130.0,,212637.79365,546115.59709,1.0,2,1,seoul_projected_xy_unconverted
pedestrian_push_button,29-0000001807,02-0000015471,180.0,20130725.0,,189790.8582,549109.86372,1.0,1,1,seoul_projected_xy_unconverted
pedestrian_push_button,29-0000001808,02-0000015473,180.0,20130725.0,,189872.10391,548970.21712,1.0,1,1,seoul_projected_xy_unconverted
pedestrian_push_button,29-0000001816,02-0000155829,180.0,20100625.0,,201198.51583,561901.6313,1.0,1,1,seoul_projected_xy_unconverted
pedestrian_push_button,29-0000000677,02-0000025404,90.0,20151118.0,20151118.0,185830.89087,544180.48007,1.0,1,1,seoul_projected_xy_unconverted
pedestrian_push_button,29-0000000076,02-0000087453,0.0,20140806.0,20140806.0,204564.39271,561225.78327,1.0,1,6,seoul_projected_xy_unconverted
pedestrian_push_button,29-0000001766,02-0000158339,180.0,20141128.0,20141128.0,202754.91801,561252.08276,1.0,1,6,seoul_projected_xy_unconverted
pedestrian_push_button,29-0000000340,02-0000029281,90.0,,,191548.72821,544771.60148,1.0,1,6,seoul_projected_xy_unconverted
pedestrian_push_button,29-0000000341,02-0000029279,90.0,,,191533.16839,544758.37751,1.0,1,6,seoul_projected_xy_unconverted
pedestrian_push_button,29-0000001580,02-0000134211,180.0,20140205.0,20151210.0,193304.68793,556130.55406,1.0,1,6,seoul_projected_xy_unconverted
pedestrian_push_button,29-0000001579,02-0000134212,180.0,20140205.0,20151210.0,193319.26167,556148.49753,1.0,1,6,seoul_projected_xy_unconverted
pedestrian_push_button,29-0000000219,02-0000004624,90.0,,,193919.51463,549516.15131,1.0,1,6,seoul_projected_xy_unconverted
pedestrian_push_button,29-0000000243,02-0000065762,90.0,20151231.0,20151231.0,197369.97838,549630.62473,1.0,1,6,seoul_projected_xy_unconverted
pedestrian_push_button,29-0000000538,02-0000000416,90.0,20150513.0,20150513.0,196352.84403,556376.10024,1.0,1,1,seoul_projected_xy_unconverted
pedestrian_push_button,29-0000000068,02-0000086032,90.0,20150618.0,20150618.0,202466.16707,561914.82716,1.0,1,6,seoul_projected_xy_unconverted
pedestrian_push_button,29-0000001743,02-0000090248,180.0,20140917.0,20160531.0,202664.22487,559497.7662,1.0,1,6,seoul_projected_xy_unconverted
pedestrian_push_button,29-0000001875,02-0000182908,180.0,20160531.0,20160531.0,201574.83108,558881.09388,1.0,1,6,seoul_projected_xy_unconverted
pedestrian_push_button,29-0000001873,02-0000109442,180.0,20150922.0,20150922.0,205479.81412,546108.88949,1.0,1,6,seoul_projected_xy_unconverted
pedestrian_push_button,29-0000001864,02-0000038896,180.0,20150922.0,20150922.0,205273.6146,546092.72415,1.0,1,6,seoul_projected_xy_unconverted
pedestrian_push_button,29-0000001850,02-0000038913,180.0,20150919.0,20150919.0,204971.90964,545987.8397,1.0,1,6,seoul_projected_xy_unconverted
pedestrian_push_button,29-0000002013,02-0000196244,180.0,,,195743.0021,541146.92208,1.0,2,1,seoul_projected_xy_unconverted
pedestrian_push_button,29-0000001874,02-0000020999,180.0,20160504.0,20160504.0,184641.83913,552627.31452,1.0,1,1,seoul_projected_xy_unconverted
pedestrian_push_button,29-0000001228,02-0000082631,180.0,20130910.0,20130910.0,208065.69915,556166.64629,1.0,1,6,seoul_projected_xy_unconverted
pedestrian_push_button,29-0000001226,02-0000082945,180.0,20130910.0,20130910.0,207421.24879,553735.88144,1.0,1,6,seoul_projected_xy_unconverted
pedestrian_push_button,29-0000001200,02-0000159490,180.0,20131220.0,20131220.0,208346.01966,550554.13769,1.0,1,6,seoul_projected_xy_unconverted
pedestrian_push_button,29-0000001199,02-0000177824,180.0,20131220.0,20131220.0,208306.50896,550557.47274,1.0,1,6,seoul_projected_xy_unconverted
pedestrian_push_button,29-0000001469,02-0000177377,180.0,20140520.0,20140520.0,197106.29751,542755.20221,1.0,2,6,seoul_projected_xy_unconverted
pedestrian_push_button,29-0000001037,02-0000053353,0.0,20120101.0,20140811.0,208230.79824,548883.36894,1.0,1,6,seoul_projected_xy_unconverted
pedestrian_push_button,29-0000001444,02-0000166797,180.0,20150126.0,20150126.0,196574.98018,545197.47195,1.0,2,1,seoul_projected_xy_unconverted
pedestrian_push_button,29-0000001847,02-0000181783,180.0,20151220.0,20151220.0,194788.44261,542950.30551,1.0,1,6,seoul_projected_xy_unconverted
pedestrian_push_button,29-0000001845,02-0000096947,180.0,20151220.0,20151220.0,191500.47589,542293.93221,1.0,1,6,seoul_projected_xy_unconverted
pedestrian_push_button,29-0000001881,02-0000054044,180.0,20140813.0,20160625.0,211325.69943,547576.24262,1.0,1,1,seoul_projected_xy_unconverted
pedestrian_push_button,29-0000001252,02-0000048258,180.0,20130430.0,20130430.0,206958.6384,549552.53879,1.0,1,6,seoul_projected_xy_unconverted
pedestrian_push_button,29-0000001251,02-0000099909,180.0,20130430.0,20130430.0,206971.39745,549576.47842,1.0,1,6,seoul_projected_xy_unconverted
pedestrian_push_button,29-0000001241,02-0000178030,180.0,20130418.0,20130418.0,207822.95467,549481.15483,1.0,1,6,seoul_projected_xy_unconverted
pedestrian_push_button,29-0000001221,02-0000049670,180.0,20130410.0,20130410.0,209038.84044,549295.3593,1.0,1,6,seoul_projected_xy_unconverted
pedestrian_push_button,29-0000000316,02-0000021751,90.0,,,191902.59794,543126.49332,1.0,2,1,seoul_projected_xy_unconverted
pedestrian_push_button,29-0000000368,02-0000023067,90.0,,,191379.83852,541155.52122,1.0,1,1,seoul_projected_xy_unconverted
pedestrian_push_button,29-0000000369,02-0000023068,90.0,,,191396.42379,541153.32598,1.0,1,1,seoul_projected_xy_unconverted
pedestrian_push_button,29-0000000361,02-0000023075,90.0,,,191365.36039,541034.88761,1.0,1,1,seoul_projected_xy_unconverted
pedestrian_push_button,29-0000000360,02-0000023076,90.0,,,191351.88521,541046.06443,1.0,1,1,seoul_projected_xy_unconverted
pedestrian_push_button,29-0000000739,02-0000023250,90.0,,,188096.64286,546289.65713,1.0,1,1,seoul_projected_xy_unconverted
pedestrian_push_button,29-0000000753,02-0000024640,90.0,,,184904.1169,544267.02456,1.0,2,1,seoul_projected_xy_unconverted
pedestrian_push_button,29-0000000896,02-0000024647,0.0,,,212211.67626,549074.00846,1.0,1,1,seoul_projected_xy_unconverted
pedestrian_push_button,29-0000000363,02-0000025502,90.0,,,191449.61589,540507.81081,1.0,2,1,seoul_projected_xy_unconverted
pedestrian_push_button,29-0000000364,02-0000026284,90.0,,,191386.45152,540596.57628,1.0,1,1,seoul_projected_xy_unconverted
pedestrian_push_button,29-0000000365,02-0000026285,90.0,,,191400.53503,540604.30591,1.0,1,1,seoul_projected_xy_unconverted
pedestrian_push_button,29-0000001104,02-0000176350,0.0,,,199134.66847,548109.94266,2.0,1,1,seoul_projected_xy_unconverted
pedestrian_push_button,29-0000001122,02-0000150781,180.0,20130725.0,,184669.65194,550650.06681,1.0,1,1,seoul_projected_xy_unconverted
pedestrian_push_button,29-0000001113,02-0000176654,180.0,,20130723.0,186753.68957,547010.09754,1.0,1,6,seoul_projected_xy_unconverted
pedestrian_push_button,29-0000001169,02-0000055531,180.0,,,189180.74443,548175.35765,,1,1,seoul_projected_xy_unconverted
pedestrian_push_button,29-0000001171,02-0000154083,180.0,,,189767.60657,548594.5074,,1,1,seoul_projected_xy_unconverted
pedestrian_push_button,29-0000001172,02-0000154085,180.0,,,189751.3953,548613.84095,,1,1,seoul_projected_xy_unconverted
pedestrian_push_button,29-0000001208,02-0000160729,180.0,20131220.0,20131220.0,202546.02833,547529.04761,1.0,1,1,seoul_projected_xy_unconverted
pedestrian_push_button,29-0000001207,02-0000177873,180.0,20131220.0,20131220.0,202531.64581,547550.41894,1.0,1,1,seoul_projected_xy_unconverted
pedestrian_push_button,29-0000001234,02-0000178260,180.0,20090714.0,20131222.0,195230.90772,550776.91686,1.0,1,6,seoul_projected_xy_unconverted
pedestrian_push_button,29-0000001257,02-0000178172,180.0,,,192393.11666,546602.75638,1.0,2,1,seoul_projected_xy_unconverted
pedestrian_push_button,29-0000001261,02-0000006657,180.0,20140123.0,20140123.0,194810.77376,556797.1003,1.0,1,1,seoul_projected_xy_unconverted
pedestrian_push_button,29-0000001273,02-0000046044,180.0,,,191873.90413,547679.6442,1.0,2,1,seoul_projected_xy_unconverted
pedestrian_push_button,29-0000001284,02-0000056280,180.0,20140519.0,20140519.0,187788.17875,546343.83531,1.0,1,1,seoul_projected_xy_unconverted
pedestrian_push_button,29-0000001290,02-0000176641,180.0,,,184879.34211,545049.86172,1.0,2,1,seoul_projected_xy_unconverted
pedestrian_push_button,29-0000001319,02-0000003681,180.0,20140113.0,20140113.0,195448.11347,554990.0575,1.0,1,6,seoul_projected_xy_unconverted
pedestrian_push_button,29-0000001318,02-0000104899,180.0,20140113.0,20140113.0,195420.68881,554992.33523,1.0,1,6,seoul_projected_xy_unconverted
pedestrian_push_button,29-0000001328,02-0000085084,180.0,,,206345.95044,561656.84927,1.0,2,1,seoul_projected_xy_unconverted
pedestrian_push_button,29-0000001329,02-0000179050,180.0,,,206335.74166,561739.54924,1.0,2,1,seoul_projected_xy_unconverted
pedestrian_push_button,29-0000001377,02-0000027869,180.0,20150202.0,20150202.0,187112.79247,545021.29352,1.0,1,6,seoul_projected_xy_unconverted
pedestrian_push_button,29-0000001022,02-0000016244,45.0,,20140928.0,184674.11273,552622.87983,1.0,1,1,seoul_projected_xy_unconverted
pedestrian_push_button,29-0000001416,02-0000107161,180.0,20141212.0,20141212.0,188195.63332,546349.59994,1.0,1,1,seoul_projected_xy_unconverted
pedestrian_push_button,29-0000001417,02-0000058940,180.0,20141212.0,20141212.0,188210.3936,546340.15157,1.0,1,1,seoul_projected_xy_unconverted
pedestrian_push_button,29-0000001425,02-0000161076,180.0,20150312.0,20150312.0,188044.75554,546481.53412,1.0,1,1,seoul_projected_xy_unconverted
pedestrian_push_button,29-0000001426,02-0000161077,180.0,20150312.0,20150312.0,188054.16548,546457.44451,1.0,1,1,seoul_projected_xy_unconverted
pedestrian_push_button,29-0000001445,02-0000090136,180.0,,,192919.22988,541327.31104,1.0,2,1,seoul_projected_xy_unconverted
pedestrian_push_button,29-0000001450,02-0000142572,180.0,,,192866.27399,540635.20638,1.0,1,1,seoul_projected_xy_unconverted
pedestrian_push_button,29-0000001451,02-0000023419,180.0,20100625.0,,191459.2836,541626.70077,1.0,1,1,seoul_projected_xy_unconverted
pedestrian_push_button,29-0000001189,02-0000177251,180.0,20130920.0,20171215.0,202026.47273,540345.54623,1.0,1,1,seoul_projected_xy_unconverted
pedestrian_push_button,29-0000001523,02-0000040858,180.0,20130501.0,20170602.0,207160.32744,543526.08081,1.0,1,1,seoul_projected_xy_unconverted
pedestrian_push_button,29-0000001419,02-0000177799,180.0,20150312.0,20171226.0,191186.15685,548068.83473,1.0,1,1,seoul_projected_xy_unconverted
pedestrian_push_button,29-0000001995,02-0000197074,180.0,20171226.0,20171226.0,189388.22904,544050.19249,1.0,2,1,seoul_projected_xy_unconverted
pedestrian_push_button,29-0000001994,02-0000197073,180.0,20171226.0,20171226.0,189374.21239,544049.41263,1.0,2,1,seoul_projected_xy_unconverted
pedestrian_push_button,29-0000001182,02-0000018733,180.0,20130920.0,20130920.0,206110.92802,539700.94402,1.0,1,6,seoul_projected_xy_unconverted
pedestrian_push_button,29-0000001181,02-0000018734,180.0,20130920.0,20130920.0,206130.61213,539665.84256,1.0,1,1,seoul_projected_xy_unconverted
pedestrian_push_button,29-0000001488,02-0000052494,180.0,,,210902.59974,547819.85695,1.0,1,1,seoul_projected_xy_unconverted
pedestrian_push_button,29-0000001491,02-0000051569,180.0,,,210786.0248,547867.48875,1.0,1,1,seoul_projected_xy_unconverted
pedestrian_push_button,29-0000001492,02-0000052495,180.0,,,210961.46086,547784.87359,1.0,1,1,seoul_projected_xy_unconverted
pedestrian_push_button,29-0000001494,02-0000045606,180.0,,,214181.54551,550732.74008,1.0,1,1,seoul_projected_xy_unconverted
pedestrian_push_button,29-0000001504,02-0000053375,180.0,,,212262.68945,549085.2492,1.0,1,1,seoul_projected_xy_unconverted
pedestrian_push_button,29-0000001515,02-0000166988,180.0,20130801.0,,210636.95795,549223.33419,1.0,2,1,seoul_projected_xy_unconverted
pedestrian_push_button,29-0000001516,02-0000180415,180.0,,,210641.20597,549239.47142,1.0,2,1,seoul_projected_xy_unconverted
pedestrian_push_button,29-0000001519,02-0000096595,180.0,20090401.0,,207538.50237,540283.81872,1.0,2,1,seoul_projected_xy_unconverted
pedestrian_push_button,29-0000001526,02-0000040842,180.0,20130501.0,,207144.01025,543484.4086,1.0,1,1,seoul_projected_xy_unconverted
pedestrian_push_button,29-0000001531,02-0000180004,180.0,20130501.0,,204814.01306,540032.39261,1.0,2,1,seoul_projected_xy_unconverted
pedestrian_push_button,29-0000001536,02-0000176647,180.0,,,184888.74268,544581.95724,,2,1,seoul_projected_xy_unconverted
pedestrian_push_button,29-0000001650,02-0000180340,0.0,20090101.0,,203183.94356,557642.89476,1.0,1,1,seoul_projected_xy_unconverted
pedestrian_push_button,29-0000001652,02-0000157701,0.0,20090101.0,,202900.45672,557700.41173,1.0,2,1,seoul_projected_xy_unconverted
pedestrian_push_button,29-0000001657,02-0000088084,0.0,20090101.0,,203899.77976,558688.21113,1.0,2,1,seoul_projected_xy_unconverted
pedestrian_push_button,29-0000001218,02-0000099231,180.0,20131220.0,20131220.0,205770.86154,545061.19415,1.0,1,6,seoul_projected_xy_unconverted
pedestrian_push_button,29-0000001217,02-0000177885,180.0,20131220.0,20131220.0,205801.22006,545092.89682,1.0,1,6,seoul_projected_xy_unconverted
pedestrian_push_button,29-0000001214,02-0000036106,180.0,20131220.0,20131220.0,203983.45786,544327.42479,1.0,1,6,seoul_projected_xy_unconverted
pedestrian_push_button,29-0000001350,02-0000048531,180.0,20140801.0,20140801.0,211862.86575,550580.83685,1.0,1,1,seoul_projected_xy_unconverted
pedestrian_push_button,29-0000001473,02-0000015908,0.0,,,200070.08001,541947.4337,1.0,1,1,seoul_projected_xy_unconverted
pedestrian_push_button,29-0000001988,02-0000196676,180.0,20171031.0,20171031.0,191914.57338,549680.6555,1.0,2,1,seoul_projected_xy_unconverted
pedestrian_push_button,29-0000001986,02-0000196674,180.0,20171031.0,20171031.0,191874.48965,549716.09003,1.0,2,1,seoul_projected_xy_unconverted
pedestrian_push_button,29-0000001524,02-0000040837,180.0,20130501.0,20170602.0,207171.43678,543520.54488,1.0,1,1,seoul_projected_xy_unconverted
pedestrian_push_button,29-0000001480,02-0000038776,180.0,,,205110.6189,545664.72592,1.0,1,1,seoul_projected_xy_unconverted
pedestrian_push_button,29-0000001484,02-0000180355,180.0,,,203084.46568,548372.17816,1.0,2,1,seoul_projected_xy_unconverted
pedestrian_push_button,29-0000001661,02-0000083921,0.0,20111110.0,,202960.97693,557306.21957,1.0,1,1,seoul_projected_xy_unconverted
pedestrian_push_button,29-0000001664,02-0000158703,0.0,20090101.0,,200584.80831,560661.595,1.0,2,1,seoul_projected_xy_unconverted
pedestrian_push_button,29-0000001530,02-0000040857,180.0,20130501.0,20170602.0,207142.12433,543538.35619,1.0,1,1,seoul_projected_xy_unconverted
pedestrian_push_button,29-0000001669,02-0000082137,0.0,20090101.0,,205780.56112,558578.12351,1.0,1,1,seoul_projected_xy_unconverted
pedestrian_push_button,29-0000000885,02-0000160966,90.0,,,205745.67406,552374.0823,1.0,1,2,seoul_projected_xy_unconverted
pedestrian_push_button,29-0000000711,02-0000156770,90.0,,,191576.9796,546506.72416,1.0,1,1,seoul_projected_xy_unconverted
pedestrian_push_button,29-0000000708,02-0000156774,90.0,,,191454.1826,546543.70967,1.0,1,1,seoul_projected_xy_unconverted
pedestrian_push_button,29-0000000709,02-0000156775,90.0,,,191458.45312,546519.59007,1.0,1,1,seoul_projected_xy_unconverted
pedestrian_push_button,29-0000000681,02-0000156841,90.0,,,188707.46575,547553.6113,1.0,1,1,seoul_projected_xy_unconverted
pedestrian_push_button,29-0000000680,02-0000156842,90.0,,,188690.26575,547564.0113,1.0,1,1,seoul_projected_xy_unconverted
pedestrian_push_button,29-0000000062,02-0000157247,0.0,,,202459.51551,562162.84827,1.0,1,4,seoul_projected_xy_unconverted
pedestrian_push_button,29-0000001081,02-0000157305,90.0,,,199457.37988,546887.8656,1.0,1,2,seoul_projected_xy_unconverted
pedestrian_push_button,29-0000000255,02-0000157305,90.0,,,199457.37988,546887.8656,1.0,1,2,seoul_projected_xy_unconverted
pedestrian_push_button,29-0000000255,02-0000157305,90.0,,,199457.37988,546887.8656,1.0,1,1,seoul_projected_xy_unconverted
pedestrian_push_button,29-0000001083,02-0000157307,0.0,,,199497.76474,546608.85157,1.0,1,2,seoul_projected_xy_unconverted
pedestrian_push_button,29-0000001084,02-0000157308,0.0,,,199508.16474,546621.95157,1.0,1,2,seoul_projected_xy_unconverted
pedestrian_push_button,29-0000000834,02-0000157310,90.0,,,199785.47014,545863.29613,1.0,1,1,seoul_projected_xy_unconverted
pedestrian_push_button,29-0000000994,02-0000157310,90.0,,,199785.59021,545860.35601,1.0,1,1,seoul_projected_xy_unconverted
pedestrian_push_button,29-0000000834,02-0000157310,90.0,,,199785.47014,545863.29613,1.0,1,2,seoul_projected_xy_unconverted
pedestrian_push_button,29-0000000833,02-0000157311,90.0,,,199796.74353,545879.63105,1.0,1,1,seoul_projected_xy_unconverted
pedestrian_push_button,29-0000000993,02-0000157311,0.0,,,199797.43255,545874.56231,1.0,1,1,seoul_projected_xy_unconverted
pedestrian_push_button,29-0000000833,02-0000157311,90.0,,,199796.74353,545879.63105,1.0,1,2,seoul_projected_xy_unconverted
pedestrian_push_button,29-0000000836,02-0000157312,90.0,,,199855.06474,545681.35157,1.0,1,2,seoul_projected_xy_unconverted
pedestrian_push_button,29-0000000836,02-0000157312,90.0,,,199855.06474,545681.35157,1.0,1,1,seoul_projected_xy_unconverted
pedestrian_push_button,29-0000000835,02-0000157313,90.0,,,199867.76474,545694.15157,1.0,1,2,seoul_projected_xy_unconverted
pedestrian_push_button,29-0000000835,02-0000157313,90.0,,,199867.76474,545694.15157,1.0,1,1,seoul_projected_xy_unconverted
pedestrian_push_button,29-0000000131,02-0000157319,0.0,,,206959.88836,552062.66739,1.0,1,2,seoul_projected_xy_unconverted
pedestrian_push_button,29-0000001014,02-0000157404,90.0,,,197704.42458,550484.99584,1.0,1,1,seoul_projected_xy_unconverted
pedestrian_push_button,29-0000000699,02-0000157450,90.0,,,189642.68463,546083.87942,1.0,2,1,seoul_projected_xy_unconverted
pedestrian_push_button,29-0000000698,02-0000157451,90.0,,,189645.45353,546094.34949,1.0,2,1,seoul_projected_xy_unconverted
pedestrian_push_button,29-0000000524,02-0000157606,90.0,,,201817.81551,557252.03295,1.0,2,1,seoul_projected_xy_unconverted
pedestrian_push_button,29-0000000526,02-0000157607,90.0,,,201832.1643,557232.40414,1.0,2,1,seoul_projected_xy_unconverted
pedestrian_push_button,29-0000000290,02-0000157782,90.0,,,192841.28582,559793.92119,1.0,1,1,seoul_projected_xy_unconverted
pedestrian_push_button,29-0000000289,02-0000157783,90.0,,,192817.86794,559795.87956,1.0,1,1,seoul_projected_xy_unconverted
pedestrian_push_button,29-0000000003,02-0000158000,0.0,,,197925.96877,552876.69876,1.0,1,2,seoul_projected_xy_unconverted
pedestrian_push_button,29-0000000003,02-0000158000,0.0,,,197925.96877,552876.69876,1.0,1,2,seoul_projected_xy_unconverted
pedestrian_push_button,29-0000000054,02-0000158342,0.0,,,202906.8982,561271.53249,1.0,1,4,seoul_projected_xy_unconverted
pedestrian_push_button,29-0000000054,02-0000158342,90.0,,,202907.25805,561266.01349,1.0,1,1,seoul_projected_xy_unconverted
pedestrian_push_button,29-0000000053,02-0000158344,0.0,,,202905.40858,561289.29863,1.0,1,4,seoul_projected_xy_unconverted
pedestrian_push_button,29-0000000270,02-0000158363,90.0,20190916.0,20190916.0,191775.4292,557517.81441,1.0,1,1,seoul_projected_xy_unconverted
pedestrian_push_button,29-0000000118,02-0000158399,90.0,,,193393.03397,555713.1815,1.0,1,1,seoul_projected_xy_unconverted
pedestrian_push_button,29-0000000117,02-0000158401,90.0,,,193389.03341,555735.50141,1.0,1,1,seoul_projected_xy_unconverted
pedestrian_push_button,29-0000001609,02-0000180590,180.0,20140430.0,,205277.67703,548437.4338,1.0,1,1,seoul_projected_xy_unconverted
pedestrian_push_button,29-0000001617,02-0000175482,180.0,20130430.0,,202308.75791,549986.64659,1.0,1,1,seoul_projected_xy_unconverted
pedestrian_push_button,29-0000001633,02-0000082631,180.0,20130830.0,,208061.67984,556162.62698,1.0,2,1,seoul_projected_xy_unconverted
pedestrian_push_button,29-0000001660,02-0000116126,0.0,20111010.0,,202973.90845,557302.24431,1.0,1,1,seoul_projected_xy_unconverted
pedestrian_push_button,29-0000001663,02-0000161990,0.0,20101010.0,,202871.34485,557872.17718,1.0,2,1,seoul_projected_xy_unconverted
pedestrian_push_button,29-0000001679,02-0000085623,0.0,20090101.0,,206735.69051,563096.95187,1.0,1,1,seoul_projected_xy_unconverted
pedestrian_push_button,29-0000001210,02-0000109795,180.0,20131220.0,20131220.0,205875.51728,545579.95863,1.0,1,6,seoul_projected_xy_unconverted
pedestrian_push_button,29-0000001209,02-0000040956,180.0,20131220.0,20131220.0,205869.52956,545577.42407,1.0,1,6,seoul_projected_xy_unconverted
pedestrian_push_button,29-0000001291,02-0000176643,180.0,,,184894.75945,545044.55264,1.0,2,1,seoul_projected_xy_unconverted
pedestrian_push_button,29-0000001331,02-0000099663,180.0,,,211476.81718,543107.22726,1.0,1,1,seoul_projected_xy_unconverted
pedestrian_push_button,29-0000001332,02-0000046380,180.0,,,211381.60231,543038.82215,1.0,1,1,seoul_projected_xy_unconverted
pedestrian_push_button,29-0000001333,02-0000046503,180.0,,,211385.39291,543024.04594,1.0,1,1,seoul_projected_xy_unconverted
pedestrian_push_button,29-0000001339,02-0000179116,180.0,,,207643.36057,540325.11974,1.0,1,1,seoul_projected_xy_unconverted
pedestrian_push_button,29-0000001343,02-0000040279,180.0,,,204275.56259,547015.02607,1.0,1,1,seoul_projected_xy_unconverted
pedestrian_push_button,29-0000001385,02-0000180102,180.0,20150205.0,20150205.0,188716.8602,547848.36704,1.0,1,6,seoul_projected_xy_unconverted
pedestrian_push_button,29-0000001384,02-0000180100,180.0,20150205.0,20150205.0,189619.69171,543872.42558,1.0,1,6,seoul_projected_xy_unconverted
pedestrian_push_button,29-0000001383,02-0000180095,180.0,20150205.0,20150205.0,182613.69228,552848.36978,1.0,1,6,seoul_projected_xy_unconverted
pedestrian_push_button,29-0000001382,02-0000180094,180.0,20150205.0,20150205.0,191094.03833,548443.43464,1.0,1,6,seoul_projected_xy_unconverted
pedestrian_push_button,29-0000001381,02-0000180093,180.0,20150205.0,20150205.0,191531.72864,546546.90787,1.0,1,6,seoul_projected_xy_unconverted
pedestrian_push_button,29-0000001486,02-0000180358,180.0,,,203038.63357,548378.05714,1.0,2,1,seoul_projected_xy_unconverted
pedestrian_push_button,29-0000001487,02-0000180357,180.0,,,203048.41188,548377.09731,1.0,2,1,seoul_projected_xy_unconverted
pedestrian_push_button,29-0000001500,02-0000053378,180.0,,,212293.44165,549083.11207,1.0,1,1,seoul_projected_xy_unconverted
pedestrian_push_button,29-0000001514,02-0000143814,180.0,20130501.0,,207892.94763,542724.8493,1.0,1,1,seoul_projected_xy_unconverted
pedestrian_push_button,29-0000001518,02-0000169509,180.0,20100601.0,,213083.15326,547526.39682,1.0,1,1,seoul_projected_xy_unconverted
pedestrian_push_button,29-0000000828,02-0000011169,0.0,,,192443.95416,556240.69136,1.0,1,6,seoul_projected_xy_unconverted
pedestrian_push_button,29-0000001433,02-0000180262,180.0,,,201094.8443,548702.0314,1.0,2,1,seoul_projected_xy_unconverted
pedestrian_push_button,29-0000001552,02-0000180531,180.0,20100101.0,,189583.28829,553508.4437,1.0,2,1,seoul_projected_xy_unconverted
pedestrian_push_button,29-0000001553,02-0000180532,180.0,20100401.0,,189599.78545,553499.56523,1.0,2,1,seoul_projected_xy_unconverted
pedestrian_push_button,29-0000001558,02-0000001727,180.0,20131023.0,,193740.32546,552508.23581,1.0,1,1,seoul_projected_xy_unconverted
pedestrian_push_button,29-0000001570,02-0000104254,180.0,20110601.0,,193320.49895,553817.96044,1.0,1,1,seoul_projected_xy_unconverted
pedestrian_push_button,29-0000001590,02-0000049670,180.0,20130410.0,,209030.80183,549294.03953,1.0,1,1,seoul_projected_xy_unconverted
pedestrian_push_button,29-0000001596,02-0000050821,180.0,,,205621.7497,548575.19072,1.0,1,1,seoul_projected_xy_unconverted
pedestrian_push_button,29-0000001610,02-0000049272,0.0,20140430.0,,205285.06701,548422.09894,1.0,1,1,seoul_projected_xy_unconverted
pedestrian_push_button,29-0000001166,02-0000096333,180.0,,,189819.10303,549122.61902,,1,1,seoul_projected_xy_unconverted
pedestrian_push_button,29-0000001168,02-0000015473,180.0,,,189872.34386,548968.53741,,1,1,seoul_projected_xy_unconverted
pedestrian_push_button,29-0000001215,02-0000177879,180.0,20131220.0,20131220.0,203931.59491,544344.10379,1.0,1,6,seoul_projected_xy_unconverted
pedestrian_push_button,29-0000001211,02-0000177874,180.0,20131220.0,20131220.0,203930.4551,544351.12259,1.0,1,6,seoul_projected_xy_unconverted
pedestrian_push_button,29-0000001387,02-0000180110,180.0,20150123.0,20150123.0,187971.52314,549056.66975,1.0,1,1,seoul_projected_xy_unconverted
pedestrian_push_button,29-0000001386,02-0000180109,180.0,20150123.0,20150123.0,187944.82773,549051.84058,1.0,1,1,seoul_projected_xy_unconverted
pedestrian_push_button,29-0000001413,02-0000016179,0.0,20140808.0,,186908.96442,551517.53629,1.0,1,6,seoul_projected_xy_unconverted
pedestrian_push_button,29-0000001412,02-0000016181,180.0,20140808.0,,186920.12531,551499.41566,1.0,1,6,seoul_projected_xy_unconverted
pedestrian_push_button,29-0000001411,02-0000180118,0.0,20140808.0,,186924.66859,551491.12583,1.0,1,1,seoul_projected_xy_unconverted
pedestrian_push_button,29-0000001409,02-0000180117,0.0,20140808.0,,186878.65651,551493.43544,1.0,1,1,seoul_projected_xy_unconverted
pedestrian_push_button,29-0000001408,02-0000157241,0.0,20140808.0,,186891.44743,551513.19079,1.0,1,1,seoul_projected_xy_unconverted
pedestrian_push_button,29-0000001407,02-0000178667,0.0,20140808.0,,192269.44044,546806.96312,1.0,1,1,seoul_projected_xy_unconverted
pedestrian_push_button,29-0000001406,02-0000178665,0.0,20140808.0,,192255.25288,546811.94226,1.0,1,1,seoul_projected_xy_unconverted
pedestrian_push_button,29-0000001489,02-0000131594,180.0,,,210891.83534,547803.88845,1.0,1,1,seoul_projected_xy_unconverted
pedestrian_push_button,29-0000001502,02-0000014975,180.0,,,212269.73073,549061.96384,1.0,1,1,seoul_projected_xy_unconverted
pedestrian_push_button,29-0000001510,02-0000171557,180.0,20130701.0,,213082.76708,545037.20765,1.0,1,1,seoul_projected_xy_unconverted
pedestrian_push_button,29-0000001511,02-0000123729,180.0,20100101.0,,212635.51404,546114.51727,1.0,1,1,seoul_projected_xy_unconverted
pedestrian_push_button,29-0000001539,02-0000024909,180.0,20080101.0,20080101.0,185048.85231,543908.58811,1.0,1,1,seoul_projected_xy_unconverted
pedestrian_push_button,29-0000001507,02-0000180397,180.0,20150223.0,20150223.0,196146.79074,547380.052,1.0,1,6,seoul_projected_xy_unconverted
pedestrian_push_button,29-0000001562,02-0000144531,180.0,20131023.0,,193881.65177,552292.32359,1.0,1,1,seoul_projected_xy_unconverted
pedestrian_push_button,29-0000001578,02-0000006646,180.0,20140205.0,,193406.56352,555986.85347,1.0,1,1,seoul_projected_xy_unconverted
pedestrian_push_button,29-0000001585,02-0000118498,180.0,20110102.0,,198303.10844,550642.32814,1.0,1,1,seoul_projected_xy_unconverted
pedestrian_push_button,29-0000001588,02-0000173675,180.0,20110102.0,,198325.22776,550592.12053,1.0,1,1,seoul_projected_xy_unconverted
pedestrian_push_button,29-0000001592,02-0000050701,180.0,20130410.0,,209117.70812,549357.31551,1.0,1,1,seoul_projected_xy_unconverted
pedestrian_push_button,29-0000001597,02-0000050797,180.0,20130430.0,,208708.09486,549190.00055,1.0,1,1,seoul_projected_xy_unconverted
pedestrian_push_button,29-0000001606,02-0000135949,180.0,20130410.0,,202669.42897,551755.15165,1.0,1,1,seoul_projected_xy_unconverted
pedestrian_push_button,29-0000001607,02-0000171269,180.0,20130430.0,,202246.65922,550179.70087,1.0,1,1,seoul_projected_xy_unconverted
pedestrian_push_button,29-0000001608,02-0000171271,180.0,20130430.0,,202269.38781,550177.31066,1.0,1,1,seoul_projected_xy_unconverted
pedestrian_push_button,29-0000001626,02-0000169498,180.0,20140811.0,,206702.20877,556792.97601,1.0,1,1,seoul_projected_xy_unconverted
pedestrian_push_button,29-0000001629,02-0000115936,180.0,20130830.0,,207966.82116,556057.63286,1.0,2,1,seoul_projected_xy_unconverted
pedestrian_push_button,29-0000001638,02-0000124093,0.0,20100625.0,,201669.93909,557420.90389,1.0,2,1,seoul_projected_xy_unconverted
pedestrian_push_button,29-0000001654,02-0000157706,0.0,20090101.0,,202683.13474,558358.1723,1.0,2,1,seoul_projected_xy_unconverted
pedestrian_push_button,29-0000001126,02-0000150776,180.0,20130725.0,,184677.8021,550675.74052,1.0,1,6,seoul_projected_xy_unconverted
pedestrian_push_button,29-0000001118,02-0000057098,180.0,20130725.0,,190067.14066,548491.90443,1.0,1,1,seoul_projected_xy_unconverted
pedestrian_push_button,29-0000001112,02-0000140357,180.0,20130723.0,20130723.0,186760.04004,546985.87858,1.0,1,1,seoul_projected_xy_unconverted
pedestrian_push_button,29-0000001137,02-0000170923,180.0,,,198336.97074,550307.89319,1.0,1,1,seoul_projected_xy_unconverted
pedestrian_push_button,29-0000001256,02-0000126543,180.0,,,192396.05615,546580.14027,1.0,2,1,seoul_projected_xy_unconverted
pedestrian_push_button,29-0000001282,02-0000178889,180.0,20140516.0,20140516.0,188160.81025,546527.67368,1.0,1,1,seoul_projected_xy_unconverted
pedestrian_push_button,29-0000001322,02-0000020461,180.0,,,192283.53614,549573.98135,1.0,1,1,seoul_projected_xy_unconverted
pedestrian_push_button,29-0000001326,02-0000160982,180.0,,,206668.01466,562433.56539,1.0,1,1,seoul_projected_xy_unconverted
pedestrian_push_button,29-0000001327,02-0000160981,180.0,,,206690.27458,562421.6162,1.0,1,1,seoul_projected_xy_unconverted
pedestrian_push_button,29-0000001415,02-0000120441,180.0,20141212.0,20141212.0,187937.33433,546222.87238,1.0,1,1,seoul_projected_xy_unconverted
pedestrian_push_button,29-0000001432,02-0000100880,180.0,20150312.0,20150312.0,187901.53487,546399.18141,1.0,1,1,seoul_projected_xy_unconverted
pedestrian_push_button,29-0000001446,02-0000106952,180.0,,,192900.28251,541326.68677,1.0,2,1,seoul_projected_xy_unconverted
pedestrian_push_button,29-0000001452,02-0000023420,180.0,20100625.0,,191442.53336,541621.25483,1.0,1,1,seoul_projected_xy_unconverted
pedestrian_push_button,29-0000001463,02-0000172009,180.0,,,199624.76351,543190.39732,1.0,2,1,seoul_projected_xy_unconverted
pedestrian_push_button,29-0000001635,02-0000180608,180.0,20120601.0,,188200.18317,552969.65579,1.0,1,1,seoul_projected_xy_unconverted
pedestrian_push_button,29-0000001651,02-0000180341,0.0,20090101.0,,203168.66119,557650.40846,1.0,1,1,seoul_projected_xy_unconverted
pedestrian_push_button,29-0000000539,02-0000000415,90.0,,,196371.40955,556396.64646,1.0,1,6,seoul_projected_xy_unconverted
pedestrian_push_button,29-0000001274,02-0000154489,180.0,,,191607.60433,547964.48269,1.0,1,1,seoul_projected_xy_unconverted
pedestrian_push_button,29-0000001340,02-0000037466,180.0,,,203761.26547,546072.94255,1.0,1,1,seoul_projected_xy_unconverted
pedestrian_push_button,29-0000001341,02-0000037465,180.0,,,203745.5163,546061.12458,1.0,1,1,seoul_projected_xy_unconverted
pedestrian_push_button,29-0000001493,02-0000052491,180.0,,,210949.16297,547771.58775,1.0,1,1,seoul_projected_xy_unconverted
pedestrian_push_button,29-0000001497,02-0000168576,180.0,,,215126.15046,551091.86266,1.0,1,1,seoul_projected_xy_unconverted
pedestrian_push_button,29-0000001499,02-0000111646,180.0,,,212295.59753,549066.9636,1.0,1,1,seoul_projected_xy_unconverted
pedestrian_push_button,29-0000001506,02-0000053377,180.0,,,212288.97242,549084.82365,1.0,1,1,seoul_projected_xy_unconverted
pedestrian_push_button,29-0000001509,02-0000171558,180.0,20130701.0,,213094.2926,545063.57311,1.0,1,1,seoul_projected_xy_unconverted
pedestrian_push_button,29-0000001512,02-0000123730,180.0,20100101.0,,212611.48443,546117.37803,1.0,1,1,seoul_projected_xy_unconverted
pedestrian_push_button,29-0000001540,02-0000176666,180.0,20080101.0,20080101.0,185033.3506,543907.70514,1.0,1,1,seoul_projected_xy_unconverted
pedestrian_push_button,29-0000001545,02-0000097210,180.0,20080101.0,20080101.0,184998.34288,544015.42973,1.0,1,1,seoul_projected_xy_unconverted
pedestrian_push_button,29-0000001436,02-0000180269,180.0,,,192440.18044,556256.67861,1.0,1,1,seoul_projected_xy_unconverted
pedestrian_push_button,29-0000000827,02-0000105379,0.0,,,192441.1159,556258.2224,1.0,1,6,seoul_projected_xy_unconverted
pedestrian_push_button,29-0000001472,02-0000158395,180.0,20150206.0,20150206.0,195708.74424,555094.61763,1.0,1,6,seoul_projected_xy_unconverted
pedestrian_push_button,29-0000001554,02-0000180533,180.0,20100101.0,,189592.43672,553490.86672,1.0,2,1,seoul_projected_xy_unconverted
pedestrian_push_button,29-0000001557,02-0000001726,180.0,20131023.0,,193750.87615,552521.48041,1.0,1,1,seoul_projected_xy_unconverted
pedestrian_push_button,29-0000001565,02-0000008640,180.0,20110701.0,,193668.27599,553415.4672,1.0,1,1,seoul_projected_xy_unconverted
pedestrian_push_button,29-0000001571,02-0000003298,180.0,20110601.0,,193314.07256,553867.30382,1.0,1,1,seoul_projected_xy_unconverted
pedestrian_push_button,29-0000001574,02-0000177187,180.0,20140202.0,,191803.21004,552894.5937,1.0,1,1,seoul_projected_xy_unconverted
pedestrian_push_button,29-0000001587,02-0000173673,180.0,20110102.0,,198318.98696,550581.25865,1.0,1,1,seoul_projected_xy_unconverted
pedestrian_push_button,29-0000001693,02-0000180629,180.0,20140501.0,,203704.33339,565305.83083,1.0,1,1,seoul_projected_xy_unconverted
pedestrian_push_button,29-0000001694,02-0000180630,180.0,20140501.0,,203708.62265,565282.07492,1.0,1,1,seoul_projected_xy_unconverted
pedestrian_push_button,29-0000001695,02-0000180627,180.0,20140501.0,,203736.90778,565310.74999,1.0,1,1,seoul_projected_xy_unconverted
pedestrian_push_button,29-0000001696,02-0000180628,180.0,20140501.0,,203732.52854,565286.8141,1.0,1,1,seoul_projected_xy_unconverted
pedestrian_push_button,29-0000001698,02-0000128404,180.0,20141102.0,,202515.93039,561322.8209,1.0,1,1,seoul_projected_xy_unconverted
pedestrian_push_button,29-0000001699,02-0000132352,180.0,20141102.0,,202500.02,561310.37961,1.0,1,1,seoul_projected_xy_unconverted
pedestrian_push_button,29-0000001700,02-0000158341,180.0,20140501.0,,202759.95527,561271.01044,1.0,1,1,seoul_projected_xy_unconverted
pedestrian_push_button,29-0000001701,02-0000158339,180.0,20140501.0,,202755.45792,561252.65266,1.0,1,1,seoul_projected_xy_unconverted
pedestrian_push_button,29-0000001702,02-0000078854,180.0,20100625.0,,205896.89235,556259.98647,1.0,1,1,seoul_projected_xy_unconverted
pedestrian_push_button,29-0000000084,02-0000156155,0.0,,,203622.66638,563509.58574,1.0,1,4,seoul_projected_xy_unconverted
pedestrian_push_button,29-0000000487,02-0000156252,90.0,,,201385.66113,557425.22409,1.0,2,1,seoul_projected_xy_unconverted
pedestrian_push_button,29-0000000436,02-0000156255,90.0,,,202380.93112,558001.02657,1.0,1,1,seoul_projected_xy_unconverted
pedestrian_push_button,29-0000001675,02-0000160990,0.0,20211028.0,20211028.0,204851.55348,562743.52362,1.0,2,6,seoul_projected_xy_unconverted
pedestrian_push_button,29-0000001674,02-0000160987,0.0,20211028.0,20211028.0,204844.27223,562764.55375,1.0,2,6,seoul_projected_xy_unconverted
pedestrian_push_button,29-0000002126,02-0000220943,,20221201.0,20221201.0,,,1.0,2,1,seoul_projected_xy_unconverted
pedestrian_push_button,29-0000002128,02-0000220963,,20221201.0,20221201.0,,,1.0,2,1,seoul_projected_xy_unconverted
pedestrian_push_button,29-0000000794,02-0000010451,90.0,20220831.0,20220831.0,200146.2519,549361.12861,1.0,2,1,seoul_projected_xy_unconverted
pedestrian_push_button,29-0000002129,02-0000220964,,20221201.0,20221201.0,,,1.0,2,1,seoul_projected_xy_unconverted
pedestrian_push_button,29-0000000391,02-0000156268,90.0,,,202837.07252,559673.46046,1.0,1,1,seoul_projected_xy_unconverted
pedestrian_push_button,29-0000001099,02-0000176316,180.0,20130401.0,20130401.0,199360.28965,550030.51217,1.0,1,1,seoul_projected_xy_unconverted
pedestrian_push_button,29-0000000390,02-0000156269,90.0,,,202815.85755,559665.82188,1.0,1,1,seoul_projected_xy_unconverted
pedestrian_push_button,29-0000002132,02-0000221065,,,,,,1.0,2,1,seoul_projected_xy_unconverted
pedestrian_push_button,29-0000002110,02-0000220353,,20220513.0,20220513.0,,,1.0,2,1,seoul_projected_xy_unconverted
pedestrian_push_button,29-0000000710,02-0000156769,90.0,,,191576.37595,546529.41525,1.0,1,1,seoul_projected_xy_unconverted
pedestrian_push_button,29-0000001684,02-0000089539,180.0,20090901.0,,203864.73641,560724.87098,1.0,2,1,seoul_projected_xy_unconverted
pedestrian_push_button,29-0000001685,02-0000089541,180.0,20090901.0,,203886.81074,560720.07087,1.0,2,1,seoul_projected_xy_unconverted
pedestrian_push_button,29-0000001686,02-0000169749,180.0,20080201.0,,203280.30385,562905.93349,1.0,1,1,seoul_projected_xy_unconverted
pedestrian_push_button,29-0000001687,02-0000125785,180.0,20090501.0,,203058.97944,559887.3851,1.0,2,1,seoul_projected_xy_unconverted
pedestrian_push_button,29-0000001688,02-0000125784,180.0,20090501.0,,203046.7303,559875.20907,1.0,2,1,seoul_projected_xy_unconverted
pedestrian_push_button,29-0000001689,02-0000087434,180.0,20101001.0,,204230.10542,561001.21812,1.0,1,1,seoul_projected_xy_unconverted
pedestrian_push_button,29-0000001690,02-0000103190,180.0,20101001.0,,204210.04262,560983.21372,1.0,1,1,seoul_projected_xy_unconverted
pedestrian_push_button,29-0000001793,02-0000171558,180.0,20130701.0,,213097.29208,545065.85272,1.0,2,1,seoul_projected_xy_unconverted
pedestrian_push_button,29-0000001818,02-0000136941,180.0,20100625.0,,201715.46375,557813.65725,1.0,1,1,seoul_projected_xy_unconverted
pedestrian_push_button,29-0000001819,02-0000136550,180.0,20100625.0,,201719.26747,557793.10703,1.0,1,1,seoul_projected_xy_unconverted
pedestrian_push_button,29-0000001785,02-0000006047,180.0,20151103.0,20151103.0,197086.2331,551808.73859,1.0,1,6,seoul_projected_xy_unconverted
pedestrian_push_button,29-0000001784,02-0000095393,180.0,20151103.0,20151103.0,197068.23406,551827.98287,1.0,1,1,seoul_projected_xy_unconverted
pedestrian_push_button,29-0000001865,02-0000038895,180.0,20150922.0,20150922.0,205276.60471,546055.56054,1.0,1,6,seoul_projected_xy_unconverted
pedestrian_push_button,29-0000001872,02-0000038565,180.0,20150922.0,20150922.0,205478.97989,546133.75709,1.0,1,6,seoul_projected_xy_unconverted
pedestrian_push_button,29-0000001868,02-0000098769,180.0,20150922.0,20150922.0,205341.32983,546046.83392,1.0,1,6,seoul_projected_xy_unconverted
pedestrian_push_button,29-0000001862,02-0000039051,180.0,20150922.0,20150922.0,205303.36011,546146.92107,1.0,1,6,seoul_projected_xy_unconverted
pedestrian_push_button,29-0000001858,02-0000038940,180.0,20150920.0,20150920.0,204733.28571,545976.7866,1.0,1,6,seoul_projected_xy_unconverted
pedestrian_push_button,29-0000001855,02-0000038928,180.0,20150920.0,20150920.0,204709.11736,545927.49383,1.0,1,6,seoul_projected_xy_unconverted
pedestrian_push_button,29-0000001880,02-0000182909,180.0,20160531.0,20160531.0,202746.93189,558249.99217,1.0,2,6,seoul_projected_xy_unconverted
pedestrian_push_button,29-0000001879,02-0000088886,180.0,20160531.0,20160531.0,202735.23577,558250.2265,1.0,2,6,seoul_projected_xy_unconverted
pedestrian_push_button,29-0000001744,02-0000090250,180.0,20140917.0,20160531.0,202663.95491,559517.096,1.0,1,6,seoul_projected_xy_unconverted
pedestrian_push_button,29-0000001876,02-0000182907,180.0,20160531.0,20160531.0,201589.70852,558875.7548,1.0,1,6,seoul_projected_xy_unconverted
pedestrian_push_button,29-0000001877,02-0000139328,180.0,20160531.0,20160531.0,201591.94501,558844.67265,1.0,1,6,seoul_projected_xy_unconverted
pedestrian_push_button,29-0000001878,02-0000155982,180.0,20160531.0,20160531.0,201577.29628,558845.10757,1.0,1,6,seoul_projected_xy_unconverted
pedestrian_push_button,29-0000001764,02-0000134312,180.0,20141130.0,20141130.0,188302.89206,544450.51986,1.0,1,6,seoul_projected_xy_unconverted
pedestrian_push_button,29-0000001232,02-0000160954,180.0,20130910.0,20130910.0,205202.79491,554413.08991,1.0,1,6,seoul_projected_xy_unconverted
pedestrian_push_button,29-0000001285,02-0000070396,180.0,20140519.0,20151120.0,188914.96767,547721.18705,1.0,1,6,seoul_projected_xy_unconverted
pedestrian_push_button,29-0000001840,02-0000060815,180.0,20151109.0,20151109.0,191376.25726,547269.95095,1.0,1,1,seoul_projected_xy_unconverted
pedestrian_push_button,29-0000001496,02-0000111137,180.0,20160625.0,20160625.0,211324.52588,547556.566,1.0,1,1,seoul_projected_xy_unconverted
pedestrian_push_button,29-0000001239,02-0000135949,180.0,20130410.0,20130410.0,202669.78891,551756.11149,1.0,1,6,seoul_projected_xy_unconverted
pedestrian_push_button,29-0000001237,02-0000050702,180.0,20130410.0,20130410.0,209093.64102,549383.74096,1.0,1,6,seoul_projected_xy_unconverted
pedestrian_push_button,29-0000001754,02-0000129124,180.0,,,204987.49384,551587.83107,1.0,1,1,seoul_projected_xy_unconverted
pedestrian_push_button,29-0000001783,02-0000006045,180.0,20151103.0,20151103.0,197059.40227,551846.74642,1.0,1,6,seoul_projected_xy_unconverted
pedestrian_push_button,29-0000001775,02-0000181332,180.0,20151020.0,20151020.0,208694.96123,544776.27586,1.0,1,1,seoul_projected_xy_unconverted
pedestrian_push_button,29-0000001372,02-0000131590,180.0,20120319.0,20140519.0,191405.17479,544994.90931,1.0,1,6,seoul_projected_xy_unconverted
pedestrian_push_button,29-0000001371,02-0000029000,180.0,20141121.0,20141121.0,191374.78627,545103.96117,1.0,1,6,seoul_projected_xy_unconverted
pedestrian_push_button,29-0000001368,02-0000108050,180.0,20120319.0,20140623.0,191272.01833,545233.23704,1.0,1,6,seoul_projected_xy_unconverted
pedestrian_push_button,29-0000000006,02-0000162103,0.0,,,200130.99015,547066.61906,1.0,1,1,seoul_projected_xy_unconverted
pedestrian_push_button,29-0000000005,02-0000162103,0.0,,,200129.19072,547067.93824,1.0,1,2,seoul_projected_xy_unconverted
pedestrian_push_button,29-0000000004,02-0000162103,0.0,,,200129.19072,547067.93824,1.0,1,2,seoul_projected_xy_unconverted
pedestrian_push_button,29-0000000009,02-0000162104,0.0,,,192857.2553,549271.00736,1.0,1,1,seoul_projected_xy_unconverted
pedestrian_push_button,29-0000000008,02-0000162104,0.0,,,192857.2553,549271.00736,1.0,1,1,seoul_projected_xy_unconverted
pedestrian_push_button,29-0000000013,02-0000162105,0.0,,,190934.63327,549168.58356,1.0,1,2,seoul_projected_xy_unconverted
pedestrian_push_button,29-0000000013,02-0000162105,0.0,,,190934.63327,549168.58356,1.0,1,2,seoul_projected_xy_unconverted
pedestrian_push_button,29-0000000012,02-0000162105,0.0,,,190934.63327,549168.58356,1.0,1,2,seoul_projected_xy_unconverted
pedestrian_push_button,29-0000000010,02-0000162105,0.0,,,190934.63327,549168.58356,1.0,1,2,seoul_projected_xy_unconverted
pedestrian_push_button,29-0000000011,02-0000162105,0.0,,,190934.63327,549168.58356,1.0,1,2,seoul_projected_xy_unconverted
pedestrian_push_button,29-0000000007,02-0000162103,0.0,,,200132.18995,547063.85954,1.0,1,1,seoul_projected_xy_unconverted
pedestrian_push_button,29-0000000010,02-0000162105,0.0,,,190934.63327,549168.58356,1.0,1,2,seoul_projected_xy_unconverted
pedestrian_push_button,29-0000000014,02-0000162138,0.0,,,194753.02407,548944.17258,1.0,1,3,seoul_projected_xy_unconverted
pedestrian_push_button,29-0000000017,02-0000162139,0.0,,,198997.37926,545120.58055,1.0,1,2,seoul_projected_xy_unconverted
pedestrian_push_button,29-0000000015,02-0000162140,0.0,,,198939.26013,545101.45549,1.0,1,2,seoul_projected_xy_unconverted
pedestrian_push_button,29-0000000016,02-0000162140,0.0,,,198939.26013,545101.45549,1.0,1,2,seoul_projected_xy_unconverted
pedestrian_push_button,29-0000000018,02-0000162141,0.0,,,199019.858,545132.08998,1.0,1,3,seoul_projected_xy_unconverted
pedestrian_push_button,29-0000000019,02-0000162141,180.0,,,199019.8576,545132.0907,1.0,1,1,seoul_projected_xy_unconverted
pedestrian_push_button,29-0000000021,02-0000162142,0.0,,,199012.74642,545126.80188,1.0,1,3,seoul_projected_xy_unconverted
pedestrian_push_button,29-0000000020,02-0000162142,0.0,,,199012.74642,545126.80188,1.0,1,1,seoul_projected_xy_unconverted
pedestrian_push_button,29-0000000022,02-0000162143,0.0,,,199012.74642,545126.80188,1.0,1,1,seoul_projected_xy_unconverted
pedestrian_push_button,29-0000000023,02-0000162144,0.0,,,198989.22351,545116.22569,1.0,1,3,seoul_projected_xy_unconverted
pedestrian_push_button,29-0000000025,02-0000162146,0.0,,,199379.08382,545302.58548,1.0,1,3,seoul_projected_xy_unconverted
pedestrian_push_button,29-0000000024,02-0000162146,0.0,,,199379.08382,545302.58548,1.0,1,1,seoul_projected_xy_unconverted
pedestrian_push_button,29-0000000026,02-0000162147,0.0,,,199344.43768,545280.88605,1.0,1,3,seoul_projected_xy_unconverted
pedestrian_push_button,29-0000001111,02-0000176478,0.0,20130315.0,20130315.0,201796.72352,540163.64628,1.0,1,1,seoul_projected_xy_unconverted
pedestrian_push_button,29-0000000727,02-0000059482,90.0,20130321.0,20130321.0,188547.57282,547640.19724,1.0,1,6,seoul_projected_xy_unconverted
pedestrian_push_button,29-0000001133,02-0000147639,180.0,20130825.0,,186413.84626,545650.57841,1.0,1,6,seoul_projected_xy_unconverted
pedestrian_push_button,29-0000001127,02-0000150775,180.0,20130725.0,,184673.65156,550664.11377,1.0,1,6,seoul_projected_xy_unconverted
pedestrian_push_button,29-0000001119,02-0000057392,180.0,20130725.0,,190091.43648,548507.73983,1.0,1,1,seoul_projected_xy_unconverted
pedestrian_push_button,29-0000001117,02-0000056353,180.0,20130725.0,20130725.0,190102.21587,548357.56692,1.0,1,1,seoul_projected_xy_unconverted
pedestrian_push_button,29-0000001116,02-0000056361,180.0,20130725.0,20130725.0,190133.37301,548363.52465,1.0,1,1,seoul_projected_xy_unconverted
pedestrian_push_button,29-0000000236,02-0000061218,90.0,20131025.0,20131025.0,197440.01071,548848.65929,1.0,2,1,seoul_projected_xy_unconverted
pedestrian_push_button,29-0000001151,02-0000172767,180.0,,,191508.37765,544261.8092,1.0,2,1,seoul_projected_xy_unconverted
pedestrian_push_button,29-0000001148,02-0000177297,180.0,20131115.0,20131115.0,192320.77661,554862.96374,1.0,1,6,seoul_projected_xy_unconverted
pedestrian_push_button,29-0000001157,02-0000131678,180.0,,,194694.15196,544820.74428,1.0,2,1,seoul_projected_xy_unconverted
pedestrian_push_button,29-0000001162,02-0000030622,180.0,,,196561.07195,545137.65099,1.0,1,1,seoul_projected_xy_unconverted
pedestrian_push_button,29-0000001165,02-0000015471,180.0,,,189790.97818,549109.26382,,1,1,seoul_projected_xy_unconverted
pedestrian_push_button,29-0000001167,02-0000015472,180.0,,,189844.66706,548954.67042,,1,1,seoul_projected_xy_unconverted
pedestrian_push_button,29-0000001174,02-0000119936,180.0,,,188878.23243,547506.03407,,1,1,seoul_projected_xy_unconverted
pedestrian_push_button,29-0000001176,02-0000155010,180.0,,,183781.34167,551999.08468,,1,1,seoul_projected_xy_unconverted
pedestrian_push_button,29-0000001177,02-0000155012,180.0,,,183816.40189,552032.30396,,1,1,seoul_projected_xy_unconverted
pedestrian_push_button,29-0000001923,02-0000194406,180.0,20170801.0,20191020.0,209565.80102,541077.63025,1.0,2,1,seoul_projected_xy_unconverted
pedestrian_push_button,29-0000001260,02-0000104735,180.0,20140123.0,20140123.0,194812.7328,556822.5378,1.0,1,1,seoul_projected_xy_unconverted
pedestrian_push_button,29-0000000201,02-0000105757,90.0,20130716.0,20130716.0,190760.27451,551941.62019,1.0,1,1,seoul_projected_xy_unconverted
pedestrian_push_button,29-0000001235,02-0000178261,180.0,20130716.0,20130716.0,190606.08604,552053.64904,1.0,1,6,seoul_projected_xy_unconverted
pedestrian_push_button,29-0000001276,02-0000118959,0.0,,,189601.59545,544531.98396,1.0,1,1,seoul_projected_xy_unconverted
pedestrian_push_button,29-0000001277,02-0000028071,0.0,,,189618.34195,544557.24524,1.0,1,1,seoul_projected_xy_unconverted
pedestrian_push_button,29-0000001278,02-0000142865,180.0,20140516.0,20140516.0,188497.60636,547473.82149,1.0,1,1,seoul_projected_xy_unconverted
pedestrian_push_button,29-0000001280,02-0000176653,180.0,20140516.0,20140516.0,188522.76922,547465.76413,1.0,1,1,seoul_projected_xy_unconverted
pedestrian_push_button,29-0000001283,02-0000056285,180.0,20140516.0,20140516.0,187773.61907,546362.84829,1.0,1,1,seoul_projected_xy_unconverted
pedestrian_push_button,29-0000001286,02-0000070397,180.0,20140519.0,20140519.0,188898.36646,547726.91044,1.0,1,1,seoul_projected_xy_unconverted
pedestrian_push_button,29-0000001315,02-0000069969,180.0,20131231.0,20131231.0,196023.90376,548104.53046,1.0,1,6,seoul_projected_xy_unconverted
pedestrian_push_button,29-0000001314,02-0000069970,180.0,20131231.0,20131231.0,196048.5164,548066.04146,1.0,1,6,seoul_projected_xy_unconverted
pedestrian_push_button,29-0000001313,02-0000069973,180.0,20131231.0,20131231.0,196043.94781,548053.33115,1.0,1,6,seoul_projected_xy_unconverted
pedestrian_push_button,29-0000001312,02-0000114067,180.0,20131231.0,20131231.0,196070.84006,548030.8069,1.0,1,6,seoul_projected_xy_unconverted
pedestrian_push_button,29-0000001310,02-0000162673,180.0,20131231.0,20131231.0,197908.94064,550516.53541,1.0,1,6,seoul_projected_xy_unconverted
pedestrian_push_button,29-0000001309,02-0000162675,180.0,20131231.0,20131231.0,197936.70086,550511.27132,1.0,1,6,seoul_projected_xy_unconverted
pedestrian_push_button,29-0000001308,02-0000162672,180.0,20131231.0,20131231.0,197914.39595,550503.95633,1.0,1,6,seoul_projected_xy_unconverted
pedestrian_push_button,29-0000001307,02-0000173625,180.0,20131231.0,20131231.0,197604.9767,551121.02514,1.0,1,6,seoul_projected_xy_unconverted
pedestrian_push_button,29-0000001306,02-0000173624,180.0,20131231.0,20131231.0,197612.00674,551140.58365,1.0,1,1,seoul_projected_xy_unconverted
pedestrian_push_button,29-0000001303,02-0000158876,180.0,20131231.0,20131231.0,196835.23228,550364.84401,1.0,1,6,seoul_projected_xy_unconverted
pedestrian_push_button,29-0000001300,02-0000158877,180.0,20131231.0,20131231.0,196822.8744,550387.58573,1.0,1,6,seoul_projected_xy_unconverted
pedestrian_push_button,29-0000001175,02-0000155011,180.0,,,183816.40095,551993.87495,,1,1,seoul_projected_xy_unconverted
pedestrian_push_button,29-0000000280,02-0000134212,90.0,20140205.0,20140205.0,193321.00137,556151.15489,1.0,1,1,seoul_projected_xy_unconverted
pedestrian_push_button,29-0000001236,02-0000178262,180.0,20130716.0,20130716.0,190601.1069,551991.01981,1.0,1,6,seoul_projected_xy_unconverted
pedestrian_push_button,29-0000001271,02-0000118402,180.0,,,192106.82342,547086.4569,1.0,1,1,seoul_projected_xy_unconverted
pedestrian_push_button,29-0000001299,02-0000123992,180.0,20131231.0,20131231.0,192532.09962,553986.88575,1.0,1,6,seoul_projected_xy_unconverted
pedestrian_push_button,29-0000001298,02-0000008110,180.0,20131231.0,20131231.0,192506.649,553988.77542,1.0,1,6,seoul_projected_xy_unconverted
pedestrian_push_button,29-0000001317,02-0000006852,180.0,20140113.0,20140113.0,192160.25736,553028.47942,1.0,1,6,seoul_projected_xy_unconverted
pedestrian_push_button,29-0000001316,02-0000177072,180.0,20140113.0,20140113.0,192148.98305,553007.04248,1.0,1,6,seoul_projected_xy_unconverted
pedestrian_push_button,29-0000001330,02-0000046351,180.0,,,211491.78835,543098.11445,1.0,1,1,seoul_projected_xy_unconverted
pedestrian_push_button,29-0000001334,02-0000171556,180.0,20130701.0,,212708.82893,545202.64981,1.0,1,1,seoul_projected_xy_unconverted
pedestrian_push_button,29-0000001335,02-0000171555,180.0,20130701.0,,212691.17696,545178.83016,1.0,1,1,seoul_projected_xy_unconverted
pedestrian_push_button,29-0000001338,02-0000179119,180.0,,,207650.58933,540296.44468,1.0,1,1,seoul_projected_xy_unconverted
pedestrian_push_button,29-0000001357,02-0000172836,180.0,20140814.0,20140814.0,209961.71789,549487.53435,1.0,2,1,seoul_projected_xy_unconverted
pedestrian_push_button,29-0000001358,02-0000172837,180.0,20140814.0,20140814.0,210159.01644,549427.37971,1.0,2,1,seoul_projected_xy_unconverted
pedestrian_push_button,29-0000001359,02-0000172838,180.0,20140814.0,20140814.0,210160.9961,549409.89646,1.0,2,1,seoul_projected_xy_unconverted
pedestrian_push_button,29-0000001361,02-0000178333,180.0,20140214.0,20140214.0,197329.05418,554589.21023,1.0,2,1,seoul_projected_xy_unconverted
pedestrian_push_button,29-0000001353,02-0000176387,180.0,20130220.0,20140525.0,199778.9576,552636.79369,1.0,1,6,seoul_projected_xy_unconverted
pedestrian_push_button,29-0000001366,02-0000179632,180.0,,20140823.0,202145.05545,555001.64301,1.0,1,1,seoul_projected_xy_unconverted
pedestrian_push_button,29-0000001380,02-0000027702,180.0,20150202.0,20150202.0,186847.83306,544876.65278,1.0,1,6,seoul_projected_xy_unconverted
pedestrian_push_button,29-0000001378,02-0000027867,180.0,20150202.0,20150202.0,187121.9737,545006.30172,1.0,1,6,seoul_projected_xy_unconverted
pedestrian_push_button,29-0000001376,02-0000027715,180.0,20150202.0,20150202.0,186991.99294,544943.35005,1.0,1,6,seoul_projected_xy_unconverted
pedestrian_push_button,29-0000001375,02-0000027719,180.0,20150202.0,20150202.0,186985.11194,544960.89328,1.0,1,1,seoul_projected_xy_unconverted
pedestrian_push_button,29-0000001355,02-0000097487,180.0,20140508.0,20140508.0,186459.94168,544693.97859,1.0,1,6,seoul_projected_xy_unconverted
pedestrian_push_button,29-0000001414,02-0000030179,180.0,20140905.0,,191987.73079,546417.96006,1.0,1,6,seoul_projected_xy_unconverted
pedestrian_push_button,29-0000001410,02-0000113157,0.0,20140808.0,,186881.30543,551483.02723,1.0,1,6,seoul_projected_xy_unconverted
pedestrian_push_button,29-0000001423,02-0000062273,180.0,20150312.0,20150312.0,192222.18132,546874.14556,1.0,1,1,seoul_projected_xy_unconverted
pedestrian_push_button,29-0000001930,02-0000007457,180.0,,,183807.8243,551766.10727,,1,1,seoul_projected_xy_unconverted
pedestrian_push_button,29-0000001441,02-0000161639,180.0,,,196346.17206,541388.56987,1.0,2,1,seoul_projected_xy_unconverted
pedestrian_push_button,29-0000001430,02-0000059006,180.0,20150312.0,20150312.0,188017.01594,546469.08438,1.0,1,1,seoul_projected_xy_unconverted
pedestrian_push_button,29-0000001931,02-0000195254,180.0,20070601.0,,183803.77031,551469.83137,1.0,1,1,seoul_projected_xy_unconverted
pedestrian_push_button,29-0000001759,02-0000050798,180.0,20130430.0,20161124.0,208708.37981,549188.06026,1.0,1,1,seoul_projected_xy_unconverted
pedestrian_push_button,29-0000001462,02-0000172008,180.0,,,199610.13728,543219.36484,1.0,2,1,seoul_projected_xy_unconverted
pedestrian_push_button,29-0000001465,02-0000165413,180.0,,,198845.11892,541979.57317,1.0,1,1,seoul_projected_xy_unconverted
pedestrian_push_button,29-0000001466,02-0000017486,180.0,,,198832.14053,542000.61268,1.0,1,1,seoul_projected_xy_unconverted
pedestrian_push_button,29-0000001598,02-0000050796,180.0,20130430.0,20161124.0,208709.69208,549161.2805,1.0,1,1,seoul_projected_xy_unconverted
pedestrian_push_button,29-0000000625,02-0000065179,90.0,20161116.0,20161116.0,207086.8026,550975.05151,1.0,1,1,seoul_projected_xy_unconverted
pedestrian_push_button,29-0000000624,02-0000065178,90.0,20161116.0,20161116.0,207069.06065,550976.54376,1.0,1,1,seoul_projected_xy_unconverted
pedestrian_push_button,29-0000000619,02-0000064869,90.0,20161116.0,20161116.0,207145.91117,551147.58182,1.0,1,1,seoul_projected_xy_unconverted
pedestrian_push_button,29-0000001474,02-0000132223,0.0,,,200049.72664,541932.08385,1.0,1,1,seoul_projected_xy_unconverted
pedestrian_push_button,29-0000000027,02-0000162148,0.0,,,199402.97143,545315.89689,1.0,1,3,seoul_projected_xy_unconverted
pedestrian_push_button,29-0000000028,02-0000162149,0.0,,,198964.78886,545105.83185,1.0,1,3,seoul_projected_xy_unconverted
pedestrian_push_button,29-0000001042,02-0000162191,0.0,,,198717.72272,555212.27486,1.0,2,1,seoul_projected_xy_unconverted
pedestrian_push_button,29-0000000651,02-0000162960,90.0,,,207293.66575,549519.31764,1.0,1,1,seoul_projected_xy_unconverted
pedestrian_push_button,29-0000001922,02-0000194405,180.0,20170801.0,20191020.0,209544.32471,541063.11275,1.0,2,1,seoul_projected_xy_unconverted
pedestrian_push_button,29-0000000839,02-0000163010,90.0,,,204402.07655,553564.1717,1.0,1,1,seoul_projected_xy_unconverted
pedestrian_push_button,29-0000000260,02-0000163138,90.0,,,198264.15077,549629.79612,1.0,2,1,seoul_projected_xy_unconverted
pedestrian_push_button,29-0000000259,02-0000163139,90.0,,,198256.47584,549640.30369,1.0,2,1,seoul_projected_xy_unconverted
pedestrian_push_button,29-0000000116,02-0000163158,90.0,,,189109.54451,548278.29366,1.0,1,1,seoul_projected_xy_unconverted
pedestrian_push_button,29-0000000762,02-0000163176,90.0,,,192418.41918,548277.06077,1.0,1,1,seoul_projected_xy_unconverted
pedestrian_push_button,29-0000000763,02-0000163177,90.0,,,192411.87656,548262.34643,1.0,2,1,seoul_projected_xy_unconverted
pedestrian_push_button,29-0000000212,02-0000163245,270.0,,,196083.36891,549138.38652,1.0,1,1,seoul_projected_xy_unconverted
pedestrian_push_button,29-0000000211,02-0000163246,90.0,,,196087.09449,549163.63906,1.0,1,1,seoul_projected_xy_unconverted
pedestrian_push_button,29-0000000256,02-0000166368,90.0,,,199467.12978,546889.83714,1.0,1,2,seoul_projected_xy_unconverted
pedestrian_push_button,29-0000001082,02-0000166368,90.0,,,199467.12978,546889.83714,1.0,1,2,seoul_projected_xy_unconverted
pedestrian_push_button,29-0000000256,02-0000166368,90.0,,,199467.12978,546889.83714,1.0,1,1,seoul_projected_xy_unconverted
pedestrian_push_button,29-0000000452,02-0000166392,90.0,,,201595.32954,557458.87494,1.0,1,1,seoul_projected_xy_unconverted
pedestrian_push_button,29-0000000774,02-0000166845,180.0,,,192755.57864,552861.14593,1.0,1,2,seoul_projected_xy_unconverted
pedestrian_push_button,29-0000000774,02-0000166845,180.0,,,192755.57864,552861.14593,1.0,1,2,seoul_projected_xy_unconverted
pedestrian_push_button,29-0000000775,02-0000166915,90.0,,,198614.27937,555206.09118,1.0,2,1,seoul_projected_xy_unconverted
pedestrian_push_button,29-0000000776,02-0000166916,90.0,,,198602.5506,555214.92299,1.0,2,1,seoul_projected_xy_unconverted
pedestrian_push_button,29-0000001070,02-0000167020,45.0,,,205047.54725,551304.75103,1.0,2,1,seoul_projected_xy_unconverted
pedestrian_push_button,29-0000001069,02-0000167021,135.0,,,205034.12644,551308.83033,1.0,2,1,seoul_projected_xy_unconverted
pedestrian_push_button,29-0000000777,02-0000167116,0.0,,,199172.29789,551323.86897,1.0,1,1,seoul_projected_xy_unconverted
pedestrian_push_button,29-0000000778,02-0000167116,0.0,,,199172.29789,551323.86897,1.0,1,4,seoul_projected_xy_unconverted
pedestrian_push_button,29-0000000777,02-0000167116,0.0,,,199172.29789,551323.86897,1.0,1,4,seoul_projected_xy_unconverted
pedestrian_push_button,29-0000000783,02-0000167248,0.0,,,198502.51184,551857.07028,1.0,1,1,seoul_projected_xy_unconverted
pedestrian_push_button,29-0000000784,02-0000167248,0.0,,,198502.51184,551857.07028,1.0,1,1,seoul_projected_xy_unconverted
pedestrian_push_button,29-0000000806,02-0000167300,0.0,,,200462.52873,556758.51006,1.0,2,1,seoul_projected_xy_unconverted
pedestrian_push_button,29-0000000805,02-0000167301,0.0,,,200450.87573,556765.11643,1.0,2,1,seoul_projected_xy_unconverted
pedestrian_push_button,29-0000000785,02-0000167307,90.0,,,190456.83735,540121.25232,1.0,1,1,seoul_projected_xy_unconverted
pedestrian_push_button,29-0000000786,02-0000167309,90.0,,,190472.94083,540123.14387,1.0,1,1,seoul_projected_xy_unconverted
pedestrian_push_button,29-0000000831,02-0000168605,180.0,,,203308.44089,541076.4567,1.0,2,1,seoul_projected_xy_unconverted
pedestrian_push_button,29-0000000832,02-0000168606,180.0,,,203293.61031,541085.26019,1.0,2,1,seoul_projected_xy_unconverted
pedestrian_push_button,29-0000000859,02-0000169392,0.0,,,192577.64866,554633.62883,1.0,1,1,seoul_projected_xy_unconverted
pedestrian_push_button,29-0000000860,02-0000169393,0.0,,,192567.8141,554615.09015,1.0,1,1,seoul_projected_xy_unconverted
pedestrian_push_button,29-0000000918,02-0000170012,0.0,,,208555.87855,556440.2667,1.0,1,1,seoul_projected_xy_unconverted
pedestrian_push_button,29-0000000920,02-0000170076,0.0,,,204535.77907,552563.14511,1.0,1,1,seoul_projected_xy_unconverted
pedestrian_push_button,29-0000000921,02-0000170078,0.0,,,204548.04653,552554.81286,1.0,1,1,seoul_projected_xy_unconverted
pedestrian_push_button,29-0000000922,02-0000170131,0.0,,,203490.11775,554645.06811,1.0,1,1,seoul_projected_xy_unconverted
pedestrian_push_button,29-0000000972,02-0000171028,180.0,,,200964.86904,554123.30384,1.0,2,1,seoul_projected_xy_unconverted
pedestrian_push_button,29-0000000973,02-0000171029,180.0,,,200954.56531,554117.46203,1.0,2,1,seoul_projected_xy_unconverted
pedestrian_push_button,29-0000000978,02-0000172102,270.0,,,201383.27344,552980.17138,1.0,1,1,seoul_projected_xy_unconverted
pedestrian_push_button,29-0000000978,02-0000172102,270.0,,,201383.27344,552980.17138,1.0,1,2,seoul_projected_xy_unconverted
pedestrian_push_button,29-0000000979,02-0000172104,225.0,,,201363.25697,552983.7914,1.0,1,2,seoul_projected_xy_unconverted
pedestrian_push_button,29-0000000979,02-0000172104,225.0,,,201363.25697,552983.7914,1.0,1,2,seoul_projected_xy_unconverted
pedestrian_push_button,29-0000000980,02-0000172108,45.0,,,201367.23131,553164.22841,1.0,1,1,seoul_projected_xy_unconverted
pedestrian_push_button,29-0000000980,02-0000172108,45.0,,,201367.23131,553164.22841,1.0,1,2,seoul_projected_xy_unconverted
pedestrian_push_button,29-0000000983,02-0000172110,135.0,,,201348.08389,553155.64762,1.0,1,1,seoul_projected_xy_unconverted
pedestrian_push_button,29-0000000983,02-0000172110,135.0,,,201348.08389,553155.64762,1.0,1,2,seoul_projected_xy_unconverted
pedestrian_push_button,29-0000000984,02-0000172111,135.0,,,201378.30139,552788.13165,1.0,1,1,seoul_projected_xy_unconverted
pedestrian_push_button,29-0000000984,02-0000172111,135.0,,,201378.30139,552788.13165,1.0,1,2,seoul_projected_xy_unconverted
pedestrian_push_button,29-0000000986,02-0000172113,45.0,,,201395.61002,552794.13407,1.0,1,2,seoul_projected_xy_unconverted
pedestrian_push_button,29-0000000995,02-0000173381,315.0,,,201383.20822,552980.99082,1.0,1,1,seoul_projected_xy_unconverted
pedestrian_push_button,29-0000000997,02-0000173385,135.0,,,201367.28133,553163.77495,1.0,1,4,seoul_projected_xy_unconverted
pedestrian_push_button,29-0000000998,02-0000173386,315.0,,,201348.98157,553147.23734,1.0,1,4,seoul_projected_xy_unconverted
pedestrian_push_button,29-0000000998,02-0000173386,225.0,,,201348.98157,553147.23734,1.0,1,1,seoul_projected_xy_unconverted
pedestrian_push_button,29-0000000999,02-0000173387,225.0,,,201378.05931,552787.78731,1.0,1,1,seoul_projected_xy_unconverted
pedestrian_push_button,29-0000001000,02-0000173388,315.0,,,201395.66805,552794.08948,1.0,1,1,seoul_projected_xy_unconverted
pedestrian_push_button,29-0000001001,02-0000173617,225.0,,,205971.10586,555473.59384,1.0,1,1,seoul_projected_xy_unconverted
pedestrian_push_button,29-0000001001,02-0000173617,225.0,,,205971.10586,555473.59384,1.0,1,2,seoul_projected_xy_unconverted
pedestrian_push_button,29-0000001071,02-0000173617,225.0,,,205971.10586,555473.59384,1.0,1,2,seoul_projected_xy_unconverted
pedestrian_push_button,29-0000001007,02-0000173627,0.0,,,193360.78015,552800.14933,1.0,1,1,seoul_projected_xy_unconverted
pedestrian_push_button,29-0000001047,02-0000173902,0.0,,,202370.94455,553467.64435,1.0,1,2,seoul_projected_xy_unconverted
pedestrian_push_button,29-0000001031,02-0000173902,0.0,,,202370.94455,553467.64435,1.0,1,2,seoul_projected_xy_unconverted
pedestrian_push_button,29-0000001039,02-0000174308,180.0,,,193692.24936,553071.2558,1.0,1,1,seoul_projected_xy_unconverted
pedestrian_push_button,29-0000001043,02-0000174440,0.0,,,198717.34224,555226.2053,1.0,2,1,seoul_projected_xy_unconverted
pedestrian_push_button,29-0000001044,02-0000174542,90.0,,,191817.27157,551637.72435,1.0,1,2,seoul_projected_xy_unconverted
pedestrian_push_button,29-0000001045,02-0000174544,225.0,,,191834.25657,551617.39537,1.0,1,2,seoul_projected_xy_unconverted
pedestrian_push_button,29-0000001067,02-0000175229,135.0,,,203152.14528,548913.21943,1.0,1,1,seoul_projected_xy_unconverted
pedestrian_push_button,29-0000001079,02-0000175727,0.0,,,201494.83909,547111.89534,1.0,2,3,seoul_projected_xy_unconverted
pedestrian_push_button,29-0000001080,02-0000175728,180.0,,,201475.23884,547111.33574,1.0,2,1,seoul_projected_xy_unconverted
pedestrian_push_button,29-0000001091,02-0000175767,0.0,,,198731.39579,550806.81698,1.0,1,1,seoul_projected_xy_unconverted
pedestrian_push_button,29-0000000733,02-0000056145,90.0,,,187683.41428,546110.06116,1.0,1,1,seoul_projected_xy_unconverted
pedestrian_push_button,29-0000000707,02-0000056493,90.0,,,183812.54926,552183.10693,1.0,1,1,seoul_projected_xy_unconverted
pedestrian_push_button,29-0000000674,02-0000067550,90.0,,,184327.95261,552663.20415,1.0,1,1,seoul_projected_xy_unconverted
pedestrian_push_button,29-0000000631,02-0000068215,90.0,,,204582.01049,552136.35418,1.0,1,1,seoul_projected_xy_unconverted
pedestrian_push_button,29-0000000033,02-0000069341,90.0,,,201362.6978,552994.47429,1.0,1,2,seoul_projected_xy_unconverted
pedestrian_push_button,29-0000000030,02-0000069409,90.0,,,201367.81532,553155.4315,1.0,1,1,seoul_projected_xy_unconverted
pedestrian_push_button,29-0000000193,02-0000139665,90.0,,,194486.37722,550194.4345,1.0,1,2,seoul_projected_xy_unconverted
pedestrian_push_button,29-0000000295,02-0000139703,90.0,,,197867.46342,550996.25356,1.0,1,1,seoul_projected_xy_unconverted
pedestrian_push_button,29-0000000144,02-0000155727,225.0,,,206430.85499,544197.74614,1.0,1,4,seoul_projected_xy_unconverted
pedestrian_push_button,29-0000000687,02-0000156021,90.0,,,188596.65119,547450.75171,1.0,1,1,seoul_projected_xy_unconverted
pedestrian_push_button,29-0000000385,02-0000073905,90.0,,,200355.47527,554575.39385,1.0,2,1,seoul_projected_xy_unconverted
pedestrian_push_button,29-0000000303,02-0000077101,90.0,,,201306.47594,551166.50697,1.0,1,1,seoul_projected_xy_unconverted
pedestrian_push_button,29-0000000561,02-0000080246,90.0,,,207080.7794,552759.61536,1.0,1,1,seoul_projected_xy_unconverted
pedestrian_push_button,29-0000000080,02-0000086311,0.0,,,203071.16994,562324.42282,1.0,1,4,seoul_projected_xy_unconverted
pedestrian_push_button,29-0000000520,02-0000088411,90.0,,,203551.67841,559334.20528,1.0,1,1,seoul_projected_xy_unconverted
pedestrian_push_button,29-0000000518,02-0000101951,90.0,,,202351.84407,553475.26992,1.0,1,1,seoul_projected_xy_unconverted
pedestrian_push_button,29-0000000388,02-0000103264,90.0,,,202635.35194,559814.09974,1.0,1,1,seoul_projected_xy_unconverted
pedestrian_push_button,29-0000000055,02-0000116791,0.0,,,203076.11786,561304.59294,1.0,1,1,seoul_projected_xy_unconverted
pedestrian_push_button,29-0000000496,02-0000117327,90.0,,,201594.49009,558600.64063,1.0,1,1,seoul_projected_xy_unconverted
pedestrian_push_button,29-0000001110,02-0000176477,0.0,20130315.0,20130315.0,201807.58165,540166.34581,1.0,1,1,seoul_projected_xy_unconverted
pedestrian_push_button,29-0000001152,02-0000172768,180.0,,,191527.75619,544253.44252,1.0,2,1,seoul_projected_xy_unconverted
pedestrian_push_button,29-0000001158,02-0000131677,180.0,,,194679.33826,544815.0715,1.0,2,1,seoul_projected_xy_unconverted
pedestrian_push_button,29-0000001159,02-0000152860,180.0,,,197822.73173,543162.55274,1.0,2,1,seoul_projected_xy_unconverted
pedestrian_push_button,29-0000001160,02-0000177380,180.0,,,197833.50737,543152.18202,1.0,2,1,seoul_projected_xy_unconverted
pedestrian_push_button,29-0000001170,02-0000055530,180.0,,,189155.98463,548171.87825,,1,1,seoul_projected_xy_unconverted
pedestrian_push_button,29-0000001173,02-0000119935,180.0,,,188859.08635,547501.93978,,1,1,seoul_projected_xy_unconverted
pedestrian_push_button,29-0000001216,02-0000177883,180.0,20131220.0,20131220.0,205753.83009,545110.32382,1.0,1,6,seoul_projected_xy_unconverted
pedestrian_push_button,29-0000001213,02-0000177876,180.0,20131220.0,20131220.0,203977.66698,544365.34014,1.0,1,6,seoul_projected_xy_unconverted
pedestrian_push_button,29-0000001212,02-0000177875,180.0,20131220.0,20131220.0,203963.14948,544370.91918,1.0,1,6,seoul_projected_xy_unconverted
pedestrian_push_button,29-0000001233,02-0000178254,180.0,20110908.0,20131221.0,193477.86875,551042.31494,1.0,1,6,seoul_projected_xy_unconverted
pedestrian_push_button,29-0000001255,02-0000178596,180.0,,20131231.0,195328.08725,554810.7671,1.0,1,6,seoul_projected_xy_unconverted
pedestrian_push_button,29-0000000826,02-0000006646,90.0,20140205.0,20140205.0,193407.94328,555986.31263,1.0,1,1,seoul_projected_xy_unconverted
pedestrian_push_button,29-0000000358,02-0000026444,90.0,,,191319.29019,540921.3234,1.0,1,1,seoul_projected_xy_unconverted
pedestrian_push_button,29-0000000366,02-0000026462,90.0,,,191338.63745,540689.69364,1.0,1,1,seoul_projected_xy_unconverted
pedestrian_push_button,29-0000000104,02-0000028511,90.0,,,191829.95607,543201.00424,1.0,2,1,seoul_projected_xy_unconverted
pedestrian_push_button,29-0000000104,02-0000028511,0.0,,,191830.25683,543203.58431,1.0,1,4,seoul_projected_xy_unconverted
pedestrian_push_button,29-0000000326,02-0000028725,90.0,,,191342.53619,544098.25672,1.0,1,1,seoul_projected_xy_unconverted
pedestrian_push_button,29-0000000096,02-0000029099,0.0,,,196190.89897,543996.30651,1.0,1,4,seoul_projected_xy_unconverted
pedestrian_push_button,29-0000000096,02-0000029099,90.0,,,196189.69836,543992.10686,1.0,1,1,seoul_projected_xy_unconverted
pedestrian_push_button,29-0000000099,02-0000029100,0.0,,,196188.39897,543979.70651,1.0,1,4,seoul_projected_xy_unconverted
pedestrian_push_button,29-0000000099,02-0000029100,90.0,,,196186.95945,543976.10649,1.0,1,1,seoul_projected_xy_unconverted
pedestrian_push_button,29-0000000097,02-0000029105,90.0,,,196142.53897,544001.72771,1.0,1,1,seoul_projected_xy_unconverted
pedestrian_push_button,29-0000000097,02-0000029105,0.0,,,196140.49897,544005.80651,1.0,1,4,seoul_projected_xy_unconverted
pedestrian_push_button,29-0000000351,02-0000029578,90.0,,,193527.95826,545723.31896,1.0,2,1,seoul_projected_xy_unconverted
pedestrian_push_button,29-0000000359,02-0000026443,90.0,,,191333.53399,540916.40425,1.0,1,1,seoul_projected_xy_unconverted
pedestrian_push_button,29-0000000088,02-0000030043,0.0,,,194828.75379,544591.96427,1.0,2,1,seoul_projected_xy_unconverted
pedestrian_push_button,29-0000000089,02-0000030044,0.0,,,194846.03457,544597.59017,1.0,2,1,seoul_projected_xy_unconverted
pedestrian_push_button,29-0000000092,02-0000030048,0.0,,,194943.97431,544488.52875,1.0,1,4,seoul_projected_xy_unconverted
pedestrian_push_button,29-0000000092,02-0000030048,90.0,,,194943.97431,544488.52875,1.0,1,4,seoul_projected_xy_unconverted
pedestrian_push_button,29-0000000092,02-0000030048,90.0,,,194943.07537,544485.58945,1.0,2,1,seoul_projected_xy_unconverted
pedestrian_push_button,29-0000000338,02-0000031849,90.0,,,195635.97114,545038.67365,1.0,2,1,seoul_projected_xy_unconverted
pedestrian_push_button,29-0000000838,02-0000032010,180.0,,,202827.0331,541219.71205,1.0,2,1,seoul_projected_xy_unconverted
pedestrian_push_button,29-0000000354,02-0000032157,90.0,,,194702.73468,545627.53252,1.0,1,1,seoul_projected_xy_unconverted
pedestrian_push_button,29-0000000329,02-0000032670,90.0,,,191081.81115,544654.26609,1.0,1,1,seoul_projected_xy_unconverted
pedestrian_push_button,29-0000000328,02-0000032671,90.0,,,191063.95163,544666.24086,1.0,1,1,seoul_projected_xy_unconverted
pedestrian_push_button,29-0000000372,02-0000034531,90.0,,,201462.08091,547041.21831,1.0,1,1,seoul_projected_xy_unconverted
pedestrian_push_button,29-0000000372,02-0000034531,90.0,,,201462.08091,547041.21831,1.0,1,2,seoul_projected_xy_unconverted
pedestrian_push_button,29-0000000990,02-0000034531,0.0,,,201448.10288,547050.45747,1.0,2,1,seoul_projected_xy_unconverted
pedestrian_push_button,29-0000000152,02-0000035987,270.0,20010101.0,,203021.43715,543699.96651,1.0,1,1,seoul_projected_xy_unconverted
pedestrian_push_button,29-0000000150,02-0000043570,270.0,,,212571.25144,545928.5397,1.0,1,1,seoul_projected_xy_unconverted
pedestrian_push_button,29-0000000149,02-0000043572,135.0,,,212549.67811,545934.32658,1.0,1,4,seoul_projected_xy_unconverted
pedestrian_push_button,29-0000000149,02-0000043572,90.0,,,212549.67811,545934.32658,1.0,1,1,seoul_projected_xy_unconverted
pedestrian_push_button,29-0000000156,02-0000044102,270.0,,,213253.94205,548048.90703,1.0,1,1,seoul_projected_xy_unconverted
pedestrian_push_button,29-0000000155,02-0000044103,90.0,,,213233.58266,548056.96594,1.0,1,1,seoul_projected_xy_unconverted
pedestrian_push_button,29-0000000897,02-0000045613,0.0,,,214028.4406,550705.70027,1.0,1,1,seoul_projected_xy_unconverted
pedestrian_push_button,29-0000000910,02-0000045619,0.0,,,214025.3712,550692.62996,1.0,1,1,seoul_projected_xy_unconverted
pedestrian_push_button,29-0000000780,02-0000160231,90.0,,,213843.73239,551124.30583,1.0,1,1,seoul_projected_xy_unconverted
pedestrian_push_button,29-0000000779,02-0000160233,90.0,,,213867.39081,551122.02435,1.0,1,1,seoul_projected_xy_unconverted
pedestrian_push_button,29-0000001987,02-0000196675,180.0,20171031.0,20171031.0,191917.38727,549687.7749,1.0,2,1,seoul_projected_xy_unconverted
pedestrian_push_button,29-0000001525,02-0000040839,180.0,20130501.0,20170602.0,207156.77305,543498.95422,1.0,1,1,seoul_projected_xy_unconverted
pedestrian_push_button,29-0000001529,02-0000040850,180.0,20130501.0,20170602.0,207128.54416,543525.8146,1.0,1,1,seoul_projected_xy_unconverted
pedestrian_push_button,29-0000001527,02-0000040843,180.0,20130501.0,20170602.0,207125.6984,543499.72097,1.0,1,1,seoul_projected_xy_unconverted
pedestrian_push_button,29-0000001920,02-0000194402,180.0,20170228.0,20170228.0,192201.71022,547802.7074,1.0,2,1,seoul_projected_xy_unconverted
pedestrian_push_button,29-0000002009,02-0000031414,180.0,20160620.0,20160620.0,204550.72587,539315.62095,1.0,2,1,seoul_projected_xy_unconverted
pedestrian_push_button,29-0000002007,02-0000138483,180.0,20160620.0,20160620.0,204537.96307,539298.7976,1.0,2,1,seoul_projected_xy_unconverted
pedestrian_push_button,29-0000001418,02-0000178893,180.0,20161231.0,20220304.0,187551.52135,551956.67947,1.0,2,1,seoul_projected_xy_unconverted
pedestrian_push_button,29-0000001528,02-0000040849,180.0,20130501.0,20170602.0,207119.0058,543508.4026,1.0,1,1,seoul_projected_xy_unconverted
pedestrian_push_button,29-0000001258,02-0000008500,180.0,20140122.0,20171222.0,192715.8405,554711.54792,1.0,1,1,seoul_projected_xy_unconverted
pedestrian_push_button,29-0000001919,02-0000167320,180.0,20161229.0,20161229.0,190142.33209,539735.71367,1.0,1,1,seoul_projected_xy_unconverted
pedestrian_push_button,29-0000001289,02-0000178892,180.0,20161231.0,20220304.0,187554.34086,551950.56053,1.0,2,1,seoul_projected_xy_unconverted
pedestrian_push_button,29-0000001896,02-0000129050,180.0,20161124.0,20161124.0,184882.50424,545241.08418,1.0,1,1,seoul_projected_xy_unconverted
pedestrian_push_button,29-0000000765,02-0000161090,90.0,20161229.0,20161229.0,184891.39066,544777.52359,1.0,1,1,seoul_projected_xy_unconverted
pedestrian_push_button,29-0000001761,02-0000180799,180.0,20150401.0,20150401.0,198833.95522,540897.06695,1.0,1,6,seoul_projected_xy_unconverted
pedestrian_push_button,29-0000001293,02-0000116747,180.0,20150123.0,20150123.0,202176.88185,560930.09379,1.0,1,6,seoul_projected_xy_unconverted
pedestrian_push_button,29-0000001667,02-0000082143,0.0,20150123.0,20150123.0,205902.68885,558444.82176,1.0,1,6,seoul_projected_xy_unconverted
pedestrian_push_button,29-0000002000,02-0000167321,180.0,,,190154.43876,539744.00724,,1,1,seoul_projected_xy_unconverted
pedestrian_push_button,29-0000001220,02-0000015696,180.0,20130410.0,20130410.0,209017.6116,549322.57774,1.0,1,6,seoul_projected_xy_unconverted
pedestrian_push_button,29-0000000847,02-0000086927,180.0,20160730.0,20160730.0,204176.99714,564517.59212,1.0,1,1,seoul_projected_xy_unconverted
pedestrian_push_button,29-0000001843,02-0000084748,180.0,20160115.0,20160115.0,207476.38681,563816.14748,1.0,1,1,seoul_projected_xy_unconverted
pedestrian_push_button,29-0000001891,02-0000090866,180.0,20160902.0,20160902.0,202431.76871,557899.79314,1.0,1,1,seoul_projected_xy_unconverted
pedestrian_push_button,29-0000001890,02-0000183255,180.0,20160902.0,20160902.0,202437.95853,557877.82085,1.0,1,1,seoul_projected_xy_unconverted
pedestrian_push_button,29-0000001889,02-0000117150,180.0,20160902.0,20160902.0,202423.86819,557873.46441,1.0,1,1,seoul_projected_xy_unconverted
pedestrian_push_button,29-0000000438,02-0000090849,90.0,20160902.0,20160902.0,202390.85307,557975.89344,1.0,1,1,seoul_projected_xy_unconverted
pedestrian_push_button,29-0000001455,02-0000194376,180.0,20131201.0,20161227.0,190161.87748,539750.12619,1.0,1,1,seoul_projected_xy_unconverted
pedestrian_push_button,29-0000001902,02-0000183449,180.0,20160728.0,20160728.0,201487.87756,546846.62067,1.0,2,1,seoul_projected_xy_unconverted
pedestrian_push_button,29-0000001905,02-0000031306,180.0,20161215.0,20161215.0,201757.77415,540044.65363,1.0,2,1,seoul_projected_xy_unconverted
pedestrian_push_button,29-0000001904,02-0000179293,180.0,20161215.0,20161215.0,201771.85271,540048.46422,1.0,2,1,seoul_projected_xy_unconverted
pedestrian_push_button,29-0000000107,02-0000021738,0.0,20160528.0,20160528.0,192259.61017,543122.88367,1.0,2,1,seoul_projected_xy_unconverted
pedestrian_push_button,29-0000001909,02-0000050530,180.0,,,207821.035,549481.7341,1.0,1,1,seoul_projected_xy_unconverted
pedestrian_push_button,29-0000001454,02-0000167322,180.0,20131201.0,20161227.0,190148.27669,539771.67935,1.0,1,1,seoul_projected_xy_unconverted
pedestrian_push_button,29-0000001456,02-0000167323,180.0,20131201.0,20161227.0,190140.50428,539771.87432,1.0,1,1,seoul_projected_xy_unconverted
pedestrian_push_button,29-0000000246,02-0000056714,90.0,20160407.0,20160407.0,196716.36086,548483.35215,1.0,1,1,seoul_projected_xy_unconverted
pedestrian_push_button,29-0000001572,02-0000015602,180.0,20110601.0,20160928.0,193299.44258,553851.84148,1.0,1,1,seoul_projected_xy_unconverted
pedestrian_push_button,29-0000000137,02-0000002367,45.0,20160801.0,20160928.0,195359.10941,554850.01347,1.0,1,1,seoul_projected_xy_unconverted
pedestrian_push_button,29-0000001038,02-0000174307,0.0,20160610.0,20160610.0,193708.72215,553060.65825,1.0,1,1,seoul_projected_xy_unconverted
pedestrian_push_button,29-0000001555,02-0000194070,180.0,20161031.0,20161226.0,192272.34244,550285.85073,1.0,1,1,seoul_projected_xy_unconverted
pedestrian_push_button,29-0000000183,02-0000006084,90.0,20160801.0,20160801.0,194249.72593,550508.29995,1.0,1,6,seoul_projected_xy_unconverted
pedestrian_push_button,29-0000001398,02-0000106493,180.0,20140425.0,20140425.0,203270.13748,540250.02016,1.0,1,6,seoul_projected_xy_unconverted
pedestrian_push_button,29-0000001393,02-0000155949,180.0,20140425.0,20140425.0,203179.08815,540107.81276,1.0,1,6,seoul_projected_xy_unconverted
pedestrian_push_button,29-0000001389,02-0000172592,180.0,20140425.0,20140425.0,197751.06468,542669.2145,1.0,1,6,seoul_projected_xy_unconverted
pedestrian_push_button,29-0000001365,02-0000179355,180.0,20140630.0,20140630.0,205287.6953,548428.22539,1.0,2,6,seoul_projected_xy_unconverted
pedestrian_push_button,29-0000001136,02-0000176749,180.0,20130926.0,20151118.0,188562.59768,545055.87007,1.0,2,1,seoul_projected_xy_unconverted
pedestrian_push_button,29-0000001846,02-0000022138,180.0,20151220.0,20151220.0,191527.445,542298.58328,1.0,1,6,seoul_projected_xy_unconverted
pedestrian_push_button,29-0000001844,02-0000106996,180.0,20151220.0,20151220.0,191485.20664,542252.35748,1.0,1,6,seoul_projected_xy_unconverted
pedestrian_push_button,29-0000001247,02-0000072622,180.0,20130430.0,20130430.0,202684.04208,552103.06928,1.0,1,6,seoul_projected_xy_unconverted
pedestrian_push_button,29-0000001243,02-0000050796,180.0,20130430.0,20130430.0,208709.63209,549160.0807,1.0,1,6,seoul_projected_xy_unconverted
pedestrian_push_button,29-0000000313,02-0000031130,90.0,20000101.0,20150416.0,195178.97353,544679.14239,1.0,1,1,seoul_projected_xy_unconverted
pedestrian_push_button,29-0000001842,02-0000084749,180.0,20160115.0,20160115.0,207486.77627,563810.72732,1.0,1,1,seoul_projected_xy_unconverted
pedestrian_push_button,29-0000000437,02-0000117152,90.0,20160902.0,20160902.0,202400.71548,557999.56673,1.0,1,1,seoul_projected_xy_unconverted
pedestrian_push_button,29-0000001903,02-0000183450,180.0,20160728.0,20160728.0,201495.44206,546844.68261,1.0,2,1,seoul_projected_xy_unconverted
pedestrian_push_button,29-0000001901,02-0000018995,180.0,20160607.0,20160607.0,199416.06951,543811.178,1.0,2,1,seoul_projected_xy_unconverted
pedestrian_push_button,29-0000001900,02-0000018997,180.0,20160607.0,20160607.0,199424.12768,543803.23579,1.0,2,1,seoul_projected_xy_unconverted
pedestrian_push_button,29-0000000620,02-0000113314,90.0,20161116.0,20161116.0,207158.8277,551140.12998,1.0,1,1,seoul_projected_xy_unconverted
pedestrian_push_button,29-0000001954,02-0000125791,180.0,20170629.0,20170629.0,202476.40469,557710.10475,1.0,1,1,seoul_projected_xy_unconverted
pedestrian_push_button,29-0000001265,02-0000011525,180.0,20140205.0,20171222.0,192514.67637,556978.16695,1.0,1,1,seoul_projected_xy_unconverted
pedestrian_push_button,29-0000001757,02-0000088405,180.0,20150115.0,,203374.13146,559271.96318,1.0,1,6,seoul_projected_xy_unconverted
pedestrian_push_button,29-0000001755,02-0000179144,180.0,20150115.0,,201686.52248,555917.09485,1.0,1,6,seoul_projected_xy_unconverted
pedestrian_push_button,29-0000001748,02-0000090269,180.0,20140917.0,20140917.0,202811.40017,559508.64496,1.0,1,6,seoul_projected_xy_unconverted
pedestrian_push_button,29-0000001745,02-0000103421,180.0,20140917.0,20140917.0,202793.71071,559507.91196,1.0,1,1,seoul_projected_xy_unconverted
pedestrian_push_button,29-0000001777,02-0000163531,180.0,20130428.0,20130428.0,207822.65472,549479.31014,1.0,1,1,seoul_projected_xy_unconverted
pedestrian_push_button,29-0000001778,02-0000181350,180.0,20150930.0,,201234.35029,556846.29746,1.0,1,1,seoul_projected_xy_unconverted
pedestrian_push_button,29-0000001780,02-0000089999,180.0,20091231.0,,205888.1976,563037.22464,1.0,1,1,seoul_projected_xy_unconverted
pedestrian_push_button,29-0000001965,02-0000138131,180.0,20171031.0,20171031.0,194949.71985,548695.11259,1.0,2,1,seoul_projected_xy_unconverted
pedestrian_push_button,29-0000000064,02-0000105398,0.0,20180723.0,20180723.0,194098.81065,556655.39156,1.0,1,1,seoul_projected_xy_unconverted
pedestrian_push_button,29-0000002030,02-0000084475,,20190118.0,20190118.0,,,1.0,1,1,seoul_projected_xy_unconverted
pedestrian_push_button,29-0000000322,02-0000097638,90.0,20181126.0,20181126.0,191466.94916,544204.12538,1.0,2,1,seoul_projected_xy_unconverted
pedestrian_push_button,29-0000000325,02-0000029249,90.0,20181126.0,20181126.0,191573.53019,544336.98939,1.0,1,1,seoul_projected_xy_unconverted
pedestrian_push_button,29-0000000324,02-0000097715,90.0,20181126.0,20181126.0,191557.67792,544350.06339,1.0,1,1,seoul_projected_xy_unconverted
pedestrian_push_button,29-0000000323,02-0000097637,90.0,20181126.0,20181126.0,191484.25805,544192.88669,1.0,2,1,seoul_projected_xy_unconverted
pedestrian_push_button,29-0000001673,02-0000089848,0.0,20090101.0,20170809.0,206458.04579,562178.88672,1.0,1,1,seoul_projected_xy_unconverted
pedestrian_push_button,29-0000001672,02-0000117001,0.0,20090101.0,20170809.0,206462.92745,562193.60794,1.0,1,1,seoul_projected_xy_unconverted
pedestrian_push_button,29-0000001906,02-0000167901,180.0,20161004.0,20161004.0,201392.13841,551102.99057,1.0,2,1,seoul_projected_xy_unconverted
pedestrian_push_button,29-0000000262,02-0000217844,90.0,20170830.0,20170830.0,198626.01975,549861.92806,1.0,2,1,seoul_projected_xy_unconverted
pedestrian_push_button,29-0000001138,02-0000061216,180.0,20131021.0,20170830.0,197416.17418,548840.11076,1.0,2,1,seoul_projected_xy_unconverted
pedestrian_push_button,29-0000001928,02-0000195025,180.0,20170414.0,20170414.0,196307.4131,541151.95746,1.0,2,1,seoul_projected_xy_unconverted
pedestrian_push_button,29-0000001421,02-0000063213,180.0,20150312.0,20160818.0,191645.002,547517.17475,1.0,1,1,seoul_projected_xy_unconverted
pedestrian_push_button,29-0000001953,02-0000089069,180.0,20170629.0,20170629.0,202489.92486,557711.54544,1.0,1,1,seoul_projected_xy_unconverted
pedestrian_push_button,29-0000001951,02-0000196142,180.0,20170629.0,20170629.0,202481.65753,557739.25974,1.0,1,1,seoul_projected_xy_unconverted
pedestrian_push_button,29-0000001913,02-0000059317,0.0,20160924.0,20160924.0,188459.09111,546077.52239,1.0,1,1,seoul_projected_xy_unconverted
pedestrian_push_button,29-0000001955,02-0000082500,180.0,20170804.0,20170804.0,201367.12619,557518.38243,1.0,2,1,seoul_projected_xy_unconverted
pedestrian_push_button,29-0000001956,02-0000196163,180.0,20170804.0,20170804.0,201355.88563,557526.58321,1.0,2,1,seoul_projected_xy_unconverted
pedestrian_push_button,29-0000001912,02-0000059315,0.0,20160924.0,20160924.0,188488.57885,546104.55524,1.0,1,1,seoul_projected_xy_unconverted
pedestrian_push_button,29-0000001576,02-0000166707,180.0,20151210.0,20171222.0,192829.40284,559634.85574,1.0,1,1,seoul_projected_xy_unconverted
pedestrian_push_button,29-0000001575,02-0000166700,180.0,20100101.0,20171222.0,192848.71951,559625.96508,1.0,1,1,seoul_projected_xy_unconverted
pedestrian_push_button,29-0000001756,02-0000175608,180.0,20150115.0,,201275.51821,554602.46794,1.0,1,6,seoul_projected_xy_unconverted
pedestrian_push_button,29-0000001746,02-0000103420,180.0,20140917.0,20140917.0,202781.53843,559529.48106,1.0,1,6,seoul_projected_xy_unconverted
pedestrian_push_button,29-0000001227,02-0000082632,180.0,20130910.0,20130910.0,208076.27983,556149.03275,1.0,1,6,seoul_projected_xy_unconverted
pedestrian_push_button,29-0000001797,02-0000181351,180.0,20150930.0,,201219.23289,556841.61826,1.0,1,1,seoul_projected_xy_unconverted
pedestrian_push_button,29-0000001809,02-0000015472,180.0,20130725.0,,189845.027,548954.07053,1.0,1,1,seoul_projected_xy_unconverted
pedestrian_push_button,29-0000001817,02-0000155828,180.0,20100625.0,,201175.01675,561914.94151,1.0,1,1,seoul_projected_xy_unconverted
pedestrian_push_button,29-0000001787,02-0000006046,180.0,20151103.0,20151103.0,197054.04239,551780.41677,1.0,1,6,seoul_projected_xy_unconverted
pedestrian_push_button,29-0000001786,02-0000104648,180.0,20151103.0,20151103.0,197060.96325,551786.57294,1.0,1,6,seoul_projected_xy_unconverted
pedestrian_push_button,29-0000001637,02-0000180612,180.0,20141014.0,20141014.0,205885.5543,563037.99982,1.0,2,6,seoul_projected_xy_unconverted
pedestrian_push_button,29-0000001782,02-0000006043,180.0,20151103.0,20151103.0,197048.61368,551796.06461,1.0,1,1,seoul_projected_xy_unconverted
pedestrian_push_button,29-0000000742,02-0000068022,90.0,20150617.0,20150617.0,188377.47681,546822.46331,1.0,1,6,seoul_projected_xy_unconverted
pedestrian_push_button,29-0000000075,02-0000156152,0.0,20140806.0,20140806.0,204580.04084,561228.68227,1.0,1,6,seoul_projected_xy_unconverted
pedestrian_push_button,29-0000001774,02-0000181331,180.0,20151020.0,20151020.0,208693.55647,544805.32854,1.0,1,1,seoul_projected_xy_unconverted
pedestrian_push_button,29-0000001374,02-0000029693,180.0,,20141017.0,191432.46259,544941.64785,1.0,1,6,seoul_projected_xy_unconverted
pedestrian_push_button,29-0000000342,02-0000029274,90.0,,,191574.3588,544680.43217,1.0,1,6,seoul_projected_xy_unconverted
pedestrian_push_button,29-0000000343,02-0000097721,90.0,,,191595.77886,544682.17187,1.0,1,6,seoul_projected_xy_unconverted
pedestrian_push_button,29-0000001224,02-0000178075,180.0,20150513.0,20150513.0,196369.42743,556395.81154,1.0,1,1,seoul_projected_xy_unconverted
pedestrian_push_button,29-0000001835,02-0000181632,180.0,20150618.0,,207353.00679,559092.09632,1.0,1,1,seoul_projected_xy_unconverted
pedestrian_push_button,29-0000001841,02-0000015809,180.0,20150123.0,20150123.0,204985.8235,558800.87456,1.0,1,6,seoul_projected_xy_unconverted
pedestrian_push_button,29-0000000046,02-0000160698,0.0,20150123.0,20150123.0,202189.70277,560920.54044,1.0,1,6,seoul_projected_xy_unconverted
pedestrian_push_button,29-0000001399,02-0000096594,180.0,20140425.0,20140425.0,203283.60516,540274.48471,1.0,1,6,seoul_projected_xy_unconverted
pedestrian_push_button,29-0000001405,02-0000154867,180.0,20140425.0,20140425.0,203190.31871,540383.97042,1.0,1,1,seoul_projected_xy_unconverted
pedestrian_push_button,29-0000001403,02-0000163131,180.0,20140530.0,20140530.0,195907.15448,544650.48607,1.0,1,6,seoul_projected_xy_unconverted
pedestrian_push_button,29-0000001402,02-0000163130,180.0,20140530.0,20140530.0,195892.03708,544657.9098,1.0,1,6,seoul_projected_xy_unconverted
pedestrian_push_button,29-0000001400,02-0000176493,180.0,20140520.0,20140520.0,196485.61056,544702.95829,1.0,2,6,seoul_projected_xy_unconverted
pedestrian_push_button,29-0000001394,02-0000155998,180.0,20140425.0,20140425.0,203202.88905,540125.99338,1.0,1,6,seoul_projected_xy_unconverted
pedestrian_push_button,29-0000001390,02-0000155945,180.0,20140425.0,20140425.0,203148.81961,540133.07404,1.0,1,6,seoul_projected_xy_unconverted
pedestrian_push_button,29-0000001362,02-0000050821,180.0,20140615.0,20140615.0,205618.75021,548573.39103,1.0,1,6,seoul_projected_xy_unconverted
pedestrian_push_button,29-0000000314,02-0000031119,90.0,20000101.0,20150416.0,195200.59418,544671.56307,1.0,1,6,seoul_projected_xy_unconverted
pedestrian_push_button,29-0000001836,02-0000181706,180.0,20151204.0,20151204.0,189341.1662,549731.66797,1.0,2,6,seoul_projected_xy_unconverted
pedestrian_push_button,29-0000001287,02-0000112070,180.0,20140519.0,20151120.0,187573.92562,546274.54349,1.0,1,6,seoul_projected_xy_unconverted
pedestrian_push_button,29-0000001150,02-0000177241,180.0,20100318.0,20150907.0,201713.40723,544816.28254,1.0,2,6,seoul_projected_xy_unconverted
pedestrian_push_button,29-0000001149,02-0000156793,180.0,20100318.0,20150907.0,201697.39561,544820.81926,1.0,2,6,seoul_projected_xy_unconverted
pedestrian_push_button,29-0000001354,02-0000049932,180.0,20140813.0,20140813.0,211315.16981,547583.93049,1.0,1,6,seoul_projected_xy_unconverted
pedestrian_push_button,29-0000001254,02-0000171269,180.0,20130430.0,20130430.0,202246.41926,550179.94083,1.0,1,6,seoul_projected_xy_unconverted
pedestrian_push_button,29-0000001253,02-0000171271,180.0,20130430.0,20130430.0,202269.80774,550176.95072,1.0,1,6,seoul_projected_xy_unconverted
pedestrian_push_button,29-0000001248,02-0000072619,180.0,20130430.0,20130430.0,202658.84267,552112.99382,1.0,1,6,seoul_projected_xy_unconverted
pedestrian_push_button,29-0000001246,02-0000175481,180.0,20130430.0,20130430.0,202284.21838,549982.72664,1.0,1,6,seoul_projected_xy_unconverted
pedestrian_push_button,29-0000001240,02-0000135951,180.0,20130410.0,20130410.0,202648.54319,551754.84795,1.0,1,6,seoul_projected_xy_unconverted
pedestrian_push_button,29-0000000623,02-0000064853,90.0,20161116.0,20161116.0,207219.8747,551281.41504,1.0,1,1,seoul_projected_xy_unconverted
pedestrian_push_button,29-0000001522,02-0000017828,180.0,20140513.0,20140513.0,198950.50954,542077.87001,1.0,2,6,seoul_projected_xy_unconverted
pedestrian_push_button,29-0000001550,02-0000175537,180.0,20120601.0,20120601.0,191801.5997,551602.53604,1.0,1,1,seoul_projected_xy_unconverted
pedestrian_push_button,29-0000001804,02-0000123730,180.0,20100130.0,,212608.24498,546116.41819,1.0,2,1,seoul_projected_xy_unconverted
pedestrian_push_button,29-0000001820,02-0000119474,180.0,20100601.0,,212428.34344,545567.19958,1.0,1,1,seoul_projected_xy_unconverted
pedestrian_push_button,29-0000001821,02-0000119473,180.0,20100601.0,,212450.79833,545547.97101,1.0,1,1,seoul_projected_xy_unconverted
pedestrian_push_button,29-0000002001,02-0000197730,180.0,,,192420.21512,548277.48258,1.0,2,1,seoul_projected_xy_unconverted
pedestrian_push_button,29-0000001892,02-0000183257,180.0,20160909.0,20160909.0,189624.3394,544146.76802,1.0,1,1,seoul_projected_xy_unconverted
pedestrian_push_button,29-0000001895,02-0000183260,180.0,20160909.0,20160909.0,189607.53693,544141.64506,1.0,1,1,seoul_projected_xy_unconverted
pedestrian_push_button,29-0000001894,02-0000183259,180.0,20160909.0,20160909.0,189627.98756,544121.08646,1.0,1,1,seoul_projected_xy_unconverted
pedestrian_push_button,29-0000001893,02-0000183258,180.0,20160909.0,20160909.0,189634.36995,544141.85476,1.0,1,1,seoul_projected_xy_unconverted
pedestrian_push_button,29-0000000408,02-0000087662,90.0,20100625.0,20171130.0,203157.91679,560731.34612,1.0,1,1,seoul_projected_xy_unconverted
pedestrian_push_button,29-0000001683,02-0000148089,0.0,20100625.0,20171130.0,203302.04386,560736.12342,1.0,1,1,seoul_projected_xy_unconverted
pedestrian_push_button,29-0000002005,02-0000097994,180.0,20160620.0,20160620.0,204544.52631,539291.36638,1.0,2,1,seoul_projected_xy_unconverted
pedestrian_push_button,29-0000002011,02-0000166104,180.0,,,191514.00356,553620.61877,,1,1,seoul_projected_xy_unconverted
pedestrian_push_button,29-0000002012,02-0000166104,180.0,,,191514.75343,553620.61877,,1,1,seoul_projected_xy_unconverted
pedestrian_push_button,29-0000002072,02-0000207555,,20200605.0,20200605.0,,,1.0,2,1,seoul_projected_xy_unconverted
pedestrian_push_button,29-0000002017,02-0000198864,180.0,,,201310.90837,562007.4081,,1,1,seoul_projected_xy_unconverted
pedestrian_push_button,29-0000002018,02-0000198865,180.0,,,201312.5862,561994.74559,,1,1,seoul_projected_xy_unconverted
pedestrian_push_button,29-0000002019,02-0000135951,180.0,,,202671.24553,551782.40946,,1,1,seoul_projected_xy_unconverted
pedestrian_push_button,29-0000002020,02-0000135949,180.0,,,202649.0531,551780.57228,,1,1,seoul_projected_xy_unconverted
pedestrian_push_button,29-0000002021,02-0000189576,180.0,,,212518.34295,545755.85399,1.0,2,1,seoul_projected_xy_unconverted
pedestrian_push_button,29-0000002022,02-0000189502,180.0,,,212494.75201,545756.3789,1.0,2,1,seoul_projected_xy_unconverted
pedestrian_push_button,29-0000002025,02-0000198142,180.0,,,191882.74698,549716.20563,,1,1,seoul_projected_xy_unconverted
pedestrian_push_button,29-0000002028,02-0000161317,180.0,,,204686.93618,565365.97236,1.0,2,1,seoul_projected_xy_unconverted
pedestrian_push_button,29-0000000067,02-0000011308,90.0,20180723.0,20180723.0,194095.2975,556678.31418,1.0,1,1,seoul_projected_xy_unconverted
pedestrian_push_button,29-0000000066,02-0000008117,90.0,20180723.0,20180723.0,194302.75306,556691.05448,1.0,1,1,seoul_projected_xy_unconverted
pedestrian_push_button,29-0000000065,02-0000008119,0.0,20180723.0,20180723.0,194299.09181,556667.17391,1.0,1,1,seoul_projected_xy_unconverted
pedestrian_push_button,29-0000002029,02-0000021263,180.0,,,191338.20194,543084.12186,,1,1,seoul_projected_xy_unconverted
pedestrian_push_button,29-0000001985,02-0000196668,180.0,20171031.0,20171031.0,191879.40818,549716.99862,1.0,2,1,seoul_projected_xy_unconverted
pedestrian_push_button,29-0000001984,02-0000196667,180.0,20171031.0,20171031.0,192002.7932,549775.35858,1.0,2,1,seoul_projected_xy_unconverted
pedestrian_push_button,29-0000001983,02-0000196666,180.0,20171031.0,20171031.0,191998.92887,549777.91814,1.0,2,1,seoul_projected_xy_unconverted
pedestrian_push_button,29-0000001982,02-0000196665,180.0,20171031.0,20171031.0,192120.83289,549864.47949,1.0,2,1,seoul_projected_xy_unconverted
pedestrian_push_button,29-0000001981,02-0000196664,180.0,20171031.0,20171031.0,192114.96515,549866.18545,1.0,2,1,seoul_projected_xy_unconverted
pedestrian_push_button,29-0000001980,02-0000196662,180.0,20171031.0,20171031.0,191972.6059,549809.17151,1.0,2,1,seoul_projected_xy_unconverted
pedestrian_push_button,29-0000001979,02-0000196663,180.0,20171031.0,20171031.0,191971.12615,549815.09111,1.0,2,1,seoul_projected_xy_unconverted
pedestrian_push_button,29-0000001978,02-0000179936,180.0,20171031.0,20171031.0,192048.40035,549898.29492,1.0,2,1,seoul_projected_xy_unconverted
pedestrian_push_button,29-0000001977,02-0000196661,180.0,20171031.0,20171031.0,192047.45177,549892.67901,1.0,2,1,seoul_projected_xy_unconverted
pedestrian_push_button,29-0000001976,02-0000196660,180.0,20171031.0,20171031.0,194844.60482,548557.24881,1.0,2,1,seoul_projected_xy_unconverted
pedestrian_push_button,29-0000001974,02-0000196658,180.0,20171031.0,20171031.0,194815.89038,548604.49006,1.0,2,1,seoul_projected_xy_unconverted
pedestrian_push_button,29-0000001973,02-0000196657,180.0,20171031.0,20171031.0,194819.79596,548602.8997,1.0,2,1,seoul_projected_xy_unconverted
pedestrian_push_button,29-0000001972,02-0000144220,180.0,20171031.0,20171031.0,195058.20119,548712.96951,1.0,2,1,seoul_projected_xy_unconverted
pedestrian_push_button,29-0000001971,02-0000196656,180.0,20171031.0,20171031.0,195051.04992,548718.8785,1.0,2,1,seoul_projected_xy_unconverted
pedestrian_push_button,29-0000001970,02-0000196655,180.0,20171031.0,20230501.0,195015.70725,548743.06309,1.0,2,1,seoul_projected_xy_unconverted
pedestrian_push_button,29-0000001969,02-0000181580,180.0,20171031.0,20171031.0,195019.28976,548750.125,1.0,2,1,seoul_projected_xy_unconverted
pedestrian_push_button,29-0000001968,02-0000196653,180.0,20171031.0,20171031.0,194968.9303,548658.27955,1.0,2,1,seoul_projected_xy_unconverted
pedestrian_push_button,29-0000001967,02-0000196654,180.0,20171031.0,20171031.0,194963.65246,548653.79907,1.0,2,1,seoul_projected_xy_unconverted
pedestrian_push_button,29-0000001966,02-0000196651,180.0,20171031.0,20171031.0,194944.5195,548694.41771,1.0,2,1,seoul_projected_xy_unconverted
pedestrian_push_button,29-0000001768,02-0000088102,180.0,20141128.0,20141128.0,202638.7555,561241.41866,1.0,1,1,seoul_projected_xy_unconverted
pedestrian_push_button,29-0000001760,02-0000180798,180.0,20150401.0,20150401.0,198865.52479,540919.54808,1.0,1,6,seoul_projected_xy_unconverted
pedestrian_push_button,29-0000000138,02-0000162817,45.0,20160801.0,20160801.0,195377.66871,554834.02247,1.0,1,1,seoul_projected_xy_unconverted
pedestrian_push_button,29-0000001927,02-0000195013,180.0,20170525.0,20170525.0,192724.47089,542063.68995,1.0,2,1,seoul_projected_xy_unconverted
pedestrian_push_button,29-0000000223,02-0000104532,90.0,20151009.0,20151009.0,192402.91372,550835.28681,1.0,1,1,seoul_projected_xy_unconverted
pedestrian_push_button,29-0000000244,02-0000065764,90.0,20151231.0,20151231.0,197398.41162,549644.64357,1.0,1,6,seoul_projected_xy_unconverted
pedestrian_push_button,29-0000001292,02-0000160699,180.0,20150123.0,20150123.0,202165.28135,560921.25375,1.0,1,6,seoul_projected_xy_unconverted
pedestrian_push_button,29-0000001848,02-0000109490,180.0,20150919.0,20150919.0,204959.42617,546019.46738,1.0,1,6,seoul_projected_xy_unconverted
pedestrian_push_button,29-0000001863,02-0000039057,180.0,20150922.0,20150922.0,205282.96924,546108.31396,1.0,1,6,seoul_projected_xy_unconverted
pedestrian_push_button,29-0000001861,02-0000109511,180.0,20150922.0,20150922.0,205313.50774,546119.46642,1.0,1,6,seoul_projected_xy_unconverted
pedestrian_push_button,29-0000000184,02-0000006085,270.0,20160801.0,20160801.0,194271.80588,550480.91842,1.0,1,6,seoul_projected_xy_unconverted
pedestrian_push_button,29-0000001231,02-0000169504,180.0,20130910.0,20130910.0,205206.65487,554389.81391,1.0,1,6,seoul_projected_xy_unconverted
pedestrian_push_button,29-0000001521,02-0000106366,180.0,20140513.0,20140513.0,198954.60383,542054.98395,1.0,2,6,seoul_projected_xy_unconverted
pedestrian_push_button,29-0000001470,02-0000177378,180.0,20140520.0,20140520.0,197096.78914,542757.96173,1.0,2,6,seoul_projected_xy_unconverted
pedestrian_push_button,29-0000001401,02-0000176497,180.0,20140520.0,20140520.0,196481.69624,544712.28669,1.0,2,6,seoul_projected_xy_unconverted
pedestrian_push_button,29-0000001392,02-0000155948,180.0,20140425.0,20140425.0,203170.98954,540122.33401,1.0,1,6,seoul_projected_xy_unconverted
pedestrian_push_button,29-0000001388,02-0000172593,180.0,20140425.0,20140425.0,197735.65296,542674.77667,1.0,1,6,seoul_projected_xy_unconverted
pedestrian_push_button,29-0000001367,02-0000169497,180.0,,20140811.0,206720.98554,556804.4556,1.0,1,6,seoul_projected_xy_unconverted
pedestrian_push_button,29-0000001242,02-0000178031,180.0,20130418.0,20130418.0,207816.02586,549505.27068,1.0,1,6,seoul_projected_xy_unconverted
pedestrian_push_button,29-0000001179,02-0000160714,180.0,20000101.0,20150416.0,194628.98629,544951.45616,1.0,2,6,seoul_projected_xy_unconverted
pedestrian_push_button,29-0000001803,02-0000154083,180.0,20080930.0,20201016.0,189767.90652,548594.62738,1.0,1,1,seoul_projected_xy_unconverted
pedestrian_push_button,29-0000001839,02-0000060817,180.0,20151109.0,20151109.0,191364.16059,547285.23769,1.0,1,1,seoul_projected_xy_unconverted
pedestrian_push_button,29-0000001250,02-0000100640,180.0,20130430.0,20130430.0,202952.8727,550471.65751,1.0,1,6,seoul_projected_xy_unconverted
pedestrian_push_button,29-0000001249,02-0000055995,180.0,20130430.0,20130430.0,202977.33724,550466.52464,1.0,1,6,seoul_projected_xy_unconverted
pedestrian_push_button,29-0000001238,02-0000050701,180.0,20130410.0,20130410.0,209119.5678,549356.05573,1.0,1,6,seoul_projected_xy_unconverted
pedestrian_push_button,29-0000001751,02-0000163158,180.0,20200201.0,20201016.0,189110.26406,548274.23376,1.0,1,6,seoul_projected_xy_unconverted
pedestrian_push_button,29-0000001885,02-0000183211,180.0,20160920.0,20160920.0,200287.47644,554648.60875,1.0,2,1,seoul_projected_xy_unconverted
pedestrian_push_button,29-0000001884,02-0000183210,180.0,20160920.0,20160920.0,200303.44691,554667.06835,1.0,2,1,seoul_projected_xy_unconverted
pedestrian_push_button,29-0000001888,02-0000183254,180.0,20160902.0,20160902.0,202416.6988,557893.88951,1.0,1,1,seoul_projected_xy_unconverted
pedestrian_push_button,29-0000001802,02-0000154085,180.0,20080930.0,20151120.0,189751.57527,548610.96144,1.0,1,6,seoul_projected_xy_unconverted
pedestrian_push_button,29-0000002074,02-0000211943,,20200923.0,20200923.0,,,1.0,2,1,seoul_projected_xy_unconverted
pedestrian_push_button,29-0000002073,02-0000211942,,20200923.0,20200923.0,,,1.0,2,1,seoul_projected_xy_unconverted
pedestrian_push_button,29-0000002078,02-0000215042,,20201026.0,20201026.0,,,1.0,2,1,seoul_projected_xy_unconverted
pedestrian_push_button,29-0000002077,02-0000215041,,20201026.0,20201026.0,,,1.0,2,1,seoul_projected_xy_unconverted
pedestrian_push_button,29-0000001929,02-0000195026,180.0,20170414.0,20170414.0,196285.42688,541162.96557,1.0,2,1,seoul_projected_xy_unconverted
pedestrian_push_button,29-0000000853,02-0000148067,180.0,,,204369.95451,565345.19616,1.0,1,1,seoul_projected_xy_unconverted
pedestrian_push_button,29-0000001926,02-0000195012,180.0,20170525.0,20170525.0,192717.60207,542074.4481,1.0,2,1,seoul_projected_xy_unconverted
pedestrian_push_button,29-0000001337,02-0000179089,180.0,20140619.0,20200401.0,201048.86596,554356.87395,1.0,1,1,seoul_projected_xy_unconverted
pedestrian_push_button,29-0000001942,02-0000037564,180.0,,,206744.90107,544308.85531,1.0,2,1,seoul_projected_xy_unconverted
pedestrian_push_button,29-0000001943,02-0000030951,180.0,,,206128.25575,539664.75454,1.0,1,1,seoul_projected_xy_unconverted
pedestrian_push_button,29-0000001944,02-0000194771,180.0,,,197033.24883,551810.38715,1.0,1,1,seoul_projected_xy_unconverted
pedestrian_push_button,29-0000001762,02-0000161527,180.0,20150501.0,,194082.86277,559525.38864,1.0,2,1,seoul_projected_xy_unconverted
pedestrian_push_button,29-0000001763,02-0000161526,180.0,20150501.0,,194106.8099,559518.14582,1.0,2,1,seoul_projected_xy_unconverted
pedestrian_push_button,29-0000001771,02-0000080323,180.0,20080101.0,,200472.36704,557392.28507,1.0,2,1,seoul_projected_xy_unconverted
pedestrian_push_button,29-0000001838,02-0000059816,180.0,20151109.0,20151109.0,191394.19105,547386.78209,1.0,1,6,seoul_projected_xy_unconverted
pedestrian_push_button,29-0000001794,02-0000171556,180.0,20130701.0,,212711.76842,545203.8496,1.0,2,1,seoul_projected_xy_unconverted
pedestrian_push_button,29-0000001796,02-0000181350,180.0,20150930.0,,201235.07017,556846.53742,1.0,1,1,seoul_projected_xy_unconverted
pedestrian_push_button,29-0000001798,02-0000158877,180.0,20091107.0,,196823.11436,550389.08547,1.0,2,1,seoul_projected_xy_unconverted
pedestrian_push_button,29-0000001806,02-0000096333,180.0,20130725.0,,189818.50313,549126.2184,1.0,1,1,seoul_projected_xy_unconverted
pedestrian_push_button,29-0000001810,02-0000122915,180.0,20100625.0,,191584.72577,547979.3845,1.0,1,1,seoul_projected_xy_unconverted
pedestrian_push_button,29-0000001811,02-0000154489,180.0,20100625.0,,191609.22405,547963.10292,1.0,1,1,seoul_projected_xy_unconverted
pedestrian_push_button,29-0000001823,02-0000181549,180.0,20150901.0,20150901.0,201200.47112,556889.08135,1.0,2,1,seoul_projected_xy_unconverted
pedestrian_push_button,29-0000001822,02-0000181548,180.0,20150901.0,20150901.0,201188.84812,556880.24787,1.0,2,6,seoul_projected_xy_unconverted
pedestrian_push_button,29-0000001370,02-0000029007,180.0,20141121.0,20141121.0,191360.23877,545083.00227,1.0,1,6,seoul_projected_xy_unconverted
pedestrian_push_button,29-0000001369,02-0000108017,180.0,20120319.0,20140623.0,191284.53742,545225.13656,1.0,1,6,seoul_projected_xy_unconverted
pedestrian_push_button,29-0000001666,02-0000082142,0.0,20150123.0,20150123.0,205920.742,558460.63748,1.0,1,6,seoul_projected_xy_unconverted
pedestrian_push_button,29-0000001871,02-0000038573,180.0,20150922.0,20150922.0,205369.54185,546109.39753,1.0,1,6,seoul_projected_xy_unconverted
pedestrian_push_button,29-0000001870,02-0000038572,180.0,20150922.0,20150922.0,205367.06352,546075.18841,1.0,1,6,seoul_projected_xy_unconverted
pedestrian_push_button,29-0000001867,02-0000038579,180.0,20150922.0,20150922.0,205340.94552,546044.11001,1.0,1,6,seoul_projected_xy_unconverted
pedestrian_push_button,29-0000001866,02-0000038580,180.0,20150922.0,20150922.0,205319.19363,546036.28886,1.0,1,6,seoul_projected_xy_unconverted
pedestrian_push_button,29-0000001857,02-0000038927,180.0,20150920.0,20150920.0,204738.22361,545942.81744,1.0,1,6,seoul_projected_xy_unconverted
pedestrian_push_button,29-0000001854,02-0000038929,180.0,20150920.0,20150920.0,204696.44829,545933.05787,1.0,1,6,seoul_projected_xy_unconverted
pedestrian_push_button,29-0000001853,02-0000038930,180.0,20150920.0,20150920.0,204684.42036,545967.66629,1.0,1,6,seoul_projected_xy_unconverted
pedestrian_push_button,29-0000001849,02-0000098805,180.0,20150919.0,20150919.0,204966.13001,545991.28535,1.0,1,6,seoul_projected_xy_unconverted
pedestrian_push_button,29-0000001023,02-0000096819,315.0,20160504.0,20160504.0,184651.87937,552600.0235,1.0,1,1,seoul_projected_xy_unconverted
pedestrian_push_button,29-0000000336,02-0000159687,90.0,20140630.0,20160319.0,195767.47601,545052.59313,1.0,2,1,seoul_projected_xy_unconverted
pedestrian_push_button,29-0000001225,02-0000082942,180.0,20130910.0,20130910.0,207403.32688,553728.84015,1.0,1,6,seoul_projected_xy_unconverted
pedestrian_push_button,29-0000001288,02-0000056306,180.0,20140519.0,20151120.0,187594.04653,546263.41915,1.0,1,6,seoul_projected_xy_unconverted
pedestrian_push_button,29-0000000988,02-0000021740,0.0,20160528.0,20160528.0,192261.28095,543138.70791,1.0,2,1,seoul_projected_xy_unconverted
pedestrian_push_button,29-0000000854,02-0000148065,180.0,,,204347.56825,565346.92577,1.0,1,1,seoul_projected_xy_unconverted
pedestrian_push_button,29-0000001566,02-0000008639,180.0,20110701.0,20160419.0,193655.68378,553401.52897,1.0,1,1,seoul_projected_xy_unconverted
pedestrian_push_button,29-0000001945,02-0000194773,180.0,,,197080.70066,551815.42628,1.0,1,1,seoul_projected_xy_unconverted
pedestrian_push_button,29-0000001925,02-0000033924,180.0,20170308.0,20170308.0,202198.86245,545000.16778,1.0,1,1,seoul_projected_xy_unconverted
pedestrian_push_button,29-0000001420,02-0000063212,180.0,20150312.0,20160818.0,191671.3863,547521.72602,1.0,1,1,seoul_projected_xy_unconverted
pedestrian_push_button,29-0000001949,02-0000196082,180.0,,,215848.51616,552045.7304,,1,1,seoul_projected_xy_unconverted
pedestrian_push_button,29-0000001950,02-0000196083,180.0,,,215834.65854,552052.26927,,1,1,seoul_projected_xy_unconverted
pedestrian_push_button,29-0000001952,02-0000196143,180.0,20170629.0,20170629.0,202468.12986,557736.38023,1.0,1,1,seoul_projected_xy_unconverted
pedestrian_push_button,29-0000001264,02-0000011526,180.0,20140205.0,20171222.0,192518.24575,557003.50134,1.0,1,1,seoul_projected_xy_unconverted
pedestrian_push_button,29-0000001957,02-0000129050,180.0,,,184884.09254,545242.42109,1.0,2,1,seoul_projected_xy_unconverted
pedestrian_push_button,29-0000000627,02-0000048548,90.0,,,207098.17264,549534.88518,1.0,1,6,seoul_projected_xy_unconverted
pedestrian_push_button,29-0000000459,02-0000136935,90.0,20170720.0,20170720.0,201635.05321,557823.01001,1.0,1,1,seoul_projected_xy_unconverted
pedestrian_push_button,29-0000001958,02-0000129052,180.0,,,184879.26712,545213.76102,,1,1,seoul_projected_xy_unconverted
pedestrian_push_button,29-0000001262,02-0000160366,180.0,20140205.0,20171222.0,192424.05634,557047.13071,1.0,1,1,seoul_projected_xy_unconverted
pedestrian_push_button,29-0000001263,02-0000160367,180.0,20140205.0,20171222.0,192415.09538,557023.16577,1.0,1,1,seoul_projected_xy_unconverted
pedestrian_push_button,29-0000001259,02-0000094524,180.0,20140122.0,20171222.0,192735.59585,554699.77495,1.0,1,1,seoul_projected_xy_unconverted
pedestrian_push_button,29-0000000108,02-0000021744,0.0,20160525.0,20171130.0,192274.67722,543123.46393,1.0,2,1,seoul_projected_xy_unconverted
pedestrian_push_button,29-0000001184,02-0000177254,180.0,20130920.0,20171215.0,202016.15451,540387.20906,1.0,1,1,seoul_projected_xy_unconverted
pedestrian_push_button,29-0000001185,02-0000177256,180.0,20130920.0,20171215.0,202029.83216,540389.45867,1.0,1,1,seoul_projected_xy_unconverted
pedestrian_push_button,29-0000002002,02-0000040839,180.0,,,207155.45328,543502.61359,,1,1,seoul_projected_xy_unconverted
pedestrian_push_button,29-0000000192,02-0000096216,270.0,,20171222.0,192007.88732,550823.43135,1.0,1,1,seoul_projected_xy_unconverted
pedestrian_push_button,29-0000000992,02-0000157312,180.0,,20170831.0,199838.35676,545711.13731,1.0,1,1,seoul_projected_xy_unconverted
pedestrian_push_button,29-0000000191,02-0000014212,90.0,,20171222.0,191980.39518,550818.18038,1.0,1,1,seoul_projected_xy_unconverted
pedestrian_push_button,29-0000000991,02-0000157313,0.0,20100101.0,20170831.0,199857.38661,545716.88694,1.0,1,1,seoul_projected_xy_unconverted
pedestrian_push_button,29-0000001963,02-0000196647,180.0,20171214.0,20171214.0,193564.52821,540775.51849,1.0,2,1,seoul_projected_xy_unconverted
pedestrian_push_button,29-0000001962,02-0000196645,180.0,20171214.0,20171214.0,196357.17454,541488.85449,1.0,2,1,seoul_projected_xy_unconverted
pedestrian_push_button,29-0000001961,02-0000196646,180.0,20171212.0,20171212.0,196367.91019,541478.83371,1.0,2,1,seoul_projected_xy_unconverted
pedestrian_push_button,29-0000001190,02-0000177252,180.0,20130920.0,20171215.0,202005.83629,540368.10235,1.0,1,1,seoul_projected_xy_unconverted
pedestrian_push_button,29-0000001187,02-0000177258,180.0,20130920.0,20171215.0,202051.12849,540356.94427,1.0,1,1,seoul_projected_xy_unconverted
pedestrian_push_button,29-0000001188,02-0000177259,180.0,20130920.0,20171215.0,202036.43102,540349.80549,1.0,1,1,seoul_projected_xy_unconverted
pedestrian_push_button,29-0000001186,02-0000177257,180.0,20130920.0,20171215.0,202051.84837,540366.18268,1.0,1,1,seoul_projected_xy_unconverted
pedestrian_push_button,29-0000001897,02-0000183375,180.0,20161124.0,20161124.0,184874.13474,545215.75675,1.0,2,1,seoul_projected_xy_unconverted
pedestrian_push_button,29-0000001993,02-0000123727,180.0,,,210753.92657,547519.84857,1.0,1,1,seoul_projected_xy_unconverted
pedestrian_push_button,29-0000000190,02-0000105841,270.0,,20171222.0,192074.38963,550727.35226,1.0,1,1,seoul_projected_xy_unconverted
pedestrian_push_button,29-0000001349,02-0000118173,180.0,20140731.0,20171222.0,192319.32186,550109.69292,1.0,1,1,seoul_projected_xy_unconverted
pedestrian_push_button,29-0000000205,02-0000014390,90.0,,20171222.0,192289.91379,550092.94643,1.0,1,1,seoul_projected_xy_unconverted
pedestrian_push_button,29-0000001990,02-0000196766,180.0,20170709.0,20170709.0,208784.01554,543733.77069,1.0,1,1,seoul_projected_xy_unconverted
pedestrian_push_button,29-0000001194,02-0000171608,180.0,20150618.0,20171215.0,202251.40778,540585.89862,1.0,1,1,seoul_projected_xy_unconverted
pedestrian_push_button,29-0000001964,02-0000196648,180.0,20171214.0,20171214.0,193562.5923,540780.10332,1.0,2,1,seoul_projected_xy_unconverted
pedestrian_push_button,29-0000001198,02-0000078141,180.0,20130920.0,20171215.0,202258.72464,540638.85076,1.0,1,1,seoul_projected_xy_unconverted
pedestrian_push_button,29-0000001197,02-0000171607,180.0,20130920.0,20171215.0,202278.47812,540615.95532,1.0,1,1,seoul_projected_xy_unconverted
pedestrian_push_button,29-0000001196,02-0000171610,180.0,20130920.0,20171215.0,202278.74245,540608.02544,1.0,1,1,seoul_projected_xy_unconverted
pedestrian_push_button,29-0000001195,02-0000171609,180.0,20130920.0,20171215.0,202261.4448,540593.23798,1.0,1,1,seoul_projected_xy_unconverted
pedestrian_push_button,29-0000000852,02-0000160949,180.0,20161024.0,20161024.0,204301.94663,564178.8821,1.0,1,1,seoul_projected_xy_unconverted
pedestrian_push_button,29-0000000189,02-0000014310,90.0,,20171222.0,192056.49958,550714.22577,1.0,1,1,seoul_projected_xy_unconverted
pedestrian_push_button,29-0000001192,02-0000177260,180.0,20150618.0,20171215.0,202235.14683,540620.71888,1.0,1,1,seoul_projected_xy_unconverted
pedestrian_push_button,29-0000001191,02-0000177262,180.0,20130920.0,20171215.0,202250.59417,540634.5165,1.0,1,1,seoul_projected_xy_unconverted
pedestrian_push_button,29-0000001193,02-0000078142,180.0,20150618.0,20171215.0,202234.87875,540611.61544,1.0,1,1,seoul_projected_xy_unconverted
pedestrian_push_button,29-0000001183,02-0000177253,180.0,20130920.0,20171215.0,202000.67717,540381.54003,1.0,1,1,seoul_projected_xy_unconverted
pedestrian_push_button,29-0000001989,02-0000196765,180.0,20170709.0,20170709.0,208786.72133,543740.16834,1.0,1,1,seoul_projected_xy_unconverted
pedestrian_push_button,29-0000001682,02-0000148088,0.0,20100625.0,20171130.0,203295.50936,560744.6004,1.0,1,1,seoul_projected_xy_unconverted
pedestrian_push_button,29-0000001431,02-0000058999,180.0,20151120.0,20171226.0,187888.43869,546406.98882,1.0,1,1,seoul_projected_xy_unconverted
pedestrian_push_button,29-0000000143,02-0000155726,90.0,20181112.0,20181112.0,206426.72493,544227.35826,1.0,2,1,seoul_projected_xy_unconverted
pedestrian_push_button,29-0000001223,02-0000178024,180.0,20131121.0,20161015.0,205749.02342,555930.75938,1.0,1,1,seoul_projected_xy_unconverted
pedestrian_push_button,29-0000001619,02-0000072619,180.0,20130430.0,,202661.0023,552107.71473,1.0,1,1,seoul_projected_xy_unconverted
pedestrian_push_button,29-0000001222,02-0000178025,180.0,20131121.0,20161015.0,205743.95429,555947.07657,1.0,1,1,seoul_projected_xy_unconverted
pedestrian_push_button,29-0000001618,02-0000072622,180.0,20130430.0,,202682.12241,552102.04946,1.0,1,1,seoul_projected_xy_unconverted
pedestrian_push_button,29-0000002068,02-0000203578,,20191022.0,20191022.0,,,1.0,2,1,seoul_projected_xy_unconverted
pedestrian_push_button,29-0000002070,02-0000207553,,20200605.0,20200605.0,,,1.0,2,1,seoul_projected_xy_unconverted
pedestrian_push_button,29-0000002066,02-0000203576,,20191030.0,20191030.0,,,1.0,2,1,seoul_projected_xy_unconverted
pedestrian_push_button,29-0000002065,02-0000203575,,20191030.0,20191030.0,,,1.0,2,1,seoul_projected_xy_unconverted
pedestrian_push_button,29-0000001124,02-0000150778,180.0,20130725.0,20140522.0,184648.64524,550695.92517,1.0,1,1,seoul_projected_xy_unconverted
pedestrian_push_button,29-0000001125,02-0000150777,180.0,20130725.0,20140522.0,184669.97532,550684.65461,1.0,1,1,seoul_projected_xy_unconverted
pedestrian_push_button,29-0000000172,02-0000004109,270.0,20191108.0,20191108.0,192427.71037,551431.79147,1.0,1,1,seoul_projected_xy_unconverted
pedestrian_push_button,29-0000002071,02-0000207554,,20200605.0,20200605.0,,,1.0,2,1,seoul_projected_xy_unconverted
pedestrian_push_button,29-0000002069,02-0000207552,,20200605.0,20200605.0,,,1.0,2,1,seoul_projected_xy_unconverted
pedestrian_push_button,29-0000001814,02-0000144204,180.0,20110130.0,,205540.92298,559781.82014,1.0,1,1,seoul_projected_xy_unconverted
pedestrian_push_button,29-0000001815,02-0000144205,180.0,20110130.0,,205547.73743,559763.83917,1.0,1,1,seoul_projected_xy_unconverted
pedestrian_push_button,29-0000000122,02-0000081442,270.0,20190927.0,20190927.0,207207.17188,553240.52793,1.0,1,1,seoul_projected_xy_unconverted
pedestrian_push_button,29-0000000121,02-0000081459,90.0,20190927.0,20190927.0,207193.29177,553265.20805,1.0,1,1,seoul_projected_xy_unconverted
pedestrian_push_button,29-0000001048,02-0000111266,0.0,20120101.0,20200507.0,205797.40322,548515.06607,1.0,1,1,seoul_projected_xy_unconverted
pedestrian_push_button,29-0000001049,02-0000050823,0.0,20120101.0,20200507.0,205798.58802,548495.69128,1.0,1,1,seoul_projected_xy_unconverted
pedestrian_push_button,29-0000001887,02-0000183252,180.0,20160816.0,20201016.0,191093.68624,542953.15805,1.0,1,1,seoul_projected_xy_unconverted
pedestrian_push_button,29-0000001886,02-0000183253,180.0,20160816.0,20201016.0,191099.75931,542970.95651,1.0,1,1,seoul_projected_xy_unconverted
pedestrian_push_button,29-0000001801,02-0000055530,180.0,20101230.0,20201016.0,189155.50472,548171.75827,1.0,1,1,seoul_projected_xy_unconverted
pedestrian_push_button,29-0000001800,02-0000055531,180.0,20101230.0,20201016.0,189175.7253,548175.35765,1.0,1,1,seoul_projected_xy_unconverted
pedestrian_push_button,29-0000001155,02-0000156491,180.0,,,191975.99344,545176.3912,1.0,1,1,seoul_projected_xy_unconverted
pedestrian_push_button,29-0000000333,02-0000129578,90.0,,,190727.25769,544332.43955,1.0,1,1,seoul_projected_xy_unconverted
pedestrian_push_button,29-0000000332,02-0000129576,90.0,,,190710.27874,544349.81969,1.0,1,1,seoul_projected_xy_unconverted
pedestrian_push_button,29-0000002082,02-0000215307,,20201210.0,20201210.0,,,1.0,2,1,seoul_projected_xy_unconverted
pedestrian_push_button,29-0000002081,02-0000215303,,20201210.0,20201210.0,,,1.0,2,1,seoul_projected_xy_unconverted
pedestrian_push_button,29-0000002080,02-0000215306,,20201210.0,20201210.0,,,1.0,2,1,seoul_projected_xy_unconverted
pedestrian_push_button,29-0000002079,02-0000215305,,20201210.0,20201210.0,,,1.0,2,1,seoul_projected_xy_unconverted
pedestrian_push_button,29-0000001311,02-0000215281,180.0,20131231.0,20201205.0,197918.65147,550536.362,1.0,1,6,seoul_projected_xy_unconverted
pedestrian_push_button,29-0000001467,02-0000016164,180.0,20140513.0,20140513.0,199984.54973,542061.26037,1.0,1,1,seoul_projected_xy_unconverted
pedestrian_push_button,29-0000000327,02-0000028726,90.0,,,191358.05852,544084.51534,1.0,1,1,seoul_projected_xy_unconverted
pedestrian_push_button,29-0000001468,02-0000016165,180.0,20140513.0,20140513.0,200004.09136,542070.74249,1.0,1,1,seoul_projected_xy_unconverted
pedestrian_push_button,29-0000001692,02-0000158606,180.0,20100625.0,20201130.0,203023.82174,562976.77614,1.0,2,1,seoul_projected_xy_unconverted
pedestrian_push_button,29-0000001691,02-0000158607,180.0,20100625.0,20201130.0,203037.28817,562983.17448,1.0,2,1,seoul_projected_xy_unconverted
pedestrian_push_button,29-0000000591,02-0000156632,90.0,,20171220.0,202072.05739,552593.98731,4.0,1,1,seoul_projected_xy_unconverted
pedestrian_push_button,29-0000000590,02-0000156633,90.0,,20171220.0,202049.4919,552589.51433,4.0,1,1,seoul_projected_xy_unconverted
pedestrian_push_button,29-0000000570,02-0000153062,90.0,,20171220.0,202533.28802,552721.47099,1.0,1,1,seoul_projected_xy_unconverted
pedestrian_push_button,29-0000000571,02-0000072990,90.0,,20171220.0,202525.66184,552695.45422,1.0,1,1,seoul_projected_xy_unconverted
pedestrian_push_button,29-0000000943,02-0000070716,0.0,,20171220.0,204964.21597,552983.06536,4.0,1,1,seoul_projected_xy_unconverted
pedestrian_push_button,29-0000002058,02-0000016200,,20190415.0,20190415.0,,,1.0,1,1,seoul_projected_xy_unconverted
pedestrian_push_button,29-0000000770,02-0000076019,90.0,20170831.0,20170831.0,204096.19658,554683.51275,1.0,1,1,seoul_projected_xy_unconverted
pedestrian_push_button,29-0000000771,02-0000076037,90.0,20170831.0,20170831.0,204090.93686,554672.81209,1.0,1,1,seoul_projected_xy_unconverted
pedestrian_push_button,29-0000002037,02-0000200070,,20190712.0,20190712.0,,,1.0,1,1,seoul_projected_xy_unconverted
pedestrian_push_button,29-0000002036,02-0000200068,,20190712.0,20190712.0,,,1.0,1,1,seoul_projected_xy_unconverted
pedestrian_push_button,29-0000002038,02-0000199916,,20181201.0,20181201.0,,,1.0,1,1,seoul_projected_xy_unconverted
pedestrian_push_button,29-0000000944,02-0000015615,0.0,,,208476.58345,554291.35585,1.0,1,1,seoul_projected_xy_unconverted
pedestrian_push_button,29-0000000956,02-0000015614,0.0,,,208503.0239,554290.24792,1.0,1,1,seoul_projected_xy_unconverted
pedestrian_push_button,29-0000000756,02-0000154821,90.0,20210427.0,20210427.0,189160.01988,547990.53508,1.0,2,1,seoul_projected_xy_unconverted
pedestrian_push_button,29-0000001630,02-0000082607,180.0,20130830.0,,207967.52229,556082.33736,1.0,2,1,seoul_projected_xy_unconverted
pedestrian_push_button,29-0000002063,02-0000012412,,20191210.0,20201215.0,,,1.0,1,1,seoul_projected_xy_unconverted
pedestrian_push_button,29-0000002057,02-0000016201,,20190415.0,20190415.0,,,1.0,1,1,seoul_projected_xy_unconverted
pedestrian_push_button,29-0000001477,02-0000148419,180.0,20200402.0,20200402.0,189918.42625,541248.65145,1.0,2,1,seoul_projected_xy_unconverted
pedestrian_push_button,29-0000000757,02-0000134182,90.0,20210427.0,20210427.0,189168.48498,547983.16947,1.0,2,1,seoul_projected_xy_unconverted
pedestrian_push_button,29-0000000331,02-0000026948,90.0,,,190820.20232,544392.47047,1.0,1,1,seoul_projected_xy_unconverted
pedestrian_push_button,29-0000002084,02-0000218896,,20210903.0,20210903.0,,,1.0,2,1,seoul_projected_xy_unconverted
pedestrian_push_button,29-0000000717,02-0000112790,90.0,,,189556.96126,548507.86168,1.0,1,1,seoul_projected_xy_unconverted
pedestrian_push_button,29-0000002087,02-0000159618,,20210920.0,20210920.0,,,1.0,2,1,seoul_projected_xy_unconverted
pedestrian_push_button,29-0000002086,02-0000159620,,20210920.0,20210920.0,,,1.0,2,1,seoul_projected_xy_unconverted
pedestrian_push_button,29-0000000716,02-0000061254,90.0,20161229.0,20161229.0,189546.06282,548519.08538,1.0,1,1,seoul_projected_xy_unconverted
pedestrian_push_button,29-0000000759,02-0000097291,90.0,20151118.0,20161229.0,185883.04439,544088.42966,1.0,1,1,seoul_projected_xy_unconverted
pedestrian_push_button,29-0000000758,02-0000154062,90.0,20151118.0,20151118.0,185864.96875,544086.33565,1.0,1,6,seoul_projected_xy_unconverted
pedestrian_push_button,29-0000002091,02-0000219075,,20211210.0,20211210.0,,,1.0,2,1,seoul_projected_xy_unconverted
pedestrian_push_button,29-0000002090,02-0000219074,,20211210.0,20211210.0,,,1.0,2,1,seoul_projected_xy_unconverted
pedestrian_push_button,29-0000002076,02-0000211946,,20200923.0,20210818.0,,,1.0,2,1,seoul_projected_xy_unconverted
pedestrian_push_button,29-0000000856,02-0000087364,180.0,20180731.0,20210616.0,203072.61772,562697.08224,1.0,1,1,seoul_projected_xy_unconverted
pedestrian_push_button,29-0000000441,02-0000160242,90.0,20210429.0,20210429.0,203336.19476,558077.71506,1.0,2,1,seoul_projected_xy_unconverted
pedestrian_push_button,29-0000000855,02-0000087363,180.0,20180731.0,20210616.0,203090.95394,562695.93306,1.0,1,1,seoul_projected_xy_unconverted
pedestrian_push_button,29-0000001710,02-0000179130,180.0,20120201.0,20210428.0,201052.86277,555748.84443,1.0,2,1,seoul_projected_xy_unconverted
pedestrian_push_button,29-0000000425,02-0000091224,90.0,20210421.0,20210421.0,201173.06709,559545.8245,1.0,2,1,seoul_projected_xy_unconverted
pedestrian_push_button,29-0000000424,02-0000103498,90.0,20210421.0,20210421.0,201155.15267,559534.72547,1.0,2,1,seoul_projected_xy_unconverted
pedestrian_push_button,29-0000000401,02-0000073769,90.0,20210420.0,20210420.0,200233.21518,554770.10006,1.0,2,1,seoul_projected_xy_unconverted
pedestrian_push_button,29-0000000997,02-0000173385,315.0,,,201367.28133,553163.77495,1.0,1,1,seoul_projected_xy_unconverted
pedestrian_push_button,29-0000001729,02-0000074157,180.0,20100625.0,,199757.87686,554409.9367,1.0,1,1,seoul_projected_xy_unconverted
pedestrian_push_button,29-0000001730,02-0000074155,180.0,20100625.0,,199768.83622,554401.05635,1.0,1,1,seoul_projected_xy_unconverted
pedestrian_push_button,29-0000002023,02-0000182798,180.0,20191220.0,20191220.0,199949.93006,554527.7658,1.0,1,1,seoul_projected_xy_unconverted
pedestrian_push_button,29-0000002024,02-0000182799,180.0,20191220.0,20191220.0,199937.80652,554527.59333,1.0,1,1,seoul_projected_xy_unconverted
pedestrian_push_button,29-0000001790,02-0000139615,180.0,,,200361.16492,552650.76754,1.0,1,1,seoul_projected_xy_unconverted
pedestrian_push_button,29-0000001789,02-0000139614,180.0,,,200351.73529,552667.80648,1.0,1,1,seoul_projected_xy_unconverted
pedestrian_push_button,29-0000000040,02-0000086467,90.0,20170925.0,20170925.0,201479.38563,561958.73585,1.0,2,1,seoul_projected_xy_unconverted
pedestrian_push_button,29-0000000039,02-0000086466,90.0,20170925.0,20170925.0,201475.11011,561969.88612,1.0,2,1,seoul_projected_xy_unconverted
pedestrian_push_button,29-0000000037,02-0000086472,90.0,20170925.0,20170925.0,201360.05179,561980.9964,1.0,2,1,seoul_projected_xy_unconverted
pedestrian_push_button,29-0000001992,02-0000196784,180.0,20170925.0,20170925.0,201299.70654,561996.60715,1.0,2,1,seoul_projected_xy_unconverted
pedestrian_push_button,29-0000001991,02-0000196783,180.0,20170925.0,20170925.0,201298.22992,562008.42355,1.0,2,1,seoul_projected_xy_unconverted
pedestrian_push_button,29-0000000773,02-0000135995,90.0,,20171220.0,208926.25087,556400.64105,4.0,1,1,seoul_projected_xy_unconverted
pedestrian_push_button,29-0000000772,02-0000135996,90.0,,20171220.0,208904.97801,556402.02318,4.0,1,1,seoul_projected_xy_unconverted
pedestrian_push_button,29-0000001752,02-0000163155,180.0,20100101.0,20201016.0,189117.81995,548250.55846,1.0,1,1,seoul_projected_xy_unconverted
pedestrian_push_button,29-0000000820,02-0000011878,0.0,20180819.0,20180819.0,196919.11659,551047.1816,1.0,2,1,seoul_projected_xy_unconverted
pedestrian_push_button,29-0000000565,02-0000114346,90.0,,20171220.0,203873.43679,553916.92279,4.0,1,1,seoul_projected_xy_unconverted
pedestrian_push_button,29-0000001603,02-0000160954,180.0,20130910.0,20171220.0,205205.25449,554412.07008,4.0,1,1,seoul_projected_xy_unconverted
pedestrian_push_button,29-0000000819,02-0000011879,0.0,20180819.0,20180819.0,196922.41415,551057.13239,1.0,2,1,seoul_projected_xy_unconverted
pedestrian_push_button,29-0000000356,02-0000124184,90.0,,,196389.24839,542992.73508,1.0,1,1,seoul_projected_xy_unconverted
pedestrian_push_button,29-0000000357,02-0000124185,90.0,20180516.0,20180516.0,196380.44116,542978.37505,1.0,1,1,seoul_projected_xy_unconverted
pedestrian_push_button,29-0000002004,02-0000198136,180.0,20180430.0,20180430.0,195789.31038,542981.69136,1.0,2,1,seoul_projected_xy_unconverted
pedestrian_push_button,29-0000002003,02-0000198135,180.0,20180430.0,20180430.0,195799.14119,542992.3489,1.0,2,1,seoul_projected_xy_unconverted
pedestrian_push_button,29-0000000038,02-0000086471,90.0,20170925.0,20170925.0,201358.95635,561992.95215,1.0,2,1,seoul_projected_xy_unconverted
pedestrian_push_button,29-0000000751,02-0000026847,90.0,20201016.0,20201016.0,190059.10579,544444.48715,1.0,1,1,seoul_projected_xy_unconverted
pedestrian_push_button,29-0000000750,02-0000026846,90.0,20201016.0,20201016.0,190047.48466,544461.8804,1.0,1,1,seoul_projected_xy_unconverted
pedestrian_push_button,29-0000002075,02-0000211945,,20200923.0,20200923.0,,,1.0,2,1,seoul_projected_xy_unconverted
pedestrian_push_button,29-0000002083,02-0000011880,,20200601.0,20200601.0,,,1.0,1,1,seoul_projected_xy_unconverted
pedestrian_push_button,29-0000002032,02-0000077240,,20180520.0,20201215.0,,,1.0,1,1,seoul_projected_xy_unconverted
pedestrian_push_button,29-0000002031,02-0000077225,,20180520.0,20201215.0,,,1.0,1,1,seoul_projected_xy_unconverted
pedestrian_push_button,29-0000001027,02-0000173408,0.0,20201215.0,20201215.0,199983.79611,556839.47363,1.0,1,1,seoul_projected_xy_unconverted
pedestrian_push_button,29-0000001026,02-0000173410,0.0,20131028.0,20201215.0,199979.75055,556851.51,1.0,1,6,seoul_projected_xy_unconverted
pedestrian_push_button,29-0000000380,02-0000012401,90.0,20161223.0,20201215.0,197286.64522,554242.81483,1.0,1,1,seoul_projected_xy_unconverted
pedestrian_push_button,29-0000000381,02-0000193885,90.0,20161223.0,20201215.0,197302.97929,554257.26672,1.0,1,1,seoul_projected_xy_unconverted
pedestrian_push_button,29-0000001646,02-0000091690,0.0,20090101.0,20201215.0,200950.97593,560665.42028,1.0,1,1,seoul_projected_xy_unconverted
pedestrian_push_button,29-0000001647,02-0000091704,0.0,20090101.0,20201215.0,200930.76128,560663.69745,1.0,1,1,seoul_projected_xy_unconverted
pedestrian_push_button,29-0000000515,02-0000090960,90.0,20201215.0,20201215.0,201193.91912,558946.36452,1.0,1,1,seoul_projected_xy_unconverted
pedestrian_push_button,29-0000000514,02-0000090956,90.0,20201215.0,20201215.0,201173.34454,558949.56085,1.0,1,1,seoul_projected_xy_unconverted
pedestrian_push_button,29-0000000513,02-0000090962,90.0,20201215.0,20201215.0,201164.70415,558861.59723,1.0,1,1,seoul_projected_xy_unconverted
pedestrian_push_button,29-0000000512,02-0000090963,90.0,20201215.0,20201215.0,201147.49649,558874.08915,1.0,1,1,seoul_projected_xy_unconverted
pedestrian_push_button,29-0000001649,02-0000151013,0.0,20090101.0,20201215.0,201510.29343,560025.50102,1.0,1,1,seoul_projected_xy_unconverted
pedestrian_push_button,29-0000001648,02-0000151009,0.0,20090101.0,20201215.0,201493.24887,560021.25862,1.0,1,1,seoul_projected_xy_unconverted
pedestrian_push_button,29-0000000466,02-0000156264,90.0,20201215.0,20201215.0,203345.88335,558649.64352,1.0,1,1,seoul_projected_xy_unconverted
pedestrian_push_button,29-0000000465,02-0000087955,90.0,20201215.0,20201215.0,203341.03403,558663.37166,1.0,1,1,seoul_projected_xy_unconverted
pedestrian_push_button,29-0000000464,02-0000087961,90.0,20201215.0,20201215.0,203258.73481,558552.76215,1.0,1,1,seoul_projected_xy_unconverted
pedestrian_push_button,29-0000000463,02-0000156265,90.0,20201215.0,20201215.0,203247.3852,558567.99523,1.0,1,1,seoul_projected_xy_unconverted
pedestrian_push_button,29-0000000383,02-0000012383,90.0,20201215.0,20201215.0,197533.45288,553179.32011,1.0,1,1,seoul_projected_xy_unconverted
pedestrian_push_button,29-0000000382,02-0000012660,90.0,20201215.0,20201215.0,197499.34291,553174.92699,1.0,1,1,seoul_projected_xy_unconverted
pedestrian_push_button,29-0000001534,02-0000171334,180.0,20130501.0,20170430.0,209610.24337,541867.47934,1.0,1,1,seoul_projected_xy_unconverted
pedestrian_push_button,29-0000001533,02-0000171333,180.0,20130501.0,20170430.0,209616.88473,541894.95961,1.0,1,1,seoul_projected_xy_unconverted
pedestrian_push_button,29-0000002034,02-0000196717,,20181129.0,20181129.0,,,1.0,2,1,seoul_projected_xy_unconverted
pedestrian_push_button,29-0000002033,02-0000196716,,20181129.0,20181129.0,,,1.0,2,1,seoul_projected_xy_unconverted
pedestrian_push_button,29-0000002035,02-0000200200,,20181119.0,20181119.0,,,1.0,2,1,seoul_projected_xy_unconverted
pedestrian_push_button,29-0000000937,02-0000069808,0.0,20180811.0,20180811.0,205043.04428,552255.84424,1.0,1,1,seoul_projected_xy_unconverted
pedestrian_push_button,29-0000001753,02-0000114042,180.0,20180811.0,20180811.0,205060.74498,552250.49391,1.0,1,1,seoul_projected_xy_unconverted
pedestrian_push_button,29-0000000961,02-0000170135,0.0,20160825.0,20160825.0,203283.2171,549823.57778,1.0,1,1,seoul_projected_xy_unconverted
pedestrian_push_button,29-0000000960,02-0000170134,0.0,,20160825.0,203258.31576,549830.23288,1.0,1,1,seoul_projected_xy_unconverted
pedestrian_push_button,29-0000001916,02-0000072168,0.0,20161204.0,20161204.0,202804.08143,553143.09157,1.0,1,1,seoul_projected_xy_unconverted
pedestrian_push_button,29-0000001915,02-0000173515,0.0,20161204.0,20161204.0,202151.73868,550496.68445,1.0,1,1,seoul_projected_xy_unconverted
pedestrian_push_button,29-0000001914,02-0000194295,0.0,20161204.0,20161204.0,207651.01676,551935.73933,1.0,2,1,seoul_projected_xy_unconverted
pedestrian_push_button,29-0000001960,02-0000173071,180.0,20171222.0,20190725.0,194470.23486,560932.19531,1.0,1,1,seoul_projected_xy_unconverted
pedestrian_push_button,29-0000001959,02-0000136804,180.0,20171222.0,20190725.0,194488.91415,560934.74206,1.0,1,1,seoul_projected_xy_unconverted
pedestrian_push_button,29-0000000204,02-0000093625,270.0,20191130.0,20191130.0,190731.75879,552159.45208,1.0,1,1,seoul_projected_xy_unconverted
pedestrian_push_button,29-0000000203,02-0000117560,90.0,20191130.0,20191130.0,190703.16809,552191.01415,1.0,1,1,seoul_projected_xy_unconverted
pedestrian_push_button,29-0000000669,02-0000066287,90.0,20201016.0,20201016.0,189069.84977,547582.45905,1.0,1,1,seoul_projected_xy_unconverted
pedestrian_push_button,29-0000000668,02-0000066387,90.0,20201016.0,20201016.0,189053.10327,547591.00008,1.0,1,1,seoul_projected_xy_unconverted
pedestrian_push_button,29-0000000672,02-0000019987,90.0,20201016.0,20201016.0,189029.3633,547483.64668,1.0,1,1,seoul_projected_xy_unconverted
pedestrian_push_button,29-0000000673,02-0000019986,90.0,20201016.0,20201016.0,189051.76569,547487.38291,1.0,1,1,seoul_projected_xy_unconverted
pedestrian_push_button,29-0000000670,02-0000070363,90.0,20201016.0,20201016.0,189073.53538,547694.99593,1.0,1,1,seoul_projected_xy_unconverted
pedestrian_push_button,29-0000000671,02-0000070361,90.0,20201016.0,20201016.0,189093.28605,547700.395,1.0,1,1,seoul_projected_xy_unconverted
pedestrian_push_button,29-0000001205,02-0000177839,180.0,20131109.0,20131109.0,191599.10829,544684.57333,1.0,1,6,seoul_projected_xy_unconverted
pedestrian_push_button,29-0000001206,02-0000177840,180.0,20131109.0,20160924.0,191573.34272,544681.12678,1.0,1,1,seoul_projected_xy_unconverted
pedestrian_push_button,29-0000001164,02-0000177408,180.0,,,191340.07849,544100.15577,1.0,1,1,seoul_projected_xy_unconverted
pedestrian_push_button,29-0000001203,02-0000177833,180.0,20150625.0,20150625.0,191531.33995,544753.1501,1.0,1,1,seoul_projected_xy_unconverted
pedestrian_push_button,29-0000001204,02-0000177837,180.0,20131109.0,20131109.0,191551.83643,544774.8578,1.0,1,1,seoul_projected_xy_unconverted
pedestrian_push_button,29-0000001156,02-0000156489,180.0,,,191969.47143,545148.42664,1.0,1,1,seoul_projected_xy_unconverted
pedestrian_push_button,29-0000000330,02-0000107713,90.0,,,190800.80316,544408.41085,1.0,1,1,seoul_projected_xy_unconverted
pedestrian_push_button,29-0000001154,02-0000032677,180.0,,,191147.27354,544741.96283,,1,1,seoul_projected_xy_unconverted
pedestrian_push_button,29-0000001153,02-0000032675,180.0,,,191129.34788,544759.32422,1.0,1,1,seoul_projected_xy_unconverted
pedestrian_push_button,29-0000000493,02-0000008929,90.0,20201215.0,20201215.0,196803.06656,555065.72698,1.0,1,1,seoul_projected_xy_unconverted
pedestrian_push_button,29-0000000492,02-0000008928,90.0,20201215.0,20201215.0,196777.36473,555064.76339,1.0,1,1,seoul_projected_xy_unconverted
pedestrian_push_button,29-0000000378,02-0000134026,90.0,20201215.0,20201215.0,196494.06911,555487.37848,1.0,1,1,seoul_projected_xy_unconverted
pedestrian_push_button,29-0000000379,02-0000134027,90.0,20201215.0,20201215.0,196504.81101,555518.59936,1.0,1,1,seoul_projected_xy_unconverted
pedestrian_push_button,29-0000000377,02-0000134021,90.0,20201215.0,20201215.0,196686.01733,555357.67799,1.0,1,1,seoul_projected_xy_unconverted
pedestrian_push_button,29-0000001305,02-0000103798,180.0,20131231.0,20131231.0,197701.52258,551132.14948,1.0,1,1,seoul_projected_xy_unconverted
pedestrian_push_button,29-0000001304,02-0000133255,180.0,20131231.0,20131231.0,197697.97569,551150.99561,1.0,1,1,seoul_projected_xy_unconverted
pedestrian_push_button,29-0000000678,02-0000056977,90.0,,,190524.48883,548791.17981,1.0,1,1,seoul_projected_xy_unconverted
pedestrian_push_button,29-0000002093,02-0000219078,,20211210.0,20211210.0,,,1.0,2,1,seoul_projected_xy_unconverted
pedestrian_push_button,29-0000002092,02-0000219077,,20211210.0,20211210.0,,,1.0,2,1,seoul_projected_xy_unconverted
pedestrian_push_button,29-0000001997,02-0000197216,180.0,20171229.0,20171229.0,203596.06577,550628.80359,1.0,2,1,seoul_projected_xy_unconverted
pedestrian_push_button,29-0000001996,02-0000196902,180.0,20171229.0,20171229.0,203610.31644,550616.65631,1.0,2,1,seoul_projected_xy_unconverted
pedestrian_push_button,29-0000002045,02-0000099419,,20190315.0,20190315.0,,,1.0,2,1,seoul_projected_xy_unconverted
pedestrian_push_button,29-0000002044,02-0000202286,,20190315.0,20190315.0,,,1.0,2,1,seoul_projected_xy_unconverted
pedestrian_push_button,29-0000002043,02-0000202285,,20190315.0,20190315.0,,,1.0,2,1,seoul_projected_xy_unconverted
pedestrian_push_button,29-0000002042,02-0000202284,,20190315.0,20190315.0,,,1.0,2,1,seoul_projected_xy_unconverted
pedestrian_push_button,29-0000002041,02-0000202283,,20190315.0,20190315.0,,,1.0,2,1,seoul_projected_xy_unconverted
pedestrian_push_button,29-0000002040,02-0000044303,,20190315.0,20190315.0,,,1.0,2,1,seoul_projected_xy_unconverted
pedestrian_push_button,29-0000002054,02-0000202767,,20191115.0,20191115.0,,,1.0,2,1,seoul_projected_xy_unconverted
pedestrian_push_button,29-0000002053,02-0000202766,,20191115.0,20191115.0,,,1.0,2,1,seoul_projected_xy_unconverted
pedestrian_push_button,29-0000002052,02-0000202762,,20191115.0,20191115.0,,,1.0,2,1,seoul_projected_xy_unconverted
pedestrian_push_button,29-0000002051,02-0000202761,,20191115.0,20191115.0,,,1.0,2,1,seoul_projected_xy_unconverted
pedestrian_push_button,29-0000002050,02-0000202760,,20191115.0,20191115.0,,,1.0,2,1,seoul_projected_xy_unconverted
pedestrian_push_button,29-0000000250,02-0000117760,90.0,20160421.0,20190525.0,196814.14778,548776.89289,1.0,1,1,seoul_projected_xy_unconverted
pedestrian_push_button,29-0000000249,02-0000050676,90.0,20161011.0,20190525.0,196816.54737,548801.54115,1.0,1,1,seoul_projected_xy_unconverted
pedestrian_push_button,29-0000002060,02-0000202909,,20190901.0,20190901.0,,,1.0,2,1,seoul_projected_xy_unconverted
pedestrian_push_button,29-0000001560,02-0000178604,180.0,20131023.0,20190917.0,193942.76063,552202.35782,1.0,1,1,seoul_projected_xy_unconverted
pedestrian_push_button,29-0000000234,02-0000002554,90.0,20190917.0,20190917.0,194206.97579,552396.31382,1.0,1,1,seoul_projected_xy_unconverted
pedestrian_push_button,29-0000001559,02-0000002540,180.0,20131023.0,20190917.0,193953.58127,552218.84186,1.0,1,1,seoul_projected_xy_unconverted
pedestrian_push_button,29-0000000233,02-0000002555,90.0,20160810.0,20190917.0,194187.38916,552399.58701,1.0,1,1,seoul_projected_xy_unconverted
pedestrian_push_button,29-0000001297,02-0000104943,180.0,20170830.0,20190917.0,192437.37404,553817.60238,1.0,1,1,seoul_projected_xy_unconverted
pedestrian_push_button,29-0000001296,02-0000008101,180.0,20170830.0,20190917.0,192420.28823,553821.99849,1.0,1,1,seoul_projected_xy_unconverted
pedestrian_push_button,29-0000001447,02-0000001191,180.0,20150130.0,20190917.0,199873.35511,551511.96287,1.0,1,6,seoul_projected_xy_unconverted
pedestrian_push_button,29-0000001448,02-0000001190,180.0,20150130.0,20190917.0,199852.41684,551503.16314,1.0,1,6,seoul_projected_xy_unconverted
pedestrian_push_button,29-0000000294,02-0000137993,90.0,20190917.0,20190917.0,201245.00783,551721.09439,1.0,1,1,seoul_projected_xy_unconverted
pedestrian_push_button,29-0000000293,02-0000137992,90.0,20190917.0,20190917.0,201241.72902,551740.11299,1.0,1,1,seoul_projected_xy_unconverted
pedestrian_push_button,29-0000002049,02-0000202757,,20191115.0,20191115.0,,,1.0,2,1,seoul_projected_xy_unconverted
pedestrian_push_button,29-0000000816,02-0000103890,0.0,20160826.0,20190916.0,197729.67836,550778.90214,1.0,1,1,seoul_projected_xy_unconverted
pedestrian_push_button,29-0000000815,02-0000000784,0.0,,20190916.0,197714.3585,550800.67464,1.0,1,1,seoul_projected_xy_unconverted
pedestrian_push_button,29-0000000267,02-0000008912,90.0,20170819.0,20190916.0,191699.49352,557646.80627,1.0,1,1,seoul_projected_xy_unconverted
pedestrian_push_button,29-0000000268,02-0000008914,90.0,20170819.0,20190916.0,191716.8899,557662.4867,1.0,1,1,seoul_projected_xy_unconverted
pedestrian_push_button,29-0000000269,02-0000105422,90.0,20190916.0,20190916.0,191754.82837,557506.2439,1.0,1,1,seoul_projected_xy_unconverted
pedestrian_push_button,29-0000000284,02-0000162220,90.0,20190916.0,20190916.0,194636.97617,556765.64977,1.0,1,1,seoul_projected_xy_unconverted
pedestrian_push_button,29-0000000283,02-0000162221,90.0,20190916.0,20190916.0,194637.75791,556790.92042,1.0,1,1,seoul_projected_xy_unconverted
pedestrian_push_button,29-0000001584,02-0000011471,180.0,20100101.0,20190916.0,191835.07206,557403.20319,1.0,1,1,seoul_projected_xy_unconverted
pedestrian_push_button,29-0000001583,02-0000011470,180.0,20100101.0,20190916.0,191858.87109,557413.76325,1.0,1,1,seoul_projected_xy_unconverted
pedestrian_push_button,29-0000001582,02-0000011467,180.0,20100101.0,20190916.0,191935.40667,557304.85011,1.0,1,1,seoul_projected_xy_unconverted
pedestrian_push_button,29-0000001581,02-0000160683,180.0,20100101.0,20190916.0,191950.40222,557322.46927,1.0,1,1,seoul_projected_xy_unconverted
pedestrian_push_button,29-0000000177,02-0000006396,90.0,20160603.0,20190913.0,195213.18077,550558.05764,1.0,1,1,seoul_projected_xy_unconverted
pedestrian_push_button,29-0000000178,02-0000006397,270.0,20160603.0,20190913.0,195229.01804,550549.75282,1.0,1,1,seoul_projected_xy_unconverted
pedestrian_push_button,29-0000001882,02-0000183032,180.0,20160603.0,20190913.0,195229.02929,550634.37951,1.0,1,1,seoul_projected_xy_unconverted
pedestrian_push_button,29-0000001883,02-0000183033,180.0,20160603.0,20190913.0,195212.7271,550641.18834,1.0,1,1,seoul_projected_xy_unconverted
pedestrian_push_button,29-0000000214,02-0000005243,270.0,20180901.0,20190913.0,192626.3809,549858.0606,1.0,1,1,seoul_projected_xy_unconverted
pedestrian_push_button,29-0000000215,02-0000005240,90.0,20180901.0,20190913.0,192484.70028,549916.05562,1.0,1,1,seoul_projected_xy_unconverted
pedestrian_push_button,29-0000001946,02-0000193984,180.0,20190913.0,20190913.0,196115.34865,549581.28188,,1,1,seoul_projected_xy_unconverted
pedestrian_push_button,29-0000000609,02-0000132635,90.0,,20171230.0,204798.15704,554569.37051,4.0,1,1,seoul_projected_xy_unconverted
pedestrian_push_button,29-0000000610,02-0000132636,90.0,,,204798.63883,554551.13365,1.0,1,1,seoul_projected_xy_unconverted
pedestrian_push_button,29-0000000387,02-0000087455,90.0,20180917.0,20180917.0,204163.99117,563875.2256,4.0,1,1,seoul_projected_xy_unconverted
pedestrian_push_button,29-0000000077,02-0000087834,90.0,20171221.0,20180917.0,204067.22219,561437.18747,1.0,1,1,seoul_projected_xy_unconverted
pedestrian_push_button,29-0000000078,02-0000087833,90.0,20171221.0,20180917.0,204077.30796,561443.90257,1.0,1,1,seoul_projected_xy_unconverted
pedestrian_push_button,29-0000000386,02-0000166144,90.0,20180917.0,20180917.0,204152.19195,563890.52578,2.0,1,1,seoul_projected_xy_unconverted
pedestrian_push_button,29-0000000536,02-0000117211,90.0,20180715.0,20180715.0,206232.7933,562449.81791,1.0,2,1,seoul_projected_xy_unconverted
pedestrian_push_button,29-0000000537,02-0000091265,90.0,20180715.0,20180715.0,206221.02642,562439.29539,1.0,2,1,seoul_projected_xy_unconverted
pedestrian_push_button,29-0000000534,02-0000139721,90.0,20180715.0,20180715.0,206100.22407,562567.07064,1.0,2,1,seoul_projected_xy_unconverted
pedestrian_push_button,29-0000000535,02-0000091059,90.0,20180715.0,20180715.0,206117.49689,562569.12332,1.0,2,1,seoul_projected_xy_unconverted
pedestrian_push_button,29-0000000543,02-0000117761,90.0,20180810.0,20180810.0,206672.67136,561222.04856,1.0,1,1,seoul_projected_xy_unconverted
pedestrian_push_button,29-0000000542,02-0000103046,90.0,20180810.0,20180810.0,206666.91235,561243.53517,1.0,1,1,seoul_projected_xy_unconverted
pedestrian_push_button,29-0000000541,02-0000085634,90.0,20180810.0,20180810.0,206597.48555,561220.56756,1.0,1,1,seoul_projected_xy_unconverted
pedestrian_push_button,29-0000001723,02-0000000419,180.0,20080101.0,20190601.0,196533.60793,556249.8201,1.0,1,1,seoul_projected_xy_unconverted
pedestrian_push_button,29-0000000555,02-0000132212,90.0,20161231.0,20161231.0,206703.08987,556909.59688,1.0,1,1,seoul_projected_xy_unconverted
pedestrian_push_button,29-0000000564,02-0000071862,90.0,20161215.0,20171220.0,203856.30974,553901.7379,4.0,1,1,seoul_projected_xy_unconverted
pedestrian_push_button,29-0000000603,02-0000072109,90.0,20161231.0,20161231.0,203338.62319,554236.12973,1.0,1,1,seoul_projected_xy_unconverted
pedestrian_push_button,29-0000001602,02-0000105978,180.0,20100618.0,,206351.87656,552968.98465,1.0,1,1,seoul_projected_xy_unconverted
pedestrian_push_button,29-0000000942,02-0000070713,0.0,20161231.0,20171220.0,204943.46704,552996.12248,4.0,1,1,seoul_projected_xy_unconverted
pedestrian_push_button,29-0000001624,02-0000082945,180.0,20130910.0,20161231.0,207420.16898,553736.63131,1.0,1,1,seoul_projected_xy_unconverted
pedestrian_push_button,29-0000001625,02-0000205063,180.0,20130910.0,20161231.0,207404.61666,553726.65053,1.0,1,1,seoul_projected_xy_unconverted
pedestrian_push_button,29-0000001604,02-0000169504,180.0,20130913.0,20171220.0,205204.43526,554390.59378,4.0,1,1,seoul_projected_xy_unconverted
pedestrian_push_button,29-0000000840,02-0000163009,90.0,20161215.0,20161215.0,204386.45351,553546.91958,1.0,1,1,seoul_projected_xy_unconverted
pedestrian_push_button,29-0000000396,02-0000087715,90.0,20160614.0,20190731.0,204266.656,560827.92481,1.0,1,1,seoul_projected_xy_unconverted
pedestrian_push_button,29-0000000397,02-0000116631,90.0,20190731.0,20190731.0,204282.39564,560846.54413,1.0,1,1,seoul_projected_xy_unconverted
pedestrian_push_button,29-0000001142,02-0000156598,180.0,20190913.0,20190913.0,192006.64629,551983.79481,1.0,1,1,seoul_projected_xy_unconverted
pedestrian_push_button,29-0000001141,02-0000156597,180.0,20190913.0,20190913.0,192022.59042,551999.99202,1.0,1,1,seoul_projected_xy_unconverted
pedestrian_push_button,29-0000000818,02-0000002752,0.0,20190913.0,20190913.0,191873.20862,552053.73715,1.0,1,1,seoul_projected_xy_unconverted
pedestrian_push_button,29-0000000817,02-0000002751,0.0,20190913.0,20190913.0,191888.35039,552070.11433,1.0,1,1,seoul_projected_xy_unconverted
pedestrian_push_button,29-0000000216,02-0000104531,270.0,20180901.0,20190913.0,192488.90705,549894.44808,1.0,1,1,seoul_projected_xy_unconverted
pedestrian_push_button,29-0000000213,02-0000005242,90.0,20180901.0,20190913.0,192622.71028,549880.80793,1.0,1,1,seoul_projected_xy_unconverted
pedestrian_push_button,29-0000001439,02-0000180273,180.0,20190913.0,20190913.0,196141.34293,549571.60426,1.0,1,1,seoul_projected_xy_unconverted
pedestrian_push_button,29-0000001269,02-0000006401,180.0,20140123.0,20190913.0,194434.30105,549750.42974,1.0,1,6,seoul_projected_xy_unconverted
pedestrian_push_button,29-0000001268,02-0000006403,180.0,20140123.0,20190913.0,194432.70569,549771.96229,1.0,1,6,seoul_projected_xy_unconverted
pedestrian_push_button,29-0000000174,02-0000005280,270.0,20161031.0,20190912.0,195233.93345,550420.5838,1.0,1,1,seoul_projected_xy_unconverted
pedestrian_push_button,29-0000000569,02-0000050867,90.0,20171220.0,20171220.0,208223.28203,549388.12459,1.0,1,1,seoul_projected_xy_unconverted
pedestrian_push_button,29-0000000568,02-0000050558,90.0,20171220.0,20171220.0,208209.05198,549363.90313,1.0,1,1,seoul_projected_xy_unconverted
pedestrian_push_button,29-0000000933,02-0000102337,0.0,20170920.0,20170920.0,205484.4552,556097.16574,1.0,1,1,seoul_projected_xy_unconverted
pedestrian_push_button,29-0000000934,02-0000115093,0.0,20170920.0,20170920.0,205474.47691,556091.09616,1.0,1,1,seoul_projected_xy_unconverted
pedestrian_push_button,29-0000000769,02-0000113865,90.0,20170920.0,20170920.0,206382.06386,553105.5949,1.0,1,1,seoul_projected_xy_unconverted
pedestrian_push_button,29-0000000768,02-0000068626,90.0,20170920.0,20170920.0,206362.64221,553101.47685,1.0,1,1,seoul_projected_xy_unconverted
pedestrian_push_button,29-0000000694,02-0000097691,90.0,20151118.0,20180904.0,189562.30128,543618.71612,1.0,2,1,seoul_projected_xy_unconverted
pedestrian_push_button,29-0000002039,02-0000199918,,20181201.0,20181201.0,,,1.0,1,1,seoul_projected_xy_unconverted
pedestrian_push_button,29-0000002056,02-0000202772,,20191115.0,20191115.0,,,1.0,2,1,seoul_projected_xy_unconverted
pedestrian_push_button,29-0000002055,02-0000202771,,20191115.0,20191115.0,,,1.0,2,1,seoul_projected_xy_unconverted
pedestrian_push_button,29-0000002048,02-0000202750,,20191115.0,20191115.0,,,1.0,2,1,seoul_projected_xy_unconverted
pedestrian_push_button,29-0000002047,02-0000197880,,20191115.0,20191115.0,,,1.0,2,1,seoul_projected_xy_unconverted
pedestrian_push_button,29-0000000613,02-0000114060,90.0,20161228.0,20161228.0,204303.47092,553113.35169,1.0,1,1,seoul_projected_xy_unconverted
pedestrian_push_button,29-0000000614,02-0000069929,90.0,20161228.0,20161228.0,204316.63115,553103.07658,1.0,1,1,seoul_projected_xy_unconverted
pedestrian_push_button,29-0000000353,02-0000016975,90.0,20190601.0,20190601.0,200372.56671,542956.96249,1.0,2,1,seoul_projected_xy_unconverted
pedestrian_push_button,29-0000000352,02-0000016976,90.0,20150416.0,20190601.0,200356.54759,542951.44156,1.0,2,6,seoul_projected_xy_unconverted
pedestrian_push_button,29-0000000176,02-0000007210,270.0,20161031.0,20190912.0,195185.69612,550308.46684,1.0,1,1,seoul_projected_xy_unconverted
pedestrian_push_button,29-0000000175,02-0000104815,90.0,20161031.0,20190912.0,195173.15641,550322.30384,1.0,1,1,seoul_projected_xy_unconverted
pedestrian_push_button,29-0000000173,02-0000005281,90.0,20161031.0,20190912.0,195215.15293,550419.52086,1.0,1,1,seoul_projected_xy_unconverted
pedestrian_push_button,29-0000000220,02-0000095261,270.0,20150616.0,20190912.0,193917.83304,549491.40181,1.0,1,6,seoul_projected_xy_unconverted
pedestrian_push_button,29-0000001824,02-0000004623,180.0,20150616.0,20190912.0,193920.52695,549514.42098,1.0,1,6,seoul_projected_xy_unconverted
pedestrian_push_button,29-0000000814,02-0000005293,0.0,20190912.0,20190912.0,193472.28409,550408.40027,1.0,1,1,seoul_projected_xy_unconverted
pedestrian_push_button,29-0000000813,02-0000005292,0.0,,20190912.0,193465.86519,550428.67303,1.0,1,1,seoul_projected_xy_unconverted
pedestrian_push_button,29-0000000812,02-0000007206,0.0,,20190912.0,193668.25911,550450.58614,1.0,1,1,seoul_projected_xy_unconverted
pedestrian_push_button,29-0000000811,02-0000160682,0.0,,20190912.0,193671.68602,550470.78391,1.0,1,1,seoul_projected_xy_unconverted
pedestrian_push_button,29-0000001773,02-0000181176,180.0,20120601.0,20190912.0,191798.31339,551599.22723,1.0,1,1,seoul_projected_xy_unconverted
pedestrian_push_button,29-0000001549,02-0000175535,180.0,20120601.0,20190912.0,191785.8974,551621.89771,1.0,1,1,seoul_projected_xy_unconverted
pedestrian_push_button,29-0000001140,02-0000004503,180.0,20171130.0,20190912.0,191454.85561,552287.6244,1.0,1,1,seoul_projected_xy_unconverted
pedestrian_push_button,29-0000001139,02-0000196578,180.0,20171130.0,20190912.0,191458.52186,552304.76208,1.0,1,1,seoul_projected_xy_unconverted
pedestrian_push_button,29-0000000222,02-0000005672,270.0,20161226.0,20190830.0,191299.09804,552431.07971,1.0,1,1,seoul_projected_xy_unconverted
pedestrian_push_button,29-0000000221,02-0000005670,90.0,20161226.0,20190830.0,191310.85789,552444.53802,1.0,1,1,seoul_projected_xy_unconverted
pedestrian_push_button,29-0000001325,02-0000139029,180.0,20190830.0,20190830.0,193353.63388,549498.32687,1.0,1,1,seoul_projected_xy_unconverted
pedestrian_push_button,29-0000001324,02-0000139028,180.0,20190830.0,20190830.0,193341.21227,549513.51363,1.0,1,1,seoul_projected_xy_unconverted
pedestrian_push_button,29-0000001321,02-0000167742,180.0,20190830.0,20190830.0,192255.281,549575.44923,1.0,1,1,seoul_projected_xy_unconverted
pedestrian_push_button,29-0000001320,02-0000167741,180.0,20151210.0,20190830.0,192257.98991,549584.89948,1.0,1,6,seoul_projected_xy_unconverted
pedestrian_push_button,29-0000001266,02-0000006824,180.0,20140122.0,20191203.0,193347.43057,556489.75537,1.0,1,1,seoul_projected_xy_unconverted
pedestrian_push_button,29-0000001267,02-0000006644,180.0,20140122.0,20191203.0,193359.34977,556462.48538,1.0,1,1,seoul_projected_xy_unconverted
pedestrian_push_button,29-0000000171,02-0000095218,90.0,20191108.0,20191108.0,192438.26077,551450.52782,1.0,1,1,seoul_projected_xy_unconverted
pedestrian_push_button,29-0000001348,02-0000016274,180.0,20130801.0,20210930.0,213214.76687,544637.5658,1.0,1,1,seoul_projected_xy_unconverted
pedestrian_push_button,29-0000001347,02-0000016273,180.0,20130801.0,20210930.0,213218.11504,544662.97705,1.0,1,1,seoul_projected_xy_unconverted
pedestrian_push_button,29-0000002109,02-0000220351,,20220513.0,20220513.0,,,1.0,2,1,seoul_projected_xy_unconverted
pedestrian_push_button,29-0000002108,02-0000220350,,20220513.0,20220513.0,,,1.0,2,1,seoul_projected_xy_unconverted
pedestrian_push_button,29-0000002107,02-0000220349,,20220513.0,20220513.0,,,1.0,2,1,seoul_projected_xy_unconverted
pedestrian_push_button,29-0000002173,02-0000135759,,,,,,1.0,2,1,seoul_projected_xy_unconverted
pedestrian_push_button,29-0000000423,02-0000091671,90.0,20211210.0,20211210.0,200984.67888,560147.43378,1.0,2,1,seoul_projected_xy_unconverted
pedestrian_push_button,29-0000002123,02-0000179609,,,,,,1.0,1,1,seoul_projected_xy_unconverted
pedestrian_push_button,29-0000000422,02-0000103538,90.0,20211210.0,20211210.0,200966.05396,560140.67745,1.0,2,1,seoul_projected_xy_unconverted
pedestrian_push_button,29-0000002131,02-0000200326,,20221209.0,20221209.0,,,1.0,2,1,seoul_projected_xy_unconverted
pedestrian_push_button,29-0000002130,02-0000115440,,20221209.0,20221209.0,,,1.0,2,1,seoul_projected_xy_unconverted
pedestrian_push_button,29-0000000545,02-0000095978,90.0,20140912.0,20220619.0,197918.18468,553781.9835,1.0,1,6,seoul_projected_xy_unconverted
pedestrian_push_button,29-0000000544,02-0000012406,90.0,20140912.0,20220619.0,197908.92002,553798.12635,1.0,1,1,seoul_projected_xy_unconverted
pedestrian_push_button,29-0000002150,02-0000203085,,20230504.0,20230504.0,,,1.0,2,1,seoul_projected_xy_unconverted
pedestrian_push_button,29-0000002151,02-0000203084,,20230504.0,20230504.0,,,1.0,2,1,seoul_projected_xy_unconverted
pedestrian_push_button,29-0000002152,02-0000221522,,,,,,1.0,2,1,seoul_projected_xy_unconverted
pedestrian_push_button,29-0000002153,02-0000221523,,,,,,1.0,2,1,seoul_projected_xy_unconverted
pedestrian_push_button,29-0000002154,02-0000212077,,,,,,1.0,2,1,seoul_projected_xy_unconverted
pedestrian_push_button,29-0000002155,02-0000212078,,,,,,1.0,2,1,seoul_projected_xy_unconverted
pedestrian_push_button,29-0000000042,02-0000051457,90.0,20191130.0,20211230.0,201657.43686,561977.66916,1.0,2,1,seoul_projected_xy_unconverted
pedestrian_push_button,29-0000000041,02-0000086591,90.0,20191130.0,20211230.0,201664.24194,561957.35703,1.0,2,1,seoul_projected_xy_unconverted
pedestrian_push_button,29-0000002106,02-0000219964,,20210630.0,20210630.0,,,1.0,2,1,seoul_projected_xy_unconverted
pedestrian_push_button,29-0000002105,02-0000219963,,20210630.0,20210630.0,,,1.0,2,1,seoul_projected_xy_unconverted
pedestrian_push_button,29-0000002104,02-0000219960,,20210630.0,20210630.0,,,1.0,2,1,seoul_projected_xy_unconverted
pedestrian_push_button,29-0000002103,02-0000219959,,20210630.0,20210630.0,,,1.0,2,1,seoul_projected_xy_unconverted
pedestrian_push_button,29-0000002102,02-0000219948,,20211217.0,20211217.0,,,1.0,2,1,seoul_projected_xy_unconverted
pedestrian_push_button,29-0000002101,02-0000219947,,20211217.0,20211217.0,,,1.0,2,1,seoul_projected_xy_unconverted
pedestrian_push_button,29-0000002100,02-0000218524,,20211217.0,20211217.0,,,1.0,2,1,seoul_projected_xy_unconverted
pedestrian_push_button,29-0000002099,02-0000040500,,20211217.0,20211217.0,,,1.0,2,1,seoul_projected_xy_unconverted
pedestrian_push_button,29-0000002144,02-0000221514,,20230504.0,20230504.0,,,1.0,1,1,seoul_projected_xy_unconverted
pedestrian_push_button,29-0000002145,02-0000221515,,20230504.0,20230504.0,,,1.0,1,1,seoul_projected_xy_unconverted
pedestrian_push_button,29-0000002146,02-0000221516,,20230504.0,20230504.0,,,1.0,2,1,seoul_projected_xy_unconverted
pedestrian_push_button,29-0000002147,02-0000221517,,20230504.0,20230504.0,,,1.0,2,1,seoul_projected_xy_unconverted
pedestrian_push_button,29-0000002148,02-0000221518,,20230504.0,20230504.0,,,1.0,2,1,seoul_projected_xy_unconverted
pedestrian_push_button,29-0000002165,02-0000222575,,20190917.0,20190917.0,,,1.0,2,1,seoul_projected_xy_unconverted
pedestrian_push_button,29-0000002164,02-0000222574,,20190917.0,20190917.0,,,1.0,2,1,seoul_projected_xy_unconverted
pedestrian_push_button,29-0000001975,02-0000196659,180.0,20171031.0,20230501.0,194844.37048,548560.08207,1.0,2,1,seoul_projected_xy_unconverted
pedestrian_push_button,29-0000002119,02-0000196819,,20181119.0,20181119.0,,,1.0,2,1,seoul_projected_xy_unconverted
pedestrian_push_button,29-0000000695,02-0000029014,90.0,20180904.0,20220428.0,189585.22108,543614.30125,1.0,2,1,seoul_projected_xy_unconverted
pedestrian_push_button,29-0000002122,02-0000196209,,20220331.0,20220331.0,,,1.0,1,1,seoul_projected_xy_unconverted
pedestrian_push_button,29-0000000793,02-0000010450,90.0,20221214.0,20221214.0,200170.379,549351.12158,1.0,2,1,seoul_projected_xy_unconverted
pedestrian_push_button,29-0000002085,02-0000218897,,20210903.0,20221127.0,,,1.0,2,1,seoul_projected_xy_unconverted
pedestrian_push_button,29-0000000754,02-0000127570,90.0,20170105.0,20230508.0,184925.52853,544140.39572,1.0,2,1,seoul_projected_xy_unconverted
pedestrian_push_button,29-0000000755,02-0000127571,90.0,20230508.0,20230508.0,184938.60628,544146.44531,1.0,2,1,seoul_projected_xy_unconverted
pedestrian_push_button,29-0000000898,02-0000048563,0.0,20171115.0,20221014.0,211583.07639,550584.63932,1.0,1,1,seoul_projected_xy_unconverted
pedestrian_push_button,29-0000000900,02-0000048510,0.0,20221014.0,20221014.0,211587.54312,550598.59379,1.0,1,1,seoul_projected_xy_unconverted
pedestrian_push_button,29-0000002138,02-0000218497,,20221130.0,20221130.0,,,1.0,2,1,seoul_projected_xy_unconverted
pedestrian_push_button,29-0000002137,02-0000221337,,20221130.0,20221130.0,,,1.0,2,1,seoul_projected_xy_unconverted
pedestrian_push_button,29-0000001476,02-0000132223,180.0,20140513.0,20140513.0,200049.84662,541932.44378,1.0,1,6,seoul_projected_xy_unconverted
pedestrian_push_button,29-0000002149,02-0000221519,,20230504.0,20230504.0,,,1.0,2,1,seoul_projected_xy_unconverted
pedestrian_push_button,29-0000002088,02-0000215128,,20211030.0,20220428.0,,,1.0,2,1,seoul_projected_xy_unconverted
pedestrian_push_button,29-0000002059,02-0000202908,,20190901.0,20220401.0,,,1.0,2,1,seoul_projected_xy_unconverted
pedestrian_push_button,29-0000002171,02-0000196948,,,,,,1.0,2,1,seoul_projected_xy_unconverted
pedestrian_push_button,29-0000000318,02-0000031458,90.0,,,195096.72956,545076.25343,4.0,1,1,seoul_projected_xy_unconverted
pedestrian_push_button,29-0000000317,02-0000031459,90.0,20150501.0,20150501.0,195090.61811,545097.82722,4.0,1,6,seoul_projected_xy_unconverted
pedestrian_push_button,29-0000002125,02-0000220764,,20221014.0,20221014.0,,,1.0,2,1,seoul_projected_xy_unconverted
pedestrian_push_button,29-0000002124,02-0000220763,,20221014.0,20221014.0,,,1.0,2,1,seoul_projected_xy_unconverted
pedestrian_push_button,29-0000002143,02-0000218522,,20221130.0,20221130.0,,,1.0,2,1,seoul_projected_xy_unconverted
pedestrian_push_button,29-0000002142,02-0000218523,,20221130.0,20221130.0,,,1.0,2,1,seoul_projected_xy_unconverted
pedestrian_push_button,29-0000002141,02-0000218521,,20221130.0,20221130.0,,,1.0,2,1,seoul_projected_xy_unconverted
pedestrian_push_button,29-0000002140,02-0000218520,,20221130.0,20221130.0,,,1.0,2,1,seoul_projected_xy_unconverted
pedestrian_push_button,29-0000002139,02-0000218498,,20221130.0,20221130.0,,,1.0,2,1,seoul_projected_xy_unconverted
pedestrian_push_button,29-0000002136,02-0000221336,,20221130.0,20221130.0,,,1.0,2,1,seoul_projected_xy_unconverted
pedestrian_push_button,29-0000001475,02-0000015908,180.0,20140513.0,20140513.0,200069.84005,541947.4337,1.0,1,6,seoul_projected_xy_unconverted
pedestrian_push_button,29-0000001615,02-0000055995,180.0,20130430.0,,202977.51721,550466.64462,1.0,1,1,seoul_projected_xy_unconverted
pedestrian_push_button,29-0000001614,02-0000100640,180.0,20130430.0,,202951.55293,550470.12777,1.0,1,1,seoul_projected_xy_unconverted
pedestrian_push_button,29-0000002163,02-0000202260,,20230526.0,20230526.0,,,1.0,2,1,seoul_projected_xy_unconverted
pedestrian_push_button,29-0000002162,02-0000222526,,20230526.0,20230526.0,,,1.0,2,1,seoul_projected_xy_unconverted
pedestrian_push_button,29-0000002161,02-0000222524,,20230526.0,20230526.0,,,1.0,2,1,seoul_projected_xy_unconverted
pedestrian_push_button,29-0000002160,02-0000222521,,20230526.0,20230526.0,,,1.0,2,1,seoul_projected_xy_unconverted
pedestrian_push_button,29-0000002159,02-0000222510,,20230525.0,20230525.0,,,1.0,2,1,seoul_projected_xy_unconverted
pedestrian_push_button,29-0000002158,02-0000222501,,20230525.0,20230525.0,,,1.0,2,1,seoul_projected_xy_unconverted
pedestrian_push_button,29-0000002157,02-0000222497,,20230525.0,20230525.0,,,1.0,2,1,seoul_projected_xy_unconverted
pedestrian_push_button,29-0000002156,02-0000222495,,20230525.0,20230525.0,,,1.0,2,1,seoul_projected_xy_unconverted
pedestrian_push_button,29-0000002118,02-0000220421,,20220630.0,20220630.0,,,1.0,2,1,seoul_projected_xy_unconverted
pedestrian_push_button,29-0000002117,02-0000220418,,20220630.0,20220630.0,,,1.0,2,1,seoul_projected_xy_unconverted
pedestrian_push_button,29-0000002116,02-0000220416,,20220630.0,20220630.0,,,1.0,2,1,seoul_projected_xy_unconverted
pedestrian_push_button,29-0000002115,02-0000220415,,20220630.0,20220630.0,,,1.0,2,1,seoul_projected_xy_unconverted
pedestrian_push_button,29-0000002114,02-0000220413,,20220630.0,20220630.0,,,1.0,2,1,seoul_projected_xy_unconverted
pedestrian_push_button,29-0000002113,02-0000220412,,20220630.0,20220630.0,,,1.0,2,1,seoul_projected_xy_unconverted
pedestrian_push_button,29-0000002112,02-0000220408,,20220630.0,20220630.0,,,1.0,2,1,seoul_projected_xy_unconverted
pedestrian_push_button,29-0000002111,02-0000220407,,20220630.0,20220630.0,,,1.0,2,1,seoul_projected_xy_unconverted
pedestrian_push_button,29-0000001457,02-0000167324,180.0,20131201.0,20161227.0,190126.63917,539764.27812,1.0,1,1,seoul_projected_xy_unconverted
pedestrian_push_button,29-0000001458,02-0000167326,180.0,20131201.0,20161227.0,190134.63092,539735.44746,1.0,1,1,seoul_projected_xy_unconverted
pedestrian_push_button,29-0000002133,02-0000221066,,,,,,1.0,2,1,seoul_projected_xy_unconverted
pedestrian_push_button,29-0000002135,02-0000221319,,20221027.0,20221027.0,,,1.0,2,1,seoul_projected_xy_unconverted
pedestrian_push_button,29-0000002134,02-0000221320,,20221027.0,20221027.0,,,1.0,2,1,seoul_projected_xy_unconverted
pedestrian_push_button,29-0000002166,02-0000119475,,,,,,1.0,2,1,seoul_projected_xy_unconverted
pedestrian_push_button,29-0000002167,02-0000119472,,,,,,1.0,2,1,seoul_projected_xy_unconverted
pedestrian_push_button,29-0000002169,02-0000218480,,,,,,1.0,2,1,seoul_projected_xy_unconverted
pedestrian_push_button,29-0000002170,02-0000045826,,,,,,1.0,2,1,seoul_projected_xy_unconverted
pedestrian_push_button,29-0000002172,02-0000123724,,,,,,1.0,2,1,seoul_projected_xy_unconverted
pedestrian_push_button,29-0000000060,02-0000085923,90.0,20240115.0,,202449.9005,562343.73367,1.0,1,1,seoul_projected_xy_unconverted
pedestrian_push_button,29-0000000061,02-0000160992,90.0,,,202430.98125,562347.61425,1.0,1,1,seoul_projected_xy_unconverted
pedestrian_push_button,29-0000000059,02-0000160993,90.0,,,202453.39865,562283.58839,1.0,1,1,seoul_projected_xy_unconverted
pedestrian_push_button,29-0000000058,02-0000085928,90.0,,,202435.51985,562288.73157,1.0,1,1,seoul_projected_xy_unconverted
pedestrian_push_button,29-0000000062,02-0000157247,90.0,,,202461.43539,562159.36852,1.0,1,1,seoul_projected_xy_unconverted
pedestrian_push_button,29-0000000074,02-0000138935,0.0,20150123.0,20150123.0,202913.82129,561856.13195,1.0,1,6,seoul_projected_xy_unconverted
pedestrian_push_button,29-0000000073,02-0000085864,0.0,20150123.0,20150123.0,202927.60392,561860.0219,1.0,1,6,seoul_projected_xy_unconverted
pedestrian_push_button,29-0000000087,02-0000087526,90.0,,,203762.62461,563521.21152,1.0,1,1,seoul_projected_xy_unconverted
pedestrian_push_button,29-0000001459,02-0000167325,180.0,20131201.0,20161227.0,190121.2401,539756.20389,1.0,1,1,seoul_projected_xy_unconverted
pedestrian_push_button,29-0000000086,02-0000087388,90.0,,,203757.78044,563509.54165,1.0,1,1,seoul_projected_xy_unconverted
pedestrian_push_button,29-0000000084,02-0000156155,90.0,,,203625.90626,563505.38643,1.0,1,1,seoul_projected_xy_unconverted
pedestrian_push_button,29-0000000081,02-0000156154,90.0,,,203623.9491,563518.71773,1.0,1,1,seoul_projected_xy_unconverted
pedestrian_push_button,29-0000000082,02-0000087514,90.0,,,203597.16371,563515.6142,1.0,1,1,seoul_projected_xy_unconverted
pedestrian_push_button,29-0000000085,02-0000156153,90.0,,,203603.86193,563501.4632,1.0,1,1,seoul_projected_xy_unconverted
pedestrian_push_button,29-0000000261,02-0000000546,90.0,20170830.0,20231128.0,198615.17099,549854.08066,1.0,2,1,seoul_projected_xy_unconverted
pedestrian_push_button,29-0000002197,02-0000100746,,20240411.0,20240411.0,,,1.0,2,1,seoul_projected_xy_unconverted
pedestrian_push_button,29-0000002196,02-0000223748,,20240411.0,20240411.0,,,1.0,2,1,seoul_projected_xy_unconverted
pedestrian_push_button,29-0000000971,02-0000057569,0.0,20150617.0,20241028.0,189225.11006,546801.8947,1.0,2,6,seoul_projected_xy_unconverted
pedestrian_push_button,29-0000000970,02-0000057568,0.0,20150617.0,20241028.0,189213.75844,546804.71725,1.0,2,6,seoul_projected_xy_unconverted
pedestrian_push_button,29-0000000969,02-0000112252,0.0,20241028.0,20241028.0,189217.58091,546816.39087,1.0,2,1,seoul_projected_xy_unconverted
pedestrian_push_button,29-0000000968,02-0000127579,0.0,20150617.0,20241028.0,189207.62093,546819.39464,1.0,2,6,seoul_projected_xy_unconverted
pedestrian_push_button,29-0000001108,02-0000176460,180.0,20130621.0,20240823.0,186705.34164,551751.65725,1.0,2,1,seoul_projected_xy_unconverted
pedestrian_push_button,29-0000001107,02-0000176459,180.0,20220216.0,20240823.0,186689.09944,551766.68467,1.0,2,1,seoul_projected_xy_unconverted
pedestrian_push_button,29-0000001109,02-0000176464,180.0,20240823.0,20240823.0,186786.54986,551906.67245,1.0,2,1,seoul_projected_xy_unconverted
pedestrian_push_button,29-0000001180,02-0000176456,180.0,20240823.0,20240823.0,186775.69454,551916.4189,1.0,2,1,seoul_projected_xy_unconverted
pedestrian_push_button,29-0000002188,02-0000223980,,20231207.0,20231207.0,,,1.0,2,1,seoul_projected_xy_unconverted
pedestrian_push_button,29-0000002187,02-0000223979,,20231207.0,20231207.0,,,1.0,2,1,seoul_projected_xy_unconverted
pedestrian_push_button,29-0000002186,02-0000042996,,20231207.0,20231207.0,,,1.0,2,1,seoul_projected_xy_unconverted
pedestrian_push_button,29-0000002185,02-0000223978,,20231206.0,20231206.0,,,1.0,2,1,seoul_projected_xy_unconverted
pedestrian_push_button,29-0000002184,02-0000223977,,20231206.0,20231206.0,,,1.0,2,1,seoul_projected_xy_unconverted
pedestrian_push_button,29-0000002211,02-0000179182,,,,,,1.0,2,1,seoul_projected_xy_unconverted
pedestrian_push_button,29-0000001898,02-0000183443,180.0,20160430.0,20250321.0,201673.9167,546958.148,1.0,2,1,seoul_projected_xy_unconverted
pedestrian_push_button,29-0000001899,02-0000183444,180.0,20160430.0,20250321.0,201671.36268,546950.80158,1.0,2,1,seoul_projected_xy_unconverted
pedestrian_push_button,29-0000001910,02-0000192823,0.0,,,208555.74732,556442.2173,1.0,1,1,seoul_projected_xy_unconverted
pedestrian_push_button,29-0000000917,02-0000170011,0.0,,,208553.45272,556458.09582,1.0,1,1,seoul_projected_xy_unconverted
pedestrian_push_button,29-0000002094,02-0000219153,,20211010.0,20211010.0,,,1.0,1,1,seoul_projected_xy_unconverted
pedestrian_push_button,29-0000001461,02-0000172551,180.0,20231215.0,20231215.0,199001.07521,539863.38295,1.0,2,1,seoul_projected_xy_unconverted
pedestrian_push_button,29-0000001460,02-0000172552,180.0,20170209.0,20231215.0,198972.51637,539847.43694,1.0,2,1,seoul_projected_xy_unconverted
pedestrian_push_button,29-0000002062,02-0000198599,,20190601.0,20231215.0,,,1.0,2,1,seoul_projected_xy_unconverted
pedestrian_push_button,29-0000002061,02-0000198600,,20190601.0,20231215.0,,,1.0,2,1,seoul_projected_xy_unconverted
pedestrian_push_button,29-0000002183,02-0000223098,,20231215.0,20231215.0,,,1.0,2,1,seoul_projected_xy_unconverted
pedestrian_push_button,29-0000002182,02-0000223099,,20231215.0,20231215.0,,,1.0,2,1,seoul_projected_xy_unconverted
pedestrian_push_button,29-0000002191,02-0000223983,,20231207.0,20231207.0,,,1.0,2,1,seoul_projected_xy_unconverted
pedestrian_push_button,29-0000002190,02-0000223982,,20231207.0,20231207.0,,,1.0,2,1,seoul_projected_xy_unconverted
pedestrian_push_button,29-0000002212,02-0000226707,,,,,,1.0,1,1,seoul_projected_xy_unconverted
pedestrian_push_button,29-0000000091,02-0000132246,0.0,20241015.0,20241015.0,194854.02819,544565.52194,1.0,2,1,seoul_projected_xy_unconverted
pedestrian_push_button,29-0000002216,02-0000227384,,20250617.0,20250617.0,,,1.0,2,1,seoul_projected_xy_unconverted
pedestrian_push_button,29-0000002215,02-0000227383,,20250617.0,20250617.0,,,1.0,2,1,seoul_projected_xy_unconverted
pedestrian_push_button,29-0000002214,02-0000227382,,20250610.0,20250610.0,,,1.0,2,1,seoul_projected_xy_unconverted
pedestrian_push_button,29-0000002213,02-0000227381,,20250610.0,20250610.0,,,1.0,2,1,seoul_projected_xy_unconverted
pedestrian_push_button,29-0000001478,02-0000148420,180.0,20200402.0,20200402.0,189901.84754,541238.82626,1.0,2,1,seoul_projected_xy_unconverted
pedestrian_push_button,29-0000001068,02-0000175230,0.0,20231120.0,20231120.0,203149.92941,548893.58968,1.0,2,1,seoul_projected_xy_unconverted
pedestrian_push_button,29-0000001066,02-0000175228,45.0,20231120.0,20231120.0,203115.47472,548920.96185,1.0,2,1,seoul_projected_xy_unconverted
pedestrian_push_button,29-0000001075,02-0000175227,135.0,20231211.0,20231120.0,203103.45429,548917.69241,1.0,2,1,seoul_projected_xy_unconverted
pedestrian_push_button,29-0000000263,02-0000002889,90.0,20230828.0,20230828.0,199590.63474,549183.66066,1.0,2,1,seoul_projected_xy_unconverted
pedestrian_push_button,29-0000000924,02-0000082025,0.0,,,208734.41533,554889.6554,1.0,1,1,seoul_projected_xy_unconverted
pedestrian_push_button,29-0000002210,02-0000103677,,,,,,1.0,2,1,seoul_projected_xy_unconverted
pedestrian_push_button,29-0000002026,02-0000169505,180.0,,,208754.43688,554882.1117,,1,1,seoul_projected_xy_unconverted
pedestrian_push_button,29-0000002181,02-0000223781,,20231130.0,20231130.0,,,1.0,2,1,seoul_projected_xy_unconverted
pedestrian_push_button,29-0000002180,02-0000223780,,20231130.0,20231130.0,,,1.0,2,1,seoul_projected_xy_unconverted
pedestrian_push_button,29-0000002179,02-0000223777,,20231130.0,20231130.0,,,1.0,2,1,seoul_projected_xy_unconverted
pedestrian_push_button,29-0000002178,02-0000223776,,20231130.0,20231130.0,,,1.0,2,1,seoul_projected_xy_unconverted
pedestrian_push_button,29-0000002195,02-0000097376,,20241130.0,20241130.0,,,1.0,2,1,seoul_projected_xy_unconverted
pedestrian_push_button,29-0000002194,02-0000151584,,20241130.0,20241130.0,,,1.0,2,1,seoul_projected_xy_unconverted
pedestrian_push_button,29-0000002206,02-0000002085,,20240829.0,20240829.0,,,1.0,2,1,seoul_projected_xy_unconverted
pedestrian_push_button,29-0000002205,02-0000200284,,20240829.0,20240829.0,,,1.0,2,1,seoul_projected_xy_unconverted
pedestrian_push_button,29-0000002220,02-0000222935,,20250703.0,20250703.0,,,1.0,2,1,seoul_projected_xy_unconverted
pedestrian_push_button,29-0000002221,02-0000222934,,20250703.0,20250703.0,,,1.0,2,1,seoul_projected_xy_unconverted
pedestrian_push_button,29-0000002219,02-0000179632,,20250703.0,20250703.0,,,1.0,2,1,seoul_projected_xy_unconverted
pedestrian_push_button,29-0000002218,02-0000074835,,20250703.0,20250703.0,,,1.0,2,1,seoul_projected_xy_unconverted
pedestrian_push_button,29-0000002207,02-0000196765,,,,,,1.0,2,1,seoul_projected_xy_unconverted
pedestrian_push_button,29-0000002208,02-0000196766,,,,,,1.0,2,1,seoul_projected_xy_unconverted
pedestrian_push_button,29-0000000507,02-0000084946,90.0,20251119.0,20251119.0,206266.48125,561476.84721,1.0,2,1,seoul_projected_xy_unconverted
pedestrian_push_button,29-0000000506,02-0000162153,90.0,20251119.0,20251119.0,206250.68147,561488.12715,1.0,2,1,seoul_projected_xy_unconverted
pedestrian_push_button,29-0000002027,02-0000161320,180.0,20250925.0,20250925.0,204702.90656,565360.45237,1.0,2,1,seoul_projected_xy_unconverted
pedestrian_push_button,29-0000000402,02-0000088661,90.0,20251119.0,20251119.0,203696.06666,561094.52466,1.0,2,1,seoul_projected_xy_unconverted
pedestrian_push_button,29-0000000403,02-0000116825,90.0,20251119.0,20251119.0,203705.86666,561112.72465,1.0,2,1,seoul_projected_xy_unconverted
pedestrian_push_button,29-0000002177,02-0000223062,,20230724.0,20230724.0,,,1.0,2,1,seoul_projected_xy_unconverted
pedestrian_push_button,29-0000002176,02-0000223061,,20230724.0,20230724.0,,,1.0,2,1,seoul_projected_xy_unconverted
pedestrian_push_button,29-0000002175,02-0000223059,,20230724.0,20230724.0,,,1.0,2,1,seoul_projected_xy_unconverted
pedestrian_push_button,29-0000002174,02-0000070042,,20230724.0,20230724.0,,,1.0,2,1,seoul_projected_xy_unconverted
pedestrian_push_button,29-0000002209,02-0000221254,,20241120.0,20241120.0,,,1.0,2,1,seoul_projected_xy_unconverted
pedestrian_push_button,29-0000002193,02-0000225405,,20241015.0,20241015.0,,,1.0,2,1,seoul_projected_xy_unconverted
pedestrian_push_button,29-0000002192,02-0000225404,,20241015.0,20241015.0,,,1.0,2,1,seoul_projected_xy_unconverted
pedestrian_push_button,29-0000001948,02-0000157305,180.0,20171222.0,20231128.0,199458.26404,546884.6235,1.0,2,1,seoul_projected_xy_unconverted
pedestrian_push_button,29-0000001947,02-0000166368,180.0,20171222.0,20231128.0,199466.09269,546885.01906,1.0,2,1,seoul_projected_xy_unconverted
pedestrian_push_button,29-0000000266,02-0000094732,90.0,20231115.0,20231115.0,198514.67141,550175.59908,1.0,2,1,seoul_projected_xy_unconverted
pedestrian_push_button,29-0000000265,02-0000152539,90.0,20151231.0,20231115.0,198503.81703,550162.43322,1.0,2,6,seoul_projected_xy_unconverted
pedestrian_push_button,29-0000000144,02-0000155727,270.0,20080101.0,20240628.0,206432.77639,544194.86635,1.0,2,1,seoul_projected_xy_unconverted
pedestrian_push_button,29-0000002199,02-0000225802,,20240314.0,20240314.0,,,1.0,2,1,seoul_projected_xy_unconverted
pedestrian_push_button,29-0000002198,02-0000225801,,20240314.0,20240314.0,,,1.0,2,1,seoul_projected_xy_unconverted
pedestrian_push_button,29-0000001145,02-0000157316,180.0,20230930.0,20231215.0,199951.69226,545467.93916,1.0,2,1,seoul_projected_xy_unconverted
pedestrian_push_button,29-0000001146,02-0000157315,180.0,20080101.0,20231215.0,199962.85971,545475.34226,1.0,2,6,seoul_projected_xy_unconverted
pedestrian_push_button,29-0000002189,02-0000223981,,20231207.0,20231207.0,,,1.0,2,1,seoul_projected_xy_unconverted
pedestrian_push_button,29-0000002067,02-0000203577,,20191022.0,20230828.0,,,1.0,2,1,seoul_projected_xy_unconverted
pedestrian_push_button,29-0000001620,02-0000180593,180.0,20140806.0,20230725.0,203746.38615,565306.49072,1.0,2,1,seoul_projected_xy_unconverted
pedestrian_push_button,29-0000001623,02-0000180596,180.0,20140806.0,20230725.0,203704.8433,565303.1013,1.0,2,1,seoul_projected_xy_unconverted
pedestrian_push_button,29-0000000253,02-0000050418,90.0,,,197808.03425,549564.05869,1.0,1,1,seoul_projected_xy_unconverted
pedestrian_push_button,29-0000000254,02-0000111205,90.0,,,197818.46308,549547.64776,1.0,1,1,seoul_projected_xy_unconverted
pedestrian_push_button,29-0000002217,02-0000222878,,20250731.0,20250731.0,,,1.0,2,1,seoul_projected_xy_unconverted
pedestrian_push_button,29-0000001564,02-0000178446,180.0,20231128.0,20231128.0,198126.13139,550491.07917,1.0,2,1,seoul_projected_xy_unconverted
pedestrian_push_button,29-0000001563,02-0000178448,180.0,20130101.0,20231128.0,198138.24931,550498.78784,1.0,2,1,seoul_projected_xy_unconverted
pedestrian_push_button,29-0000002203,02-0000225804,,20240314.0,20240314.0,,,1.0,2,1,seoul_projected_xy_unconverted
pedestrian_push_button,29-0000002202,02-0000225803,,20240314.0,20240314.0,,,1.0,2,1,seoul_projected_xy_unconverted
pedestrian_push_button,29-0000000796,02-0000011251,90.0,20231128.0,20231128.0,199343.71188,549230.22551,1.0,2,1,seoul_projected_xy_unconverted
pedestrian_push_button,29-0000001542,02-0000171801,180.0,20030101.0,20030101.0,184898.22573,544374.07239,1.0,1,1,seoul_projected_xy_unconverted
pedestrian_push_button,29-0000001541,02-0000176649,180.0,20030101.0,20030101.0,184882.14943,544376.51509,1.0,1,1,seoul_projected_xy_unconverted
pedestrian_push_button,29-0000001543,02-0000132480,180.0,20030101.0,20030101.0,184897.04843,544405.41512,1.0,1,1,seoul_projected_xy_unconverted
pedestrian_push_button,29-0000001544,02-0000171810,180.0,20030101.0,20030101.0,184881.39019,544407.05171,1.0,1,1,seoul_projected_xy_unconverted
pedestrian_push_button,29-0000001933,02-0000003913,180.0,,,189280.55226,549834.15846,1.0,1,1,seoul_projected_xy_unconverted
pedestrian_push_button,29-0000001934,02-0000003912,180.0,,,189252.63456,549829.80171,1.0,1,1,seoul_projected_xy_unconverted
pedestrian_push_button,29-0000001703,02-0000078856,180.0,20100625.0,,205870.03197,556259.30409,1.0,1,1,seoul_projected_xy_unconverted
pedestrian_push_button,29-0000001921,02-0000194403,180.0,20170228.0,20250711.0,192211.90847,547804.32712,1.0,2,1,seoul_projected_xy_unconverted
pedestrian_push_button,29-0000001938,02-0000195770,180.0,20171017.0,20250530.0,191190.40424,548783.81607,1.0,2,1,seoul_projected_xy_unconverted
pedestrian_push_button,29-0000001937,02-0000195769,180.0,20171017.0,20250530.0,191178.39131,548792.40959,1.0,2,1,seoul_projected_xy_unconverted
pedestrian_push_button,29-0000001936,02-0000195768,180.0,20171017.0,20250530.0,191142.29815,548808.50183,1.0,2,1,seoul_projected_xy_unconverted
pedestrian_push_button,29-0000001935,02-0000195767,180.0,20220214.0,20250530.0,191139.83857,548826.43874,1.0,2,1,seoul_projected_xy_unconverted
pedestrian_push_button,29-0000000696,02-0000016837,90.0,20250926.0,20250926.0,183176.56511,552992.22878,1.0,2,1,seoul_projected_xy_unconverted
pedestrian_push_button,29-0000001621,02-0000180594,180.0,20140806.0,20230725.0,203736.54785,565288.73377,1.0,2,1,seoul_projected_xy_unconverted
pedestrian_push_button,29-0000001622,02-0000180595,180.0,20140806.0,20230725.0,203707.51284,565283.3347,1.0,2,1,seoul_projected_xy_unconverted
pedestrian_push_button,29-0000001295,02-0000161621,180.0,20230615.0,20230615.0,201527.47298,561459.06215,1.0,2,1,seoul_projected_xy_unconverted
pedestrian_push_button,29-0000001294,02-0000161622,180.0,20230615.0,20230615.0,201517.11351,561448.54239,1.0,2,1,seoul_projected_xy_unconverted
pedestrian_push_button,29-0000000782,02-0000052488,90.0,20231118.0,20231118.0,211016.95881,547732.61883,1.0,1,1,seoul_projected_xy_unconverted
pedestrian_push_button,29-0000002201,02-0000225800,,20240314.0,20240314.0,,,1.0,2,1,seoul_projected_xy_unconverted
pedestrian_push_button,29-0000002200,02-0000225799,,20240314.0,20240314.0,,,1.0,2,1,seoul_projected_xy_unconverted
pedestrian_push_button,29-0000002204,02-0000225959,,20241122.0,20241122.0,,,1.0,2,1,seoul_projected_xy_unconverted
pedestrian_push_button,29-0000000697,02-0000016838,90.0,20250926.0,20250926.0,183187.03519,552976.15717,1.0,2,1,seoul_projected_xy_unconverted
pedestrian_push_button,29-0000001658,02-0000129623,0.0,20100625.0,20250613.0,202550.70753,557451.82857,1.0,2,1,seoul_projected_xy_unconverted
pedestrian_push_button,29-0000000892,02-0000162989,0.0,,,206519.43311,555632.62452,1.0,1,1,seoul_projected_xy_unconverted
pedestrian_push_button,29-0000000893,02-0000162990,0.0,,,206500.37615,555632.21897,1.0,1,1,seoul_projected_xy_unconverted
pedestrian_push_button,29-0000001659,02-0000129622,0.0,20100625.0,20250613.0,202545.11161,557433.61514,1.0,2,1,seoul_projected_xy_unconverted
pedestrian_push_button,29-0000000583,02-0000093776,90.0,,,208721.45756,556490.72833,1.0,1,1,seoul_projected_xy_unconverted
pedestrian_push_button,29-0000000919,02-0000170014,0.0,,,208705.66903,556504.56439,1.0,1,1,seoul_projected_xy_unconverted
pedestrian_push_button,29-0000000915,02-0000169508,0.0,,,208639.52291,556471.27668,1.0,1,1,seoul_projected_xy_unconverted
pedestrian_push_button,29-0000000584,02-0000081242,90.0,,,208627.53247,556488.58557,1.0,1,1,seoul_projected_xy_unconverted
