{
  "type": "FeatureCollection",
  "features": [
    {
      "type": "Feature",
      "geometry": {
        "type": "Point",
        "coordinates": [
          127.03054136,
          37.61292393
        ]
      },
      "properties": {
        "cluster_id": "ped_hotspot_cluster_0001",
        "display_name": "서울 강북구 미아동(미아사거리역 4호선 부근)",
        "representative_place_name": "서울 강북구 미아동(미아사거리역 4호선 부근)",
        "representative_district": "서울 강북구1",
        "member_count": 4,
        "repeat_year_count": 4,
        "source_years": [
          2022,
          2023,
          2024,
          2025
        ],
        "accidents_total": 63,
        "casualties_total": 68,
        "deaths_total": 0,
        "serious_injuries_total": 63,
        "max_risk_score": 110.0,
        "avg_risk_score": 80.0,
        "risk_level": "high",
        "risk_level_ko": "고위험",
        "high_member_count": 4,
        "center_lng": 127.03054136,
        "center_lat": 37.61292393
      }
    },
    {
      "type": "Feature",
      "geometry": {
        "type": "Point",
        "coordinates": [
          129.05871763,
          35.15921188
        ]
      },
      "properties": {
        "cluster_id": "ped_hotspot_cluster_0002",
        "display_name": "부산 부산진구 부전동(새봄약국 부근)",
        "representative_place_name": "부산 부산진구 부전동(새봄약국 부근)",
        "representative_district": "부산 부산진구1",
        "member_count": 4,
        "repeat_year_count": 4,
        "source_years": [
          2022,
          2023,
          2024,
          2025
        ],
        "accidents_total": 61,
        "casualties_total": 71,
        "deaths_total": 0,
        "serious_injuries_total": 69,
        "max_risk_score": 103.0,
        "avg_risk_score": 84.75,
        "risk_level": "high",
        "risk_level_ko": "고위험",
        "high_member_count": 4,
        "center_lng": 129.05871763,
        "center_lat": 35.15921188
      }
    },
    {
      "type": "Feature",
      "geometry": {
        "type": "Point",
        "coordinates": [
          127.7285446,
          34.74237347
        ]
      },
      "properties": {
        "cluster_id": "ped_hotspot_cluster_0003",
        "display_name": "전남 여수시 서교동(한재사거리 부근)",
        "representative_place_name": "전라남도 여수시 서교동(한재사거리 부근)",
        "representative_district": "전라남도 여수시2",
        "member_count": 4,
        "repeat_year_count": 4,
        "source_years": [
          2022,
          2023,
          2024,
          2025
        ],
        "accidents_total": 31,
        "casualties_total": 79,
        "deaths_total": 15,
        "serious_injuries_total": 30,
        "max_risk_score": 101.5,
        "avg_risk_score": 83.5,
        "risk_level": "high",
        "risk_level_ko": "고위험",
        "high_member_count": 3,
        "center_lng": 127.7285446,
        "center_lat": 34.74237347
      }
    },
    {
      "type": "Feature",
      "geometry": {
        "type": "Point",
        "coordinates": [
          129.02860822,
          35.09747827
        ]
      },
      "properties": {
        "cluster_id": "ped_hotspot_cluster_0004",
        "display_name": "부산 중구 남포동5가(남포사거리 부근)",
        "representative_place_name": "부산 중구 남포동5가(남포사거리 부근)",
        "representative_district": "부산 중구1",
        "member_count": 4,
        "repeat_year_count": 4,
        "source_years": [
          2022,
          2023,
          2024,
          2025
        ],
        "accidents_total": 56,
        "casualties_total": 56,
        "deaths_total": 3,
        "serious_injuries_total": 53,
        "max_risk_score": 91.0,
        "avg_risk_score": 74.5,
        "risk_level": "high",
        "risk_level_ko": "고위험",
        "high_member_count": 3,
        "center_lng": 129.02860822,
        "center_lat": 35.09747827
      }
    },
    {
      "type": "Feature",
      "geometry": {
        "type": "Point",
        "coordinates": [
          126.90630847,
          37.51644239
        ]
      },
      "properties": {
        "cluster_id": "ped_hotspot_cluster_0005",
        "display_name": "서울 영등포구 영등포동4가(영등포역교차로 부근)",
        "representative_place_name": "서울 영등포구 영등포동4가(영등포역교차로 부근)",
        "representative_district": "서울 영등포구1",
        "member_count": 4,
        "repeat_year_count": 4,
        "source_years": [
          2022,
          2023,
          2024,
          2025
        ],
        "accidents_total": 54,
        "casualties_total": 55,
        "deaths_total": 4,
        "serious_injuries_total": 50,
        "max_risk_score": 91.0,
        "avg_risk_score": 73.62,
        "risk_level": "high",
        "risk_level_ko": "고위험",
        "high_member_count": 3,
        "center_lng": 126.90630847,
        "center_lat": 37.51644239
      }
    },
    {
      "type": "Feature",
      "geometry": {
        "type": "Point",
        "coordinates": [
          129.10536527,
          35.21458927
        ]
      },
      "properties": {
        "cluster_id": "ped_hotspot_cluster_0006",
        "display_name": "부산 금정구 서동(굿모닝약국 부근)",
        "representative_place_name": "부산 금정구 서동(굿모닝약국 부근)",
        "representative_district": "부산 금정구1",
        "member_count": 4,
        "repeat_year_count": 4,
        "source_years": [
          2022,
          2023,
          2024,
          2025
        ],
        "accidents_total": 62,
        "casualties_total": 62,
        "deaths_total": 1,
        "serious_injuries_total": 61,
        "max_risk_score": 90.0,
        "avg_risk_score": 79.0,
        "risk_level": "high",
        "risk_level_ko": "고위험",
        "high_member_count": 4,
        "center_lng": 129.10536527,
        "center_lat": 35.21458927
      }
    },
    {
      "type": "Feature",
      "geometry": {
        "type": "Point",
        "coordinates": [
          126.90449642,
          37.51574625
        ]
      },
      "properties": {
        "cluster_id": "ped_hotspot_cluster_0007",
        "display_name": "서울 영등포구 영등포동(경인동물의료센터 부근)",
        "representative_place_name": "서울 영등포구 영등포동(경인동물의료센터 부근)",
        "representative_district": "서울 영등포구3",
        "member_count": 1,
        "repeat_year_count": 1,
        "source_years": [
          2023
        ],
        "accidents_total": 17,
        "casualties_total": 18,
        "deaths_total": 0,
        "serious_injuries_total": 17,
        "max_risk_score": 85.5,
        "avg_risk_score": 85.5,
        "risk_level": "high",
        "risk_level_ko": "고위험",
        "high_member_count": 1,
        "center_lng": 126.90449642,
        "center_lat": 37.51574625
      }
    },
    {
      "type": "Feature",
      "geometry": {
        "type": "Point",
        "coordinates": [
          127.00606818,
          37.53308425
        ]
      },
      "properties": {
        "cluster_id": "ped_hotspot_cluster_0008",
        "display_name": "서울 용산구 한남동(옵티마찬미약국 부근)",
        "representative_place_name": "서울 용산구 한남동(옵티마찬미약국 부근)",
        "representative_district": "서울 용산구1",
        "member_count": 4,
        "repeat_year_count": 4,
        "source_years": [
          2022,
          2023,
          2024,
          2025
        ],
        "accidents_total": 41,
        "casualties_total": 53,
        "deaths_total": 0,
        "serious_injuries_total": 50,
        "max_risk_score": 84.0,
        "avg_risk_score": 61.0,
        "risk_level": "high",
        "risk_level_ko": "고위험",
        "high_member_count": 3,
        "center_lng": 127.00606818,
        "center_lat": 37.53308425
      }
    },
    {
      "type": "Feature",
      "geometry": {
        "type": "Point",
        "coordinates": [
          126.87158239,
          37.54691977
        ]
      },
      "properties": {
        "cluster_id": "ped_hotspot_cluster_0009",
        "display_name": "서울 양천구 목동(대명교회 부근)",
        "representative_place_name": "서울 양천구 목동(대명교회 부근)",
        "representative_district": "서울 양천구6",
        "member_count": 4,
        "repeat_year_count": 4,
        "source_years": [
          2022,
          2023,
          2024,
          2025
        ],
        "accidents_total": 53,
        "casualties_total": 53,
        "deaths_total": 1,
        "serious_injuries_total": 52,
        "max_risk_score": 81.0,
        "avg_risk_score": 67.75,
        "risk_level": "high",
        "risk_level_ko": "고위험",
        "high_member_count": 4,
        "center_lng": 126.87158239,
        "center_lat": 37.54691977
      }
    },
    {
      "type": "Feature",
      "geometry": {
        "type": "Point",
        "coordinates": [
          129.36405538,
          36.0342759
        ]
      },
      "properties": {
        "cluster_id": "ped_hotspot_cluster_0010",
        "display_name": "경북 포항시 북구 죽도동(죽도동맑은물작은도서관 부근)",
        "representative_place_name": "경북 포항시 북구 죽도동(죽도동맑은물작은도서관 부근)",
        "representative_district": "경북 포항시 북구1",
        "member_count": 4,
        "repeat_year_count": 4,
        "source_years": [
          2022,
          2023,
          2024,
          2025
        ],
        "accidents_total": 46,
        "casualties_total": 46,
        "deaths_total": 4,
        "serious_injuries_total": 42,
        "max_risk_score": 81.0,
        "avg_risk_score": 63.5,
        "risk_level": "high",
        "risk_level_ko": "고위험",
        "high_member_count": 4,
        "center_lng": 129.36405538,
        "center_lat": 36.0342759
      }
    },
    {
      "type": "Feature",
      "geometry": {
        "type": "Point",
        "coordinates": [
          126.98151865,
          37.48802305
        ]
      },
      "properties": {
        "cluster_id": "ped_hotspot_cluster_0011",
        "display_name": "서울 동작구 사당동(시장약국 부근)",
        "representative_place_name": "서울 동작구 사당동(시장약국 부근)",
        "representative_district": "서울 동작구1",
        "member_count": 4,
        "repeat_year_count": 4,
        "source_years": [
          2022,
          2023,
          2024,
          2025
        ],
        "accidents_total": 39,
        "casualties_total": 39,
        "deaths_total": 2,
        "serious_injuries_total": 37,
        "max_risk_score": 81.0,
        "avg_risk_score": 51.75,
        "risk_level": "high",
        "risk_level_ko": "고위험",
        "high_member_count": 1,
        "center_lng": 126.98151865,
        "center_lat": 37.48802305
      }
    },
    {
      "type": "Feature",
      "geometry": {
        "type": "Point",
        "coordinates": [
          129.03974626,
          35.11536371
        ]
      },
      "properties": {
        "cluster_id": "ped_hotspot_cluster_0012",
        "display_name": "부산 동구 초량동(부산역 부산1호선 부근)",
        "representative_place_name": "부산 동구 초량동(부산역 부산1호선 부근)",
        "representative_district": "부산 동구1",
        "member_count": 4,
        "repeat_year_count": 4,
        "source_years": [
          2022,
          2023,
          2024,
          2025
        ],
        "accidents_total": 45,
        "casualties_total": 48,
        "deaths_total": 3,
        "serious_injuries_total": 42,
        "max_risk_score": 81.0,
        "avg_risk_score": 61.5,
        "risk_level": "high",
        "risk_level_ko": "고위험",
        "high_member_count": 3,
        "center_lng": 129.03974626,
        "center_lat": 35.11536371
      }
    },
    {
      "type": "Feature",
      "geometry": {
        "type": "Point",
        "coordinates": [
          129.05979813,
          35.15549272
        ]
      },
      "properties": {
        "cluster_id": "ped_hotspot_cluster_0013",
        "display_name": "부산 부산진구 부전동(스노우델리 부근)",
        "representative_place_name": "부산광역시 부산진구 부전동(스노우델리 부근)",
        "representative_district": "부산광역시 부산진구1",
        "member_count": 4,
        "repeat_year_count": 4,
        "source_years": [
          2022,
          2023,
          2024,
          2025
        ],
        "accidents_total": 45,
        "casualties_total": 52,
        "deaths_total": 0,
        "serious_injuries_total": 46,
        "max_risk_score": 80.0,
        "avg_risk_score": 58.75,
        "risk_level": "high",
        "risk_level_ko": "고위험",
        "high_member_count": 3,
        "center_lng": 129.05979813,
        "center_lat": 35.15549272
      }
    },
    {
      "type": "Feature",
      "geometry": {
        "type": "Point",
        "coordinates": [
          129.11623471,
          35.16817475
        ]
      },
      "properties": {
        "cluster_id": "ped_hotspot_cluster_0014",
        "display_name": "부산 수영구 광안동(블루코리아씨푸드 부근)",
        "representative_place_name": "부산광역시 수영구 광안동(블루코리아씨푸드 부근)",
        "representative_district": "부산광역시 수영구1",
        "member_count": 4,
        "repeat_year_count": 4,
        "source_years": [
          2022,
          2023,
          2024,
          2025
        ],
        "accidents_total": 37,
        "casualties_total": 46,
        "deaths_total": 7,
        "serious_injuries_total": 35,
        "max_risk_score": 78.0,
        "avg_risk_score": 62.75,
        "risk_level": "high",
        "risk_level_ko": "고위험",
        "high_member_count": 3,
        "center_lng": 129.11623471,
        "center_lat": 35.16817475
      }
    },
    {
      "type": "Feature",
      "geometry": {
        "type": "Point",
        "coordinates": [
          126.97975733,
          37.48442982
        ]
      },
      "properties": {
        "cluster_id": "ped_hotspot_cluster_0015",
        "display_name": "서울 동작구 사당동(대성문구인쇄 부근)",
        "representative_place_name": "서울특별시 동작구 사당동(대성문구인쇄 부근)",
        "representative_district": "서울특별시 동작구7",
        "member_count": 1,
        "repeat_year_count": 1,
        "source_years": [
          2022
        ],
        "accidents_total": 7,
        "casualties_total": 31,
        "deaths_total": 0,
        "serious_injuries_total": 13,
        "max_risk_score": 77.0,
        "avg_risk_score": 77.0,
        "risk_level": "high",
        "risk_level_ko": "고위험",
        "high_member_count": 1,
        "center_lng": 126.97975733,
        "center_lat": 37.48442982
      }
    },
    {
      "type": "Feature",
      "geometry": {
        "type": "Point",
        "coordinates": [
          127.02660629,
          37.62556347
        ]
      },
      "properties": {
        "cluster_id": "ped_hotspot_cluster_0016",
        "display_name": "서울 강북구 미아동(미아역교차로 부근)",
        "representative_place_name": "서울 강북구 미아동(미아역교차로 부근)",
        "representative_district": "서울 강북구7",
        "member_count": 4,
        "repeat_year_count": 4,
        "source_years": [
          2022,
          2023,
          2024,
          2025
        ],
        "accidents_total": 39,
        "casualties_total": 41,
        "deaths_total": 4,
        "serious_injuries_total": 35,
        "max_risk_score": 77.0,
        "avg_risk_score": 55.25,
        "risk_level": "high",
        "risk_level_ko": "고위험",
        "high_member_count": 3,
        "center_lng": 127.02660629,
        "center_lat": 37.62556347
      }
    },
    {
      "type": "Feature",
      "geometry": {
        "type": "Point",
        "coordinates": [
          128.59900343,
          35.86665744
        ]
      },
      "properties": {
        "cluster_id": "ped_hotspot_cluster_0017",
        "display_name": "대구광역시 중구 삼덕동2가(히로미찌찜닭 부근)",
        "representative_place_name": "대구광역시 중구 삼덕동2가(히로미찌찜닭 부근)",
        "representative_district": "대구광역시 중구1",
        "member_count": 4,
        "repeat_year_count": 4,
        "source_years": [
          2022,
          2023,
          2024,
          2025
        ],
        "accidents_total": 54,
        "casualties_total": 58,
        "deaths_total": 0,
        "serious_injuries_total": 54,
        "max_risk_score": 76.0,
        "avg_risk_score": 68.5,
        "risk_level": "high",
        "risk_level_ko": "고위험",
        "high_member_count": 4,
        "center_lng": 128.59900343,
        "center_lat": 35.86665744
      }
    },
    {
      "type": "Feature",
      "geometry": {
        "type": "Point",
        "coordinates": [
          127.25856297,
          37.41005522
        ]
      },
      "properties": {
        "cluster_id": "ped_hotspot_cluster_0018",
        "display_name": "경기 광주시 경안동(한스델리광주경안점 부근)",
        "representative_place_name": "경기도 광주시 경안동(한스델리광주경안점 부근)",
        "representative_district": "경기도 광주시1",
        "member_count": 3,
        "repeat_year_count": 3,
        "source_years": [
          2022,
          2023,
          2024
        ],
        "accidents_total": 34,
        "casualties_total": 38,
        "deaths_total": 3,
        "serious_injuries_total": 34,
        "max_risk_score": 75.0,
        "avg_risk_score": 67.0,
        "risk_level": "high",
        "risk_level_ko": "고위험",
        "high_member_count": 3,
        "center_lng": 127.25856297,
        "center_lat": 37.41005522
      }
    },
    {
      "type": "Feature",
      "geometry": {
        "type": "Point",
        "coordinates": [
          126.96171918,
          37.50735395
        ]
      },
      "properties": {
        "cluster_id": "ped_hotspot_cluster_0019",
        "display_name": "서울 동작구 흑석동(소망메디컬약국 부근)",
        "representative_place_name": "서울 동작구 흑석동(소망메디컬약국 부근)",
        "representative_district": "서울 동작구1",
        "member_count": 4,
        "repeat_year_count": 4,
        "source_years": [
          2022,
          2023,
          2024,
          2025
        ],
        "accidents_total": 46,
        "casualties_total": 46,
        "deaths_total": 2,
        "serious_injuries_total": 44,
        "max_risk_score": 75.0,
        "avg_risk_score": 60.5,
        "risk_level": "high",
        "risk_level_ko": "고위험",
        "high_member_count": 3,
        "center_lng": 126.96171918,
        "center_lat": 37.50735395
      }
    },
    {
      "type": "Feature",
      "geometry": {
        "type": "Point",
        "coordinates": [
          127.0830883,
          37.51093635
        ]
      },
      "properties": {
        "cluster_id": "ped_hotspot_cluster_0020",
        "display_name": "서울 송파구 잠실동(헬로팜약국 부근)",
        "representative_place_name": "서울 송파구 잠실동(헬로팜약국 부근)",
        "representative_district": "서울 송파구1",
        "member_count": 4,
        "repeat_year_count": 4,
        "source_years": [
          2022,
          2023,
          2024,
          2025
        ],
        "accidents_total": 41,
        "casualties_total": 50,
        "deaths_total": 0,
        "serious_injuries_total": 46,
        "max_risk_score": 75.0,
        "avg_risk_score": 57.25,
        "risk_level": "high",
        "risk_level_ko": "고위험",
        "high_member_count": 3,
        "center_lng": 127.0830883,
        "center_lat": 37.51093635
      }
    },
    {
      "type": "Feature",
      "geometry": {
        "type": "Point",
        "coordinates": [
          127.37603605,
          36.35022115
        ]
      },
      "properties": {
        "cluster_id": "ped_hotspot_cluster_0021",
        "display_name": "대전 서구 둔산동(워너비 부근)",
        "representative_place_name": "대전 서구 둔산동(워너비 부근)",
        "representative_district": "대전 서구1",
        "member_count": 4,
        "repeat_year_count": 4,
        "source_years": [
          2022,
          2023,
          2024,
          2025
        ],
        "accidents_total": 53,
        "casualties_total": 55,
        "deaths_total": 0,
        "serious_injuries_total": 53,
        "max_risk_score": 75.0,
        "avg_risk_score": 66.75,
        "risk_level": "high",
        "risk_level_ko": "고위험",
        "high_member_count": 4,
        "center_lng": 127.37603605,
        "center_lat": 36.35022115
      }
    },
    {
      "type": "Feature",
      "geometry": {
        "type": "Point",
        "coordinates": [
          127.04534539,
          37.58055339
        ]
      },
      "properties": {
        "cluster_id": "ped_hotspot_cluster_0022",
        "display_name": "서울 동대문구 청량리동(청량리역 부근)",
        "representative_place_name": "서울특별시 동대문구 청량리동(청량리역 부근)",
        "representative_district": "서울특별시 동대문구1",
        "member_count": 3,
        "repeat_year_count": 3,
        "source_years": [
          2022,
          2023,
          2024
        ],
        "accidents_total": 28,
        "casualties_total": 31,
        "deaths_total": 3,
        "serious_injuries_total": 28,
        "max_risk_score": 74.0,
        "avg_risk_score": 56.67,
        "risk_level": "high",
        "risk_level_ko": "고위험",
        "high_member_count": 2,
        "center_lng": 127.04534539,
        "center_lat": 37.58055339
      }
    },
    {
      "type": "Feature",
      "geometry": {
        "type": "Point",
        "coordinates": [
          127.02698247,
          37.63968821
        ]
      },
      "properties": {
        "cluster_id": "ped_hotspot_cluster_0023",
        "display_name": "서울 강북구 번동(강북구청사거리 부근)",
        "representative_place_name": "서울 강북구 번동(강북구청사거리 부근)",
        "representative_district": "서울 강북구2",
        "member_count": 4,
        "repeat_year_count": 4,
        "source_years": [
          2022,
          2023,
          2024,
          2025
        ],
        "accidents_total": 37,
        "casualties_total": 42,
        "deaths_total": 4,
        "serious_injuries_total": 34,
        "max_risk_score": 74.0,
        "avg_risk_score": 54.25,
        "risk_level": "high",
        "risk_level_ko": "고위험",
        "high_member_count": 2,
        "center_lng": 127.02698247,
        "center_lat": 37.63968821
      }
    },
    {
      "type": "Feature",
      "geometry": {
        "type": "Point",
        "coordinates": [
          128.0772383,
          35.19586134
        ]
      },
      "properties": {
        "cluster_id": "ped_hotspot_cluster_0024",
        "display_name": "경남 진주시 봉곡동(봉곡광장교차로 부근)",
        "representative_place_name": "경남 진주시 봉곡동(봉곡광장교차로 부근)",
        "representative_district": "경남 진주시1",
        "member_count": 4,
        "repeat_year_count": 4,
        "source_years": [
          2022,
          2023,
          2024,
          2025
        ],
        "accidents_total": 41,
        "casualties_total": 46,
        "deaths_total": 0,
        "serious_injuries_total": 45,
        "max_risk_score": 74.0,
        "avg_risk_score": 55.38,
        "risk_level": "high",
        "risk_level_ko": "고위험",
        "high_member_count": 2,
        "center_lng": 128.0772383,
        "center_lat": 35.19586134
      }
    },
    {
      "type": "Feature",
      "geometry": {
        "type": "Point",
        "coordinates": [
          126.92021883,
          37.61928192
        ]
      },
      "properties": {
        "cluster_id": "ped_hotspot_cluster_0025",
        "display_name": "서울 은평구 갈현동(연신내역 GTX-A 부근)",
        "representative_place_name": "서울 은평구 갈현동(연신내역 GTX-A 부근)",
        "representative_district": "서울 은평구1",
        "member_count": 3,
        "repeat_year_count": 3,
        "source_years": [
          2022,
          2024,
          2025
        ],
        "accidents_total": 32,
        "casualties_total": 35,
        "deaths_total": 0,
        "serious_injuries_total": 33,
        "max_risk_score": 74.0,
        "avg_risk_score": 55.33,
        "risk_level": "high",
        "risk_level_ko": "고위험",
        "high_member_count": 2,
        "center_lng": 126.92021883,
        "center_lat": 37.61928192
      }
    },
    {
      "type": "Feature",
      "geometry": {
        "type": "Point",
        "coordinates": [
          127.13789572,
          36.83253149
        ]
      },
      "properties": {
        "cluster_id": "ped_hotspot_cluster_0026",
        "display_name": "충청남도 천안시 서북구 두정동(프라지움1차 부근)",
        "representative_place_name": "충청남도 천안시 서북구 두정동(프라지움1차 부근)",
        "representative_district": "충청남도 천안시 서북구1",
        "member_count": 2,
        "repeat_year_count": 2,
        "source_years": [
          2022,
          2023
        ],
        "accidents_total": 14,
        "casualties_total": 21,
        "deaths_total": 5,
        "serious_injuries_total": 16,
        "max_risk_score": 73.0,
        "avg_risk_score": 64.0,
        "risk_level": "high",
        "risk_level_ko": "고위험",
        "high_member_count": 2,
        "center_lng": 127.13789572,
        "center_lat": 36.83253149
      }
    },
    {
      "type": "Feature",
      "geometry": {
        "type": "Point",
        "coordinates": [
          126.68786969,
          36.0752403
        ]
      },
      "properties": {
        "cluster_id": "ped_hotspot_cluster_0027",
        "display_name": "충청남도 서천군 서천읍(군사리8576 부근)",
        "representative_place_name": "충청남도 서천군 서천읍(군사리8576 부근)",
        "representative_district": "충청남도 서천군1",
        "member_count": 4,
        "repeat_year_count": 4,
        "source_years": [
          2022,
          2023,
          2024,
          2025
        ],
        "accidents_total": 41,
        "casualties_total": 42,
        "deaths_total": 1,
        "serious_injuries_total": 40,
        "max_risk_score": 72.0,
        "avg_risk_score": 53.0,
        "risk_level": "high",
        "risk_level_ko": "고위험",
        "high_member_count": 3,
        "center_lng": 126.68786969,
        "center_lat": 36.0752403
      }
    },
    {
      "type": "Feature",
      "geometry": {
        "type": "Point",
        "coordinates": [
          126.92612439,
          37.48401546
        ]
      },
      "properties": {
        "cluster_id": "ped_hotspot_cluster_0028",
        "display_name": "서울 관악구 신림동(신원약국 부근)",
        "representative_place_name": "서울 관악구 신림동(신원약국 부근)",
        "representative_district": "서울 관악구1",
        "member_count": 4,
        "repeat_year_count": 4,
        "source_years": [
          2022,
          2023,
          2024,
          2025
        ],
        "accidents_total": 38,
        "casualties_total": 45,
        "deaths_total": 7,
        "serious_injuries_total": 34,
        "max_risk_score": 72.0,
        "avg_risk_score": 62.0,
        "risk_level": "high",
        "risk_level_ko": "고위험",
        "high_member_count": 4,
        "center_lng": 126.92612439,
        "center_lat": 37.48401546
      }
    },
    {
      "type": "Feature",
      "geometry": {
        "type": "Point",
        "coordinates": [
          129.08705843,
          35.13522879
        ]
      },
      "properties": {
        "cluster_id": "ped_hotspot_cluster_0029",
        "display_name": "부산 남구 대연동(못골사거리 부근)",
        "representative_place_name": "부산 남구 대연동(못골사거리 부근)",
        "representative_district": "부산 남구2",
        "member_count": 3,
        "repeat_year_count": 3,
        "source_years": [
          2023,
          2024,
          2025
        ],
        "accidents_total": 27,
        "casualties_total": 27,
        "deaths_total": 4,
        "serious_injuries_total": 23,
        "max_risk_score": 72.0,
        "avg_risk_score": 53.0,
        "risk_level": "high",
        "risk_level_ko": "고위험",
        "high_member_count": 1,
        "center_lng": 129.08705843,
        "center_lat": 35.13522879
      }
    },
    {
      "type": "Feature",
      "geometry": {
        "type": "Point",
        "coordinates": [
          126.90765789,
          37.51915446
        ]
      },
      "properties": {
        "cluster_id": "ped_hotspot_cluster_0030",
        "display_name": "서울 영등포구 영등포동5가(경방필백화점 부근)",
        "representative_place_name": "서울특별시 영등포구 영등포동5가(경방필백화점 부근)",
        "representative_district": "서울특별시 영등포구2",
        "member_count": 4,
        "repeat_year_count": 4,
        "source_years": [
          2022,
          2023,
          2024,
          2025
        ],
        "accidents_total": 42,
        "casualties_total": 46,
        "deaths_total": 3,
        "serious_injuries_total": 39,
        "max_risk_score": 71.0,
        "avg_risk_score": 58.0,
        "risk_level": "high",
        "risk_level_ko": "고위험",
        "high_member_count": 3,
        "center_lng": 126.90765789,
        "center_lat": 37.51915446
      }
    },
    {
      "type": "Feature",
      "geometry": {
        "type": "Point",
        "coordinates": [
          126.94707431,
          37.53981942
        ]
      },
      "properties": {
        "cluster_id": "ped_hotspot_cluster_0031",
        "display_name": "서울 마포구 도화동(마포역 5호선 부근)",
        "representative_place_name": "서울 마포구 도화동(마포역 5호선 부근)",
        "representative_district": "서울 마포구1",
        "member_count": 4,
        "repeat_year_count": 4,
        "source_years": [
          2022,
          2023,
          2024,
          2025
        ],
        "accidents_total": 35,
        "casualties_total": 40,
        "deaths_total": 6,
        "serious_injuries_total": 32,
        "max_risk_score": 71.0,
        "avg_risk_score": 56.25,
        "risk_level": "high",
        "risk_level_ko": "고위험",
        "high_member_count": 2,
        "center_lng": 126.94707431,
        "center_lat": 37.53981942
      }
    },
    {
      "type": "Feature",
      "geometry": {
        "type": "Point",
        "coordinates": [
          129.09178608,
          35.13568145
        ]
      },
      "properties": {
        "cluster_id": "ped_hotspot_cluster_0032",
        "display_name": "부산 남구 대연동(못골약국 부근)",
        "representative_place_name": "부산 남구 대연동(못골약국 부근)",
        "representative_district": "부산 남구1",
        "member_count": 4,
        "repeat_year_count": 4,
        "source_years": [
          2022,
          2023,
          2024,
          2025
        ],
        "accidents_total": 45,
        "casualties_total": 45,
        "deaths_total": 2,
        "serious_injuries_total": 43,
        "max_risk_score": 71.0,
        "avg_risk_score": 59.25,
        "risk_level": "high",
        "risk_level_ko": "고위험",
        "high_member_count": 4,
        "center_lng": 129.09178608,
        "center_lat": 35.13568145
      }
    },
    {
      "type": "Feature",
      "geometry": {
        "type": "Point",
        "coordinates": [
          127.12422893,
          36.45837276
        ]
      },
      "properties": {
        "cluster_id": "ped_hotspot_cluster_0033",
        "display_name": "충청남도 공주시 산성동(산성동195 부근)",
        "representative_place_name": "충청남도 공주시 산성동(산성동195 부근)",
        "representative_district": "충청남도 공주시1",
        "member_count": 3,
        "repeat_year_count": 3,
        "source_years": [
          2022,
          2023,
          2024
        ],
        "accidents_total": 32,
        "casualties_total": 32,
        "deaths_total": 0,
        "serious_injuries_total": 32,
        "max_risk_score": 70.0,
        "avg_risk_score": 53.33,
        "risk_level": "high",
        "risk_level_ko": "고위험",
        "high_member_count": 2,
        "center_lng": 127.12422893,
        "center_lat": 36.45837276
      }
    },
    {
      "type": "Feature",
      "geometry": {
        "type": "Point",
        "coordinates": [
          126.93238386,
          37.50009176
        ]
      },
      "properties": {
        "cluster_id": "ped_hotspot_cluster_0034",
        "display_name": "서울 동작구 상도동(상도3동주민센터 부근)",
        "representative_place_name": "서울 동작구 상도동(상도3동주민센터 부근)",
        "representative_district": "서울 동작구2",
        "member_count": 4,
        "repeat_year_count": 4,
        "source_years": [
          2022,
          2023,
          2024,
          2025
        ],
        "accidents_total": 44,
        "casualties_total": 47,
        "deaths_total": 0,
        "serious_injuries_total": 47,
        "max_risk_score": 70.0,
        "avg_risk_score": 58.0,
        "risk_level": "high",
        "risk_level_ko": "고위험",
        "high_member_count": 4,
        "center_lng": 126.93238386,
        "center_lat": 37.50009176
      }
    },
    {
      "type": "Feature",
      "geometry": {
        "type": "Point",
        "coordinates": [
          127.02622787,
          37.49965881
        ]
      },
      "properties": {
        "cluster_id": "ped_hotspot_cluster_0035",
        "display_name": "서울 서초구 서초동(강남성지약국 부근)",
        "representative_place_name": "서울 서초구 서초동(강남성지약국 부근)",
        "representative_district": "서울 서초구1",
        "member_count": 2,
        "repeat_year_count": 2,
        "source_years": [
          2024,
          2025
        ],
        "accidents_total": 25,
        "casualties_total": 25,
        "deaths_total": 0,
        "serious_injuries_total": 25,
        "max_risk_score": 70.0,
        "avg_risk_score": 62.5,
        "risk_level": "high",
        "risk_level_ko": "고위험",
        "high_member_count": 2,
        "center_lng": 127.02622787,
        "center_lat": 37.49965881
      }
    },
    {
      "type": "Feature",
      "geometry": {
        "type": "Point",
        "coordinates": [
          129.05750757,
          35.15405975
        ]
      },
      "properties": {
        "cluster_id": "ped_hotspot_cluster_0036",
        "display_name": "부산 부산진구 부전동(상상마당사거리 부근)",
        "representative_place_name": "부산 부산진구 부전동(상상마당사거리 부근)",
        "representative_district": "부산 부산진구2",
        "member_count": 4,
        "repeat_year_count": 4,
        "source_years": [
          2022,
          2023,
          2024,
          2025
        ],
        "accidents_total": 41,
        "casualties_total": 46,
        "deaths_total": 0,
        "serious_injuries_total": 44,
        "max_risk_score": 69.5,
        "avg_risk_score": 54.62,
        "risk_level": "high",
        "risk_level_ko": "고위험",
        "high_member_count": 2,
        "center_lng": 129.05750757,
        "center_lat": 35.15405975
      }
    },
    {
      "type": "Feature",
      "geometry": {
        "type": "Point",
        "coordinates": [
          127.03866787,
          37.57821298
        ]
      },
      "properties": {
        "cluster_id": "ped_hotspot_cluster_0037",
        "display_name": "서울 동대문구 제기동(경동시장사거리 부근)",
        "representative_place_name": "서울 동대문구 제기동(경동시장사거리 부근)",
        "representative_district": "서울 동대문구1",
        "member_count": 4,
        "repeat_year_count": 4,
        "source_years": [
          2022,
          2023,
          2024,
          2025
        ],
        "accidents_total": 44,
        "casualties_total": 45,
        "deaths_total": 1,
        "serious_injuries_total": 44,
        "max_risk_score": 69.0,
        "avg_risk_score": 57.5,
        "risk_level": "high",
        "risk_level_ko": "고위험",
        "high_member_count": 3,
        "center_lng": 127.03866787,
        "center_lat": 37.57821298
      }
    },
    {
      "type": "Feature",
      "geometry": {
        "type": "Point",
        "coordinates": [
          129.05722632,
          35.1578619
        ]
      },
      "properties": {
        "cluster_id": "ped_hotspot_cluster_0038",
        "display_name": "부산 부산진구 부전동(가까운약국 부근)",
        "representative_place_name": "부산 부산진구 부전동(가까운약국 부근)",
        "representative_district": "부산 부산진구2",
        "member_count": 3,
        "repeat_year_count": 3,
        "source_years": [
          2022,
          2024,
          2025
        ],
        "accidents_total": 33,
        "casualties_total": 34,
        "deaths_total": 1,
        "serious_injuries_total": 33,
        "max_risk_score": 69.0,
        "avg_risk_score": 58.33,
        "risk_level": "high",
        "risk_level_ko": "고위험",
        "high_member_count": 2,
        "center_lng": 129.05722632,
        "center_lat": 35.1578619
      }
    },
    {
      "type": "Feature",
      "geometry": {
        "type": "Point",
        "coordinates": [
          127.00436611,
          36.78137302
        ]
      },
      "properties": {
        "cluster_id": "ped_hotspot_cluster_0039",
        "display_name": "충남 아산시 온천동(역전삼거리 부근)",
        "representative_place_name": "충남 아산시 온천동(역전삼거리 부근)",
        "representative_district": "충남 아산시1",
        "member_count": 3,
        "repeat_year_count": 3,
        "source_years": [
          2022,
          2024,
          2025
        ],
        "accidents_total": 32,
        "casualties_total": 34,
        "deaths_total": 0,
        "serious_injuries_total": 33,
        "max_risk_score": 69.0,
        "avg_risk_score": 54.83,
        "risk_level": "high",
        "risk_level_ko": "고위험",
        "high_member_count": 2,
        "center_lng": 127.00436611,
        "center_lat": 36.78137302
      }
    },
    {
      "type": "Feature",
      "geometry": {
        "type": "Point",
        "coordinates": [
          128.60496698,
          35.87586157
        ]
      },
      "properties": {
        "cluster_id": "ped_hotspot_cluster_0040",
        "display_name": "대구 북구 칠성동1가(칠성교네거리 부근)",
        "representative_place_name": "대구 북구 칠성동1가(칠성교네거리 부근)",
        "representative_district": "대구 북구1",
        "member_count": 4,
        "repeat_year_count": 4,
        "source_years": [
          2022,
          2023,
          2024,
          2025
        ],
        "accidents_total": 38,
        "casualties_total": 43,
        "deaths_total": 3,
        "serious_injuries_total": 35,
        "max_risk_score": 68.0,
        "avg_risk_score": 53.12,
        "risk_level": "high",
        "risk_level_ko": "고위험",
        "high_member_count": 2,
        "center_lng": 128.60496698,
        "center_lat": 35.87586157
      }
    },
    {
      "type": "Feature",
      "geometry": {
        "type": "Point",
        "coordinates": [
          126.81238794,
          37.48410373
        ]
      },
      "properties": {
        "cluster_id": "ped_hotspot_cluster_0041",
        "display_name": "경기 부천시 괴안동(역곡남부역사거리 부근)",
        "representative_place_name": "경기 부천시 괴안동(역곡남부역사거리 부근)",
        "representative_district": "경기 부천시11",
        "member_count": 4,
        "repeat_year_count": 4,
        "source_years": [
          2022,
          2023,
          2024,
          2025
        ],
        "accidents_total": 35,
        "casualties_total": 35,
        "deaths_total": 7,
        "serious_injuries_total": 28,
        "max_risk_score": 68.0,
        "avg_risk_score": 54.25,
        "risk_level": "high",
        "risk_level_ko": "고위험",
        "high_member_count": 3,
        "center_lng": 126.81238794,
        "center_lat": 37.48410373
      }
    },
    {
      "type": "Feature",
      "geometry": {
        "type": "Point",
        "coordinates": [
          127.0157629,
          36.78415351
        ]
      },
      "properties": {
        "cluster_id": "ped_hotspot_cluster_0042",
        "display_name": "충남 아산시 모종동(터미널앞교차로 부근)",
        "representative_place_name": "충남 아산시 모종동(터미널앞교차로 부근)",
        "representative_district": "충남 아산시1",
        "member_count": 2,
        "repeat_year_count": 2,
        "source_years": [
          2022,
          2023
        ],
        "accidents_total": 17,
        "casualties_total": 23,
        "deaths_total": 2,
        "serious_injuries_total": 21,
        "max_risk_score": 68.0,
        "avg_risk_score": 60.5,
        "risk_level": "high",
        "risk_level_ko": "고위험",
        "high_member_count": 2,
        "center_lng": 127.0157629,
        "center_lat": 36.78415351
      }
    },
    {
      "type": "Feature",
      "geometry": {
        "type": "Point",
        "coordinates": [
          127.01317106,
          37.57222438
        ]
      },
      "properties": {
        "cluster_id": "ped_hotspot_cluster_0043",
        "display_name": "서울 종로구 창신동(365열린동대문약국 부근)",
        "representative_place_name": "서울 종로구 창신동(365열린동대문약국 부근)",
        "representative_district": "서울 종로구2",
        "member_count": 1,
        "repeat_year_count": 1,
        "source_years": [
          2025
        ],
        "accidents_total": 10,
        "casualties_total": 10,
        "deaths_total": 3,
        "serious_injuries_total": 7,
        "max_risk_score": 68.0,
        "avg_risk_score": 68.0,
        "risk_level": "high",
        "risk_level_ko": "고위험",
        "high_member_count": 1,
        "center_lng": 127.01317106,
        "center_lat": 37.57222438
      }
    },
    {
      "type": "Feature",
      "geometry": {
        "type": "Point",
        "coordinates": [
          126.94497194,
          37.5880794
        ]
      },
      "properties": {
        "cluster_id": "ped_hotspot_cluster_0044",
        "display_name": "서울 서대문구 홍제동(서부빌딩 부근)",
        "representative_place_name": "서울특별시 서대문구 홍제동(서부빌딩 부근)",
        "representative_district": "서울특별시 서대문구1",
        "member_count": 4,
        "repeat_year_count": 4,
        "source_years": [
          2022,
          2023,
          2024,
          2025
        ],
        "accidents_total": 42,
        "casualties_total": 43,
        "deaths_total": 4,
        "serious_injuries_total": 38,
        "max_risk_score": 67.0,
        "avg_risk_score": 58.75,
        "risk_level": "high",
        "risk_level_ko": "고위험",
        "high_member_count": 4,
        "center_lng": 126.94497194,
        "center_lat": 37.5880794
      }
    },
    {
      "type": "Feature",
      "geometry": {
        "type": "Point",
        "coordinates": [
          127.12902712,
          37.43162436
        ]
      },
      "properties": {
        "cluster_id": "ped_hotspot_cluster_0045",
        "display_name": "경기 성남시 중원구 성남동(모란역 수인분당선 부근)",
        "representative_place_name": "경기 성남시 중원구 성남동(모란역 수인분당선 부근)",
        "representative_district": "경기 성남시 중원구1",
        "member_count": 4,
        "repeat_year_count": 4,
        "source_years": [
          2022,
          2023,
          2024,
          2025
        ],
        "accidents_total": 39,
        "casualties_total": 41,
        "deaths_total": 4,
        "serious_injuries_total": 35,
        "max_risk_score": 67.0,
        "avg_risk_score": 55.25,
        "risk_level": "high",
        "risk_level_ko": "고위험",
        "high_member_count": 3,
        "center_lng": 127.12902712,
        "center_lat": 37.43162436
      }
    },
    {
      "type": "Feature",
      "geometry": {
        "type": "Point",
        "coordinates": [
          128.93908197,
          35.9652824
        ]
      },
      "properties": {
        "cluster_id": "ped_hotspot_cluster_0046",
        "display_name": "경북 영천시 완산동(영천공설시장 부근)",
        "representative_place_name": "경북 영천시 완산동(영천공설시장 부근)",
        "representative_district": "경북 영천시1",
        "member_count": 3,
        "repeat_year_count": 3,
        "source_years": [
          2023,
          2024,
          2025
        ],
        "accidents_total": 27,
        "casualties_total": 27,
        "deaths_total": 2,
        "serious_injuries_total": 25,
        "max_risk_score": 67.0,
        "avg_risk_score": 49.0,
        "risk_level": "high",
        "risk_level_ko": "고위험",
        "high_member_count": 1,
        "center_lng": 128.93908197,
        "center_lat": 35.9652824
      }
    },
    {
      "type": "Feature",
      "geometry": {
        "type": "Point",
        "coordinates": [
          129.02613005,
          35.09725662
        ]
      },
      "properties": {
        "cluster_id": "ped_hotspot_cluster_0047",
        "display_name": "부산 중구 남포동6가(자갈치교차로 부근)",
        "representative_place_name": "부산광역시 중구 남포동6가(자갈치교차로 부근)",
        "representative_district": "부산광역시 중구1",
        "member_count": 4,
        "repeat_year_count": 4,
        "source_years": [
          2022,
          2023,
          2024,
          2025
        ],
        "accidents_total": 39,
        "casualties_total": 41,
        "deaths_total": 0,
        "serious_injuries_total": 39,
        "max_risk_score": 66.0,
        "avg_risk_score": 49.25,
        "risk_level": "high",
        "risk_level_ko": "고위험",
        "high_member_count": 2,
        "center_lng": 129.02613005,
        "center_lat": 35.09725662
      }
    },
    {
      "type": "Feature",
      "geometry": {
        "type": "Point",
        "coordinates": [
          128.98719445,
          35.15923026
        ]
      },
      "properties": {
        "cluster_id": "ped_hotspot_cluster_0048",
        "display_name": "부산 사상구 괘법동(사상동물병원 부근)",
        "representative_place_name": "부산 사상구 괘법동(사상동물병원 부근)",
        "representative_district": "부산 사상구1",
        "member_count": 2,
        "repeat_year_count": 2,
        "source_years": [
          2022,
          2023
        ],
        "accidents_total": 20,
        "casualties_total": 21,
        "deaths_total": 1,
        "serious_injuries_total": 20,
        "max_risk_score": 66.0,
        "avg_risk_score": 55.0,
        "risk_level": "high",
        "risk_level_ko": "고위험",
        "high_member_count": 1,
        "center_lng": 128.98719445,
        "center_lat": 35.15923026
      }
    },
    {
      "type": "Feature",
      "geometry": {
        "type": "Point",
        "coordinates": [
          126.99003069,
          37.57085804
        ]
      },
      "properties": {
        "cluster_id": "ped_hotspot_cluster_0049",
        "display_name": "서울 종로구 종로3가(정약국 부근)",
        "representative_place_name": "서울 종로구 종로3가(정약국 부근)",
        "representative_district": "서울 종로구1",
        "member_count": 2,
        "repeat_year_count": 2,
        "source_years": [
          2024,
          2025
        ],
        "accidents_total": 23,
        "casualties_total": 23,
        "deaths_total": 2,
        "serious_injuries_total": 21,
        "max_risk_score": 66.0,
        "avg_risk_score": 63.5,
        "risk_level": "high",
        "risk_level_ko": "고위험",
        "high_member_count": 2,
        "center_lng": 126.99003069,
        "center_lat": 37.57085804
      }
    },
    {
      "type": "Feature",
      "geometry": {
        "type": "Point",
        "coordinates": [
          126.90065158,
          37.45457473
        ]
      },
      "properties": {
        "cluster_id": "ped_hotspot_cluster_0050",
        "display_name": "서울 금천구 시흥동(시흥사거리 부근)",
        "representative_place_name": "서울 금천구 시흥동(시흥사거리 부근)",
        "representative_district": "서울 금천구1",
        "member_count": 4,
        "repeat_year_count": 4,
        "source_years": [
          2022,
          2023,
          2024,
          2025
        ],
        "accidents_total": 39,
        "casualties_total": 42,
        "deaths_total": 2,
        "serious_injuries_total": 37,
        "max_risk_score": 66.0,
        "avg_risk_score": 52.38,
        "risk_level": "high",
        "risk_level_ko": "고위험",
        "high_member_count": 2,
        "center_lng": 126.90065158,
        "center_lat": 37.45457473
      }
    },
    {
      "type": "Feature",
      "geometry": {
        "type": "Point",
        "coordinates": [
          126.85767088,
          37.47832068
        ]
      },
      "properties": {
        "cluster_id": "ped_hotspot_cluster_0051",
        "display_name": "경기 광명시 광명동(광명4동 행정복지센터 임시청사 부근)",
        "representative_place_name": "경기 광명시 광명동(광명4동 행정복지센터 임시청사 부근)",
        "representative_district": "경기 광명시1",
        "member_count": 3,
        "repeat_year_count": 3,
        "source_years": [
          2023,
          2024,
          2025
        ],
        "accidents_total": 32,
        "casualties_total": 33,
        "deaths_total": 2,
        "serious_injuries_total": 30,
        "max_risk_score": 66.0,
        "avg_risk_score": 57.67,
        "risk_level": "high",
        "risk_level_ko": "고위험",
        "high_member_count": 2,
        "center_lng": 126.85767088,
        "center_lat": 37.47832068
      }
    },
    {
      "type": "Feature",
      "geometry": {
        "type": "Point",
        "coordinates": [
          126.86692694,
          37.54861625
        ]
      },
      "properties": {
        "cluster_id": "ped_hotspot_cluster_0052",
        "display_name": "서울 양천구 목동(약초원한약국 부근)",
        "representative_place_name": "서울 양천구 목동(약초원한약국 부근)",
        "representative_district": "서울 양천구2",
        "member_count": 3,
        "repeat_year_count": 3,
        "source_years": [
          2022,
          2024,
          2025
        ],
        "accidents_total": 26,
        "casualties_total": 26,
        "deaths_total": 2,
        "serious_injuries_total": 24,
        "max_risk_score": 66.0,
        "avg_risk_score": 47.33,
        "risk_level": "high",
        "risk_level_ko": "고위험",
        "high_member_count": 1,
        "center_lng": 126.86692694,
        "center_lat": 37.54861625
      }
    },
    {
      "type": "Feature",
      "geometry": {
        "type": "Point",
        "coordinates": [
          129.06184625,
          35.16304646
        ]
      },
      "properties": {
        "cluster_id": "ped_hotspot_cluster_0053",
        "display_name": "부산 부산진구 부전동(부전역 부산1호선 부근)",
        "representative_place_name": "부산 부산진구 부전동(부전역 부산1호선 부근)",
        "representative_district": "부산 부산진구3",
        "member_count": 4,
        "repeat_year_count": 4,
        "source_years": [
          2022,
          2023,
          2024,
          2025
        ],
        "accidents_total": 46,
        "casualties_total": 53,
        "deaths_total": 1,
        "serious_injuries_total": 48,
        "max_risk_score": 66.0,
        "avg_risk_score": 63.0,
        "risk_level": "high",
        "risk_level_ko": "고위험",
        "high_member_count": 4,
        "center_lng": 129.06184625,
        "center_lat": 35.16304646
      }
    },
    {
      "type": "Feature",
      "geometry": {
        "type": "Point",
        "coordinates": [
          129.0893653,
          35.13567222
        ]
      },
      "properties": {
        "cluster_id": "ped_hotspot_cluster_0054",
        "display_name": "부산 남구 대연동(대연시장 부근)",
        "representative_place_name": "부산 남구 대연동(대연시장 부근)",
        "representative_district": "부산 남구3",
        "member_count": 4,
        "repeat_year_count": 4,
        "source_years": [
          2022,
          2023,
          2024,
          2025
        ],
        "accidents_total": 46,
        "casualties_total": 46,
        "deaths_total": 1,
        "serious_injuries_total": 45,
        "max_risk_score": 66.0,
        "avg_risk_score": 59.0,
        "risk_level": "high",
        "risk_level_ko": "고위험",
        "high_member_count": 3,
        "center_lng": 129.0893653,
        "center_lat": 35.13567222
      }
    },
    {
      "type": "Feature",
      "geometry": {
        "type": "Point",
        "coordinates": [
          128.9811146,
          35.16841574
        ]
      },
      "properties": {
        "cluster_id": "ped_hotspot_cluster_0055",
        "display_name": "부산 사상구 삼락동(삼락동462 부근)",
        "representative_place_name": "부산광역시 사상구 삼락동(삼락동462 부근)",
        "representative_district": "부산광역시 사상구4",
        "member_count": 2,
        "repeat_year_count": 2,
        "source_years": [
          2022,
          2023
        ],
        "accidents_total": 14,
        "casualties_total": 42,
        "deaths_total": 0,
        "serious_injuries_total": 16,
        "max_risk_score": 65.5,
        "avg_risk_score": 50.75,
        "risk_level": "high",
        "risk_level_ko": "고위험",
        "high_member_count": 1,
        "center_lng": 128.9811146,
        "center_lat": 35.16841574
      }
    },
    {
      "type": "Feature",
      "geometry": {
        "type": "Point",
        "coordinates": [
          126.99900022,
          37.583244
        ]
      },
      "properties": {
        "cluster_id": "ped_hotspot_cluster_0056",
        "display_name": "서울 종로구 명륜2가(성균관대입구교차로 부근)",
        "representative_place_name": "서울 종로구 명륜2가(성균관대입구교차로 부근)",
        "representative_district": "서울 종로구1",
        "member_count": 4,
        "repeat_year_count": 4,
        "source_years": [
          2022,
          2023,
          2024,
          2025
        ],
        "accidents_total": 34,
        "casualties_total": 38,
        "deaths_total": 3,
        "serious_injuries_total": 34,
        "max_risk_score": 65.0,
        "avg_risk_score": 50.25,
        "risk_level": "high",
        "risk_level_ko": "고위험",
        "high_member_count": 2,
        "center_lng": 126.99900022,
        "center_lat": 37.583244
      }
    },
    {
      "type": "Feature",
      "geometry": {
        "type": "Point",
        "coordinates": [
          129.06091284,
          35.16014487
        ]
      },
      "properties": {
        "cluster_id": "ped_hotspot_cluster_0057",
        "display_name": "부산 부산진구 부전동(주한코트디브와르영사관 부근)",
        "representative_place_name": "부산 부산진구 부전동(주한코트디브와르영사관 부근)",
        "representative_district": "부산 부산진구4",
        "member_count": 4,
        "repeat_year_count": 4,
        "source_years": [
          2022,
          2023,
          2024,
          2025
        ],
        "accidents_total": 39,
        "casualties_total": 46,
        "deaths_total": 1,
        "serious_injuries_total": 41,
        "max_risk_score": 65.0,
        "avg_risk_score": 54.25,
        "risk_level": "high",
        "risk_level_ko": "고위험",
        "high_member_count": 2,
        "center_lng": 129.06091284,
        "center_lat": 35.16014487
      }
    },
    {
      "type": "Feature",
      "geometry": {
        "type": "Point",
        "coordinates": [
          127.20429932,
          37.53819842
        ]
      },
      "properties": {
        "cluster_id": "ped_hotspot_cluster_0058",
        "display_name": "경기 하남시 신장동(신장사거리 부근)",
        "representative_place_name": "경기 하남시 신장동(신장사거리 부근)",
        "representative_district": "경기 하남시1",
        "member_count": 3,
        "repeat_year_count": 3,
        "source_years": [
          2022,
          2023,
          2024
        ],
        "accidents_total": 35,
        "casualties_total": 36,
        "deaths_total": 0,
        "serious_injuries_total": 35,
        "max_risk_score": 65.0,
        "avg_risk_score": 58.5,
        "risk_level": "high",
        "risk_level_ko": "고위험",
        "high_member_count": 3,
        "center_lng": 127.20429932,
        "center_lat": 37.53819842
      }
    },
    {
      "type": "Feature",
      "geometry": {
        "type": "Point",
        "coordinates": [
          126.92138361,
          37.39683706
        ]
      },
      "properties": {
        "cluster_id": "ped_hotspot_cluster_0059",
        "display_name": "경기 안양시 만안구 안양동(안양유치원 부근)",
        "representative_place_name": "경기 안양시 만안구 안양동(안양유치원 부근)",
        "representative_district": "경기 안양시 만안구1",
        "member_count": 3,
        "repeat_year_count": 3,
        "source_years": [
          2023,
          2024,
          2025
        ],
        "accidents_total": 30,
        "casualties_total": 30,
        "deaths_total": 0,
        "serious_injuries_total": 30,
        "max_risk_score": 65.0,
        "avg_risk_score": 50.0,
        "risk_level": "high",
        "risk_level_ko": "고위험",
        "high_member_count": 2,
        "center_lng": 126.92138361,
        "center_lat": 37.39683706
      }
    },
    {
      "type": "Feature",
      "geometry": {
        "type": "Point",
        "coordinates": [
          127.0409154,
          37.57961985
        ]
      },
      "properties": {
        "cluster_id": "ped_hotspot_cluster_0060",
        "display_name": "서울 동대문구 제기동(청량리종합시장 부근)",
        "representative_place_name": "서울 동대문구 제기동(청량리종합시장 부근)",
        "representative_district": "서울 동대문구1",
        "member_count": 4,
        "repeat_year_count": 4,
        "source_years": [
          2022,
          2023,
          2024,
          2025
        ],
        "accidents_total": 43,
        "casualties_total": 47,
        "deaths_total": 0,
        "serious_injuries_total": 43,
        "max_risk_score": 65.0,
        "avg_risk_score": 54.75,
        "risk_level": "high",
        "risk_level_ko": "고위험",
        "high_member_count": 3,
        "center_lng": 127.0409154,
        "center_lat": 37.57961985
      }
    },
    {
      "type": "Feature",
      "geometry": {
        "type": "Point",
        "coordinates": [
          127.02575481,
          37.63811796
        ]
      },
      "properties": {
        "cluster_id": "ped_hotspot_cluster_0061",
        "display_name": "서울 강북구 번동(수유역교차로 부근)",
        "representative_place_name": "서울 강북구 번동(수유역교차로 부근)",
        "representative_district": "서울 강북구2",
        "member_count": 3,
        "repeat_year_count": 3,
        "source_years": [
          2023,
          2024,
          2025
        ],
        "accidents_total": 32,
        "casualties_total": 32,
        "deaths_total": 0,
        "serious_injuries_total": 32,
        "max_risk_score": 65.0,
        "avg_risk_score": 53.33,
        "risk_level": "high",
        "risk_level_ko": "고위험",
        "high_member_count": 2,
        "center_lng": 127.02575481,
        "center_lat": 37.63811796
      }
    },
    {
      "type": "Feature",
      "geometry": {
        "type": "Point",
        "coordinates": [
          126.45957516,
          36.78187338
        ]
      },
      "properties": {
        "cluster_id": "ped_hotspot_cluster_0062",
        "display_name": "충남 서산시 동문동(도마당약국 부근)",
        "representative_place_name": "충남 서산시 동문동(도마당약국 부근)",
        "representative_district": "충남 서산시1",
        "member_count": 4,
        "repeat_year_count": 4,
        "source_years": [
          2022,
          2023,
          2024,
          2025
        ],
        "accidents_total": 40,
        "casualties_total": 42,
        "deaths_total": 1,
        "serious_injuries_total": 39,
        "max_risk_score": 65.0,
        "avg_risk_score": 52.0,
        "risk_level": "high",
        "risk_level_ko": "고위험",
        "high_member_count": 3,
        "center_lng": 126.45957516,
        "center_lat": 36.78187338
      }
    },
    {
      "type": "Feature",
      "geometry": {
        "type": "Point",
        "coordinates": [
          127.73077799,
          34.74017361
        ]
      },
      "properties": {
        "cluster_id": "ped_hotspot_cluster_0063",
        "display_name": "전남 여수시 교동(교동사거리 부근)",
        "representative_place_name": "전남 여수시 교동(교동사거리 부근)",
        "representative_district": "전남 여수시1",
        "member_count": 4,
        "repeat_year_count": 4,
        "source_years": [
          2022,
          2023,
          2024,
          2025
        ],
        "accidents_total": 40,
        "casualties_total": 40,
        "deaths_total": 0,
        "serious_injuries_total": 40,
        "max_risk_score": 65.0,
        "avg_risk_score": 50.0,
        "risk_level": "high",
        "risk_level_ko": "고위험",
        "high_member_count": 2,
        "center_lng": 127.73077799,
        "center_lat": 34.74017361
      }
    },
    {
      "type": "Feature",
      "geometry": {
        "type": "Point",
        "coordinates": [
          128.57775462,
          35.20509699
        ]
      },
      "properties": {
        "cluster_id": "ped_hotspot_cluster_0064",
        "display_name": "경남 창원시 마산합포구 동성동(새푸른약국 부근)",
        "representative_place_name": "경남 창원시 마산합포구 동성동(새푸른약국 부근)",
        "representative_district": "경남 창원시 마산합포구1",
        "member_count": 4,
        "repeat_year_count": 4,
        "source_years": [
          2022,
          2023,
          2024,
          2025
        ],
        "accidents_total": 40,
        "casualties_total": 42,
        "deaths_total": 1,
        "serious_injuries_total": 41,
        "max_risk_score": 65.0,
        "avg_risk_score": 53.5,
        "risk_level": "high",
        "risk_level_ko": "고위험",
        "high_member_count": 4,
        "center_lng": 128.57775462,
        "center_lat": 35.20509699
      }
    },
    {
      "type": "Feature",
      "geometry": {
        "type": "Point",
        "coordinates": [
          129.06200133,
          35.15471231
        ]
      },
      "properties": {
        "cluster_id": "ped_hotspot_cluster_0065",
        "display_name": "부산 부산진구 부전동(흥국빌딩앞교차로 부근)",
        "representative_place_name": "부산광역시 부산진구 부전동(흥국빌딩앞교차로 부근)",
        "representative_district": "부산광역시 부산진구3",
        "member_count": 4,
        "repeat_year_count": 4,
        "source_years": [
          2022,
          2023,
          2024,
          2025
        ],
        "accidents_total": 35,
        "casualties_total": 49,
        "deaths_total": 0,
        "serious_injuries_total": 40,
        "max_risk_score": 64.0,
        "avg_risk_score": 51.0,
        "risk_level": "high",
        "risk_level_ko": "고위험",
        "high_member_count": 2,
        "center_lng": 129.06200133,
        "center_lat": 35.15471231
      }
    },
    {
      "type": "Feature",
      "geometry": {
        "type": "Point",
        "coordinates": [
          128.609042,
          35.25748114
        ]
      },
      "properties": {
        "cluster_id": "ped_hotspot_cluster_0066",
        "display_name": "경상남도 창원시 의창구 팔용동(한국복지재단입구교차 부근)",
        "representative_place_name": "경상남도 창원시 의창구 팔용동(한국복지재단입구교차 부근)",
        "representative_district": "경상남도 창원시 의창구1",
        "member_count": 1,
        "repeat_year_count": 1,
        "source_years": [
          2022
        ],
        "accidents_total": 7,
        "casualties_total": 12,
        "deaths_total": 2,
        "serious_injuries_total": 9,
        "max_risk_score": 63.5,
        "avg_risk_score": 63.5,
        "risk_level": "high",
        "risk_level_ko": "고위험",
        "high_member_count": 1,
        "center_lng": 128.609042,
        "center_lat": 35.25748114
      }
    },
    {
      "type": "Feature",
      "geometry": {
        "type": "Point",
        "coordinates": [
          126.96669221,
          37.56610793
        ]
      },
      "properties": {
        "cluster_id": "ped_hotspot_cluster_0067",
        "display_name": "서울 종로구 평동(서대문역 5호선 부근)",
        "representative_place_name": "서울 종로구 평동(서대문역 5호선 부근)",
        "representative_district": "서울 종로구2",
        "member_count": 4,
        "repeat_year_count": 4,
        "source_years": [
          2022,
          2023,
          2024,
          2025
        ],
        "accidents_total": 36,
        "casualties_total": 42,
        "deaths_total": 0,
        "serious_injuries_total": 42,
        "max_risk_score": 63.0,
        "avg_risk_score": 51.0,
        "risk_level": "high",
        "risk_level_ko": "고위험",
        "high_member_count": 2,
        "center_lng": 126.96669221,
        "center_lat": 37.56610793
      }
    },
    {
      "type": "Feature",
      "geometry": {
        "type": "Point",
        "coordinates": [
          126.56150824,
          33.24832147
        ]
      },
      "properties": {
        "cluster_id": "ped_hotspot_cluster_0068",
        "display_name": "제주 서귀포시 서귀동(천지동주민센터 부근)",
        "representative_place_name": "제주 서귀포시 서귀동(천지동주민센터 부근)",
        "representative_district": "제주 서귀포시1",
        "member_count": 4,
        "repeat_year_count": 4,
        "source_years": [
          2022,
          2023,
          2024,
          2025
        ],
        "accidents_total": 35,
        "casualties_total": 42,
        "deaths_total": 3,
        "serious_injuries_total": 32,
        "max_risk_score": 63.0,
        "avg_risk_score": 49.88,
        "risk_level": "high",
        "risk_level_ko": "고위험",
        "high_member_count": 2,
        "center_lng": 126.56150824,
        "center_lat": 33.24832147
      }
    },
    {
      "type": "Feature",
      "geometry": {
        "type": "Point",
        "coordinates": [
          129.21639025,
          35.24325877
        ]
      },
      "properties": {
        "cluster_id": "ped_hotspot_cluster_0069",
        "display_name": "부산 기장군 기장읍(메디팜대학약국 부근)",
        "representative_place_name": "부산 기장군 기장읍(메디팜대학약국 부근)",
        "representative_district": "부산 기장군1",
        "member_count": 2,
        "repeat_year_count": 2,
        "source_years": [
          2024,
          2025
        ],
        "accidents_total": 18,
        "casualties_total": 20,
        "deaths_total": 0,
        "serious_injuries_total": 20,
        "max_risk_score": 63.0,
        "avg_risk_score": 49.0,
        "risk_level": "high",
        "risk_level_ko": "고위험",
        "high_member_count": 1,
        "center_lng": 129.21639025,
        "center_lat": 35.24325877
      }
    },
    {
      "type": "Feature",
      "geometry": {
        "type": "Point",
        "coordinates": [
          126.92120612,
          37.618647
        ]
      },
      "properties": {
        "cluster_id": "ped_hotspot_cluster_0070",
        "display_name": "서울 은평구 대조동(연신내역앞교차로 부근)",
        "representative_place_name": "서울특별시 은평구 대조동(연신내역앞교차로 부근)",
        "representative_district": "서울특별시 은평구1",
        "member_count": 2,
        "repeat_year_count": 2,
        "source_years": [
          2022,
          2023
        ],
        "accidents_total": 19,
        "casualties_total": 23,
        "deaths_total": 0,
        "serious_injuries_total": 19,
        "max_risk_score": 62.0,
        "avg_risk_score": 49.5,
        "risk_level": "high",
        "risk_level_ko": "고위험",
        "high_member_count": 1,
        "center_lng": 126.92120612,
        "center_lat": 37.618647
      }
    },
    {
      "type": "Feature",
      "geometry": {
        "type": "Point",
        "coordinates": [
          127.39870599,
          36.34909621
        ]
      },
      "properties": {
        "cluster_id": "ped_hotspot_cluster_0071",
        "display_name": "대전광역시 서구 탄방동(둔산화랑 부근)",
        "representative_place_name": "대전광역시 서구 탄방동(둔산화랑 부근)",
        "representative_district": "대전광역시 서구1",
        "member_count": 4,
        "repeat_year_count": 4,
        "source_years": [
          2022,
          2023,
          2024,
          2025
        ],
        "accidents_total": 32,
        "casualties_total": 36,
        "deaths_total": 2,
        "serious_injuries_total": 32,
        "max_risk_score": 62.0,
        "avg_risk_score": 45.5,
        "risk_level": "high",
        "risk_level_ko": "고위험",
        "high_member_count": 1,
        "center_lng": 127.39870599,
        "center_lat": 36.34909621
      }
    },
    {
      "type": "Feature",
      "geometry": {
        "type": "Point",
        "coordinates": [
          129.05949402,
          35.13729431
        ]
      },
      "properties": {
        "cluster_id": "ped_hotspot_cluster_0072",
        "display_name": "부산 동구 범일동(부산진시장앞교차로 부근)",
        "representative_place_name": "부산 동구 범일동(부산진시장앞교차로 부근)",
        "representative_district": "부산 동구2",
        "member_count": 4,
        "repeat_year_count": 4,
        "source_years": [
          2022,
          2023,
          2024,
          2025
        ],
        "accidents_total": 33,
        "casualties_total": 33,
        "deaths_total": 5,
        "serious_injuries_total": 28,
        "max_risk_score": 62.0,
        "avg_risk_score": 48.75,
        "risk_level": "high",
        "risk_level_ko": "고위험",
        "high_member_count": 1,
        "center_lng": 129.05949402,
        "center_lat": 35.13729431
      }
    },
    {
      "type": "Feature",
      "geometry": {
        "type": "Point",
        "coordinates": [
          129.07277477,
          35.13675052
        ]
      },
      "properties": {
        "cluster_id": "ped_hotspot_cluster_0073",
        "display_name": "부산 남구 문현동(21세기우리네약국 부근)",
        "representative_place_name": "부산 남구 문현동(21세기우리네약국 부근)",
        "representative_district": "부산 남구2",
        "member_count": 4,
        "repeat_year_count": 4,
        "source_years": [
          2022,
          2023,
          2024,
          2025
        ],
        "accidents_total": 38,
        "casualties_total": 38,
        "deaths_total": 4,
        "serious_injuries_total": 34,
        "max_risk_score": 62.0,
        "avg_risk_score": 53.5,
        "risk_level": "high",
        "risk_level_ko": "고위험",
        "high_member_count": 3,
        "center_lng": 129.07277477,
        "center_lat": 35.13675052
      }
    },
    {
      "type": "Feature",
      "geometry": {
        "type": "Point",
        "coordinates": [
          127.43213601,
          36.33217809
        ]
      },
      "properties": {
        "cluster_id": "ped_hotspot_cluster_0074",
        "display_name": "대전 동구 정동(동해당약국 부근)",
        "representative_place_name": "대전 동구 정동(동해당약국 부근)",
        "representative_district": "대전 동구1",
        "member_count": 3,
        "repeat_year_count": 3,
        "source_years": [
          2023,
          2024,
          2025
        ],
        "accidents_total": 30,
        "casualties_total": 33,
        "deaths_total": 1,
        "serious_injuries_total": 29,
        "max_risk_score": 62.0,
        "avg_risk_score": 53.0,
        "risk_level": "high",
        "risk_level_ko": "고위험",
        "high_member_count": 2,
        "center_lng": 127.43213601,
        "center_lat": 36.33217809
      }
    },
    {
      "type": "Feature",
      "geometry": {
        "type": "Point",
        "coordinates": [
          126.63043407,
          36.89416219
        ]
      },
      "properties": {
        "cluster_id": "ped_hotspot_cluster_0075",
        "display_name": "충남 당진시 읍내동(당진구터미널로터리 부근)",
        "representative_place_name": "충남 당진시 읍내동(당진구터미널로터리 부근)",
        "representative_district": "충남 당진시1",
        "member_count": 3,
        "repeat_year_count": 3,
        "source_years": [
          2022,
          2023,
          2024
        ],
        "accidents_total": 31,
        "casualties_total": 35,
        "deaths_total": 2,
        "serious_injuries_total": 29,
        "max_risk_score": 62.0,
        "avg_risk_score": 57.0,
        "risk_level": "high",
        "risk_level_ko": "고위험",
        "high_member_count": 3,
        "center_lng": 126.63043407,
        "center_lat": 36.89416219
      }
    },
    {
      "type": "Feature",
      "geometry": {
        "type": "Point",
        "coordinates": [
          126.90267556,
          37.48444833
        ]
      },
      "properties": {
        "cluster_id": "ped_hotspot_cluster_0076",
        "display_name": "서울 관악구 신림동(구로디지털단지역앞교 부근)",
        "representative_place_name": "서울특별시 관악구 신림동(구로디지털단지역앞교 부근)",
        "representative_district": "서울특별시 관악구1",
        "member_count": 4,
        "repeat_year_count": 4,
        "source_years": [
          2022,
          2023,
          2024,
          2025
        ],
        "accidents_total": 34,
        "casualties_total": 36,
        "deaths_total": 0,
        "serious_injuries_total": 34,
        "max_risk_score": 61.0,
        "avg_risk_score": 43.0,
        "risk_level": "high",
        "risk_level_ko": "고위험",
        "high_member_count": 1,
        "center_lng": 126.90267556,
        "center_lat": 37.48444833
      }
    },
    {
      "type": "Feature",
      "geometry": {
        "type": "Point",
        "coordinates": [
          129.06380624,
          35.14228799
        ]
      },
      "properties": {
        "cluster_id": "ped_hotspot_cluster_0077",
        "display_name": "부산 남구 문현동(범2호교서측 부근)",
        "representative_place_name": "부산광역시 남구 문현동(범2호교서측 부근)",
        "representative_district": "부산광역시 남구1",
        "member_count": 3,
        "repeat_year_count": 3,
        "source_years": [
          2022,
          2023,
          2024
        ],
        "accidents_total": 28,
        "casualties_total": 30,
        "deaths_total": 0,
        "serious_injuries_total": 29,
        "max_risk_score": 61.0,
        "avg_risk_score": 48.33,
        "risk_level": "high",
        "risk_level_ko": "고위험",
        "high_member_count": 1,
        "center_lng": 129.06380624,
        "center_lat": 35.14228799
      }
    },
    {
      "type": "Feature",
      "geometry": {
        "type": "Point",
        "coordinates": [
          129.08231948,
          35.18712205
        ]
      },
      "properties": {
        "cluster_id": "ped_hotspot_cluster_0078",
        "display_name": "부산 연제구 연산동(연산교차로 부근)",
        "representative_place_name": "부산광역시 연제구 연산동(연산교차로 부근)",
        "representative_district": "부산광역시 연제구1",
        "member_count": 1,
        "repeat_year_count": 1,
        "source_years": [
          2022
        ],
        "accidents_total": 8,
        "casualties_total": 14,
        "deaths_total": 1,
        "serious_injuries_total": 10,
        "max_risk_score": 61.0,
        "avg_risk_score": 61.0,
        "risk_level": "high",
        "risk_level_ko": "고위험",
        "high_member_count": 1,
        "center_lng": 129.08231948,
        "center_lat": 35.18712205
      }
    },
    {
      "type": "Feature",
      "geometry": {
        "type": "Point",
        "coordinates": [
          126.78334526,
          37.4852159
        ]
      },
      "properties": {
        "cluster_id": "ped_hotspot_cluster_0079",
        "display_name": "경기 부천시 심곡동(북부역사거리 부근)",
        "representative_place_name": "경기도 부천시 심곡동(북부역사거리 부근)",
        "representative_district": "경기도 부천시1",
        "member_count": 3,
        "repeat_year_count": 3,
        "source_years": [
          2022,
          2023,
          2024
        ],
        "accidents_total": 34,
        "casualties_total": 35,
        "deaths_total": 0,
        "serious_injuries_total": 34,
        "max_risk_score": 61.0,
        "avg_risk_score": 57.0,
        "risk_level": "high",
        "risk_level_ko": "고위험",
        "high_member_count": 3,
        "center_lng": 126.78334526,
        "center_lat": 37.4852159
      }
    },
    {
      "type": "Feature",
      "geometry": {
        "type": "Point",
        "coordinates": [
          126.99934149,
          36.78051625
        ]
      },
      "properties": {
        "cluster_id": "ped_hotspot_cluster_0080",
        "display_name": "충청남도 아산시 온천동(룰루랄라게임방 부근)",
        "representative_place_name": "충청남도 아산시 온천동(룰루랄라게임방 부근)",
        "representative_district": "충청남도 아산시1",
        "member_count": 4,
        "repeat_year_count": 4,
        "source_years": [
          2022,
          2023,
          2024,
          2025
        ],
        "accidents_total": 39,
        "casualties_total": 40,
        "deaths_total": 0,
        "serious_injuries_total": 39,
        "max_risk_score": 61.0,
        "avg_risk_score": 49.0,
        "risk_level": "high",
        "risk_level_ko": "고위험",
        "high_member_count": 2,
        "center_lng": 126.99934149,
        "center_lat": 36.78051625
      }
    },
    {
      "type": "Feature",
      "geometry": {
        "type": "Point",
        "coordinates": [
          127.03135094,
          37.26465846
        ]
      },
      "properties": {
        "cluster_id": "ped_hotspot_cluster_0081",
        "display_name": "경기 수원시 팔달구 인계동(무비사거리 부근)",
        "representative_place_name": "경기 수원시 팔달구 인계동(무비사거리 부근)",
        "representative_district": "경기 수원시 팔달구1",
        "member_count": 4,
        "repeat_year_count": 4,
        "source_years": [
          2022,
          2023,
          2024,
          2025
        ],
        "accidents_total": 40,
        "casualties_total": 45,
        "deaths_total": 0,
        "serious_injuries_total": 40,
        "max_risk_score": 61.0,
        "avg_risk_score": 51.25,
        "risk_level": "high",
        "risk_level_ko": "고위험",
        "high_member_count": 2,
        "center_lng": 127.03135094,
        "center_lat": 37.26465846
      }
    },
    {
      "type": "Feature",
      "geometry": {
        "type": "Point",
        "coordinates": [
          127.06828127,
          37.14619111
        ]
      },
      "properties": {
        "cluster_id": "ped_hotspot_cluster_0082",
        "display_name": "경기 오산시 오산동(중앙파출소 부근)",
        "representative_place_name": "경기 오산시 오산동(중앙파출소 부근)",
        "representative_district": "경기 오산시1",
        "member_count": 4,
        "repeat_year_count": 4,
        "source_years": [
          2022,
          2023,
          2024,
          2025
        ],
        "accidents_total": 37,
        "casualties_total": 37,
        "deaths_total": 3,
        "serious_injuries_total": 34,
        "max_risk_score": 61.0,
        "avg_risk_score": 50.75,
        "risk_level": "high",
        "risk_level_ko": "고위험",
        "high_member_count": 3,
        "center_lng": 127.06828127,
        "center_lat": 37.14619111
      }
    },
    {
      "type": "Feature",
      "geometry": {
        "type": "Point",
        "coordinates": [
          126.90928723,
          36.28178702
        ]
      },
      "properties": {
        "cluster_id": "ped_hotspot_cluster_0083",
        "display_name": "충남 부여군 부여읍(제일약국 부근)",
        "representative_place_name": "충남 부여군 부여읍(제일약국 부근)",
        "representative_district": "충남 부여군1",
        "member_count": 4,
        "repeat_year_count": 4,
        "source_years": [
          2022,
          2023,
          2024,
          2025
        ],
        "accidents_total": 44,
        "casualties_total": 45,
        "deaths_total": 0,
        "serious_injuries_total": 44,
        "max_risk_score": 61.0,
        "avg_risk_score": 55.25,
        "risk_level": "high",
        "risk_level_ko": "고위험",
        "high_member_count": 4,
        "center_lng": 126.90928723,
        "center_lat": 36.28178702
      }
    },
    {
      "type": "Feature",
      "geometry": {
        "type": "Point",
        "coordinates": [
          126.74795108,
          37.34482829
        ]
      },
      "properties": {
        "cluster_id": "ped_hotspot_cluster_0084",
        "display_name": "경기 시흥시 정왕동(정왕동1222 부근)",
        "representative_place_name": "경기도 시흥시 정왕동(정왕동1222 부근)",
        "representative_district": "경기도 시흥시1",
        "member_count": 3,
        "repeat_year_count": 3,
        "source_years": [
          2022,
          2023,
          2024
        ],
        "accidents_total": 34,
        "casualties_total": 34,
        "deaths_total": 0,
        "serious_injuries_total": 34,
        "max_risk_score": 60.0,
        "avg_risk_score": 56.67,
        "risk_level": "high",
        "risk_level_ko": "고위험",
        "high_member_count": 3,
        "center_lng": 126.74795108,
        "center_lat": 37.34482829
      }
    },
    {
      "type": "Feature",
      "geometry": {
        "type": "Point",
        "coordinates": [
          127.04271013,
          37.57923388
        ]
      },
      "properties": {
        "cluster_id": "ped_hotspot_cluster_0085",
        "display_name": "서울 동대문구 제기동(성바오로병원교차로 부근)",
        "representative_place_name": "서울 동대문구 제기동(성바오로병원교차로 부근)",
        "representative_district": "서울 동대문구2",
        "member_count": 2,
        "repeat_year_count": 2,
        "source_years": [
          2023,
          2024
        ],
        "accidents_total": 19,
        "casualties_total": 21,
        "deaths_total": 2,
        "serious_injuries_total": 19,
        "max_risk_score": 60.0,
        "avg_risk_score": 57.5,
        "risk_level": "high",
        "risk_level_ko": "고위험",
        "high_member_count": 2,
        "center_lng": 127.04271013,
        "center_lat": 37.57923388
      }
    },
    {
      "type": "Feature",
      "geometry": {
        "type": "Point",
        "coordinates": [
          129.03475368,
          35.16505374
        ]
      },
      "properties": {
        "cluster_id": "ped_hotspot_cluster_0086",
        "display_name": "부산 부산진구 당감동(당감꼬리 부근)",
        "representative_place_name": "부산 부산진구 당감동(당감꼬리 부근)",
        "representative_district": "부산 부산진구7",
        "member_count": 3,
        "repeat_year_count": 3,
        "source_years": [
          2023,
          2024,
          2025
        ],
        "accidents_total": 25,
        "casualties_total": 28,
        "deaths_total": 3,
        "serious_injuries_total": 25,
        "max_risk_score": 60.0,
        "avg_risk_score": 51.67,
        "risk_level": "high",
        "risk_level_ko": "고위험",
        "high_member_count": 2,
        "center_lng": 129.03475368,
        "center_lat": 35.16505374
      }
    },
    {
      "type": "Feature",
      "geometry": {
        "type": "Point",
        "coordinates": [
          127.13206205,
          37.44029146
        ]
      },
      "properties": {
        "cluster_id": "ped_hotspot_cluster_0087",
        "display_name": "경기 성남시 수정구 수진동(녹용당 약국 부근)",
        "representative_place_name": "경기 성남시 수정구 수진동(녹용당 약국 부근)",
        "representative_district": "경기 성남시 수정구1",
        "member_count": 3,
        "repeat_year_count": 3,
        "source_years": [
          2022,
          2023,
          2024
        ],
        "accidents_total": 33,
        "casualties_total": 35,
        "deaths_total": 0,
        "serious_injuries_total": 35,
        "max_risk_score": 60.0,
        "avg_risk_score": 57.67,
        "risk_level": "high",
        "risk_level_ko": "고위험",
        "high_member_count": 3,
        "center_lng": 127.13206205,
        "center_lat": 37.44029146
      }
    },
    {
      "type": "Feature",
      "geometry": {
        "type": "Point",
        "coordinates": [
          126.59710754,
          36.35009002
        ]
      },
      "properties": {
        "cluster_id": "ped_hotspot_cluster_0088",
        "display_name": "충남 보령시 대천동(명문당사거리 부근)",
        "representative_place_name": "충남 보령시 대천동(명문당사거리 부근)",
        "representative_district": "충남 보령시1",
        "member_count": 4,
        "repeat_year_count": 4,
        "source_years": [
          2022,
          2023,
          2024,
          2025
        ],
        "accidents_total": 41,
        "casualties_total": 41,
        "deaths_total": 0,
        "serious_injuries_total": 41,
        "max_risk_score": 60.0,
        "avg_risk_score": 51.25,
        "risk_level": "high",
        "risk_level_ko": "고위험",
        "high_member_count": 3,
        "center_lng": 126.59710754,
        "center_lat": 36.35009002
      }
    },
    {
      "type": "Feature",
      "geometry": {
        "type": "Point",
        "coordinates": [
          127.02467505,
          37.60376246
        ]
      },
      "properties": {
        "cluster_id": "ped_hotspot_cluster_0089",
        "display_name": "서울 성북구 길음동(길음역교차로 부근)",
        "representative_place_name": "서울 성북구 길음동(길음역교차로 부근)",
        "representative_district": "서울 성북구1",
        "member_count": 4,
        "repeat_year_count": 4,
        "source_years": [
          2022,
          2023,
          2024,
          2025
        ],
        "accidents_total": 42,
        "casualties_total": 42,
        "deaths_total": 0,
        "serious_injuries_total": 42,
        "max_risk_score": 60.0,
        "avg_risk_score": 52.5,
        "risk_level": "high",
        "risk_level_ko": "고위험",
        "high_member_count": 3,
        "center_lng": 127.02467505,
        "center_lat": 37.60376246
      }
    },
    {
      "type": "Feature",
      "geometry": {
        "type": "Point",
        "coordinates": [
          129.00802976,
          35.21034602
        ]
      },
      "properties": {
        "cluster_id": "ped_hotspot_cluster_0090",
        "display_name": "부산 북구 덕천동(드림약국 부근)",
        "representative_place_name": "부산 북구 덕천동(드림약국 부근)",
        "representative_district": "부산 북구1",
        "member_count": 4,
        "repeat_year_count": 4,
        "source_years": [
          2022,
          2023,
          2024,
          2025
        ],
        "accidents_total": 37,
        "casualties_total": 41,
        "deaths_total": 1,
        "serious_injuries_total": 38,
        "max_risk_score": 60.0,
        "avg_risk_score": 50.25,
        "risk_level": "high",
        "risk_level_ko": "고위험",
        "high_member_count": 2,
        "center_lng": 129.00802976,
        "center_lat": 35.21034602
      }
    },
    {
      "type": "Feature",
      "geometry": {
        "type": "Point",
        "coordinates": [
          129.05963629,
          35.15325069
        ]
      },
      "properties": {
        "cluster_id": "ped_hotspot_cluster_0091",
        "display_name": "부산 부산진구 부전동(부전동5731 부근)",
        "representative_place_name": "부산광역시 부산진구 부전동(부전동5731 부근)",
        "representative_district": "부산광역시 부산진구5",
        "member_count": 2,
        "repeat_year_count": 2,
        "source_years": [
          2022,
          2023
        ],
        "accidents_total": 19,
        "casualties_total": 32,
        "deaths_total": 0,
        "serious_injuries_total": 22,
        "max_risk_score": 59.0,
        "avg_risk_score": 58.5,
        "risk_level": "high",
        "risk_level_ko": "고위험",
        "high_member_count": 2,
        "center_lng": 129.05963629,
        "center_lat": 35.15325069
      }
    },
    {
      "type": "Feature",
      "geometry": {
        "type": "Point",
        "coordinates": [
          129.10818512,
          35.21469207
        ]
      },
      "properties": {
        "cluster_id": "ped_hotspot_cluster_0092",
        "display_name": "부산 금정구 서동(금사교차로 부근)",
        "representative_place_name": "부산 금정구 서동(금사교차로 부근)",
        "representative_district": "부산 금정구3",
        "member_count": 3,
        "repeat_year_count": 3,
        "source_years": [
          2022,
          2023,
          2024
        ],
        "accidents_total": 26,
        "casualties_total": 27,
        "deaths_total": 0,
        "serious_injuries_total": 27,
        "max_risk_score": 59.0,
        "avg_risk_score": 44.67,
        "risk_level": "high",
        "risk_level_ko": "고위험",
        "high_member_count": 1,
        "center_lng": 129.10818512,
        "center_lat": 35.21469207
      }
    },
    {
      "type": "Feature",
      "geometry": {
        "type": "Point",
        "coordinates": [
          127.08728608,
          37.58813156
        ]
      },
      "properties": {
        "cluster_id": "ped_hotspot_cluster_0093",
        "display_name": "서울 중랑구 면목동(면목역교차로 부근)",
        "representative_place_name": "서울 중랑구 면목동(면목역교차로 부근)",
        "representative_district": "서울 중랑구2",
        "member_count": 4,
        "repeat_year_count": 4,
        "source_years": [
          2022,
          2023,
          2024,
          2025
        ],
        "accidents_total": 33,
        "casualties_total": 39,
        "deaths_total": 4,
        "serious_injuries_total": 31,
        "max_risk_score": 59.0,
        "avg_risk_score": 49.88,
        "risk_level": "high",
        "risk_level_ko": "고위험",
        "high_member_count": 2,
        "center_lng": 127.08728608,
        "center_lat": 37.58813156
      }
    },
    {
      "type": "Feature",
      "geometry": {
        "type": "Point",
        "coordinates": [
          126.93364415,
          37.35964885
        ]
      },
      "properties": {
        "cluster_id": "ped_hotspot_cluster_0094",
        "display_name": "경기 군포시 산본동(원불교산본성당 부근)",
        "representative_place_name": "경기도 군포시 산본동(원불교산본성당 부근)",
        "representative_district": "경기도 군포시1",
        "member_count": 1,
        "repeat_year_count": 1,
        "source_years": [
          2022
        ],
        "accidents_total": 8,
        "casualties_total": 8,
        "deaths_total": 3,
        "serious_injuries_total": 5,
        "max_risk_score": 58.0,
        "avg_risk_score": 58.0,
        "risk_level": "high",
        "risk_level_ko": "고위험",
        "high_member_count": 1,
        "center_lng": 126.93364415,
        "center_lat": 37.35964885
      }
    },
    {
      "type": "Feature",
      "geometry": {
        "type": "Point",
        "coordinates": [
          127.15262729,
          36.79741111
        ]
      },
      "properties": {
        "cluster_id": "ped_hotspot_cluster_0095",
        "display_name": "충남 천안시 동남구 영성동(건강누리약국 부근)",
        "representative_place_name": "충남 천안시 동남구 영성동(건강누리약국 부근)",
        "representative_district": "충남 천안시 동남구1",
        "member_count": 3,
        "repeat_year_count": 3,
        "source_years": [
          2022,
          2023,
          2024
        ],
        "accidents_total": 23,
        "casualties_total": 26,
        "deaths_total": 4,
        "serious_injuries_total": 19,
        "max_risk_score": 58.0,
        "avg_risk_score": 47.33,
        "risk_level": "high",
        "risk_level_ko": "고위험",
        "high_member_count": 1,
        "center_lng": 127.15262729,
        "center_lat": 36.79741111
      }
    },
    {
      "type": "Feature",
      "geometry": {
        "type": "Point",
        "coordinates": [
          128.98306487,
          35.17136044
        ]
      },
      "properties": {
        "cluster_id": "ped_hotspot_cluster_0096",
        "display_name": "부산 사상구 덕포동(대한약국 부근)",
        "representative_place_name": "부산 사상구 덕포동(대한약국 부근)",
        "representative_district": "부산 사상구2",
        "member_count": 2,
        "repeat_year_count": 2,
        "source_years": [
          2024,
          2025
        ],
        "accidents_total": 16,
        "casualties_total": 17,
        "deaths_total": 5,
        "serious_injuries_total": 11,
        "max_risk_score": 58.0,
        "avg_risk_score": 55.5,
        "risk_level": "high",
        "risk_level_ko": "고위험",
        "high_member_count": 2,
        "center_lng": 128.98306487,
        "center_lat": 35.17136044
      }
    },
    {
      "type": "Feature",
      "geometry": {
        "type": "Point",
        "coordinates": [
          126.84366921,
          37.49600577
        ]
      },
      "properties": {
        "cluster_id": "ped_hotspot_cluster_0097",
        "display_name": "서울 구로구 오류동(쉬즈미스 부근)",
        "representative_place_name": "서울특별시 구로구 오류동(쉬즈미스 부근)",
        "representative_district": "서울특별시 구로구1",
        "member_count": 2,
        "repeat_year_count": 2,
        "source_years": [
          2022,
          2023
        ],
        "accidents_total": 17,
        "casualties_total": 19,
        "deaths_total": 1,
        "serious_injuries_total": 16,
        "max_risk_score": 57.5,
        "avg_risk_score": 46.25,
        "risk_level": "high",
        "risk_level_ko": "고위험",
        "high_member_count": 1,
        "center_lng": 126.84366921,
        "center_lat": 37.49600577
      }
    },
    {
      "type": "Feature",
      "geometry": {
        "type": "Point",
        "coordinates": [
          129.02435324,
          35.09533275
        ]
      },
      "properties": {
        "cluster_id": "ped_hotspot_cluster_0098",
        "display_name": "부산 서구 충무동1가(충무교차로 부근)",
        "representative_place_name": "부산광역시 서구 충무동1가(충무교차로 부근)",
        "representative_district": "부산광역시 서구1",
        "member_count": 3,
        "repeat_year_count": 3,
        "source_years": [
          2022,
          2023,
          2024
        ],
        "accidents_total": 23,
        "casualties_total": 24,
        "deaths_total": 5,
        "serious_injuries_total": 18,
        "max_risk_score": 57.0,
        "avg_risk_score": 48.67,
        "risk_level": "high",
        "risk_level_ko": "고위험",
        "high_member_count": 1,
        "center_lng": 129.02435324,
        "center_lat": 35.09533275
      }
    },
    {
      "type": "Feature",
      "geometry": {
        "type": "Point",
        "coordinates": [
          127.01072656,
          37.55422235
        ]
      },
      "properties": {
        "cluster_id": "ped_hotspot_cluster_0099",
        "display_name": "서울 중구 신당동(약수역사거리 부근)",
        "representative_place_name": "서울 중구 신당동(약수역사거리 부근)",
        "representative_district": "서울 중구1",
        "member_count": 5,
        "repeat_year_count": 4,
        "source_years": [
          2022,
          2023,
          2024,
          2025
        ],
        "accidents_total": 38,
        "casualties_total": 44,
        "deaths_total": 3,
        "serious_injuries_total": 37,
        "max_risk_score": 57.0,
        "avg_risk_score": 44.0,
        "risk_level": "high",
        "risk_level_ko": "고위험",
        "high_member_count": 1,
        "center_lng": 127.01072656,
        "center_lat": 37.55422235
      }
    },
    {
      "type": "Feature",
      "geometry": {
        "type": "Point",
        "coordinates": [
          127.08690047,
          37.57920919
        ]
      },
      "properties": {
        "cluster_id": "ped_hotspot_cluster_0100",
        "display_name": "서울 중랑구 면목동(면목7동주민센터 임시청사 부근)",
        "representative_place_name": "서울 중랑구 면목동(면목7동주민센터 임시청사 부근)",
        "representative_district": "서울 중랑구3",
        "member_count": 4,
        "repeat_year_count": 4,
        "source_years": [
          2022,
          2023,
          2024,
          2025
        ],
        "accidents_total": 37,
        "casualties_total": 40,
        "deaths_total": 0,
        "serious_injuries_total": 37,
        "max_risk_score": 57.0,
        "avg_risk_score": 47.0,
        "risk_level": "high",
        "risk_level_ko": "고위험",
        "high_member_count": 2,
        "center_lng": 127.08690047,
        "center_lat": 37.57920919
      }
    },
    {
      "type": "Feature",
      "geometry": {
        "type": "Point",
        "coordinates": [
          129.083975,
          35.18774203
        ]
      },
      "properties": {
        "cluster_id": "ped_hotspot_cluster_0101",
        "display_name": "부산 연제구 연산동(연제로하스의원 부근)",
        "representative_place_name": "부산 연제구 연산동(연제로하스의원 부근)",
        "representative_district": "부산 연제구1",
        "member_count": 4,
        "repeat_year_count": 4,
        "source_years": [
          2022,
          2023,
          2024,
          2025
        ],
        "accidents_total": 30,
        "casualties_total": 37,
        "deaths_total": 2,
        "serious_injuries_total": 30,
        "max_risk_score": 57.0,
        "avg_risk_score": 43.75,
        "risk_level": "high",
        "risk_level_ko": "고위험",
        "high_member_count": 1,
        "center_lng": 129.083975,
        "center_lat": 35.18774203
      }
    },
    {
      "type": "Feature",
      "geometry": {
        "type": "Point",
        "coordinates": [
          126.80537278,
          37.48116601
        ]
      },
      "properties": {
        "cluster_id": "ped_hotspot_cluster_0102",
        "display_name": "경기 부천시 괴안동(괴안삼거리 부근)",
        "representative_place_name": "경기 부천시 괴안동(괴안삼거리 부근)",
        "representative_district": "경기 부천시1",
        "member_count": 4,
        "repeat_year_count": 4,
        "source_years": [
          2022,
          2023,
          2024,
          2025
        ],
        "accidents_total": 34,
        "casualties_total": 34,
        "deaths_total": 5,
        "serious_injuries_total": 29,
        "max_risk_score": 57.0,
        "avg_risk_score": 50.0,
        "risk_level": "high",
        "risk_level_ko": "고위험",
        "high_member_count": 2,
        "center_lng": 126.80537278,
        "center_lat": 37.48116601
      }
    },
    {
      "type": "Feature",
      "geometry": {
        "type": "Point",
        "coordinates": [
          127.42599543,
          36.45009615
        ]
      },
      "properties": {
        "cluster_id": "ped_hotspot_cluster_0103",
        "display_name": "대전 대덕구 석봉동(신탄진시장 부근)",
        "representative_place_name": "대전 대덕구 석봉동(신탄진시장 부근)",
        "representative_district": "대전 대덕구1",
        "member_count": 3,
        "repeat_year_count": 3,
        "source_years": [
          2023,
          2024,
          2025
        ],
        "accidents_total": 24,
        "casualties_total": 24,
        "deaths_total": 3,
        "serious_injuries_total": 21,
        "max_risk_score": 57.0,
        "avg_risk_score": 46.0,
        "risk_level": "high",
        "risk_level_ko": "고위험",
        "high_member_count": 1,
        "center_lng": 127.42599543,
        "center_lat": 36.45009615
      }
    },
    {
      "type": "Feature",
      "geometry": {
        "type": "Point",
        "coordinates": [
          127.1278613,
          37.43082028
        ]
      },
      "properties": {
        "cluster_id": "ped_hotspot_cluster_0104",
        "display_name": "경기 성남시 중원구 성남동(성남시 전북도민회관 부근)",
        "representative_place_name": "경기 성남시 중원구 성남동(성남시 전북도민회관 부근)",
        "representative_district": "경기 성남시 중원구2",
        "member_count": 1,
        "repeat_year_count": 1,
        "source_years": [
          2025
        ],
        "accidents_total": 9,
        "casualties_total": 12,
        "deaths_total": 0,
        "serious_injuries_total": 12,
        "max_risk_score": 57.0,
        "avg_risk_score": 57.0,
        "risk_level": "high",
        "risk_level_ko": "고위험",
        "high_member_count": 1,
        "center_lng": 127.1278613,
        "center_lat": 37.43082028
      }
    },
    {
      "type": "Feature",
      "geometry": {
        "type": "Point",
        "coordinates": [
          127.14890839,
          35.80389714
        ]
      },
      "properties": {
        "cluster_id": "ped_hotspot_cluster_0105",
        "display_name": "전북 전주시 완산구 서서학동(상진약국 부근)",
        "representative_place_name": "전북 전주시 완산구 서서학동(상진약국 부근)",
        "representative_district": "전북 전주시 완산구1",
        "member_count": 1,
        "repeat_year_count": 1,
        "source_years": [
          2025
        ],
        "accidents_total": 9,
        "casualties_total": 9,
        "deaths_total": 2,
        "serious_injuries_total": 7,
        "max_risk_score": 57.0,
        "avg_risk_score": 57.0,
        "risk_level": "high",
        "risk_level_ko": "고위험",
        "high_member_count": 1,
        "center_lng": 127.14890839,
        "center_lat": 35.80389714
      }
    },
    {
      "type": "Feature",
      "geometry": {
        "type": "Point",
        "coordinates": [
          126.90210056,
          37.46850494
        ]
      },
      "properties": {
        "cluster_id": "ped_hotspot_cluster_0106",
        "display_name": "서울 금천구 독산동(향기어린이집 부근)",
        "representative_place_name": "서울 금천구 독산동(향기어린이집 부근)",
        "representative_district": "서울 금천구3",
        "member_count": 2,
        "repeat_year_count": 2,
        "source_years": [
          2022,
          2023
        ],
        "accidents_total": 16,
        "casualties_total": 28,
        "deaths_total": 0,
        "serious_injuries_total": 20,
        "max_risk_score": 56.5,
        "avg_risk_score": 51.5,
        "risk_level": "high",
        "risk_level_ko": "고위험",
        "high_member_count": 1,
        "center_lng": 126.90210056,
        "center_lat": 37.46850494
      }
    },
    {
      "type": "Feature",
      "geometry": {
        "type": "Point",
        "coordinates": [
          128.96743787,
          35.10754629
        ]
      },
      "properties": {
        "cluster_id": "ped_hotspot_cluster_0107",
        "display_name": "부산 사하구 하단동(부산자생한방병원 부근)",
        "representative_place_name": "부산 사하구 하단동(부산자생한방병원 부근)",
        "representative_district": "부산 사하구3",
        "member_count": 3,
        "repeat_year_count": 3,
        "source_years": [
          2023,
          2024,
          2025
        ],
        "accidents_total": 25,
        "casualties_total": 27,
        "deaths_total": 0,
        "serious_injuries_total": 25,
        "max_risk_score": 56.5,
        "avg_risk_score": 42.17,
        "risk_level": "high",
        "risk_level_ko": "고위험",
        "high_member_count": 1,
        "center_lng": 128.96743787,
        "center_lat": 35.10754629
      }
    },
    {
      "type": "Feature",
      "geometry": {
        "type": "Point",
        "coordinates": [
          127.13621532,
          37.44211034
        ]
      },
      "properties": {
        "cluster_id": "ped_hotspot_cluster_0108",
        "display_name": "경기 성남시 수정구 태평동(탄리사거리 부근)",
        "representative_place_name": "경기도 성남시 수정구 태평동(탄리사거리 부근)",
        "representative_district": "경기도 성남시 수정구2",
        "member_count": 3,
        "repeat_year_count": 3,
        "source_years": [
          2022,
          2023,
          2024
        ],
        "accidents_total": 26,
        "casualties_total": 27,
        "deaths_total": 2,
        "serious_injuries_total": 25,
        "max_risk_score": 56.0,
        "avg_risk_score": 48.67,
        "risk_level": "high",
        "risk_level_ko": "고위험",
        "high_member_count": 1,
        "center_lng": 127.13621532,
        "center_lat": 37.44211034
      }
    },
    {
      "type": "Feature",
      "geometry": {
        "type": "Point",
        "coordinates": [
          126.95795161,
          37.37051165
        ]
      },
      "properties": {
        "cluster_id": "ped_hotspot_cluster_0109",
        "display_name": "경기 안양시 동안구 호계동(호계사거리 부근)",
        "representative_place_name": "경기도 안양시 동안구 호계동(호계사거리 부근)",
        "representative_district": "경기도 안양시 동안구1",
        "member_count": 2,
        "repeat_year_count": 2,
        "source_years": [
          2022,
          2023
        ],
        "accidents_total": 16,
        "casualties_total": 17,
        "deaths_total": 3,
        "serious_injuries_total": 14,
        "max_risk_score": 56.0,
        "avg_risk_score": 51.0,
        "risk_level": "high",
        "risk_level_ko": "고위험",
        "high_member_count": 1,
        "center_lng": 126.95795161,
        "center_lat": 37.37051165
      }
    },
    {
      "type": "Feature",
      "geometry": {
        "type": "Point",
        "coordinates": [
          126.8512347,
          37.5226752
        ]
      },
      "properties": {
        "cluster_id": "ped_hotspot_cluster_0110",
        "display_name": "서울 양천구 신정동(우신동물병원 부근)",
        "representative_place_name": "서울 양천구 신정동(우신동물병원 부근)",
        "representative_district": "서울 양천구5",
        "member_count": 3,
        "repeat_year_count": 3,
        "source_years": [
          2022,
          2023,
          2024
        ],
        "accidents_total": 25,
        "casualties_total": 29,
        "deaths_total": 0,
        "serious_injuries_total": 25,
        "max_risk_score": 56.0,
        "avg_risk_score": 42.33,
        "risk_level": "high",
        "risk_level_ko": "고위험",
        "high_member_count": 1,
        "center_lng": 126.8512347,
        "center_lat": 37.5226752
      }
    },
    {
      "type": "Feature",
      "geometry": {
        "type": "Point",
        "coordinates": [
          126.41848615,
          34.81083039
        ]
      },
      "properties": {
        "cluster_id": "ped_hotspot_cluster_0111",
        "display_name": "전남 목포시 상동(버스터미널교차로 부근)",
        "representative_place_name": "전남 목포시 상동(버스터미널교차로 부근)",
        "representative_district": "전남 목포시3",
        "member_count": 3,
        "repeat_year_count": 3,
        "source_years": [
          2022,
          2023,
          2024
        ],
        "accidents_total": 25,
        "casualties_total": 25,
        "deaths_total": 3,
        "serious_injuries_total": 22,
        "max_risk_score": 56.0,
        "avg_risk_score": 47.67,
        "risk_level": "high",
        "risk_level_ko": "고위험",
        "high_member_count": 1,
        "center_lng": 126.41848615,
        "center_lat": 34.81083039
      }
    },
    {
      "type": "Feature",
      "geometry": {
        "type": "Point",
        "coordinates": [
          128.70680862,
          35.14978157
        ]
      },
      "properties": {
        "cluster_id": "ped_hotspot_cluster_0112",
        "display_name": "경남 창원시 진해구 자은동(자은교사거리 부근)",
        "representative_place_name": "경남 창원시 진해구 자은동(자은교사거리 부근)",
        "representative_district": "경남 창원시 진해구1",
        "member_count": 1,
        "repeat_year_count": 1,
        "source_years": [
          2024
        ],
        "accidents_total": 8,
        "casualties_total": 9,
        "deaths_total": 2,
        "serious_injuries_total": 7,
        "max_risk_score": 56.0,
        "avg_risk_score": 56.0,
        "risk_level": "high",
        "risk_level_ko": "고위험",
        "high_member_count": 1,
        "center_lng": 128.70680862,
        "center_lat": 35.14978157
      }
    },
    {
      "type": "Feature",
      "geometry": {
        "type": "Point",
        "coordinates": [
          128.81521517,
          35.19973887
        ]
      },
      "properties": {
        "cluster_id": "ped_hotspot_cluster_0113",
        "display_name": "경남 김해시 무계동(장유농협삼거리 부근)",
        "representative_place_name": "경남 김해시 무계동(장유농협삼거리 부근)",
        "representative_district": "경남 김해시1",
        "member_count": 4,
        "repeat_year_count": 4,
        "source_years": [
          2022,
          2023,
          2024,
          2025
        ],
        "accidents_total": 33,
        "casualties_total": 34,
        "deaths_total": 3,
        "serious_injuries_total": 31,
        "max_risk_score": 56.0,
        "avg_risk_score": 46.75,
        "risk_level": "high",
        "risk_level_ko": "고위험",
        "high_member_count": 2,
        "center_lng": 128.81521517,
        "center_lat": 35.19973887
      }
    },
    {
      "type": "Feature",
      "geometry": {
        "type": "Point",
        "coordinates": [
          126.52178619,
          33.49978457
        ]
      },
      "properties": {
        "cluster_id": "ped_hotspot_cluster_0114",
        "display_name": "제주 제주 삼도일동(리라어린이집 부근)",
        "representative_place_name": "제주 제주 삼도일동(리라어린이집 부근)",
        "representative_district": "제주 제주시1",
        "member_count": 3,
        "repeat_year_count": 3,
        "source_years": [
          2023,
          2024,
          2025
        ],
        "accidents_total": 30,
        "casualties_total": 32,
        "deaths_total": 1,
        "serious_injuries_total": 29,
        "max_risk_score": 56.0,
        "avg_risk_score": 52.67,
        "risk_level": "high",
        "risk_level_ko": "고위험",
        "high_member_count": 3,
        "center_lng": 126.52178619,
        "center_lat": 33.49978457
      }
    },
    {
      "type": "Feature",
      "geometry": {
        "type": "Point",
        "coordinates": [
          127.036275,
          37.48262478
        ]
      },
      "properties": {
        "cluster_id": "ped_hotspot_cluster_0115",
        "display_name": "서울 서초구 양재동(엔스온누리약국 부근)",
        "representative_place_name": "서울 서초구 양재동(엔스온누리약국 부근)",
        "representative_district": "서울 서초구2",
        "member_count": 3,
        "repeat_year_count": 3,
        "source_years": [
          2023,
          2024,
          2025
        ],
        "accidents_total": 25,
        "casualties_total": 27,
        "deaths_total": 2,
        "serious_injuries_total": 23,
        "max_risk_score": 56.0,
        "avg_risk_score": 46.33,
        "risk_level": "high",
        "risk_level_ko": "고위험",
        "high_member_count": 1,
        "center_lng": 127.036275,
        "center_lat": 37.48262478
      }
    },
    {
      "type": "Feature",
      "geometry": {
        "type": "Point",
        "coordinates": [
          128.5254511,
          35.81254848
        ]
      },
      "properties": {
        "cluster_id": "ped_hotspot_cluster_0116",
        "display_name": "대구 달서구 진천동(사랑마을어린이집 부근)",
        "representative_place_name": "대구 달서구 진천동(사랑마을어린이집 부근)",
        "representative_district": "대구 달서구1",
        "member_count": 3,
        "repeat_year_count": 3,
        "source_years": [
          2023,
          2024,
          2025
        ],
        "accidents_total": 24,
        "casualties_total": 24,
        "deaths_total": 1,
        "serious_injuries_total": 23,
        "max_risk_score": 56.0,
        "avg_risk_score": 42.0,
        "risk_level": "high",
        "risk_level_ko": "고위험",
        "high_member_count": 1,
        "center_lng": 128.5254511,
        "center_lat": 35.81254848
      }
    },
    {
      "type": "Feature",
      "geometry": {
        "type": "Point",
        "coordinates": [
          127.580804,
          36.78365788
        ]
      },
      "properties": {
        "cluster_id": "ped_hotspot_cluster_0117",
        "display_name": "충북 증평군 증평읍(가족사랑종로약국 부근)",
        "representative_place_name": "충북 증평군 증평읍(가족사랑종로약국 부근)",
        "representative_district": "충북 증평군1",
        "member_count": 3,
        "repeat_year_count": 3,
        "source_years": [
          2023,
          2024,
          2025
        ],
        "accidents_total": 25,
        "casualties_total": 26,
        "deaths_total": 3,
        "serious_injuries_total": 22,
        "max_risk_score": 56.0,
        "avg_risk_score": 48.0,
        "risk_level": "high",
        "risk_level_ko": "고위험",
        "high_member_count": 1,
        "center_lng": 127.580804,
        "center_lat": 36.78365788
      }
    },
    {
      "type": "Feature",
      "geometry": {
        "type": "Point",
        "coordinates": [
          127.15570941,
          36.818629
        ]
      },
      "properties": {
        "cluster_id": "ped_hotspot_cluster_0118",
        "display_name": "충남 천안시 동남구 신부동(조인약국 부근)",
        "representative_place_name": "충남 천안시 동남구 신부동(조인약국 부근)",
        "representative_district": "충남 천안시 동남구1",
        "member_count": 3,
        "repeat_year_count": 3,
        "source_years": [
          2023,
          2024,
          2025
        ],
        "accidents_total": 26,
        "casualties_total": 27,
        "deaths_total": 2,
        "serious_injuries_total": 25,
        "max_risk_score": 56.0,
        "avg_risk_score": 48.67,
        "risk_level": "high",
        "risk_level_ko": "고위험",
        "high_member_count": 2,
        "center_lng": 127.15570941,
        "center_lat": 36.818629
      }
    },
    {
      "type": "Feature",
      "geometry": {
        "type": "Point",
        "coordinates": [
          126.8846127,
          35.80114003
        ]
      },
      "properties": {
        "cluster_id": "ped_hotspot_cluster_0119",
        "display_name": "전북 김제시 요촌동(전통시장사거리 부근)",
        "representative_place_name": "전북 김제시 요촌동(전통시장사거리 부근)",
        "representative_district": "전북 김제시1",
        "member_count": 4,
        "repeat_year_count": 4,
        "source_years": [
          2022,
          2023,
          2024,
          2025
        ],
        "accidents_total": 29,
        "casualties_total": 34,
        "deaths_total": 0,
        "serious_injuries_total": 34,
        "max_risk_score": 56.0,
        "avg_risk_score": 41.25,
        "risk_level": "high",
        "risk_level_ko": "고위험",
        "high_member_count": 1,
        "center_lng": 126.8846127,
        "center_lat": 35.80114003
      }
    },
    {
      "type": "Feature",
      "geometry": {
        "type": "Point",
        "coordinates": [
          127.8941108,
          34.83822185
        ]
      },
      "properties": {
        "cluster_id": "ped_hotspot_cluster_0120",
        "display_name": "경남 남해군 남해읍(남해읍행정복지센터 부근)",
        "representative_place_name": "경남 남해군 남해읍(남해읍행정복지센터 부근)",
        "representative_district": "경남 남해군1",
        "member_count": 2,
        "repeat_year_count": 2,
        "source_years": [
          2024,
          2025
        ],
        "accidents_total": 19,
        "casualties_total": 19,
        "deaths_total": 2,
        "serious_injuries_total": 17,
        "max_risk_score": 56.0,
        "avg_risk_score": 53.5,
        "risk_level": "high",
        "risk_level_ko": "고위험",
        "high_member_count": 2,
        "center_lng": 127.8941108,
        "center_lat": 34.83822185
      }
    },
    {
      "type": "Feature",
      "geometry": {
        "type": "Point",
        "coordinates": [
          126.92910485,
          37.61083302
        ]
      },
      "properties": {
        "cluster_id": "ped_hotspot_cluster_0121",
        "display_name": "서울 은평구 대조동(불광역6번출구 부근)",
        "representative_place_name": "서울특별시 은평구 대조동(불광역6번출구 부근)",
        "representative_district": "서울특별시 은평구2",
        "member_count": 2,
        "repeat_year_count": 2,
        "source_years": [
          2022,
          2023
        ],
        "accidents_total": 17,
        "casualties_total": 19,
        "deaths_total": 2,
        "serious_injuries_total": 17,
        "max_risk_score": 55.0,
        "avg_risk_score": 52.5,
        "risk_level": "high",
        "risk_level_ko": "고위험",
        "high_member_count": 2,
        "center_lng": 126.92910485,
        "center_lat": 37.61083302
      }
    },
    {
      "type": "Feature",
      "geometry": {
        "type": "Point",
        "coordinates": [
          129.21640579,
          35.24523051
        ]
      },
      "properties": {
        "cluster_id": "ped_hotspot_cluster_0122",
        "display_name": "부산 기장군 기장읍(수협은행기장지점 부근)",
        "representative_place_name": "부산광역시 기장군 기장읍(수협은행기장지점 부근)",
        "representative_district": "부산광역시 기장군1",
        "member_count": 2,
        "repeat_year_count": 2,
        "source_years": [
          2022,
          2023
        ],
        "accidents_total": 14,
        "casualties_total": 16,
        "deaths_total": 2,
        "serious_injuries_total": 14,
        "max_risk_score": 55.0,
        "avg_risk_score": 45.0,
        "risk_level": "high",
        "risk_level_ko": "고위험",
        "high_member_count": 1,
        "center_lng": 129.21640579,
        "center_lat": 35.24523051
      }
    },
    {
      "type": "Feature",
      "geometry": {
        "type": "Point",
        "coordinates": [
          127.01814877,
          37.59342417
        ]
      },
      "properties": {
        "cluster_id": "ped_hotspot_cluster_0123",
        "display_name": "서울 성북구 동선동1가(율치과교정과치과의원 부근)",
        "representative_place_name": "서울 성북구 동선동1가(율치과교정과치과의원 부근)",
        "representative_district": "서울 성북구1",
        "member_count": 4,
        "repeat_year_count": 4,
        "source_years": [
          2022,
          2023,
          2024,
          2025
        ],
        "accidents_total": 34,
        "casualties_total": 42,
        "deaths_total": 0,
        "serious_injuries_total": 38,
        "max_risk_score": 55.0,
        "avg_risk_score": 47.5,
        "risk_level": "high",
        "risk_level_ko": "고위험",
        "high_member_count": 2,
        "center_lng": 127.01814877,
        "center_lat": 37.59342417
      }
    },
    {
      "type": "Feature",
      "geometry": {
        "type": "Point",
        "coordinates": [
          129.04126094,
          35.08808852
        ]
      },
      "properties": {
        "cluster_id": "ped_hotspot_cluster_0124",
        "display_name": "부산 영도구 영선동2가(남항시장사거리 부근)",
        "representative_place_name": "부산 영도구 영선동2가(남항시장사거리 부근)",
        "representative_district": "부산 영도구1",
        "member_count": 3,
        "repeat_year_count": 3,
        "source_years": [
          2022,
          2023,
          2024
        ],
        "accidents_total": 26,
        "casualties_total": 30,
        "deaths_total": 0,
        "serious_injuries_total": 28,
        "max_risk_score": 55.0,
        "avg_risk_score": 46.67,
        "risk_level": "high",
        "risk_level_ko": "고위험",
        "high_member_count": 1,
        "center_lng": 129.04126094,
        "center_lat": 35.08808852
      }
    },
    {
      "type": "Feature",
      "geometry": {
        "type": "Point",
        "coordinates": [
          129.06187517,
          35.09623707
        ]
      },
      "properties": {
        "cluster_id": "ped_hotspot_cluster_0125",
        "display_name": "부산 영도구 청학동(서승도치과의원 부근)",
        "representative_place_name": "부산 영도구 청학동(서승도치과의원 부근)",
        "representative_district": "부산 영도구2",
        "member_count": 1,
        "repeat_year_count": 1,
        "source_years": [
          2023
        ],
        "accidents_total": 9,
        "casualties_total": 10,
        "deaths_total": 1,
        "serious_injuries_total": 9,
        "max_risk_score": 55.0,
        "avg_risk_score": 55.0,
        "risk_level": "high",
        "risk_level_ko": "고위험",
        "high_member_count": 1,
        "center_lng": 129.06187517,
        "center_lat": 35.09623707
      }
    },
    {
      "type": "Feature",
      "geometry": {
        "type": "Point",
        "coordinates": [
          129.07038427,
          35.07881826
        ]
      },
      "properties": {
        "cluster_id": "ped_hotspot_cluster_0126",
        "display_name": "부산 영도구 동삼동(동삼시장 부근)",
        "representative_place_name": "부산 영도구 동삼동(동삼시장 부근)",
        "representative_district": "부산 영도구5",
        "member_count": 4,
        "repeat_year_count": 4,
        "source_years": [
          2022,
          2023,
          2024,
          2025
        ],
        "accidents_total": 39,
        "casualties_total": 39,
        "deaths_total": 0,
        "serious_injuries_total": 39,
        "max_risk_score": 55.0,
        "avg_risk_score": 48.75,
        "risk_level": "high",
        "risk_level_ko": "고위험",
        "high_member_count": 3,
        "center_lng": 129.07038427,
        "center_lat": 35.07881826
      }
    },
    {
      "type": "Feature",
      "geometry": {
        "type": "Point",
        "coordinates": [
          129.10276998,
          35.21460357
        ]
      },
      "properties": {
        "cluster_id": "ped_hotspot_cluster_0127",
        "display_name": "부산 금정구 서동(동상제일침례교회 부근)",
        "representative_place_name": "부산 금정구 서동(동상제일침례교회 부근)",
        "representative_district": "부산 금정구2",
        "member_count": 4,
        "repeat_year_count": 4,
        "source_years": [
          2022,
          2023,
          2024,
          2025
        ],
        "accidents_total": 37,
        "casualties_total": 37,
        "deaths_total": 0,
        "serious_injuries_total": 37,
        "max_risk_score": 55.0,
        "avg_risk_score": 46.25,
        "risk_level": "high",
        "risk_level_ko": "고위험",
        "high_member_count": 2,
        "center_lng": 129.10276998,
        "center_lat": 35.21460357
      }
    },
    {
      "type": "Feature",
      "geometry": {
        "type": "Point",
        "coordinates": [
          127.4903257,
          36.62703763
        ]
      },
      "properties": {
        "cluster_id": "ped_hotspot_cluster_0128",
        "display_name": "충북 청주시 상당구 석교동(형통한교회 부근)",
        "representative_place_name": "충북 청주시 상당구 석교동(형통한교회 부근)",
        "representative_district": "충북 청주시 상당구1",
        "member_count": 3,
        "repeat_year_count": 3,
        "source_years": [
          2022,
          2023,
          2024
        ],
        "accidents_total": 27,
        "casualties_total": 27,
        "deaths_total": 0,
        "serious_injuries_total": 27,
        "max_risk_score": 55.0,
        "avg_risk_score": 45.0,
        "risk_level": "high",
        "risk_level_ko": "고위험",
        "high_member_count": 1,
        "center_lng": 127.4903257,
        "center_lat": 36.62703763
      }
    },
    {
      "type": "Feature",
      "geometry": {
        "type": "Point",
        "coordinates": [
          128.57424641,
          35.22882831
        ]
      },
      "properties": {
        "cluster_id": "ped_hotspot_cluster_0129",
        "display_name": "경남 창원시 마산회원구 석전동(석전교사거리 부근)",
        "representative_place_name": "경남 창원시 마산회원구 석전동(석전교사거리 부근)",
        "representative_district": "경남 창원시 마산회원구2",
        "member_count": 3,
        "repeat_year_count": 3,
        "source_years": [
          2023,
          2024,
          2025
        ],
        "accidents_total": 24,
        "casualties_total": 29,
        "deaths_total": 0,
        "serious_injuries_total": 27,
        "max_risk_score": 55.0,
        "avg_risk_score": 44.67,
        "risk_level": "high",
        "risk_level_ko": "고위험",
        "high_member_count": 1,
        "center_lng": 128.57424641,
        "center_lat": 35.22882831
      }
    },
    {
      "type": "Feature",
      "geometry": {
        "type": "Point",
        "coordinates": [
          127.10062472,
          37.59947889
        ]
      },
      "properties": {
        "cluster_id": "ped_hotspot_cluster_0130",
        "display_name": "서울 중랑구 망우동(망우사거리 부근)",
        "representative_place_name": "서울 중랑구 망우동(망우사거리 부근)",
        "representative_district": "서울 중랑구1",
        "member_count": 3,
        "repeat_year_count": 3,
        "source_years": [
          2023,
          2024,
          2025
        ],
        "accidents_total": 29,
        "casualties_total": 29,
        "deaths_total": 0,
        "serious_injuries_total": 29,
        "max_risk_score": 55.0,
        "avg_risk_score": 48.33,
        "risk_level": "high",
        "risk_level_ko": "고위험",
        "high_member_count": 2,
        "center_lng": 127.10062472,
        "center_lat": 37.59947889
      }
    },
    {
      "type": "Feature",
      "geometry": {
        "type": "Point",
        "coordinates": [
          126.94143304,
          37.59108738
        ]
      },
      "properties": {
        "cluster_id": "ped_hotspot_cluster_0131",
        "display_name": "서울 서대문구 홍은동(홍은사거리 부근)",
        "representative_place_name": "서울 서대문구 홍은동(홍은사거리 부근)",
        "representative_district": "서울 서대문구1",
        "member_count": 4,
        "repeat_year_count": 4,
        "source_years": [
          2022,
          2023,
          2024,
          2025
        ],
        "accidents_total": 37,
        "casualties_total": 37,
        "deaths_total": 1,
        "serious_injuries_total": 36,
        "max_risk_score": 55.0,
        "avg_risk_score": 47.75,
        "risk_level": "high",
        "risk_level_ko": "고위험",
        "high_member_count": 2,
        "center_lng": 126.94143304,
        "center_lat": 37.59108738
      }
    },
    {
      "type": "Feature",
      "geometry": {
        "type": "Point",
        "coordinates": [
          127.13080141,
          37.43306785
        ]
      },
      "properties": {
        "cluster_id": "ped_hotspot_cluster_0132",
        "display_name": "경기 성남시 중원구 성남동(상아약국 부근)",
        "representative_place_name": "경기 성남시 중원구 성남동(상아약국 부근)",
        "representative_district": "경기 성남시 중원구1",
        "member_count": 4,
        "repeat_year_count": 4,
        "source_years": [
          2022,
          2023,
          2024,
          2025
        ],
        "accidents_total": 35,
        "casualties_total": 36,
        "deaths_total": 0,
        "serious_injuries_total": 35,
        "max_risk_score": 55.0,
        "avg_risk_score": 44.0,
        "risk_level": "high",
        "risk_level_ko": "고위험",
        "high_member_count": 1,
        "center_lng": 127.13080141,
        "center_lat": 37.43306785
      }
    },
    {
      "type": "Feature",
      "geometry": {
        "type": "Point",
        "coordinates": [
          127.05153456,
          37.74153418
        ]
      },
      "properties": {
        "cluster_id": "ped_hotspot_cluster_0133",
        "display_name": "경기 의정부시 의정부동(시장보건약국 부근)",
        "representative_place_name": "경기 의정부시 의정부동(시장보건약국 부근)",
        "representative_district": "경기 의정부시1",
        "member_count": 4,
        "repeat_year_count": 4,
        "source_years": [
          2022,
          2023,
          2024,
          2025
        ],
        "accidents_total": 36,
        "casualties_total": 38,
        "deaths_total": 0,
        "serious_injuries_total": 37,
        "max_risk_score": 55.0,
        "avg_risk_score": 46.25,
        "risk_level": "high",
        "risk_level_ko": "고위험",
        "high_member_count": 2,
        "center_lng": 127.05153456,
        "center_lat": 37.74153418
      }
    },
    {
      "type": "Feature",
      "geometry": {
        "type": "Point",
        "coordinates": [
          126.85478739,
          37.47906091
        ]
      },
      "properties": {
        "cluster_id": "ped_hotspot_cluster_0134",
        "display_name": "경기 광명시 광명동(광명사거리 부근)",
        "representative_place_name": "경기 광명시 광명동(광명사거리 부근)",
        "representative_district": "경기 광명시2",
        "member_count": 4,
        "repeat_year_count": 4,
        "source_years": [
          2022,
          2023,
          2024,
          2025
        ],
        "accidents_total": 34,
        "casualties_total": 37,
        "deaths_total": 0,
        "serious_injuries_total": 34,
        "max_risk_score": 55.0,
        "avg_risk_score": 43.25,
        "risk_level": "high",
        "risk_level_ko": "고위험",
        "high_member_count": 1,
        "center_lng": 126.85478739,
        "center_lat": 37.47906091
      }
    },
    {
      "type": "Feature",
      "geometry": {
        "type": "Point",
        "coordinates": [
          128.4056543,
          35.27598271
        ]
      },
      "properties": {
        "cluster_id": "ped_hotspot_cluster_0135",
        "display_name": "경남 함안군 가야읍(고려약국 부근)",
        "representative_place_name": "경남 함안군 가야읍(고려약국 부근)",
        "representative_district": "경남 함안군1",
        "member_count": 3,
        "repeat_year_count": 3,
        "source_years": [
          2023,
          2024,
          2025
        ],
        "accidents_total": 28,
        "casualties_total": 30,
        "deaths_total": 2,
        "serious_injuries_total": 28,
        "max_risk_score": 55.0,
        "avg_risk_score": 53.33,
        "risk_level": "high",
        "risk_level_ko": "고위험",
        "high_member_count": 3,
        "center_lng": 128.4056543,
        "center_lat": 35.27598271
      }
    },
    {
      "type": "Feature",
      "geometry": {
        "type": "Point",
        "coordinates": [
          127.06236706,
          37.5896414
        ]
      },
      "properties": {
        "cluster_id": "ped_hotspot_cluster_0136",
        "display_name": "서울 동대문구 휘경동(삼육서울병원앞교차로 부근)",
        "representative_place_name": "서울 동대문구 휘경동(삼육서울병원앞교차로 부근)",
        "representative_district": "서울 동대문구2",
        "member_count": 4,
        "repeat_year_count": 4,
        "source_years": [
          2022,
          2023,
          2024,
          2025
        ],
        "accidents_total": 37,
        "casualties_total": 37,
        "deaths_total": 1,
        "serious_injuries_total": 36,
        "max_risk_score": 55.0,
        "avg_risk_score": 47.75,
        "risk_level": "high",
        "risk_level_ko": "고위험",
        "high_member_count": 2,
        "center_lng": 127.06236706,
        "center_lat": 37.5896414
      }
    },
    {
      "type": "Feature",
      "geometry": {
        "type": "Point",
        "coordinates": [
          126.91774269,
          37.59023235
        ]
      },
      "properties": {
        "cluster_id": "ped_hotspot_cluster_0137",
        "display_name": "서울 은평구 응암동(응암오거리 부근)",
        "representative_place_name": "서울 은평구 응암동(응암오거리 부근)",
        "representative_district": "서울 은평구2",
        "member_count": 2,
        "repeat_year_count": 2,
        "source_years": [
          2024,
          2025
        ],
        "accidents_total": 21,
        "casualties_total": 23,
        "deaths_total": 0,
        "serious_injuries_total": 21,
        "max_risk_score": 55.0,
        "avg_risk_score": 53.5,
        "risk_level": "high",
        "risk_level_ko": "고위험",
        "high_member_count": 2,
        "center_lng": 126.91774269,
        "center_lat": 37.59023235
      }
    },
    {
      "type": "Feature",
      "geometry": {
        "type": "Point",
        "coordinates": [
          126.9278871,
          37.49862299
        ]
      },
      "properties": {
        "cluster_id": "ped_hotspot_cluster_0138",
        "display_name": "서울 동작구 신대방동(메디칼우리약국 부근)",
        "representative_place_name": "서울 동작구 신대방동(메디칼우리약국 부근)",
        "representative_district": "서울 동작구4",
        "member_count": 2,
        "repeat_year_count": 2,
        "source_years": [
          2024,
          2025
        ],
        "accidents_total": 19,
        "casualties_total": 20,
        "deaths_total": 0,
        "serious_injuries_total": 19,
        "max_risk_score": 55.0,
        "avg_risk_score": 48.0,
        "risk_level": "high",
        "risk_level_ko": "고위험",
        "high_member_count": 1,
        "center_lng": 126.9278871,
        "center_lat": 37.49862299
      }
    },
    {
      "type": "Feature",
      "geometry": {
        "type": "Point",
        "coordinates": [
          129.055828,
          35.15452165
        ]
      },
      "properties": {
        "cluster_id": "ped_hotspot_cluster_0139",
        "display_name": "부산 부산진구 부전동(엘살바도르명예영사관 부근)",
        "representative_place_name": "부산 부산진구 부전동(엘살바도르명예영사관 부근)",
        "representative_district": "부산 부산진구4",
        "member_count": 2,
        "repeat_year_count": 2,
        "source_years": [
          2024,
          2025
        ],
        "accidents_total": 18,
        "casualties_total": 18,
        "deaths_total": 0,
        "serious_injuries_total": 18,
        "max_risk_score": 55.0,
        "avg_risk_score": 45.0,
        "risk_level": "high",
        "risk_level_ko": "고위험",
        "high_member_count": 1,
        "center_lng": 129.055828,
        "center_lat": 35.15452165
      }
    },
    {
      "type": "Feature",
      "geometry": {
        "type": "Point",
        "coordinates": [
          127.4467114,
          37.2783811
        ]
      },
      "properties": {
        "cluster_id": "ped_hotspot_cluster_0140",
        "display_name": "경기 이천시 중리동(터미널사거리 부근)",
        "representative_place_name": "경기 이천시 중리동(터미널사거리 부근)",
        "representative_district": "경기 이천시1",
        "member_count": 4,
        "repeat_year_count": 4,
        "source_years": [
          2022,
          2023,
          2024,
          2025
        ],
        "accidents_total": 32,
        "casualties_total": 37,
        "deaths_total": 3,
        "serious_injuries_total": 32,
        "max_risk_score": 55.0,
        "avg_risk_score": 48.0,
        "risk_level": "high",
        "risk_level_ko": "고위험",
        "high_member_count": 3,
        "center_lng": 127.4467114,
        "center_lat": 37.2783811
      }
    },
    {
      "type": "Feature",
      "geometry": {
        "type": "Point",
        "coordinates": [
          128.6187858,
          36.81393924
        ]
      },
      "properties": {
        "cluster_id": "ped_hotspot_cluster_0141",
        "display_name": "경북 영주시 가흥동(꽃동산회전교차로 부근)",
        "representative_place_name": "경북 영주시 가흥동(꽃동산회전교차로 부근)",
        "representative_district": "경북 영주시1",
        "member_count": 3,
        "repeat_year_count": 3,
        "source_years": [
          2023,
          2024,
          2025
        ],
        "accidents_total": 28,
        "casualties_total": 28,
        "deaths_total": 0,
        "serious_injuries_total": 28,
        "max_risk_score": 55.0,
        "avg_risk_score": 46.67,
        "risk_level": "high",
        "risk_level_ko": "고위험",
        "high_member_count": 2,
        "center_lng": 128.6187858,
        "center_lat": 36.81393924
      }
    },
    {
      "type": "Feature",
      "geometry": {
        "type": "Point",
        "coordinates": [
          127.12895632,
          37.41163011
        ]
      },
      "properties": {
        "cluster_id": "ped_hotspot_cluster_0142",
        "display_name": "경기 성남시 분당구 야탑동(야탑역 부근)",
        "representative_place_name": "경기도 성남시 분당구 야탑동(야탑역 부근)",
        "representative_district": "경기도 성남시 분당구2",
        "member_count": 2,
        "repeat_year_count": 2,
        "source_years": [
          2022,
          2025
        ],
        "accidents_total": 14,
        "casualties_total": 18,
        "deaths_total": 1,
        "serious_injuries_total": 16,
        "max_risk_score": 54.0,
        "avg_risk_score": 44.5,
        "risk_level": "high",
        "risk_level_ko": "고위험",
        "high_member_count": 1,
        "center_lng": 127.12895632,
        "center_lat": 37.41163011
      }
    },
    {
      "type": "Feature",
      "geometry": {
        "type": "Point",
        "coordinates": [
          127.02049633,
          37.49654752
        ]
      },
      "properties": {
        "cluster_id": "ped_hotspot_cluster_0143",
        "display_name": "서울 서초구 서초동(서초1교 부근)",
        "representative_place_name": "서울 서초구 서초동(서초1교 부근)",
        "representative_district": "서울 서초구5",
        "member_count": 3,
        "repeat_year_count": 3,
        "source_years": [
          2022,
          2023,
          2024
        ],
        "accidents_total": 26,
        "casualties_total": 28,
        "deaths_total": 0,
        "serious_injuries_total": 28,
        "max_risk_score": 54.0,
        "avg_risk_score": 46.0,
        "risk_level": "high",
        "risk_level_ko": "고위험",
        "high_member_count": 1,
        "center_lng": 127.02049633,
        "center_lat": 37.49654752
      }
    },
    {
      "type": "Feature",
      "geometry": {
        "type": "Point",
        "coordinates": [
          127.1093222,
          37.51491859
        ]
      },
      "properties": {
        "cluster_id": "ped_hotspot_cluster_0144",
        "display_name": "서울 송파구 방이동(방이동먹자골목 부근)",
        "representative_place_name": "서울 송파구 방이동(방이동먹자골목 부근)",
        "representative_district": "서울 송파구2",
        "member_count": 3,
        "repeat_year_count": 3,
        "source_years": [
          2023,
          2024,
          2025
        ],
        "accidents_total": 30,
        "casualties_total": 33,
        "deaths_total": 0,
        "serious_injuries_total": 33,
        "max_risk_score": 54.0,
        "avg_risk_score": 54.0,
        "risk_level": "high",
        "risk_level_ko": "고위험",
        "high_member_count": 3,
        "center_lng": 127.1093222,
        "center_lat": 37.51491859
      }
    },
    {
      "type": "Feature",
      "geometry": {
        "type": "Point",
        "coordinates": [
          129.32075828,
          35.52733828
        ]
      },
      "properties": {
        "cluster_id": "ped_hotspot_cluster_0145",
        "display_name": "울산 남구 야음동(수암사거리 부근)",
        "representative_place_name": "울산 남구 야음동(수암사거리 부근)",
        "representative_district": "울산 남구1",
        "member_count": 2,
        "repeat_year_count": 2,
        "source_years": [
          2024,
          2025
        ],
        "accidents_total": 18,
        "casualties_total": 20,
        "deaths_total": 0,
        "serious_injuries_total": 20,
        "max_risk_score": 54.0,
        "avg_risk_score": 49.0,
        "risk_level": "high",
        "risk_level_ko": "고위험",
        "high_member_count": 1,
        "center_lng": 129.32075828,
        "center_lat": 35.52733828
      }
    },
    {
      "type": "Feature",
      "geometry": {
        "type": "Point",
        "coordinates": [
          126.77312348,
          37.75757623
        ]
      },
      "properties": {
        "cluster_id": "ped_hotspot_cluster_0146",
        "display_name": "경기 파주시 금촌동(금촌로터리 부근)",
        "representative_place_name": "경기 파주시 금촌동(금촌로터리 부근)",
        "representative_district": "경기 파주시1",
        "member_count": 3,
        "repeat_year_count": 3,
        "source_years": [
          2023,
          2024,
          2025
        ],
        "accidents_total": 28,
        "casualties_total": 31,
        "deaths_total": 0,
        "serious_injuries_total": 31,
        "max_risk_score": 54.0,
        "avg_risk_score": 50.67,
        "risk_level": "high",
        "risk_level_ko": "고위험",
        "high_member_count": 2,
        "center_lng": 126.77312348,
        "center_lat": 37.75757623
      }
    },
    {
      "type": "Feature",
      "geometry": {
        "type": "Point",
        "coordinates": [
          127.01218148,
          37.56915328
        ]
      },
      "properties": {
        "cluster_id": "ped_hotspot_cluster_0147",
        "display_name": "서울 중구 신당동(신평화패션타운 부근)",
        "representative_place_name": "서울 중구 신당동(신평화패션타운 부근)",
        "representative_district": "서울 중구1",
        "member_count": 3,
        "repeat_year_count": 3,
        "source_years": [
          2023,
          2024,
          2025
        ],
        "accidents_total": 28,
        "casualties_total": 31,
        "deaths_total": 0,
        "serious_injuries_total": 31,
        "max_risk_score": 54.0,
        "avg_risk_score": 50.67,
        "risk_level": "high",
        "risk_level_ko": "고위험",
        "high_member_count": 3,
        "center_lng": 127.01218148,
        "center_lat": 37.56915328
      }
    },
    {
      "type": "Feature",
      "geometry": {
        "type": "Point",
        "coordinates": [
          127.05095015,
          37.50344288
        ]
      },
      "properties": {
        "cluster_id": "ped_hotspot_cluster_0148",
        "display_name": "서울 강남구 대치동(테헤란건강약국 부근)",
        "representative_place_name": "서울 강남구 대치동(테헤란건강약국 부근)",
        "representative_district": "서울 강남구1",
        "member_count": 3,
        "repeat_year_count": 3,
        "source_years": [
          2022,
          2024,
          2025
        ],
        "accidents_total": 26,
        "casualties_total": 30,
        "deaths_total": 0,
        "serious_injuries_total": 28,
        "max_risk_score": 54.0,
        "avg_risk_score": 46.67,
        "risk_level": "high",
        "risk_level_ko": "고위험",
        "high_member_count": 2,
        "center_lng": 127.05095015,
        "center_lat": 37.50344288
      }
    },
    {
      "type": "Feature",
      "geometry": {
        "type": "Point",
        "coordinates": [
          126.52627306,
          33.4999478
        ]
      },
      "properties": {
        "cluster_id": "ped_hotspot_cluster_0149",
        "display_name": "제주 제주시 이도이동(힐링약국 부근)",
        "representative_place_name": "제주 제주시 이도이동(힐링약국 부근)",
        "representative_district": "제주 제주시2",
        "member_count": 2,
        "repeat_year_count": 2,
        "source_years": [
          2024,
          2025
        ],
        "accidents_total": 15,
        "casualties_total": 19,
        "deaths_total": 1,
        "serious_injuries_total": 18,
        "max_risk_score": 54.0,
        "avg_risk_score": 48.5,
        "risk_level": "high",
        "risk_level_ko": "고위험",
        "high_member_count": 1,
        "center_lng": 126.52627306,
        "center_lat": 33.4999478
      }
    },
    {
      "type": "Feature",
      "geometry": {
        "type": "Point",
        "coordinates": [
          128.59413458,
          35.87128001
        ]
      },
      "properties": {
        "cluster_id": "ped_hotspot_cluster_0150",
        "display_name": "대구광역시 중구 남일동(중앙네거리 부근)",
        "representative_place_name": "대구광역시 중구 남일동(중앙네거리 부근)",
        "representative_district": "대구광역시 중구2",
        "member_count": 2,
        "repeat_year_count": 2,
        "source_years": [
          2022,
          2023
        ],
        "accidents_total": 14,
        "casualties_total": 15,
        "deaths_total": 3,
        "serious_injuries_total": 11,
        "max_risk_score": 53.5,
        "avg_risk_score": 44.25,
        "risk_level": "high",
        "risk_level_ko": "고위험",
        "high_member_count": 1,
        "center_lng": 128.59413458,
        "center_lat": 35.87128001
      }
    },
    {
      "type": "Feature",
      "geometry": {
        "type": "Point",
        "coordinates": [
          126.94397582,
          37.48197228
        ]
      },
      "properties": {
        "cluster_id": "ped_hotspot_cluster_0151",
        "display_name": "서울 관악구 봉천동(봉천제일종합시장 부근)",
        "representative_place_name": "서울 관악구 봉천동(봉천제일종합시장 부근)",
        "representative_district": "서울 관악구4",
        "member_count": 4,
        "repeat_year_count": 4,
        "source_years": [
          2022,
          2023,
          2024,
          2025
        ],
        "accidents_total": 29,
        "casualties_total": 34,
        "deaths_total": 7,
        "serious_injuries_total": 22,
        "max_risk_score": 52.5,
        "avg_risk_score": 47.62,
        "risk_level": "high",
        "risk_level_ko": "고위험",
        "high_member_count": 1,
        "center_lng": 126.94397582,
        "center_lat": 37.48197228
      }
    },
    {
      "type": "Feature",
      "geometry": {
        "type": "Point",
        "coordinates": [
          126.9388206,
          37.51344638
        ]
      },
      "properties": {
        "cluster_id": "ped_hotspot_cluster_0152",
        "display_name": "서울 동작구 노량진동(노량진삼거리 부근)",
        "representative_place_name": "서울특별시 동작구 노량진동(노량진삼거리 부근)",
        "representative_district": "서울특별시 동작구5",
        "member_count": 1,
        "repeat_year_count": 1,
        "source_years": [
          2022
        ],
        "accidents_total": 7,
        "casualties_total": 9,
        "deaths_total": 2,
        "serious_injuries_total": 6,
        "max_risk_score": 52.0,
        "avg_risk_score": 52.0,
        "risk_level": "high",
        "risk_level_ko": "고위험",
        "high_member_count": 1,
        "center_lng": 126.9388206,
        "center_lat": 37.51344638
      }
    },
    {
      "type": "Feature",
      "geometry": {
        "type": "Point",
        "coordinates": [
          127.05702052,
          37.08150375
        ]
      },
      "properties": {
        "cluster_id": "ped_hotspot_cluster_0153",
        "display_name": "경기 평택시 지산동(송탄시장 부근)",
        "representative_place_name": "경기 평택시 지산동(송탄시장 부근)",
        "representative_district": "경기 평택시6",
        "member_count": 2,
        "repeat_year_count": 2,
        "source_years": [
          2022,
          2023
        ],
        "accidents_total": 15,
        "casualties_total": 15,
        "deaths_total": 4,
        "serious_injuries_total": 11,
        "max_risk_score": 52.0,
        "avg_risk_score": 49.5,
        "risk_level": "high",
        "risk_level_ko": "고위험",
        "high_member_count": 1,
        "center_lng": 127.05702052,
        "center_lat": 37.08150375
      }
    },
    {
      "type": "Feature",
      "geometry": {
        "type": "Point",
        "coordinates": [
          127.21243825,
          37.58630349
        ]
      },
      "properties": {
        "cluster_id": "ped_hotspot_cluster_0154",
        "display_name": "경기 남양주시 와부읍 덕소리(덕소삼거리 부근)",
        "representative_place_name": "경기 남양주시 와부읍 덕소리(덕소삼거리 부근)",
        "representative_district": "경기 남양주시1",
        "member_count": 4,
        "repeat_year_count": 4,
        "source_years": [
          2022,
          2023,
          2024,
          2025
        ],
        "accidents_total": 35,
        "casualties_total": 37,
        "deaths_total": 3,
        "serious_injuries_total": 32,
        "max_risk_score": 52.0,
        "avg_risk_score": 48.75,
        "risk_level": "high",
        "risk_level_ko": "고위험",
        "high_member_count": 2,
        "center_lng": 127.21243825,
        "center_lat": 37.58630349
      }
    },
    {
      "type": "Feature",
      "geometry": {
        "type": "Point",
        "coordinates": [
          129.36271549,
          36.03480566
        ]
      },
      "properties": {
        "cluster_id": "ped_hotspot_cluster_0155",
        "display_name": "경북 포항시 북구 죽도동(포항철물 부근)",
        "representative_place_name": "경북 포항시 북구 죽도동(포항철물 부근)",
        "representative_district": "경북 포항시 북구2",
        "member_count": 1,
        "repeat_year_count": 1,
        "source_years": [
          2023
        ],
        "accidents_total": 8,
        "casualties_total": 8,
        "deaths_total": 2,
        "serious_injuries_total": 6,
        "max_risk_score": 52.0,
        "avg_risk_score": 52.0,
        "risk_level": "high",
        "risk_level_ko": "고위험",
        "high_member_count": 1,
        "center_lng": 129.36271549,
        "center_lat": 36.03480566
      }
    },
    {
      "type": "Feature",
      "geometry": {
        "type": "Point",
        "coordinates": [
          127.09781096,
          37.59922598
        ]
      },
      "properties": {
        "cluster_id": "ped_hotspot_cluster_0156",
        "display_name": "서울 중랑구 망우동(신내지하차도교차로 부근)",
        "representative_place_name": "서울 중랑구 망우동(신내지하차도교차로 부근)",
        "representative_district": "서울 중랑구5",
        "member_count": 3,
        "repeat_year_count": 3,
        "source_years": [
          2022,
          2024,
          2025
        ],
        "accidents_total": 23,
        "casualties_total": 23,
        "deaths_total": 3,
        "serious_injuries_total": 20,
        "max_risk_score": 52.0,
        "avg_risk_score": 44.33,
        "risk_level": "high",
        "risk_level_ko": "고위험",
        "high_member_count": 1,
        "center_lng": 127.09781096,
        "center_lat": 37.59922598
      }
    },
    {
      "type": "Feature",
      "geometry": {
        "type": "Point",
        "coordinates": [
          128.75668223,
          35.48534053
        ]
      },
      "properties": {
        "cluster_id": "ped_hotspot_cluster_0157",
        "display_name": "경남 밀양시 삼문동(세종셀메드약국 부근)",
        "representative_place_name": "경남 밀양시 삼문동(세종셀메드약국 부근)",
        "representative_district": "경남 밀양시1",
        "member_count": 4,
        "repeat_year_count": 4,
        "source_years": [
          2022,
          2023,
          2024,
          2025
        ],
        "accidents_total": 35,
        "casualties_total": 38,
        "deaths_total": 0,
        "serious_injuries_total": 35,
        "max_risk_score": 52.0,
        "avg_risk_score": 44.5,
        "risk_level": "high",
        "risk_level_ko": "고위험",
        "high_member_count": 2,
        "center_lng": 128.75668223,
        "center_lat": 35.48534053
      }
    },
    {
      "type": "Feature",
      "geometry": {
        "type": "Point",
        "coordinates": [
          126.94933256,
          37.54125904
        ]
      },
      "properties": {
        "cluster_id": "ped_hotspot_cluster_0158",
        "display_name": "서울 마포구 도화동(도화동주민센터 부근)",
        "representative_place_name": "서울 마포구 도화동(도화동주민센터 부근)",
        "representative_district": "서울 마포구2",
        "member_count": 4,
        "repeat_year_count": 4,
        "source_years": [
          2022,
          2023,
          2024,
          2025
        ],
        "accidents_total": 30,
        "casualties_total": 32,
        "deaths_total": 5,
        "serious_injuries_total": 27,
        "max_risk_score": 52.0,
        "avg_risk_score": 47.0,
        "risk_level": "high",
        "risk_level_ko": "고위험",
        "high_member_count": 2,
        "center_lng": 126.94933256,
        "center_lat": 37.54125904
      }
    },
    {
      "type": "Feature",
      "geometry": {
        "type": "Point",
        "coordinates": [
          128.5578509,
          35.83732087
        ]
      },
      "properties": {
        "cluster_id": "ped_hotspot_cluster_0159",
        "display_name": "대구 남구 대명동(서부정류장역 대구1호선 부근)",
        "representative_place_name": "대구 남구 대명동(서부정류장역 대구1호선 부근)",
        "representative_district": "대구 남구1",
        "member_count": 2,
        "repeat_year_count": 2,
        "source_years": [
          2024,
          2025
        ],
        "accidents_total": 15,
        "casualties_total": 15,
        "deaths_total": 4,
        "serious_injuries_total": 11,
        "max_risk_score": 52.0,
        "avg_risk_score": 49.5,
        "risk_level": "high",
        "risk_level_ko": "고위험",
        "high_member_count": 1,
        "center_lng": 128.5578509,
        "center_lat": 35.83732087
      }
    },
    {
      "type": "Feature",
      "geometry": {
        "type": "Point",
        "coordinates": [
          126.96290665,
          37.55154356
        ]
      },
      "properties": {
        "cluster_id": "ped_hotspot_cluster_0160",
        "display_name": "서울 중구 만리동2가(용산구마포구 부근)",
        "representative_place_name": "서울특별시 중구 만리동2가(용산구마포구 부근)",
        "representative_district": "서울특별시 중구1",
        "member_count": 2,
        "repeat_year_count": 2,
        "source_years": [
          2022,
          2023
        ],
        "accidents_total": 16,
        "casualties_total": 16,
        "deaths_total": 1,
        "serious_injuries_total": 15,
        "max_risk_score": 51.0,
        "avg_risk_score": 43.0,
        "risk_level": "high",
        "risk_level_ko": "고위험",
        "high_member_count": 1,
        "center_lng": 126.96290665,
        "center_lat": 37.55154356
      }
    },
    {
      "type": "Feature",
      "geometry": {
        "type": "Point",
        "coordinates": [
          127.03843943,
          37.57985663
        ]
      },
      "properties": {
        "cluster_id": "ped_hotspot_cluster_0161",
        "display_name": "서울 동대문구 제기동(경동시장앞교차로 부근)",
        "representative_place_name": "서울특별시 동대문구 제기동(경동시장앞교차로 부근)",
        "representative_district": "서울특별시 동대문구4",
        "member_count": 1,
        "repeat_year_count": 1,
        "source_years": [
          2022
        ],
        "accidents_total": 8,
        "casualties_total": 10,
        "deaths_total": 1,
        "serious_injuries_total": 8,
        "max_risk_score": 51.0,
        "avg_risk_score": 51.0,
        "risk_level": "high",
        "risk_level_ko": "고위험",
        "high_member_count": 1,
        "center_lng": 127.03843943,
        "center_lat": 37.57985663
      }
    },
    {
      "type": "Feature",
      "geometry": {
        "type": "Point",
        "coordinates": [
          127.12364216,
          37.53898878
        ]
      },
      "properties": {
        "cluster_id": "ped_hotspot_cluster_0162",
        "display_name": "서울 강동구 천호동(천호사거리 부근)",
        "representative_place_name": "서울특별시 강동구 천호동(천호사거리 부근)",
        "representative_district": "서울특별시 강동구1",
        "member_count": 3,
        "repeat_year_count": 3,
        "source_years": [
          2022,
          2023,
          2025
        ],
        "accidents_total": 27,
        "casualties_total": 29,
        "deaths_total": 1,
        "serious_injuries_total": 26,
        "max_risk_score": 51.0,
        "avg_risk_score": 47.67,
        "risk_level": "high",
        "risk_level_ko": "고위험",
        "high_member_count": 1,
        "center_lng": 127.12364216,
        "center_lat": 37.53898878
      }
    },
    {
      "type": "Feature",
      "geometry": {
        "type": "Point",
        "coordinates": [
          129.07939553,
          35.20627412
        ]
      },
      "properties": {
        "cluster_id": "ped_hotspot_cluster_0163",
        "display_name": "부산 동래구 명륜동(명륜동64952 부근)",
        "representative_place_name": "부산광역시 동래구 명륜동(명륜동64952 부근)",
        "representative_district": "부산광역시 동래구1",
        "member_count": 1,
        "repeat_year_count": 1,
        "source_years": [
          2022
        ],
        "accidents_total": 9,
        "casualties_total": 9,
        "deaths_total": 1,
        "serious_injuries_total": 8,
        "max_risk_score": 51.0,
        "avg_risk_score": 51.0,
        "risk_level": "high",
        "risk_level_ko": "고위험",
        "high_member_count": 1,
        "center_lng": 129.07939553,
        "center_lat": 35.20627412
      }
    },
    {
      "type": "Feature",
      "geometry": {
        "type": "Point",
        "coordinates": [
          126.82491541,
          35.17848923
        ]
      },
      "properties": {
        "cluster_id": "ped_hotspot_cluster_0164",
        "display_name": "광주광역시 광산구 운남동(한스델리광주운남점 부근)",
        "representative_place_name": "광주광역시 광산구 운남동(한스델리광주운남점 부근)",
        "representative_district": "광주광역시 광산구1",
        "member_count": 2,
        "repeat_year_count": 2,
        "source_years": [
          2022,
          2023
        ],
        "accidents_total": 16,
        "casualties_total": 16,
        "deaths_total": 1,
        "serious_injuries_total": 15,
        "max_risk_score": 51.0,
        "avg_risk_score": 43.0,
        "risk_level": "high",
        "risk_level_ko": "고위험",
        "high_member_count": 1,
        "center_lng": 126.82491541,
        "center_lat": 35.17848923
      }
    },
    {
      "type": "Feature",
      "geometry": {
        "type": "Point",
        "coordinates": [
          127.92985701,
          36.97344074
        ]
      },
      "properties": {
        "cluster_id": "ped_hotspot_cluster_0165",
        "display_name": "충청북도 충주시 충의동(현대계란상회 부근)",
        "representative_place_name": "충청북도 충주시 충의동(현대계란상회 부근)",
        "representative_district": "충청북도 충주시1",
        "member_count": 3,
        "repeat_year_count": 3,
        "source_years": [
          2022,
          2023,
          2024
        ],
        "accidents_total": 27,
        "casualties_total": 28,
        "deaths_total": 0,
        "serious_injuries_total": 27,
        "max_risk_score": 51.0,
        "avg_risk_score": 45.33,
        "risk_level": "high",
        "risk_level_ko": "고위험",
        "high_member_count": 1,
        "center_lng": 127.92985701,
        "center_lat": 36.97344074
      }
    },
    {
      "type": "Feature",
      "geometry": {
        "type": "Point",
        "coordinates": [
          126.59393548,
          36.34942928
        ]
      },
      "properties": {
        "cluster_id": "ped_hotspot_cluster_0166",
        "display_name": "충청남도 보령시 대천동(대천동61435 부근)",
        "representative_place_name": "충청남도 보령시 대천동(대천동61435 부근)",
        "representative_district": "충청남도 보령시1",
        "member_count": 4,
        "repeat_year_count": 4,
        "source_years": [
          2022,
          2023,
          2024,
          2025
        ],
        "accidents_total": 33,
        "casualties_total": 33,
        "deaths_total": 1,
        "serious_injuries_total": 32,
        "max_risk_score": 51.0,
        "avg_risk_score": 42.75,
        "risk_level": "high",
        "risk_level_ko": "고위험",
        "high_member_count": 1,
        "center_lng": 126.59393548,
        "center_lat": 36.34942928
      }
    },
    {
      "type": "Feature",
      "geometry": {
        "type": "Point",
        "coordinates": [
          128.06892837,
          34.92755509
        ]
      },
      "properties": {
        "cluster_id": "ped_hotspot_cluster_0167",
        "display_name": "경상남도 사천시 서동(벽산페인트입구 부근)",
        "representative_place_name": "경상남도 사천시 서동(벽산페인트입구 부근)",
        "representative_district": "경상남도 사천시1",
        "member_count": 3,
        "repeat_year_count": 3,
        "source_years": [
          2022,
          2023,
          2024
        ],
        "accidents_total": 26,
        "casualties_total": 27,
        "deaths_total": 0,
        "serious_injuries_total": 26,
        "max_risk_score": 51.0,
        "avg_risk_score": 43.67,
        "risk_level": "high",
        "risk_level_ko": "고위험",
        "high_member_count": 1,
        "center_lng": 128.06892837,
        "center_lat": 34.92755509
      }
    },
    {
      "type": "Feature",
      "geometry": {
        "type": "Point",
        "coordinates": [
          128.6245324,
          34.89109655
        ]
      },
      "properties": {
        "cluster_id": "ped_hotspot_cluster_0168",
        "display_name": "경상남도 거제시 고현동(7번교차로 부근)",
        "representative_place_name": "경상남도 거제시 고현동(7번교차로 부근)",
        "representative_district": "경상남도 거제시1",
        "member_count": 3,
        "repeat_year_count": 3,
        "source_years": [
          2022,
          2023,
          2024
        ],
        "accidents_total": 25,
        "casualties_total": 25,
        "deaths_total": 2,
        "serious_injuries_total": 23,
        "max_risk_score": 51.0,
        "avg_risk_score": 45.67,
        "risk_level": "high",
        "risk_level_ko": "고위험",
        "high_member_count": 2,
        "center_lng": 128.6245324,
        "center_lat": 34.89109655
      }
    },
    {
      "type": "Feature",
      "geometry": {
        "type": "Point",
        "coordinates": [
          127.00070814,
          37.52624379
        ]
      },
      "properties": {
        "cluster_id": "ped_hotspot_cluster_0169",
        "display_name": "서울 용산구 보광동(보광동주민센터 부근)",
        "representative_place_name": "서울 용산구 보광동(보광동주민센터 부근)",
        "representative_district": "서울 용산구4",
        "member_count": 1,
        "repeat_year_count": 1,
        "source_years": [
          2023
        ],
        "accidents_total": 7,
        "casualties_total": 8,
        "deaths_total": 2,
        "serious_injuries_total": 6,
        "max_risk_score": 51.0,
        "avg_risk_score": 51.0,
        "risk_level": "high",
        "risk_level_ko": "고위험",
        "high_member_count": 1,
        "center_lng": 127.00070814,
        "center_lat": 37.52624379
      }
    },
    {
      "type": "Feature",
      "geometry": {
        "type": "Point",
        "coordinates": [
          129.0572736,
          35.15611702
        ]
      },
      "properties": {
        "cluster_id": "ped_hotspot_cluster_0170",
        "display_name": "부산 부산진구 부전동(아루다의원 부근)",
        "representative_place_name": "부산 부산진구 부전동(아루다의원 부근)",
        "representative_district": "부산 부산진구7",
        "member_count": 3,
        "repeat_year_count": 3,
        "source_years": [
          2022,
          2023,
          2024
        ],
        "accidents_total": 24,
        "casualties_total": 27,
        "deaths_total": 0,
        "serious_injuries_total": 24,
        "max_risk_score": 51.0,
        "avg_risk_score": 41.0,
        "risk_level": "high",
        "risk_level_ko": "고위험",
        "high_member_count": 1,
        "center_lng": 129.0572736,
        "center_lat": 35.15611702
      }
    },
    {
      "type": "Feature",
      "geometry": {
        "type": "Point",
        "coordinates": [
          129.14879345,
          35.22523357
        ]
      },
      "properties": {
        "cluster_id": "ped_hotspot_cluster_0171",
        "display_name": "부산 해운대구 반송동(반송도서관교차로 부근)",
        "representative_place_name": "부산 해운대구 반송동(반송도서관교차로 부근)",
        "representative_district": "부산 해운대구2",
        "member_count": 3,
        "repeat_year_count": 3,
        "source_years": [
          2023,
          2024,
          2025
        ],
        "accidents_total": 23,
        "casualties_total": 23,
        "deaths_total": 1,
        "serious_injuries_total": 22,
        "max_risk_score": 51.0,
        "avg_risk_score": 40.33,
        "risk_level": "high",
        "risk_level_ko": "고위험",
        "high_member_count": 1,
        "center_lng": 129.14879345,
        "center_lat": 35.22523357
      }
    },
    {
      "type": "Feature",
      "geometry": {
        "type": "Point",
        "coordinates": [
          127.26704678,
          37.00780774
        ]
      },
      "properties": {
        "cluster_id": "ped_hotspot_cluster_0172",
        "display_name": "경기 안성시 석정동(크리스탈빌딩 부근)",
        "representative_place_name": "경기 안성시 석정동(크리스탈빌딩 부근)",
        "representative_district": "경기 안성시1",
        "member_count": 3,
        "repeat_year_count": 3,
        "source_years": [
          2022,
          2023,
          2024
        ],
        "accidents_total": 25,
        "casualties_total": 31,
        "deaths_total": 1,
        "serious_injuries_total": 27,
        "max_risk_score": 51.0,
        "avg_risk_score": 48.67,
        "risk_level": "high",
        "risk_level_ko": "고위험",
        "high_member_count": 2,
        "center_lng": 127.26704678,
        "center_lat": 37.00780774
      }
    },
    {
      "type": "Feature",
      "geometry": {
        "type": "Point",
        "coordinates": [
          126.72031671,
          35.98026798
        ]
      },
      "properties": {
        "cluster_id": "ped_hotspot_cluster_0173",
        "display_name": "전북 군산시 대명동(군산화물역사거리 부근)",
        "representative_place_name": "전북 군산시 대명동(군산화물역사거리 부근)",
        "representative_district": "전북 군산시1",
        "member_count": 2,
        "repeat_year_count": 2,
        "source_years": [
          2022,
          2023
        ],
        "accidents_total": 17,
        "casualties_total": 17,
        "deaths_total": 2,
        "serious_injuries_total": 15,
        "max_risk_score": 51.0,
        "avg_risk_score": 48.5,
        "risk_level": "high",
        "risk_level_ko": "고위험",
        "high_member_count": 1,
        "center_lng": 126.72031671,
        "center_lat": 35.98026798
      }
    },
    {
      "type": "Feature",
      "geometry": {
        "type": "Point",
        "coordinates": [
          127.73689786,
          34.74094959
        ]
      },
      "properties": {
        "cluster_id": "ped_hotspot_cluster_0174",
        "display_name": "전남 여수시 중앙동(중앙동로터리 부근)",
        "representative_place_name": "전남 여수시 중앙동(중앙동로터리 부근)",
        "representative_district": "전남 여수시1",
        "member_count": 2,
        "repeat_year_count": 2,
        "source_years": [
          2022,
          2023
        ],
        "accidents_total": 16,
        "casualties_total": 17,
        "deaths_total": 2,
        "serious_injuries_total": 15,
        "max_risk_score": 51.0,
        "avg_risk_score": 48.0,
        "risk_level": "high",
        "risk_level_ko": "고위험",
        "high_member_count": 1,
        "center_lng": 127.73689786,
        "center_lat": 34.74094959
      }
    },
    {
      "type": "Feature",
      "geometry": {
        "type": "Point",
        "coordinates": [
          128.57607739,
          35.20397098
        ]
      },
      "properties": {
        "cluster_id": "ped_hotspot_cluster_0175",
        "display_name": "경남 창원시 마산합포구 남성동(노홍기내과의원 부근)",
        "representative_place_name": "경남 창원시 마산합포구 남성동(노홍기내과의원 부근)",
        "representative_district": "경남 창원시 마산합포구1",
        "member_count": 3,
        "repeat_year_count": 3,
        "source_years": [
          2022,
          2023,
          2024
        ],
        "accidents_total": 24,
        "casualties_total": 26,
        "deaths_total": 0,
        "serious_injuries_total": 24,
        "max_risk_score": 51.0,
        "avg_risk_score": 40.67,
        "risk_level": "high",
        "risk_level_ko": "고위험",
        "high_member_count": 1,
        "center_lng": 128.57607739,
        "center_lat": 35.20397098
      }
    },
    {
      "type": "Feature",
      "geometry": {
        "type": "Point",
        "coordinates": [
          128.41902622,
          34.84155562
        ]
      },
      "properties": {
        "cluster_id": "ped_hotspot_cluster_0176",
        "display_name": "경남 통영시 서호동(통영소방서 서호119안전센터 부근)",
        "representative_place_name": "경남 통영시 서호동(통영소방서 서호119안전센터 부근)",
        "representative_district": "경남 통영시1",
        "member_count": 4,
        "repeat_year_count": 4,
        "source_years": [
          2022,
          2023,
          2024,
          2025
        ],
        "accidents_total": 37,
        "casualties_total": 37,
        "deaths_total": 1,
        "serious_injuries_total": 36,
        "max_risk_score": 51.0,
        "avg_risk_score": 47.75,
        "risk_level": "high",
        "risk_level_ko": "고위험",
        "high_member_count": 3,
        "center_lng": 128.41902622,
        "center_lat": 34.84155562
      }
    },
    {
      "type": "Feature",
      "geometry": {
        "type": "Point",
        "coordinates": [
          128.88299922,
          35.22794018
        ]
      },
      "properties": {
        "cluster_id": "ped_hotspot_cluster_0177",
        "display_name": "경남 김해시 부원동(밀양돼지국밥 부근)",
        "representative_place_name": "경남 김해시 부원동(밀양돼지국밥 부근)",
        "representative_district": "경남 김해시1",
        "member_count": 4,
        "repeat_year_count": 4,
        "source_years": [
          2022,
          2023,
          2024,
          2025
        ],
        "accidents_total": 30,
        "casualties_total": 32,
        "deaths_total": 3,
        "serious_injuries_total": 29,
        "max_risk_score": 51.0,
        "avg_risk_score": 44.0,
        "risk_level": "high",
        "risk_level_ko": "고위험",
        "high_member_count": 1,
        "center_lng": 128.88299922,
        "center_lat": 35.22794018
      }
    },
    {
      "type": "Feature",
      "geometry": {
        "type": "Point",
        "coordinates": [
          126.52870657,
          33.5005135
        ]
      },
      "properties": {
        "cluster_id": "ped_hotspot_cluster_0178",
        "display_name": "제주 제주시 이도2동(광양사거리 부근)",
        "representative_place_name": "제주 제주시 이도2동(광양사거리 부근)",
        "representative_district": "제주 제주시2",
        "member_count": 4,
        "repeat_year_count": 4,
        "source_years": [
          2022,
          2023,
          2024,
          2025
        ],
        "accidents_total": 33,
        "casualties_total": 33,
        "deaths_total": 2,
        "serious_injuries_total": 31,
        "max_risk_score": 51.0,
        "avg_risk_score": 44.25,
        "risk_level": "high",
        "risk_level_ko": "고위험",
        "high_member_count": 2,
        "center_lng": 126.52870657,
        "center_lat": 33.5005135
      }
    },
    {
      "type": "Feature",
      "geometry": {
        "type": "Point",
        "coordinates": [
          126.63861085,
          37.45310349
        ]
      },
      "properties": {
        "cluster_id": "ped_hotspot_cluster_0179",
        "display_name": "인천 미추홀구 용현동(예은어린이집 부근)",
        "representative_place_name": "인천 미추홀구 용현동(예은어린이집 부근)",
        "representative_district": "인천 미추홀구1",
        "member_count": 2,
        "repeat_year_count": 2,
        "source_years": [
          2023,
          2024
        ],
        "accidents_total": 16,
        "casualties_total": 16,
        "deaths_total": 2,
        "serious_injuries_total": 14,
        "max_risk_score": 51.0,
        "avg_risk_score": 46.0,
        "risk_level": "high",
        "risk_level_ko": "고위험",
        "high_member_count": 1,
        "center_lng": 126.63861085,
        "center_lat": 37.45310349
      }
    },
    {
      "type": "Feature",
      "geometry": {
        "type": "Point",
        "coordinates": [
          127.08552525,
          36.99503045
        ]
      },
      "properties": {
        "cluster_id": "ped_hotspot_cluster_0180",
        "display_name": "경기 평택시 통복동(경기약국 부근)",
        "representative_place_name": "경기 평택시 통복동(경기약국 부근)",
        "representative_district": "경기 평택시2",
        "member_count": 2,
        "repeat_year_count": 2,
        "source_years": [
          2024,
          2025
        ],
        "accidents_total": 16,
        "casualties_total": 16,
        "deaths_total": 2,
        "serious_injuries_total": 14,
        "max_risk_score": 51.0,
        "avg_risk_score": 46.0,
        "risk_level": "high",
        "risk_level_ko": "고위험",
        "high_member_count": 1,
        "center_lng": 127.08552525,
        "center_lat": 36.99503045
      }
    },
    {
      "type": "Feature",
      "geometry": {
        "type": "Point",
        "coordinates": [
          126.81264218,
          37.33515735
        ]
      },
      "properties": {
        "cluster_id": "ped_hotspot_cluster_0181",
        "display_name": "경기 안산시 단원구 선부동(시립달미어린이집 부근)",
        "representative_place_name": "경기 안산시 단원구 선부동(시립달미어린이집 부근)",
        "representative_district": "경기 안산시 단원구1",
        "member_count": 3,
        "repeat_year_count": 3,
        "source_years": [
          2023,
          2024,
          2025
        ],
        "accidents_total": 23,
        "casualties_total": 23,
        "deaths_total": 3,
        "serious_injuries_total": 20,
        "max_risk_score": 51.0,
        "avg_risk_score": 44.33,
        "risk_level": "high",
        "risk_level_ko": "고위험",
        "high_member_count": 1,
        "center_lng": 126.81264218,
        "center_lat": 37.33515735
      }
    },
    {
      "type": "Feature",
      "geometry": {
        "type": "Point",
        "coordinates": [
          129.02367228,
          35.15086764
        ]
      },
      "properties": {
        "cluster_id": "ped_hotspot_cluster_0182",
        "display_name": "부산 부산진구 개금동(개금금성당약국 부근)",
        "representative_place_name": "부산 부산진구 개금동(개금금성당약국 부근)",
        "representative_district": "부산 부산진구5",
        "member_count": 1,
        "repeat_year_count": 1,
        "source_years": [
          2025
        ],
        "accidents_total": 9,
        "casualties_total": 9,
        "deaths_total": 1,
        "serious_injuries_total": 8,
        "max_risk_score": 51.0,
        "avg_risk_score": 51.0,
        "risk_level": "high",
        "risk_level_ko": "고위험",
        "high_member_count": 1,
        "center_lng": 129.02367228,
        "center_lat": 35.15086764
      }
    },
    {
      "type": "Feature",
      "geometry": {
        "type": "Point",
        "coordinates": [
          129.00564027,
          35.21042576
        ]
      },
      "properties": {
        "cluster_id": "ped_hotspot_cluster_0183",
        "display_name": "부산 북구 구포동(덕천교차로 부근)",
        "representative_place_name": "부산 북구 구포동(덕천교차로 부근)",
        "representative_district": "부산 북구3",
        "member_count": 2,
        "repeat_year_count": 2,
        "source_years": [
          2024,
          2025
        ],
        "accidents_total": 14,
        "casualties_total": 16,
        "deaths_total": 3,
        "serious_injuries_total": 13,
        "max_risk_score": 51.0,
        "avg_risk_score": 48.0,
        "risk_level": "high",
        "risk_level_ko": "고위험",
        "high_member_count": 1,
        "center_lng": 129.00564027,
        "center_lat": 35.21042576
      }
    },
    {
      "type": "Feature",
      "geometry": {
        "type": "Point",
        "coordinates": [
          129.10703076,
          35.17688366
        ]
      },
      "properties": {
        "cluster_id": "ped_hotspot_cluster_0184",
        "display_name": "부산 수영구 망미동(망미중앙시장 부근)",
        "representative_place_name": "부산 수영구 망미동(망미중앙시장 부근)",
        "representative_district": "부산 수영구1",
        "member_count": 1,
        "repeat_year_count": 1,
        "source_years": [
          2025
        ],
        "accidents_total": 9,
        "casualties_total": 9,
        "deaths_total": 1,
        "serious_injuries_total": 8,
        "max_risk_score": 51.0,
        "avg_risk_score": 51.0,
        "risk_level": "high",
        "risk_level_ko": "고위험",
        "high_member_count": 1,
        "center_lng": 129.10703076,
        "center_lat": 35.17688366
      }
    },
    {
      "type": "Feature",
      "geometry": {
        "type": "Point",
        "coordinates": [
          127.13411703,
          37.44118609
        ]
      },
      "properties": {
        "cluster_id": "ped_hotspot_cluster_0185",
        "display_name": "경기 성남시 수정구 태평동(김구약국 부근)",
        "representative_place_name": "경기 성남시 수정구 태평동(김구약국 부근)",
        "representative_district": "경기 성남시 수정구2",
        "member_count": 4,
        "repeat_year_count": 4,
        "source_years": [
          2022,
          2023,
          2024,
          2025
        ],
        "accidents_total": 32,
        "casualties_total": 32,
        "deaths_total": 2,
        "serious_injuries_total": 30,
        "max_risk_score": 51.0,
        "avg_risk_score": 43.0,
        "risk_level": "high",
        "risk_level_ko": "고위험",
        "high_member_count": 1,
        "center_lng": 127.13411703,
        "center_lat": 37.44118609
      }
    },
    {
      "type": "Feature",
      "geometry": {
        "type": "Point",
        "coordinates": [
          126.77625517,
          37.76125615
        ]
      },
      "properties": {
        "cluster_id": "ped_hotspot_cluster_0186",
        "display_name": "경기 파주시 아동동(정도약국 부근)",
        "representative_place_name": "경기 파주시 아동동(정도약국 부근)",
        "representative_district": "경기 파주시3",
        "member_count": 1,
        "repeat_year_count": 1,
        "source_years": [
          2025
        ],
        "accidents_total": 7,
        "casualties_total": 8,
        "deaths_total": 2,
        "serious_injuries_total": 6,
        "max_risk_score": 51.0,
        "avg_risk_score": 51.0,
        "risk_level": "high",
        "risk_level_ko": "고위험",
        "high_member_count": 1,
        "center_lng": 126.77625517,
        "center_lat": 37.76125615
      }
    },
    {
      "type": "Feature",
      "geometry": {
        "type": "Point",
        "coordinates": [
          128.55991725,
          35.18119808
        ]
      },
      "properties": {
        "cluster_id": "ped_hotspot_cluster_0187",
        "display_name": "경남 창원시 마산합포구 월남동5가(365청솔약국 부근)",
        "representative_place_name": "경남 창원시 마산합포구 월남동5가(365청솔약국 부근)",
        "representative_district": "경남 창원시 마산합포구2",
        "member_count": 4,
        "repeat_year_count": 4,
        "source_years": [
          2022,
          2023,
          2024,
          2025
        ],
        "accidents_total": 33,
        "casualties_total": 36,
        "deaths_total": 1,
        "serious_injuries_total": 35,
        "max_risk_score": 51.0,
        "avg_risk_score": 45.75,
        "risk_level": "high",
        "risk_level_ko": "고위험",
        "high_member_count": 2,
        "center_lng": 128.55991725,
        "center_lat": 35.18119808
      }
    },
    {
      "type": "Feature",
      "geometry": {
        "type": "Point",
        "coordinates": [
          128.59408545,
          35.86838712
        ]
      },
      "properties": {
        "cluster_id": "ped_hotspot_cluster_0188",
        "display_name": "대구 중구 동성로2가(베러미의원 부근)",
        "representative_place_name": "대구 중구 동성로2가(베러미의원 부근)",
        "representative_district": "대구 중구4",
        "member_count": 3,
        "repeat_year_count": 3,
        "source_years": [
          2023,
          2024,
          2025
        ],
        "accidents_total": 22,
        "casualties_total": 35,
        "deaths_total": 2,
        "serious_injuries_total": 22,
        "max_risk_score": 50.5,
        "avg_risk_score": 46.83,
        "risk_level": "high",
        "risk_level_ko": "고위험",
        "high_member_count": 2,
        "center_lng": 128.59408545,
        "center_lat": 35.86838712
      }
    },
    {
      "type": "Feature",
      "geometry": {
        "type": "Point",
        "coordinates": [
          126.94389707,
          37.59170736
        ]
      },
      "properties": {
        "cluster_id": "ped_hotspot_cluster_0189",
        "display_name": "서울 서대문구 홍제동(홍제교 부근)",
        "representative_place_name": "서울특별시 서대문구 홍제동(홍제교 부근)",
        "representative_district": "서울특별시 서대문구5",
        "member_count": 1,
        "repeat_year_count": 1,
        "source_years": [
          2022
        ],
        "accidents_total": 7,
        "casualties_total": 10,
        "deaths_total": 2,
        "serious_injuries_total": 5,
        "max_risk_score": 50.0,
        "avg_risk_score": 50.0,
        "risk_level": "high",
        "risk_level_ko": "고위험",
        "high_member_count": 1,
        "center_lng": 126.94389707,
        "center_lat": 37.59170736
      }
    },
    {
      "type": "Feature",
      "geometry": {
        "type": "Point",
        "coordinates": [
          126.90271826,
          37.46450813
        ]
      },
      "properties": {
        "cluster_id": "ped_hotspot_cluster_0190",
        "display_name": "서울 금천구 독산동(독산4동사거리 부근)",
        "representative_place_name": "서울특별시 금천구 독산동(독산4동사거리 부근)",
        "representative_district": "서울특별시 금천구1",
        "member_count": 2,
        "repeat_year_count": 2,
        "source_years": [
          2022,
          2023
        ],
        "accidents_total": 15,
        "casualties_total": 24,
        "deaths_total": 0,
        "serious_injuries_total": 19,
        "max_risk_score": 50.0,
        "avg_risk_score": 48.0,
        "risk_level": "high",
        "risk_level_ko": "고위험",
        "high_member_count": 1,
        "center_lng": 126.90271826,
        "center_lat": 37.46450813
      }
    },
    {
      "type": "Feature",
      "geometry": {
        "type": "Point",
        "coordinates": [
          126.92973378,
          37.48476806
        ]
      },
      "properties": {
        "cluster_id": "ped_hotspot_cluster_0191",
        "display_name": "서울 관악구 신림동(SK허브그린 부근)",
        "representative_place_name": "서울특별시 관악구 신림동(SK허브그린 부근)",
        "representative_district": "서울특별시 관악구6",
        "member_count": 2,
        "repeat_year_count": 2,
        "source_years": [
          2022,
          2023
        ],
        "accidents_total": 14,
        "casualties_total": 26,
        "deaths_total": 2,
        "serious_injuries_total": 14,
        "max_risk_score": 50.0,
        "avg_risk_score": 50.0,
        "risk_level": "high",
        "risk_level_ko": "고위험",
        "high_member_count": 2,
        "center_lng": 126.92973378,
        "center_lat": 37.48476806
      }
    },
    {
      "type": "Feature",
      "geometry": {
        "type": "Point",
        "coordinates": [
          129.04707325,
          35.12938543
        ]
      },
      "properties": {
        "cluster_id": "ped_hotspot_cluster_0192",
        "display_name": "부산 동구 수정동(부산광역시동구청 부근)",
        "representative_place_name": "부산광역시 동구 수정동(부산광역시동구청 부근)",
        "representative_district": "부산광역시 동구1",
        "member_count": 2,
        "repeat_year_count": 2,
        "source_years": [
          2022,
          2023
        ],
        "accidents_total": 19,
        "casualties_total": 19,
        "deaths_total": 0,
        "serious_injuries_total": 19,
        "max_risk_score": 50.0,
        "avg_risk_score": 47.5,
        "risk_level": "high",
        "risk_level_ko": "고위험",
        "high_member_count": 1,
        "center_lng": 129.04707325,
        "center_lat": 35.12938543
      }
    },
    {
      "type": "Feature",
      "geometry": {
        "type": "Point",
        "coordinates": [
          129.06365121,
          35.16345171
        ]
      },
      "properties": {
        "cluster_id": "ped_hotspot_cluster_0193",
        "display_name": "부산 부산진구 부전동(삼전교차로 부근)",
        "representative_place_name": "부산광역시 부산진구 부전동(삼전교차로 부근)",
        "representative_district": "부산광역시 부산진구6",
        "member_count": 3,
        "repeat_year_count": 3,
        "source_years": [
          2022,
          2023,
          2024
        ],
        "accidents_total": 25,
        "casualties_total": 25,
        "deaths_total": 0,
        "serious_injuries_total": 25,
        "max_risk_score": 50.0,
        "avg_risk_score": 41.67,
        "risk_level": "high",
        "risk_level_ko": "고위험",
        "high_member_count": 1,
        "center_lng": 129.06365121,
        "center_lat": 35.16345171
      }
    },
    {
      "type": "Feature",
      "geometry": {
        "type": "Point",
        "coordinates": [
          129.11245011,
          35.12235033
        ]
      },
      "properties": {
        "cluster_id": "ped_hotspot_cluster_0194",
        "display_name": "부산 남구 용호동(토탈크리닝세탁소 부근)",
        "representative_place_name": "부산광역시 남구 용호동(토탈크리닝세탁소 부근)",
        "representative_district": "부산광역시 남구5",
        "member_count": 1,
        "repeat_year_count": 1,
        "source_years": [
          2022
        ],
        "accidents_total": 8,
        "casualties_total": 9,
        "deaths_total": 1,
        "serious_injuries_total": 8,
        "max_risk_score": 50.0,
        "avg_risk_score": 50.0,
        "risk_level": "high",
        "risk_level_ko": "고위험",
        "high_member_count": 1,
        "center_lng": 129.11245011,
        "center_lat": 35.12235033
      }
    },
    {
      "type": "Feature",
      "geometry": {
        "type": "Point",
        "coordinates": [
          126.97146386,
          37.29853889
        ]
      },
      "properties": {
        "cluster_id": "ped_hotspot_cluster_0195",
        "display_name": "경기 수원시 장안구 율전동(밤밭고가차도 부근)",
        "representative_place_name": "경기도 수원시 장안구 율전동(밤밭고가차도 부근)",
        "representative_district": "경기도 수원시 장안구1",
        "member_count": 2,
        "repeat_year_count": 2,
        "source_years": [
          2022,
          2025
        ],
        "accidents_total": 17,
        "casualties_total": 17,
        "deaths_total": 0,
        "serious_injuries_total": 17,
        "max_risk_score": 50.0,
        "avg_risk_score": 42.5,
        "risk_level": "high",
        "risk_level_ko": "고위험",
        "high_member_count": 1,
        "center_lng": 126.97146386,
        "center_lat": 37.29853889
      }
    },
    {
      "type": "Feature",
      "geometry": {
        "type": "Point",
        "coordinates": [
          126.81608516,
          37.52786212
        ]
      },
      "properties": {
        "cluster_id": "ped_hotspot_cluster_0196",
        "display_name": "경기 부천시 고강동(고강사거리 부근)",
        "representative_place_name": "경기도 부천시 고강동(고강사거리 부근)",
        "representative_district": "경기도 부천시3",
        "member_count": 3,
        "repeat_year_count": 3,
        "source_years": [
          2022,
          2023,
          2024
        ],
        "accidents_total": 28,
        "casualties_total": 29,
        "deaths_total": 0,
        "serious_injuries_total": 28,
        "max_risk_score": 50.0,
        "avg_risk_score": 47.0,
        "risk_level": "high",
        "risk_level_ko": "고위험",
        "high_member_count": 1,
        "center_lng": 126.81608516,
        "center_lat": 37.52786212
      }
    },
    {
      "type": "Feature",
      "geometry": {
        "type": "Point",
        "coordinates": [
          127.01612419,
          37.57345844
        ]
      },
      "properties": {
        "cluster_id": "ped_hotspot_cluster_0197",
        "display_name": "서울 종로구 창신동(동묘앞역교차로 부근)",
        "representative_place_name": "서울 종로구 창신동(동묘앞역교차로 부근)",
        "representative_district": "서울 종로구3",
        "member_count": 1,
        "repeat_year_count": 1,
        "source_years": [
          2023
        ],
        "accidents_total": 8,
        "casualties_total": 9,
        "deaths_total": 1,
        "serious_injuries_total": 8,
        "max_risk_score": 50.0,
        "avg_risk_score": 50.0,
        "risk_level": "high",
        "risk_level_ko": "고위험",
        "high_member_count": 1,
        "center_lng": 127.01612419,
        "center_lat": 37.57345844
      }
    },
    {
      "type": "Feature",
      "geometry": {
        "type": "Point",
        "coordinates": [
          127.01818328,
          37.56554412
        ]
      },
      "properties": {
        "cluster_id": "ped_hotspot_cluster_0198",
        "display_name": "서울 중구 신당동(길상사안경원 부근)",
        "representative_place_name": "서울 중구 신당동(길상사안경원 부근)",
        "representative_district": "서울 중구2",
        "member_count": 2,
        "repeat_year_count": 2,
        "source_years": [
          2022,
          2023
        ],
        "accidents_total": 18,
        "casualties_total": 18,
        "deaths_total": 0,
        "serious_injuries_total": 18,
        "max_risk_score": 50.0,
        "avg_risk_score": 45.0,
        "risk_level": "high",
        "risk_level_ko": "고위험",
        "high_member_count": 1,
        "center_lng": 127.01818328,
        "center_lat": 37.56554412
      }
    },
    {
      "type": "Feature",
      "geometry": {
        "type": "Point",
        "coordinates": [
          126.98208919,
          37.47739019
        ]
      },
      "properties": {
        "cluster_id": "ped_hotspot_cluster_0199",
        "display_name": "서울 서초구 방배동(사당역사거리 부근)",
        "representative_place_name": "서울 서초구 방배동(사당역사거리 부근)",
        "representative_district": "서울 서초구2",
        "member_count": 4,
        "repeat_year_count": 4,
        "source_years": [
          2022,
          2023,
          2024,
          2025
        ],
        "accidents_total": 35,
        "casualties_total": 38,
        "deaths_total": 0,
        "serious_injuries_total": 37,
        "max_risk_score": 50.0,
        "avg_risk_score": 46.0,
        "risk_level": "high",
        "risk_level_ko": "고위험",
        "high_member_count": 2,
        "center_lng": 126.98208919,
        "center_lat": 37.47739019
      }
    },
    {
      "type": "Feature",
      "geometry": {
        "type": "Point",
        "coordinates": [
          129.10095839,
          35.13670976
        ]
      },
      "properties": {
        "cluster_id": "ped_hotspot_cluster_0200",
        "display_name": "부산 남구 대연동(아둘람커뮤니티교회 부근)",
        "representative_place_name": "부산 남구 대연동(아둘람커뮤니티교회 부근)",
        "representative_district": "부산 남구1",
        "member_count": 3,
        "repeat_year_count": 3,
        "source_years": [
          2022,
          2023,
          2024
        ],
        "accidents_total": 24,
        "casualties_total": 26,
        "deaths_total": 0,
        "serious_injuries_total": 25,
        "max_risk_score": 50.0,
        "avg_risk_score": 41.67,
        "risk_level": "high",
        "risk_level_ko": "고위험",
        "high_member_count": 1,
        "center_lng": 129.10095839,
        "center_lat": 35.13670976
      }
    },
    {
      "type": "Feature",
      "geometry": {
        "type": "Point",
        "coordinates": [
          126.81098237,
          37.48584105
        ]
      },
      "properties": {
        "cluster_id": "ped_hotspot_cluster_0201",
        "display_name": "경기 부천시 역곡동(역곡북부역사거리 부근)",
        "representative_place_name": "경기 부천시 역곡동(역곡북부역사거리 부근)",
        "representative_district": "경기 부천시12",
        "member_count": 4,
        "repeat_year_count": 4,
        "source_years": [
          2022,
          2023,
          2024,
          2025
        ],
        "accidents_total": 29,
        "casualties_total": 31,
        "deaths_total": 1,
        "serious_injuries_total": 30,
        "max_risk_score": 50.0,
        "avg_risk_score": 39.75,
        "risk_level": "high",
        "risk_level_ko": "고위험",
        "high_member_count": 1,
        "center_lng": 126.81098237,
        "center_lat": 37.48584105
      }
    },
    {
      "type": "Feature",
      "geometry": {
        "type": "Point",
        "coordinates": [
          128.68498217,
          35.22236147
        ]
      },
      "properties": {
        "cluster_id": "ped_hotspot_cluster_0202",
        "display_name": "경남 창원시 성산구 상남동(상남시장사거리 부근)",
        "representative_place_name": "경남 창원시 성산구 상남동(상남시장사거리 부근)",
        "representative_district": "경남 창원시 성산구1",
        "member_count": 4,
        "repeat_year_count": 4,
        "source_years": [
          2022,
          2023,
          2024,
          2025
        ],
        "accidents_total": 33,
        "casualties_total": 33,
        "deaths_total": 0,
        "serious_injuries_total": 33,
        "max_risk_score": 50.0,
        "avg_risk_score": 41.25,
        "risk_level": "high",
        "risk_level_ko": "고위험",
        "high_member_count": 1,
        "center_lng": 128.68498217,
        "center_lat": 35.22236147
      }
    },
    {
      "type": "Feature",
      "geometry": {
        "type": "Point",
        "coordinates": [
          127.0344338,
          37.57820026
        ]
      },
      "properties": {
        "cluster_id": "ped_hotspot_cluster_0203",
        "display_name": "서울 동대문구 제기동(제기동역 1호선 부근)",
        "representative_place_name": "서울 동대문구 제기동(제기동역 1호선 부근)",
        "representative_district": "서울 동대문구3",
        "member_count": 4,
        "repeat_year_count": 4,
        "source_years": [
          2022,
          2023,
          2024,
          2025
        ],
        "accidents_total": 33,
        "casualties_total": 33,
        "deaths_total": 0,
        "serious_injuries_total": 33,
        "max_risk_score": 50.0,
        "avg_risk_score": 41.25,
        "risk_level": "high",
        "risk_level_ko": "고위험",
        "high_member_count": 1,
        "center_lng": 127.0344338,
        "center_lat": 37.57820026
      }
    },
    {
      "type": "Feature",
      "geometry": {
        "type": "Point",
        "coordinates": [
          129.0415689,
          35.09091047
        ]
      },
      "properties": {
        "cluster_id": "ped_hotspot_cluster_0204",
        "display_name": "부산 영도구 대교동2가(효승당약국 부근)",
        "representative_place_name": "부산 영도구 대교동2가(효승당약국 부근)",
        "representative_district": "부산 영도구2",
        "member_count": 4,
        "repeat_year_count": 4,
        "source_years": [
          2022,
          2023,
          2024,
          2025
        ],
        "accidents_total": 34,
        "casualties_total": 35,
        "deaths_total": 0,
        "serious_injuries_total": 34,
        "max_risk_score": 50.0,
        "avg_risk_score": 42.75,
        "risk_level": "high",
        "risk_level_ko": "고위험",
        "high_member_count": 1,
        "center_lng": 129.0415689,
        "center_lat": 35.09091047
      }
    },
    {
      "type": "Feature",
      "geometry": {
        "type": "Point",
        "coordinates": [
          129.07677407,
          35.18256391
        ]
      },
      "properties": {
        "cluster_id": "ped_hotspot_cluster_0205",
        "display_name": "부산 연제구 연산동(세이 부근)",
        "representative_place_name": "부산 연제구 연산동(세이 부근)",
        "representative_district": "부산 연제구1",
        "member_count": 2,
        "repeat_year_count": 2,
        "source_years": [
          2023,
          2024
        ],
        "accidents_total": 17,
        "casualties_total": 17,
        "deaths_total": 0,
        "serious_injuries_total": 17,
        "max_risk_score": 50.0,
        "avg_risk_score": 42.5,
        "risk_level": "high",
        "risk_level_ko": "고위험",
        "high_member_count": 1,
        "center_lng": 129.07677407,
        "center_lat": 35.18256391
      }
    },
    {
      "type": "Feature",
      "geometry": {
        "type": "Point",
        "coordinates": [
          129.3111671,
          35.54208952
        ]
      },
      "properties": {
        "cluster_id": "ped_hotspot_cluster_0206",
        "display_name": "울산 남구 신정동(신정시장사거리 부근)",
        "representative_place_name": "울산 남구 신정동(신정시장사거리 부근)",
        "representative_district": "울산 남구2",
        "member_count": 3,
        "repeat_year_count": 3,
        "source_years": [
          2022,
          2023,
          2024
        ],
        "accidents_total": 26,
        "casualties_total": 26,
        "deaths_total": 0,
        "serious_injuries_total": 26,
        "max_risk_score": 50.0,
        "avg_risk_score": 43.33,
        "risk_level": "high",
        "risk_level_ko": "고위험",
        "high_member_count": 1,
        "center_lng": 129.3111671,
        "center_lat": 35.54208952
      }
    },
    {
      "type": "Feature",
      "geometry": {
        "type": "Point",
        "coordinates": [
          127.08950035,
          36.99210485
        ]
      },
      "properties": {
        "cluster_id": "ped_hotspot_cluster_0207",
        "display_name": "경기 평택시 평택동(국민은행사거리 부근)",
        "representative_place_name": "경기 평택시 평택동(국민은행사거리 부근)",
        "representative_district": "경기 평택시1",
        "member_count": 3,
        "repeat_year_count": 3,
        "source_years": [
          2023,
          2024,
          2025
        ],
        "accidents_total": 27,
        "casualties_total": 28,
        "deaths_total": 0,
        "serious_injuries_total": 27,
        "max_risk_score": 50.0,
        "avg_risk_score": 45.33,
        "risk_level": "high",
        "risk_level_ko": "고위험",
        "high_member_count": 2,
        "center_lng": 127.08950035,
        "center_lat": 36.99210485
      }
    },
    {
      "type": "Feature",
      "geometry": {
        "type": "Point",
        "coordinates": [
          128.32584283,
          34.97593789
        ]
      },
      "properties": {
        "cluster_id": "ped_hotspot_cluster_0208",
        "display_name": "경남 고성군 고성읍(푸른약국 부근)",
        "representative_place_name": "경남 고성군 고성읍(푸른약국 부근)",
        "representative_district": "경남 고성군1",
        "member_count": 4,
        "repeat_year_count": 4,
        "source_years": [
          2022,
          2023,
          2024,
          2025
        ],
        "accidents_total": 36,
        "casualties_total": 36,
        "deaths_total": 1,
        "serious_injuries_total": 35,
        "max_risk_score": 50.0,
        "avg_risk_score": 46.5,
        "risk_level": "high",
        "risk_level_ko": "고위험",
        "high_member_count": 1,
        "center_lng": 128.32584283,
        "center_lat": 34.97593789
      }
    },
    {
      "type": "Feature",
      "geometry": {
        "type": "Point",
        "coordinates": [
          127.02440699,
          37.63069028
        ]
      },
      "properties": {
        "cluster_id": "ped_hotspot_cluster_0209",
        "display_name": "서울 강북구 미아동(수유시장약국 부근)",
        "representative_place_name": "서울 강북구 미아동(수유시장약국 부근)",
        "representative_district": "서울 강북구5",
        "member_count": 2,
        "repeat_year_count": 2,
        "source_years": [
          2024,
          2025
        ],
        "accidents_total": 15,
        "casualties_total": 16,
        "deaths_total": 2,
        "serious_injuries_total": 14,
        "max_risk_score": 50.0,
        "avg_risk_score": 45.5,
        "risk_level": "high",
        "risk_level_ko": "고위험",
        "high_member_count": 1,
        "center_lng": 127.02440699,
        "center_lat": 37.63069028
      }
    },
    {
      "type": "Feature",
      "geometry": {
        "type": "Point",
        "coordinates": [
          127.02905416,
          37.61883422
        ]
      },
      "properties": {
        "cluster_id": "ped_hotspot_cluster_0210",
        "display_name": "서울 강북구 미아동(파스타잇 부근)",
        "representative_place_name": "서울 강북구 미아동(파스타잇 부근)",
        "representative_district": "서울 강북구6",
        "member_count": 1,
        "repeat_year_count": 1,
        "source_years": [
          2025
        ],
        "accidents_total": 8,
        "casualties_total": 9,
        "deaths_total": 1,
        "serious_injuries_total": 8,
        "max_risk_score": 50.0,
        "avg_risk_score": 50.0,
        "risk_level": "high",
        "risk_level_ko": "고위험",
        "high_member_count": 1,
        "center_lng": 127.02905416,
        "center_lat": 37.61883422
      }
    },
    {
      "type": "Feature",
      "geometry": {
        "type": "Point",
        "coordinates": [
          126.84097877,
          37.54096101
        ]
      },
      "properties": {
        "cluster_id": "ped_hotspot_cluster_0211",
        "display_name": "서울 강서구 화곡동(화곡역교차로 부근)",
        "representative_place_name": "서울 강서구 화곡동(화곡역교차로 부근)",
        "representative_district": "서울 강서구1",
        "member_count": 4,
        "repeat_year_count": 4,
        "source_years": [
          2022,
          2023,
          2024,
          2025
        ],
        "accidents_total": 31,
        "casualties_total": 31,
        "deaths_total": 2,
        "serious_injuries_total": 29,
        "max_risk_score": 50.0,
        "avg_risk_score": 41.75,
        "risk_level": "high",
        "risk_level_ko": "고위험",
        "high_member_count": 1,
        "center_lng": 126.84097877,
        "center_lat": 37.54096101
      }
    },
    {
      "type": "Feature",
      "geometry": {
        "type": "Point",
        "coordinates": [
          126.8407495,
          37.49494156
        ]
      },
      "properties": {
        "cluster_id": "ped_hotspot_cluster_0212",
        "display_name": "서울 구로구 오류동(오류동삼거리 부근)",
        "representative_place_name": "서울 구로구 오류동(오류동삼거리 부근)",
        "representative_district": "서울 구로구1",
        "member_count": 2,
        "repeat_year_count": 2,
        "source_years": [
          2024,
          2025
        ],
        "accidents_total": 18,
        "casualties_total": 18,
        "deaths_total": 0,
        "serious_injuries_total": 18,
        "max_risk_score": 50.0,
        "avg_risk_score": 45.0,
        "risk_level": "high",
        "risk_level_ko": "고위험",
        "high_member_count": 1,
        "center_lng": 126.8407495,
        "center_lat": 37.49494156
      }
    },
    {
      "type": "Feature",
      "geometry": {
        "type": "Point",
        "coordinates": [
          126.94351458,
          37.51300325
        ]
      },
      "properties": {
        "cluster_id": "ped_hotspot_cluster_0213",
        "display_name": "서울 동작구 노량진동(서울동작경찰서 부근)",
        "representative_place_name": "서울 동작구 노량진동(서울동작경찰서 부근)",
        "representative_district": "서울 동작구5",
        "member_count": 1,
        "repeat_year_count": 1,
        "source_years": [
          2025
        ],
        "accidents_total": 10,
        "casualties_total": 10,
        "deaths_total": 0,
        "serious_injuries_total": 10,
        "max_risk_score": 50.0,
        "avg_risk_score": 50.0,
        "risk_level": "high",
        "risk_level_ko": "고위험",
        "high_member_count": 1,
        "center_lng": 126.94351458,
        "center_lat": 37.51300325
      }
    },
    {
      "type": "Feature",
      "geometry": {
        "type": "Point",
        "coordinates": [
          129.04888625,
          35.1304179
        ]
      },
      "properties": {
        "cluster_id": "ped_hotspot_cluster_0214",
        "display_name": "부산 동구 수정동(부산동부경찰서 부근)",
        "representative_place_name": "부산 동구 수정동(부산동부경찰서 부근)",
        "representative_district": "부산 동구2",
        "member_count": 3,
        "repeat_year_count": 3,
        "source_years": [
          2022,
          2023,
          2025
        ],
        "accidents_total": 25,
        "casualties_total": 31,
        "deaths_total": 0,
        "serious_injuries_total": 25,
        "max_risk_score": 50.0,
        "avg_risk_score": 43.67,
        "risk_level": "high",
        "risk_level_ko": "고위험",
        "high_member_count": 1,
        "center_lng": 129.04888625,
        "center_lat": 35.1304179
      }
    },
    {
      "type": "Feature",
      "geometry": {
        "type": "Point",
        "coordinates": [
          127.1313711,
          37.44076168
        ]
      },
      "properties": {
        "cluster_id": "ped_hotspot_cluster_0215",
        "display_name": "경기 성남시 수정구 태평동(중앙시장사거리 부근)",
        "representative_place_name": "경기 성남시 수정구 태평동(중앙시장사거리 부근)",
        "representative_district": "경기 성남시 수정구1",
        "member_count": 1,
        "repeat_year_count": 1,
        "source_years": [
          2025
        ],
        "accidents_total": 10,
        "casualties_total": 10,
        "deaths_total": 0,
        "serious_injuries_total": 10,
        "max_risk_score": 50.0,
        "avg_risk_score": 50.0,
        "risk_level": "high",
        "risk_level_ko": "고위험",
        "high_member_count": 1,
        "center_lng": 127.1313711,
        "center_lat": 37.44076168
      }
    },
    {
      "type": "Feature",
      "geometry": {
        "type": "Point",
        "coordinates": [
          126.91964254,
          37.39635324
        ]
      },
      "properties": {
        "cluster_id": "ped_hotspot_cluster_0216",
        "display_name": "경기 안양시 만안구 안양동(안양성모약국 부근)",
        "representative_place_name": "경기 안양시 만안구 안양동(안양성모약국 부근)",
        "representative_district": "경기 안양시 만안구2",
        "member_count": 1,
        "repeat_year_count": 1,
        "source_years": [
          2025
        ],
        "accidents_total": 10,
        "casualties_total": 10,
        "deaths_total": 0,
        "serious_injuries_total": 10,
        "max_risk_score": 50.0,
        "avg_risk_score": 50.0,
        "risk_level": "high",
        "risk_level_ko": "고위험",
        "high_member_count": 1,
        "center_lng": 126.91964254,
        "center_lat": 37.39635324
      }
    },
    {
      "type": "Feature",
      "geometry": {
        "type": "Point",
        "coordinates": [
          126.90153687,
          37.70311066
        ]
      },
      "properties": {
        "cluster_id": "ped_hotspot_cluster_0217",
        "display_name": "경기 고양시 덕양구 고양동(시립고양어린이집 부근)",
        "representative_place_name": "경기 고양시 덕양구 고양동(시립고양어린이집 부근)",
        "representative_district": "경기 고양시 덕양구1",
        "member_count": 4,
        "repeat_year_count": 4,
        "source_years": [
          2022,
          2023,
          2024,
          2025
        ],
        "accidents_total": 32,
        "casualties_total": 35,
        "deaths_total": 2,
        "serious_injuries_total": 31,
        "max_risk_score": 50.0,
        "avg_risk_score": 44.5,
        "risk_level": "high",
        "risk_level_ko": "고위험",
        "high_member_count": 1,
        "center_lng": 126.90153687,
        "center_lat": 37.70311066
      }
    },
    {
      "type": "Feature",
      "geometry": {
        "type": "Point",
        "coordinates": [
          126.45742592,
          36.78332509
        ]
      },
      "properties": {
        "cluster_id": "ped_hotspot_cluster_0218",
        "display_name": "충남 서산시 동문동(독일약국 부근)",
        "representative_place_name": "충남 서산시 동문동(독일약국 부근)",
        "representative_district": "충남 서산시2",
        "member_count": 4,
        "repeat_year_count": 4,
        "source_years": [
          2022,
          2023,
          2024,
          2025
        ],
        "accidents_total": 32,
        "casualties_total": 32,
        "deaths_total": 0,
        "serious_injuries_total": 32,
        "max_risk_score": 50.0,
        "avg_risk_score": 40.0,
        "risk_level": "high",
        "risk_level_ko": "고위험",
        "high_member_count": 1,
        "center_lng": 126.45742592,
        "center_lat": 36.78332509
      }
    },
    {
      "type": "Feature",
      "geometry": {
        "type": "Point",
        "coordinates": [
          129.3687216,
          36.03639908
        ]
      },
      "properties": {
        "cluster_id": "ped_hotspot_cluster_0219",
        "display_name": "경북 포항시 북구 죽도동(죽도시장 부근)",
        "representative_place_name": "경북 포항시 북구 죽도동(죽도시장 부근)",
        "representative_district": "경북 포항시 북구2",
        "member_count": 2,
        "repeat_year_count": 2,
        "source_years": [
          2024,
          2025
        ],
        "accidents_total": 17,
        "casualties_total": 18,
        "deaths_total": 0,
        "serious_injuries_total": 18,
        "max_risk_score": 50.0,
        "avg_risk_score": 44.5,
        "risk_level": "high",
        "risk_level_ko": "고위험",
        "high_member_count": 1,
        "center_lng": 129.3687216,
        "center_lat": 36.03639908
      }
    },
    {
      "type": "Feature",
      "geometry": {
        "type": "Point",
        "coordinates": [
          127.1638544,
          37.45793698
        ]
      },
      "properties": {
        "cluster_id": "ped_hotspot_cluster_0220",
        "display_name": "경기 성남시 중원구 은행동(은행시장사거리 부근)",
        "representative_place_name": "경기도 성남시 중원구 은행동(은행시장사거리 부근)",
        "representative_district": "경기도 성남시 중원구1",
        "member_count": 2,
        "repeat_year_count": 2,
        "source_years": [
          2022,
          2023
        ],
        "accidents_total": 17,
        "casualties_total": 20,
        "deaths_total": 0,
        "serious_injuries_total": 19,
        "max_risk_score": 49.5,
        "avg_risk_score": 46.75,
        "risk_level": "high",
        "risk_level_ko": "고위험",
        "high_member_count": 1,
        "center_lng": 127.1638544,
        "center_lat": 37.45793698
      }
    },
    {
      "type": "Feature",
      "geometry": {
        "type": "Point",
        "coordinates": [
          127.03446329,
          37.64882213
        ]
      },
      "properties": {
        "cluster_id": "ped_hotspot_cluster_0221",
        "display_name": "서울 도봉구 쌍문동(이영수의원입구 부근)",
        "representative_place_name": "서울특별시 도봉구 쌍문동(이영수의원입구 부근)",
        "representative_district": "서울특별시 도봉구1",
        "member_count": 4,
        "repeat_year_count": 4,
        "source_years": [
          2022,
          2023,
          2024,
          2025
        ],
        "accidents_total": 30,
        "casualties_total": 36,
        "deaths_total": 2,
        "serious_injuries_total": 28,
        "max_risk_score": 49.0,
        "avg_risk_score": 42.0,
        "risk_level": "high",
        "risk_level_ko": "고위험",
        "high_member_count": 1,
        "center_lng": 127.03446329,
        "center_lat": 37.64882213
      }
    },
    {
      "type": "Feature",
      "geometry": {
        "type": "Point",
        "coordinates": [
          127.33578078,
          36.3553984
        ]
      },
      "properties": {
        "cluster_id": "ped_hotspot_cluster_0222",
        "display_name": "대전광역시 유성구 봉명동(유성시외버스터미널 부근)",
        "representative_place_name": "대전광역시 유성구 봉명동(유성시외버스터미널 부근)",
        "representative_district": "대전광역시 유성구1",
        "member_count": 1,
        "repeat_year_count": 1,
        "source_years": [
          2022
        ],
        "accidents_total": 7,
        "casualties_total": 9,
        "deaths_total": 2,
        "serious_injuries_total": 5,
        "max_risk_score": 49.0,
        "avg_risk_score": 49.0,
        "risk_level": "high",
        "risk_level_ko": "고위험",
        "high_member_count": 1,
        "center_lng": 127.33578078,
        "center_lat": 36.3553984
      }
    },
    {
      "type": "Feature",
      "geometry": {
        "type": "Point",
        "coordinates": [
          127.00487936,
          36.78018312
        ]
      },
      "properties": {
        "cluster_id": "ped_hotspot_cluster_0223",
        "display_name": "충청남도 아산시 온천동(A플러스 부근)",
        "representative_place_name": "충청남도 아산시 온천동(A플러스 부근)",
        "representative_district": "충청남도 아산시2",
        "member_count": 3,
        "repeat_year_count": 3,
        "source_years": [
          2022,
          2023,
          2024
        ],
        "accidents_total": 23,
        "casualties_total": 24,
        "deaths_total": 0,
        "serious_injuries_total": 24,
        "max_risk_score": 49.0,
        "avg_risk_score": 39.67,
        "risk_level": "high",
        "risk_level_ko": "고위험",
        "high_member_count": 1,
        "center_lng": 127.00487936,
        "center_lat": 36.78018312
      }
    },
    {
      "type": "Feature",
      "geometry": {
        "type": "Point",
        "coordinates": [
          127.10893317,
          35.8170024
        ]
      },
      "properties": {
        "cluster_id": "ped_hotspot_cluster_0224",
        "display_name": "전라북도 전주시 완산구 효자동3가(효자동3가1558 부근)",
        "representative_place_name": "전라북도 전주시 완산구 효자동3가(효자동3가1558 부근)",
        "representative_district": "전라북도 전주시 완산구1",
        "member_count": 2,
        "repeat_year_count": 2,
        "source_years": [
          2022,
          2023
        ],
        "accidents_total": 15,
        "casualties_total": 24,
        "deaths_total": 0,
        "serious_injuries_total": 17,
        "max_risk_score": 49.0,
        "avg_risk_score": 45.0,
        "risk_level": "high",
        "risk_level_ko": "고위험",
        "high_member_count": 1,
        "center_lng": 127.10893317,
        "center_lat": 35.8170024
      }
    },
    {
      "type": "Feature",
      "geometry": {
        "type": "Point",
        "coordinates": [
          126.88932199,
          37.4912356
        ]
      },
      "properties": {
        "cluster_id": "ped_hotspot_cluster_0225",
        "display_name": "서울 구로구 구로동(구로4동주민센터 부근)",
        "representative_place_name": "서울 구로구 구로동(구로4동주민센터 부근)",
        "representative_district": "서울 구로구2",
        "member_count": 2,
        "repeat_year_count": 2,
        "source_years": [
          2023,
          2024
        ],
        "accidents_total": 14,
        "casualties_total": 19,
        "deaths_total": 0,
        "serious_injuries_total": 17,
        "max_risk_score": 49.0,
        "avg_risk_score": 42.0,
        "risk_level": "high",
        "risk_level_ko": "고위험",
        "high_member_count": 1,
        "center_lng": 126.88932199,
        "center_lat": 37.4912356
      }
    },
    {
      "type": "Feature",
      "geometry": {
        "type": "Point",
        "coordinates": [
          127.43201868,
          36.35056194
        ]
      },
      "properties": {
        "cluster_id": "ped_hotspot_cluster_0226",
        "display_name": "대전 동구 용전동(예닮교회 부근)",
        "representative_place_name": "대전 동구 용전동(예닮교회 부근)",
        "representative_district": "대전 동구4",
        "member_count": 1,
        "repeat_year_count": 1,
        "source_years": [
          2023
        ],
        "accidents_total": 7,
        "casualties_total": 9,
        "deaths_total": 1,
        "serious_injuries_total": 8,
        "max_risk_score": 49.0,
        "avg_risk_score": 49.0,
        "risk_level": "high",
        "risk_level_ko": "고위험",
        "high_member_count": 1,
        "center_lng": 127.43201868,
        "center_lat": 36.35056194
      }
    },
    {
      "type": "Feature",
      "geometry": {
        "type": "Point",
        "coordinates": [
          126.71570221,
          35.97780841
        ]
      },
      "properties": {
        "cluster_id": "ped_hotspot_cluster_0227",
        "display_name": "전북 군산시 미원동(흥남동주민센터 부근)",
        "representative_place_name": "전북 군산시 미원동(흥남동주민센터 부근)",
        "representative_district": "전북 군산시2",
        "member_count": 2,
        "repeat_year_count": 2,
        "source_years": [
          2022,
          2023
        ],
        "accidents_total": 14,
        "casualties_total": 18,
        "deaths_total": 2,
        "serious_injuries_total": 15,
        "max_risk_score": 49.0,
        "avg_risk_score": 47.5,
        "risk_level": "high",
        "risk_level_ko": "고위험",
        "high_member_count": 1,
        "center_lng": 126.71570221,
        "center_lat": 35.97780841
      }
    },
    {
      "type": "Feature",
      "geometry": {
        "type": "Point",
        "coordinates": [
          126.91497618,
          37.59890221
        ]
      },
      "properties": {
        "cluster_id": "ped_hotspot_cluster_0228",
        "display_name": "서울 은평구 신사동(신사오거리 부근)",
        "representative_place_name": "서울 은평구 신사동(신사오거리 부근)",
        "representative_district": "서울 은평구3",
        "member_count": 2,
        "repeat_year_count": 2,
        "source_years": [
          2024,
          2025
        ],
        "accidents_total": 16,
        "casualties_total": 18,
        "deaths_total": 0,
        "serious_injuries_total": 18,
        "max_risk_score": 49.0,
        "avg_risk_score": 44.0,
        "risk_level": "high",
        "risk_level_ko": "고위험",
        "high_member_count": 1,
        "center_lng": 126.91497618,
        "center_lat": 37.59890221
      }
    },
    {
      "type": "Feature",
      "geometry": {
        "type": "Point",
        "coordinates": [
          127.01882697,
          37.27738654
        ]
      },
      "properties": {
        "cluster_id": "ped_hotspot_cluster_0229",
        "display_name": "경기 수원시 팔달구 지동(지동시장 부근)",
        "representative_place_name": "경기 수원시 팔달구 지동(지동시장 부근)",
        "representative_district": "경기 수원시 팔달구2",
        "member_count": 3,
        "repeat_year_count": 3,
        "source_years": [
          2022,
          2024,
          2025
        ],
        "accidents_total": 24,
        "casualties_total": 26,
        "deaths_total": 0,
        "serious_injuries_total": 26,
        "max_risk_score": 49.0,
        "avg_risk_score": 42.67,
        "risk_level": "high",
        "risk_level_ko": "고위험",
        "high_member_count": 1,
        "center_lng": 127.01882697,
        "center_lat": 37.27738654
      }
    },
    {
      "type": "Feature",
      "geometry": {
        "type": "Point",
        "coordinates": [
          129.0614136,
          35.15689195
        ]
      },
      "properties": {
        "cluster_id": "ped_hotspot_cluster_0230",
        "display_name": "부산 부산진구 부전동(서면공구골목 부근)",
        "representative_place_name": "부산 부산진구 부전동(서면공구골목 부근)",
        "representative_district": "부산 부산진구6",
        "member_count": 2,
        "repeat_year_count": 2,
        "source_years": [
          2024,
          2025
        ],
        "accidents_total": 17,
        "casualties_total": 21,
        "deaths_total": 0,
        "serious_injuries_total": 18,
        "max_risk_score": 49.0,
        "avg_risk_score": 46.0,
        "risk_level": "high",
        "risk_level_ko": "고위험",
        "high_member_count": 1,
        "center_lng": 129.0614136,
        "center_lat": 35.15689195
      }
    },
    {
      "type": "Feature",
      "geometry": {
        "type": "Point",
        "coordinates": [
          127.25851575,
          37.4080944
        ]
      },
      "properties": {
        "cluster_id": "ped_hotspot_cluster_0231",
        "display_name": "경기 광주시 역동(오렌지약국 부근)",
        "representative_place_name": "경기 광주시 역동(오렌지약국 부근)",
        "representative_district": "경기 광주시1",
        "member_count": 4,
        "repeat_year_count": 4,
        "source_years": [
          2022,
          2023,
          2024,
          2025
        ],
        "accidents_total": 30,
        "casualties_total": 33,
        "deaths_total": 0,
        "serious_injuries_total": 32,
        "max_risk_score": 49.0,
        "avg_risk_score": 39.75,
        "risk_level": "high",
        "risk_level_ko": "고위험",
        "high_member_count": 1,
        "center_lng": 127.25851575,
        "center_lat": 37.4080944
      }
    },
    {
      "type": "Feature",
      "geometry": {
        "type": "Point",
        "coordinates": [
          127.89438714,
          34.8403044
        ]
      },
      "properties": {
        "cluster_id": "ped_hotspot_cluster_0232",
        "display_name": "경남 남해군 남해읍(창원지방법원 진주지원 남해군법원 부근)",
        "representative_place_name": "경남 남해군 남해읍(창원지방법원 진주지원 남해군법원 부근)",
        "representative_district": "경남 남해군2",
        "member_count": 3,
        "repeat_year_count": 3,
        "source_years": [
          2022,
          2024,
          2025
        ],
        "accidents_total": 24,
        "casualties_total": 26,
        "deaths_total": 0,
        "serious_injuries_total": 26,
        "max_risk_score": 49.0,
        "avg_risk_score": 42.67,
        "risk_level": "high",
        "risk_level_ko": "고위험",
        "high_member_count": 1,
        "center_lng": 127.89438714,
        "center_lat": 34.8403044
      }
    },
    {
      "type": "Feature",
      "geometry": {
        "type": "Point",
        "coordinates": [
          127.06983304,
          37.54053916
        ]
      },
      "properties": {
        "cluster_id": "ped_hotspot_cluster_0233",
        "display_name": "서울 광진구 화양동(건대입구역교차로 부근)",
        "representative_place_name": "서울 광진구 화양동(건대입구역교차로 부근)",
        "representative_district": "서울 광진구1",
        "member_count": 3,
        "repeat_year_count": 3,
        "source_years": [
          2022,
          2023,
          2024
        ],
        "accidents_total": 23,
        "casualties_total": 29,
        "deaths_total": 3,
        "serious_injuries_total": 20,
        "max_risk_score": 48.5,
        "avg_risk_score": 46.0,
        "risk_level": "medium",
        "risk_level_ko": "주의",
        "high_member_count": 0,
        "center_lng": 127.06983304,
        "center_lat": 37.54053916
      }
    },
    {
      "type": "Feature",
      "geometry": {
        "type": "Point",
        "coordinates": [
          126.8386923,
          37.52997495
        ]
      },
      "properties": {
        "cluster_id": "ped_hotspot_cluster_0234",
        "display_name": "서울 양천구 신월동(곰달래사거리 부근)",
        "representative_place_name": "서울특별시 양천구 신월동(곰달래사거리 부근)",
        "representative_district": "서울특별시 양천구2",
        "member_count": 2,
        "repeat_year_count": 2,
        "source_years": [
          2022,
          2023
        ],
        "accidents_total": 17,
        "casualties_total": 19,
        "deaths_total": 0,
        "serious_injuries_total": 19,
        "max_risk_score": 48.0,
        "avg_risk_score": 46.5,
        "risk_level": "medium",
        "risk_level_ko": "주의",
        "high_member_count": 0,
        "center_lng": 126.8386923,
        "center_lat": 37.52997495
      }
    },
    {
      "type": "Feature",
      "geometry": {
        "type": "Point",
        "coordinates": [
          127.12683006,
          37.4330671
        ]
      },
      "properties": {
        "cluster_id": "ped_hotspot_cluster_0235",
        "display_name": "경기 성남시 중원구 성남동(수진동475811 부근)",
        "representative_place_name": "경기도 성남시 중원구 성남동(수진동475811 부근)",
        "representative_district": "경기도 성남시 중원구7",
        "member_count": 1,
        "repeat_year_count": 1,
        "source_years": [
          2022
        ],
        "accidents_total": 7,
        "casualties_total": 8,
        "deaths_total": 2,
        "serious_injuries_total": 5,
        "max_risk_score": 48.0,
        "avg_risk_score": 48.0,
        "risk_level": "medium",
        "risk_level_ko": "주의",
        "high_member_count": 0,
        "center_lng": 127.12683006,
        "center_lat": 37.4330671
      }
    },
    {
      "type": "Feature",
      "geometry": {
        "type": "Point",
        "coordinates": [
          126.630534,
          36.8898045
        ]
      },
      "properties": {
        "cluster_id": "ped_hotspot_cluster_0236",
        "display_name": "충청남도 당진시 읍내동(행동교교차로 부근)",
        "representative_place_name": "충청남도 당진시 읍내동(행동교교차로 부근)",
        "representative_district": "충청남도 당진시3",
        "member_count": 1,
        "repeat_year_count": 1,
        "source_years": [
          2022
        ],
        "accidents_total": 7,
        "casualties_total": 11,
        "deaths_total": 0,
        "serious_injuries_total": 10,
        "max_risk_score": 48.0,
        "avg_risk_score": 48.0,
        "risk_level": "medium",
        "risk_level_ko": "주의",
        "high_member_count": 0,
        "center_lng": 126.630534,
        "center_lat": 36.8898045
      }
    },
    {
      "type": "Feature",
      "geometry": {
        "type": "Point",
        "coordinates": [
          126.88289877,
          37.50010235
        ]
      },
      "properties": {
        "cluster_id": "ped_hotspot_cluster_0237",
        "display_name": "서울 구로구 구로동(구로2동자치회관 부근)",
        "representative_place_name": "서울 구로구 구로동(구로2동자치회관 부근)",
        "representative_district": "서울 구로구3",
        "member_count": 2,
        "repeat_year_count": 2,
        "source_years": [
          2022,
          2023
        ],
        "accidents_total": 15,
        "casualties_total": 19,
        "deaths_total": 2,
        "serious_injuries_total": 13,
        "max_risk_score": 48.0,
        "avg_risk_score": 45.25,
        "risk_level": "medium",
        "risk_level_ko": "주의",
        "high_member_count": 0,
        "center_lng": 126.88289877,
        "center_lat": 37.50010235
      }
    },
    {
      "type": "Feature",
      "geometry": {
        "type": "Point",
        "coordinates": [
          127.02545505,
          37.5010874
        ]
      },
      "properties": {
        "cluster_id": "ped_hotspot_cluster_0238",
        "display_name": "서울 서초구 서초동(에스엠성형외과 부근)",
        "representative_place_name": "서울 서초구 서초동(에스엠성형외과 부근)",
        "representative_district": "서울 서초구3",
        "member_count": 3,
        "repeat_year_count": 3,
        "source_years": [
          2022,
          2023,
          2025
        ],
        "accidents_total": 24,
        "casualties_total": 27,
        "deaths_total": 0,
        "serious_injuries_total": 24,
        "max_risk_score": 48.0,
        "avg_risk_score": 41.0,
        "risk_level": "medium",
        "risk_level_ko": "주의",
        "high_member_count": 0,
        "center_lng": 127.02545505,
        "center_lat": 37.5010874
      }
    },
    {
      "type": "Feature",
      "geometry": {
        "type": "Point",
        "coordinates": [
          127.12882375,
          37.41323631
        ]
      },
      "properties": {
        "cluster_id": "ped_hotspot_cluster_0239",
        "display_name": "경기 성남시 분당구 야탑동(분당척병원 부근)",
        "representative_place_name": "경기 성남시 분당구 야탑동(분당척병원 부근)",
        "representative_district": "경기 성남시 분당구1",
        "member_count": 2,
        "repeat_year_count": 2,
        "source_years": [
          2022,
          2023
        ],
        "accidents_total": 14,
        "casualties_total": 18,
        "deaths_total": 1,
        "serious_injuries_total": 16,
        "max_risk_score": 48.0,
        "avg_risk_score": 44.5,
        "risk_level": "medium",
        "risk_level_ko": "주의",
        "high_member_count": 0,
        "center_lng": 127.12882375,
        "center_lat": 37.41323631
      }
    },
    {
      "type": "Feature",
      "geometry": {
        "type": "Point",
        "coordinates": [
          127.12708351,
          37.53828564
        ]
      },
      "properties": {
        "cluster_id": "ped_hotspot_cluster_0240",
        "display_name": "서울 강동구 천호동(천호신사거리 부근)",
        "representative_place_name": "서울특별시 강동구 천호동(천호신사거리 부근)",
        "representative_district": "서울특별시 강동구2",
        "member_count": 2,
        "repeat_year_count": 2,
        "source_years": [
          2022,
          2025
        ],
        "accidents_total": 16,
        "casualties_total": 19,
        "deaths_total": 0,
        "serious_injuries_total": 16,
        "max_risk_score": 47.5,
        "avg_risk_score": 41.25,
        "risk_level": "medium",
        "risk_level_ko": "주의",
        "high_member_count": 0,
        "center_lng": 127.12708351,
        "center_lat": 37.53828564
      }
    },
    {
      "type": "Feature",
      "geometry": {
        "type": "Point",
        "coordinates": [
          127.06065626,
          37.65367119
        ]
      },
      "properties": {
        "cluster_id": "ped_hotspot_cluster_0241",
        "display_name": "서울 노원구 상계동(노원역6번출구 부근)",
        "representative_place_name": "서울특별시 노원구 상계동(노원역6번출구 부근)",
        "representative_district": "서울특별시 노원구1",
        "member_count": 1,
        "repeat_year_count": 1,
        "source_years": [
          2022
        ],
        "accidents_total": 7,
        "casualties_total": 7,
        "deaths_total": 2,
        "serious_injuries_total": 5,
        "max_risk_score": 47.0,
        "avg_risk_score": 47.0,
        "risk_level": "medium",
        "risk_level_ko": "주의",
        "high_member_count": 0,
        "center_lng": 127.06065626,
        "center_lat": 37.65367119
      }
    },
    {
      "type": "Feature",
      "geometry": {
        "type": "Point",
        "coordinates": [
          126.89751773,
          37.47142006
        ]
      },
      "properties": {
        "cluster_id": "ped_hotspot_cluster_0242",
        "display_name": "서울 금천구 독산동(독산1동새마을금고 부근)",
        "representative_place_name": "서울특별시 금천구 독산동(독산1동새마을금고 부근)",
        "representative_district": "서울특별시 금천구3",
        "member_count": 1,
        "repeat_year_count": 1,
        "source_years": [
          2022
        ],
        "accidents_total": 7,
        "casualties_total": 7,
        "deaths_total": 2,
        "serious_injuries_total": 5,
        "max_risk_score": 47.0,
        "avg_risk_score": 47.0,
        "risk_level": "medium",
        "risk_level_ko": "주의",
        "high_member_count": 0,
        "center_lng": 126.89751773,
        "center_lat": 37.47142006
      }
    },
    {
      "type": "Feature",
      "geometry": {
        "type": "Point",
        "coordinates": [
          126.95250331,
          37.49761145
        ]
      },
      "properties": {
        "cluster_id": "ped_hotspot_cluster_0243",
        "display_name": "서울 동작구 상도동(리치타운 부근)",
        "representative_place_name": "서울특별시 동작구 상도동(리치타운 부근)",
        "representative_district": "서울특별시 동작구4",
        "member_count": 3,
        "repeat_year_count": 3,
        "source_years": [
          2022,
          2023,
          2024
        ],
        "accidents_total": 23,
        "casualties_total": 24,
        "deaths_total": 3,
        "serious_injuries_total": 20,
        "max_risk_score": 47.0,
        "avg_risk_score": 44.67,
        "risk_level": "medium",
        "risk_level_ko": "주의",
        "high_member_count": 0,
        "center_lng": 126.95250331,
        "center_lat": 37.49761145
      }
    },
    {
      "type": "Feature",
      "geometry": {
        "type": "Point",
        "coordinates": [
          127.11679481,
          37.49468848
        ]
      },
      "properties": {
        "cluster_id": "ped_hotspot_cluster_0244",
        "display_name": "서울 송파구 가락동(금호아파트 부근)",
        "representative_place_name": "서울특별시 송파구 가락동(금호아파트 부근)",
        "representative_district": "서울특별시 송파구2",
        "member_count": 1,
        "repeat_year_count": 1,
        "source_years": [
          2022
        ],
        "accidents_total": 7,
        "casualties_total": 7,
        "deaths_total": 2,
        "serious_injuries_total": 5,
        "max_risk_score": 47.0,
        "avg_risk_score": 47.0,
        "risk_level": "medium",
        "risk_level_ko": "주의",
        "high_member_count": 0,
        "center_lng": 127.11679481,
        "center_lat": 37.49468848
      }
    },
    {
      "type": "Feature",
      "geometry": {
        "type": "Point",
        "coordinates": [
          129.03857088,
          35.09175426
        ]
      },
      "properties": {
        "cluster_id": "ped_hotspot_cluster_0245",
        "display_name": "부산 영도구 남항동1가(남항동1가2321 부근)",
        "representative_place_name": "부산광역시 영도구 남항동1가(남항동1가2321 부근)",
        "representative_district": "부산광역시 영도구3",
        "member_count": 1,
        "repeat_year_count": 1,
        "source_years": [
          2022
        ],
        "accidents_total": 7,
        "casualties_total": 7,
        "deaths_total": 2,
        "serious_injuries_total": 5,
        "max_risk_score": 47.0,
        "avg_risk_score": 47.0,
        "risk_level": "medium",
        "risk_level_ko": "주의",
        "high_member_count": 0,
        "center_lng": 129.03857088,
        "center_lat": 35.09175426
      }
    },
    {
      "type": "Feature",
      "geometry": {
        "type": "Point",
        "coordinates": [
          129.31477451,
          35.53456016
        ]
      },
      "properties": {
        "cluster_id": "ped_hotspot_cluster_0246",
        "display_name": "울산광역시 남구 달동(달동사거리 부근)",
        "representative_place_name": "울산광역시 남구 달동(달동사거리 부근)",
        "representative_district": "울산광역시 남구1",
        "member_count": 1,
        "repeat_year_count": 1,
        "source_years": [
          2022
        ],
        "accidents_total": 7,
        "casualties_total": 7,
        "deaths_total": 2,
        "serious_injuries_total": 5,
        "max_risk_score": 47.0,
        "avg_risk_score": 47.0,
        "risk_level": "medium",
        "risk_level_ko": "주의",
        "high_member_count": 0,
        "center_lng": 129.31477451,
        "center_lat": 35.53456016
      }
    },
    {
      "type": "Feature",
      "geometry": {
        "type": "Point",
        "coordinates": [
          127.14444992,
          37.43978827
        ]
      },
      "properties": {
        "cluster_id": "ped_hotspot_cluster_0247",
        "display_name": "경기 성남시 수정구 신흥동(신흥사거리 부근)",
        "representative_place_name": "경기도 성남시 수정구 신흥동(신흥사거리 부근)",
        "representative_district": "경기도 성남시 수정구3",
        "member_count": 2,
        "repeat_year_count": 2,
        "source_years": [
          2022,
          2023
        ],
        "accidents_total": 16,
        "casualties_total": 19,
        "deaths_total": 0,
        "serious_injuries_total": 16,
        "max_risk_score": 47.0,
        "avg_risk_score": 41.5,
        "risk_level": "medium",
        "risk_level_ko": "주의",
        "high_member_count": 0,
        "center_lng": 127.14444992,
        "center_lat": 37.43978827
      }
    },
    {
      "type": "Feature",
      "geometry": {
        "type": "Point",
        "coordinates": [
          127.07806486,
          37.61889684
        ]
      },
      "properties": {
        "cluster_id": "ped_hotspot_cluster_0248",
        "display_name": "서울 노원구 공릉동(태능약국부근)",
        "representative_place_name": "서울 노원구 공릉동(태능약국부근)",
        "representative_district": "서울 노원구3",
        "member_count": 4,
        "repeat_year_count": 4,
        "source_years": [
          2022,
          2023,
          2024,
          2025
        ],
        "accidents_total": 31,
        "casualties_total": 35,
        "deaths_total": 1,
        "serious_injuries_total": 30,
        "max_risk_score": 47.0,
        "avg_risk_score": 41.25,
        "risk_level": "medium",
        "risk_level_ko": "주의",
        "high_member_count": 0,
        "center_lng": 127.07806486,
        "center_lat": 37.61889684
      }
    },
    {
      "type": "Feature",
      "geometry": {
        "type": "Point",
        "coordinates": [
          126.84355377,
          37.54314347
        ]
      },
      "properties": {
        "cluster_id": "ped_hotspot_cluster_0249",
        "display_name": "서울 강서구 화곡동(화곡본동시장 부근)",
        "representative_place_name": "서울 강서구 화곡동(화곡본동시장 부근)",
        "representative_district": "서울 강서구5",
        "member_count": 2,
        "repeat_year_count": 2,
        "source_years": [
          2023,
          2024
        ],
        "accidents_total": 17,
        "casualties_total": 20,
        "deaths_total": 0,
        "serious_injuries_total": 17,
        "max_risk_score": 47.0,
        "avg_risk_score": 44.0,
        "risk_level": "medium",
        "risk_level_ko": "주의",
        "high_member_count": 0,
        "center_lng": 126.84355377,
        "center_lat": 37.54314347
      }
    },
    {
      "type": "Feature",
      "geometry": {
        "type": "Point",
        "coordinates": [
          126.89472609,
          37.47345491
        ]
      },
      "properties": {
        "cluster_id": "ped_hotspot_cluster_0250",
        "display_name": "서울 금천구 독산동(관악농협 신독산지점 부근)",
        "representative_place_name": "서울 금천구 독산동(관악농협 신독산지점 부근)",
        "representative_district": "서울 금천구4",
        "member_count": 2,
        "repeat_year_count": 2,
        "source_years": [
          2023,
          2024
        ],
        "accidents_total": 14,
        "casualties_total": 14,
        "deaths_total": 4,
        "serious_injuries_total": 10,
        "max_risk_score": 47.0,
        "avg_risk_score": 47.0,
        "risk_level": "medium",
        "risk_level_ko": "주의",
        "high_member_count": 0,
        "center_lng": 126.89472609,
        "center_lat": 37.47345491
      }
    },
    {
      "type": "Feature",
      "geometry": {
        "type": "Point",
        "coordinates": [
          128.96979068,
          35.10511435
        ]
      },
      "properties": {
        "cluster_id": "ped_hotspot_cluster_0251",
        "display_name": "부산 사하구 당리동(오거리약국 부근)",
        "representative_place_name": "부산 사하구 당리동(오거리약국 부근)",
        "representative_district": "부산 사하구4",
        "member_count": 4,
        "repeat_year_count": 4,
        "source_years": [
          2022,
          2023,
          2024,
          2025
        ],
        "accidents_total": 31,
        "casualties_total": 36,
        "deaths_total": 1,
        "serious_injuries_total": 31,
        "max_risk_score": 47.0,
        "avg_risk_score": 42.25,
        "risk_level": "medium",
        "risk_level_ko": "주의",
        "high_member_count": 0,
        "center_lng": 128.96979068,
        "center_lat": 35.10511435
      }
    },
    {
      "type": "Feature",
      "geometry": {
        "type": "Point",
        "coordinates": [
          126.77950249,
          37.48289335
        ]
      },
      "properties": {
        "cluster_id": "ped_hotspot_cluster_0252",
        "display_name": "경기 부천시 심곡본동(자유시장앞교차로 부근)",
        "representative_place_name": "경기 부천시 심곡본동(자유시장앞교차로 부근)",
        "representative_district": "경기 부천시6",
        "member_count": 4,
        "repeat_year_count": 3,
        "source_years": [
          2023,
          2024,
          2025
        ],
        "accidents_total": 28,
        "casualties_total": 28,
        "deaths_total": 6,
        "serious_injuries_total": 22,
        "max_risk_score": 47.0,
        "avg_risk_score": 44.0,
        "risk_level": "medium",
        "risk_level_ko": "주의",
        "high_member_count": 0,
        "center_lng": 126.77950249,
        "center_lat": 37.48289335
      }
    },
    {
      "type": "Feature",
      "geometry": {
        "type": "Point",
        "coordinates": [
          126.79510292,
          37.48144618
        ]
      },
      "properties": {
        "cluster_id": "ped_hotspot_cluster_0253",
        "display_name": "경기 부천시 소사본동(소사사거리 부근)",
        "representative_place_name": "경기 부천시 소사본동(소사사거리 부근)",
        "representative_district": "경기 부천시7",
        "member_count": 3,
        "repeat_year_count": 3,
        "source_years": [
          2022,
          2023,
          2024
        ],
        "accidents_total": 22,
        "casualties_total": 25,
        "deaths_total": 3,
        "serious_injuries_total": 19,
        "max_risk_score": 47.0,
        "avg_risk_score": 43.67,
        "risk_level": "medium",
        "risk_level_ko": "주의",
        "high_member_count": 0,
        "center_lng": 126.79510292,
        "center_lat": 37.48144618
      }
    },
    {
      "type": "Feature",
      "geometry": {
        "type": "Point",
        "coordinates": [
          126.74158147,
          37.35251549
        ]
      },
      "properties": {
        "cluster_id": "ped_hotspot_cluster_0254",
        "display_name": "경기 시흥시 정왕동(정왕역 수인분당선 부근)",
        "representative_place_name": "경기 시흥시 정왕동(정왕역 수인분당선 부근)",
        "representative_district": "경기 시흥시1",
        "member_count": 1,
        "repeat_year_count": 1,
        "source_years": [
          2023
        ],
        "accidents_total": 7,
        "casualties_total": 7,
        "deaths_total": 2,
        "serious_injuries_total": 5,
        "max_risk_score": 47.0,
        "avg_risk_score": 47.0,
        "risk_level": "medium",
        "risk_level_ko": "주의",
        "high_member_count": 0,
        "center_lng": 126.74158147,
        "center_lat": 37.35251549
      }
    },
    {
      "type": "Feature",
      "geometry": {
        "type": "Point",
        "coordinates": [
          128.56771572,
          35.88903854
        ]
      },
      "properties": {
        "cluster_id": "ped_hotspot_cluster_0255",
        "display_name": "대구 북구 노원동3가(팔달시장역 대구3호선 부근)",
        "representative_place_name": "대구 북구 노원동3가(팔달시장역 대구3호선 부근)",
        "representative_district": "대구 북구4",
        "member_count": 2,
        "repeat_year_count": 2,
        "source_years": [
          2024,
          2025
        ],
        "accidents_total": 14,
        "casualties_total": 14,
        "deaths_total": 3,
        "serious_injuries_total": 11,
        "max_risk_score": 47.0,
        "avg_risk_score": 44.0,
        "risk_level": "medium",
        "risk_level_ko": "주의",
        "high_member_count": 0,
        "center_lng": 128.56771572,
        "center_lat": 35.88903854
      }
    },
    {
      "type": "Feature",
      "geometry": {
        "type": "Point",
        "coordinates": [
          126.71524681,
          37.46358774
        ]
      },
      "properties": {
        "cluster_id": "ped_hotspot_cluster_0256",
        "display_name": "인천 남동구 간석동(간석자유시장 부근)",
        "representative_place_name": "인천 남동구 간석동(간석자유시장 부근)",
        "representative_district": "인천 남동구1",
        "member_count": 3,
        "repeat_year_count": 3,
        "source_years": [
          2023,
          2024,
          2025
        ],
        "accidents_total": 24,
        "casualties_total": 26,
        "deaths_total": 2,
        "serious_injuries_total": 22,
        "max_risk_score": 47.0,
        "avg_risk_score": 44.67,
        "risk_level": "medium",
        "risk_level_ko": "주의",
        "high_member_count": 0,
        "center_lng": 126.71524681,
        "center_lat": 37.46358774
      }
    },
    {
      "type": "Feature",
      "geometry": {
        "type": "Point",
        "coordinates": [
          126.93135796,
          35.15423878
        ]
      },
      "properties": {
        "cluster_id": "ped_hotspot_cluster_0257",
        "display_name": "광주 동구 산수동(산수오거리 부근)",
        "representative_place_name": "광주 동구 산수동(산수오거리 부근)",
        "representative_district": "광주 동구1",
        "member_count": 1,
        "repeat_year_count": 1,
        "source_years": [
          2024
        ],
        "accidents_total": 7,
        "casualties_total": 7,
        "deaths_total": 2,
        "serious_injuries_total": 5,
        "max_risk_score": 47.0,
        "avg_risk_score": 47.0,
        "risk_level": "medium",
        "risk_level_ko": "주의",
        "high_member_count": 0,
        "center_lng": 126.93135796,
        "center_lat": 35.15423878
      }
    },
    {
      "type": "Feature",
      "geometry": {
        "type": "Point",
        "coordinates": [
          129.3380055,
          35.56202436
        ]
      },
      "properties": {
        "cluster_id": "ped_hotspot_cluster_0258",
        "display_name": "울산 중구 반구동(중울산새마을금고교차로 부근)",
        "representative_place_name": "울산 중구 반구동(중울산새마을금고교차로 부근)",
        "representative_district": "울산 중구1",
        "member_count": 1,
        "repeat_year_count": 1,
        "source_years": [
          2024
        ],
        "accidents_total": 7,
        "casualties_total": 7,
        "deaths_total": 2,
        "serious_injuries_total": 5,
        "max_risk_score": 47.0,
        "avg_risk_score": 47.0,
        "risk_level": "medium",
        "risk_level_ko": "주의",
        "high_member_count": 0,
        "center_lng": 129.3380055,
        "center_lat": 35.56202436
      }
    },
    {
      "type": "Feature",
      "geometry": {
        "type": "Point",
        "coordinates": [
          127.3072308,
          37.65262278
        ]
      },
      "properties": {
        "cluster_id": "ped_hotspot_cluster_0259",
        "display_name": "경기 남양주시 화도읍(송우약국 부근)",
        "representative_place_name": "경기 남양주시 화도읍(송우약국 부근)",
        "representative_district": "경기 남양주시2",
        "member_count": 3,
        "repeat_year_count": 3,
        "source_years": [
          2022,
          2024,
          2025
        ],
        "accidents_total": 22,
        "casualties_total": 23,
        "deaths_total": 3,
        "serious_injuries_total": 19,
        "max_risk_score": 47.0,
        "avg_risk_score": 43.0,
        "risk_level": "medium",
        "risk_level_ko": "주의",
        "high_member_count": 0,
        "center_lng": 127.3072308,
        "center_lat": 37.65262278
      }
    },
    {
      "type": "Feature",
      "geometry": {
        "type": "Point",
        "coordinates": [
          126.90390991,
          37.4786507
        ]
      },
      "properties": {
        "cluster_id": "ped_hotspot_cluster_0260",
        "display_name": "서울 금천구 독산동(독산중앙약국 부근)",
        "representative_place_name": "서울 금천구 독산동(독산중앙약국 부근)",
        "representative_district": "서울 금천구3",
        "member_count": 1,
        "repeat_year_count": 1,
        "source_years": [
          2025
        ],
        "accidents_total": 7,
        "casualties_total": 7,
        "deaths_total": 2,
        "serious_injuries_total": 5,
        "max_risk_score": 47.0,
        "avg_risk_score": 47.0,
        "risk_level": "medium",
        "risk_level_ko": "주의",
        "high_member_count": 0,
        "center_lng": 126.90390991,
        "center_lat": 37.4786507
      }
    },
    {
      "type": "Feature",
      "geometry": {
        "type": "Point",
        "coordinates": [
          126.92202833,
          37.60728561
        ]
      },
      "properties": {
        "cluster_id": "ped_hotspot_cluster_0261",
        "display_name": "서울 은평구 역촌동(역촌역앞교차로 부근)",
        "representative_place_name": "서울특별시 은평구 역촌동(역촌역앞교차로 부근)",
        "representative_district": "서울특별시 은평구3",
        "member_count": 1,
        "repeat_year_count": 1,
        "source_years": [
          2022
        ],
        "accidents_total": 7,
        "casualties_total": 9,
        "deaths_total": 1,
        "serious_injuries_total": 7,
        "max_risk_score": 46.0,
        "avg_risk_score": 46.0,
        "risk_level": "medium",
        "risk_level_ko": "주의",
        "high_member_count": 0,
        "center_lng": 126.92202833,
        "center_lat": 37.60728561
      }
    },
    {
      "type": "Feature",
      "geometry": {
        "type": "Point",
        "coordinates": [
          126.90468229,
          37.48065022
        ]
      },
      "properties": {
        "cluster_id": "ped_hotspot_cluster_0262",
        "display_name": "서울 관악구 신림동(구로전화국앞교차로 부근)",
        "representative_place_name": "서울특별시 관악구 신림동(구로전화국앞교차로 부근)",
        "representative_district": "서울특별시 관악구2",
        "member_count": 1,
        "repeat_year_count": 1,
        "source_years": [
          2022
        ],
        "accidents_total": 9,
        "casualties_total": 10,
        "deaths_total": 0,
        "serious_injuries_total": 9,
        "max_risk_score": 46.0,
        "avg_risk_score": 46.0,
        "risk_level": "medium",
        "risk_level_ko": "주의",
        "high_member_count": 0,
        "center_lng": 126.90468229,
        "center_lat": 37.48065022
      }
    },
    {
      "type": "Feature",
      "geometry": {
        "type": "Point",
        "coordinates": [
          127.00392905,
          37.50616643
        ]
      },
      "properties": {
        "cluster_id": "ped_hotspot_cluster_0263",
        "display_name": "서울 서초구 잠원동(고속터미널역앞교차로 부근)",
        "representative_place_name": "서울특별시 서초구 잠원동(고속터미널역앞교차로 부근)",
        "representative_district": "서울특별시 서초구1",
        "member_count": 3,
        "repeat_year_count": 3,
        "source_years": [
          2022,
          2023,
          2025
        ],
        "accidents_total": 23,
        "casualties_total": 24,
        "deaths_total": 1,
        "serious_injuries_total": 23,
        "max_risk_score": 46.0,
        "avg_risk_score": 41.67,
        "risk_level": "medium",
        "risk_level_ko": "주의",
        "high_member_count": 0,
        "center_lng": 127.00392905,
        "center_lat": 37.50616643
      }
    },
    {
      "type": "Feature",
      "geometry": {
        "type": "Point",
        "coordinates": [
          127.13886186,
          37.53424207
        ]
      },
      "properties": {
        "cluster_id": "ped_hotspot_cluster_0264",
        "display_name": "서울 강동구 길동(길동사거리 부근)",
        "representative_place_name": "서울특별시 강동구 길동(길동사거리 부근)",
        "representative_district": "서울특별시 강동구3",
        "member_count": 2,
        "repeat_year_count": 2,
        "source_years": [
          2022,
          2023
        ],
        "accidents_total": 16,
        "casualties_total": 17,
        "deaths_total": 0,
        "serious_injuries_total": 16,
        "max_risk_score": 46.0,
        "avg_risk_score": 40.5,
        "risk_level": "medium",
        "risk_level_ko": "주의",
        "high_member_count": 0,
        "center_lng": 127.13886186,
        "center_lat": 37.53424207
      }
    },
    {
      "type": "Feature",
      "geometry": {
        "type": "Point",
        "coordinates": [
          127.14075809,
          37.54596097
        ]
      },
      "properties": {
        "cluster_id": "ped_hotspot_cluster_0265",
        "display_name": "서울 강동구 천호동(강동구민회관 부근)",
        "representative_place_name": "서울특별시 강동구 천호동(강동구민회관 부근)",
        "representative_district": "서울특별시 강동구4",
        "member_count": 1,
        "repeat_year_count": 1,
        "source_years": [
          2022
        ],
        "accidents_total": 9,
        "casualties_total": 10,
        "deaths_total": 0,
        "serious_injuries_total": 9,
        "max_risk_score": 46.0,
        "avg_risk_score": 46.0,
        "risk_level": "medium",
        "risk_level_ko": "주의",
        "high_member_count": 0,
        "center_lng": 127.14075809,
        "center_lat": 37.54596097
      }
    },
    {
      "type": "Feature",
      "geometry": {
        "type": "Point",
        "coordinates": [
          129.06264756,
          35.16133815
        ]
      },
      "properties": {
        "cluster_id": "ped_hotspot_cluster_0266",
        "display_name": "부산 부산진구 전포동(부전사거리 부근)",
        "representative_place_name": "부산광역시 부산진구 전포동(부전사거리 부근)",
        "representative_district": "부산광역시 부산진구9",
        "member_count": 3,
        "repeat_year_count": 3,
        "source_years": [
          2022,
          2024,
          2025
        ],
        "accidents_total": 23,
        "casualties_total": 26,
        "deaths_total": 0,
        "serious_injuries_total": 24,
        "max_risk_score": 46.0,
        "avg_risk_score": 40.33,
        "risk_level": "medium",
        "risk_level_ko": "주의",
        "high_member_count": 0,
        "center_lng": 129.06264756,
        "center_lat": 35.16133815
      }
    },
    {
      "type": "Feature",
      "geometry": {
        "type": "Point",
        "coordinates": [
          129.08516915,
          35.20110013
        ]
      },
      "properties": {
        "cluster_id": "ped_hotspot_cluster_0267",
        "display_name": "부산 동래구 수안동(수민동교차로 부근)",
        "representative_place_name": "부산광역시 동래구 수안동(수민동교차로 부근)",
        "representative_district": "부산광역시 동래구2",
        "member_count": 2,
        "repeat_year_count": 2,
        "source_years": [
          2022,
          2023
        ],
        "accidents_total": 15,
        "casualties_total": 15,
        "deaths_total": 2,
        "serious_injuries_total": 13,
        "max_risk_score": 46.0,
        "avg_risk_score": 43.5,
        "risk_level": "medium",
        "risk_level_ko": "주의",
        "high_member_count": 0,
        "center_lng": 129.08516915,
        "center_lat": 35.20110013
      }
    },
    {
      "type": "Feature",
      "geometry": {
        "type": "Point",
        "coordinates": [
          129.0893589,
          35.23083706
        ]
      },
      "properties": {
        "cluster_id": "ped_hotspot_cluster_0268",
        "display_name": "부산 금정구 부곡동(온천2호교동측 부근)",
        "representative_place_name": "부산광역시 금정구 부곡동(온천2호교동측 부근)",
        "representative_district": "부산광역시 금정구2",
        "member_count": 2,
        "repeat_year_count": 2,
        "source_years": [
          2022,
          2023
        ],
        "accidents_total": 17,
        "casualties_total": 18,
        "deaths_total": 0,
        "serious_injuries_total": 17,
        "max_risk_score": 46.0,
        "avg_risk_score": 43.0,
        "risk_level": "medium",
        "risk_level_ko": "주의",
        "high_member_count": 0,
        "center_lng": 129.0893589,
        "center_lat": 35.23083706
      }
    },
    {
      "type": "Feature",
      "geometry": {
        "type": "Point",
        "coordinates": [
          127.12717054,
          37.409993
        ]
      },
      "properties": {
        "cluster_id": "ped_hotspot_cluster_0269",
        "display_name": "경기 성남시 분당구 야탑동(야탑지구대 부근)",
        "representative_place_name": "경기도 성남시 분당구 야탑동(야탑지구대 부근)",
        "representative_district": "경기도 성남시 분당구1",
        "member_count": 1,
        "repeat_year_count": 1,
        "source_years": [
          2022
        ],
        "accidents_total": 8,
        "casualties_total": 8,
        "deaths_total": 1,
        "serious_injuries_total": 7,
        "max_risk_score": 46.0,
        "avg_risk_score": 46.0,
        "risk_level": "medium",
        "risk_level_ko": "주의",
        "high_member_count": 0,
        "center_lng": 127.12717054,
        "center_lat": 37.409993
      }
    },
    {
      "type": "Feature",
      "geometry": {
        "type": "Point",
        "coordinates": [
          127.04821119,
          37.7242885
        ]
      },
      "properties": {
        "cluster_id": "ped_hotspot_cluster_0270",
        "display_name": "경기 의정부시 호원동(회룡교 부근)",
        "representative_place_name": "경기도 의정부시 호원동(회룡교 부근)",
        "representative_district": "경기도 의정부시2",
        "member_count": 1,
        "repeat_year_count": 1,
        "source_years": [
          2022
        ],
        "accidents_total": 8,
        "casualties_total": 8,
        "deaths_total": 1,
        "serious_injuries_total": 7,
        "max_risk_score": 46.0,
        "avg_risk_score": 46.0,
        "risk_level": "medium",
        "risk_level_ko": "주의",
        "high_member_count": 0,
        "center_lng": 127.04821119,
        "center_lat": 37.7242885
      }
    },
    {
      "type": "Feature",
      "geometry": {
        "type": "Point",
        "coordinates": [
          126.7848149,
          37.49270331
        ]
      },
      "properties": {
        "cluster_id": "ped_hotspot_cluster_0271",
        "display_name": "경기 부천시 심곡동(북교사거리 부근)",
        "representative_place_name": "경기도 부천시 심곡동(북교사거리 부근)",
        "representative_district": "경기도 부천시6",
        "member_count": 3,
        "repeat_year_count": 3,
        "source_years": [
          2022,
          2023,
          2024
        ],
        "accidents_total": 23,
        "casualties_total": 23,
        "deaths_total": 3,
        "serious_injuries_total": 20,
        "max_risk_score": 46.0,
        "avg_risk_score": 44.33,
        "risk_level": "medium",
        "risk_level_ko": "주의",
        "high_member_count": 0,
        "center_lng": 126.7848149,
        "center_lat": 37.49270331
      }
    },
    {
      "type": "Feature",
      "geometry": {
        "type": "Point",
        "coordinates": [
          126.8047343,
          37.52345709
        ]
      },
      "properties": {
        "cluster_id": "ped_hotspot_cluster_0272",
        "display_name": "경기 부천시 원종동(원종동사거리 부근)",
        "representative_place_name": "경기도 부천시 원종동(원종동사거리 부근)",
        "representative_district": "경기도 부천시7",
        "member_count": 4,
        "repeat_year_count": 4,
        "source_years": [
          2022,
          2023,
          2024,
          2025
        ],
        "accidents_total": 31,
        "casualties_total": 31,
        "deaths_total": 1,
        "serious_injuries_total": 30,
        "max_risk_score": 46.0,
        "avg_risk_score": 40.25,
        "risk_level": "medium",
        "risk_level_ko": "주의",
        "high_member_count": 0,
        "center_lng": 126.8047343,
        "center_lat": 37.52345709
      }
    },
    {
      "type": "Feature",
      "geometry": {
        "type": "Point",
        "coordinates": [
          126.76767565,
          37.66284561
        ]
      },
      "properties": {
        "cluster_id": "ped_hotspot_cluster_0273",
        "display_name": "경기 고양시 일산동구 장항동(목민교회 부근)",
        "representative_place_name": "경기도 고양시 일산동구 장항동(목민교회 부근)",
        "representative_district": "경기도 고양시 일산동구2",
        "member_count": 2,
        "repeat_year_count": 2,
        "source_years": [
          2022,
          2023
        ],
        "accidents_total": 14,
        "casualties_total": 16,
        "deaths_total": 1,
        "serious_injuries_total": 14,
        "max_risk_score": 46.0,
        "avg_risk_score": 40.5,
        "risk_level": "medium",
        "risk_level_ko": "주의",
        "high_member_count": 0,
        "center_lng": 126.76767565,
        "center_lat": 37.66284561
      }
    },
    {
      "type": "Feature",
      "geometry": {
        "type": "Point",
        "coordinates": [
          126.74731145,
          37.67624341
        ]
      },
      "properties": {
        "cluster_id": "ped_hotspot_cluster_0274",
        "display_name": "경기 고양시 일산서구 대화동(고양종합운동장사거리 부근)",
        "representative_place_name": "경기도 고양시 일산서구 대화동(고양종합운동장사거리 부근)",
        "representative_district": "경기도 고양시 일산서구1",
        "member_count": 1,
        "repeat_year_count": 1,
        "source_years": [
          2022
        ],
        "accidents_total": 8,
        "casualties_total": 8,
        "deaths_total": 1,
        "serious_injuries_total": 7,
        "max_risk_score": 46.0,
        "avg_risk_score": 46.0,
        "risk_level": "medium",
        "risk_level_ko": "주의",
        "high_member_count": 0,
        "center_lng": 126.74731145,
        "center_lat": 37.67624341
      }
    },
    {
      "type": "Feature",
      "geometry": {
        "type": "Point",
        "coordinates": [
          127.1336453,
          37.60820514
        ]
      },
      "properties": {
        "cluster_id": "ped_hotspot_cluster_0275",
        "display_name": "경기 구리시 인창동(수협은행구리지점 부근)",
        "representative_place_name": "경기도 구리시 인창동(수협은행구리지점 부근)",
        "representative_district": "경기도 구리시1",
        "member_count": 2,
        "repeat_year_count": 2,
        "source_years": [
          2022,
          2023
        ],
        "accidents_total": 16,
        "casualties_total": 16,
        "deaths_total": 2,
        "serious_injuries_total": 14,
        "max_risk_score": 46.0,
        "avg_risk_score": 46.0,
        "risk_level": "medium",
        "risk_level_ko": "주의",
        "high_member_count": 0,
        "center_lng": 127.1336453,
        "center_lat": 37.60820514
      }
    },
    {
      "type": "Feature",
      "geometry": {
        "type": "Point",
        "coordinates": [
          126.95784456,
          35.95038285
        ]
      },
      "properties": {
        "cluster_id": "ped_hotspot_cluster_0276",
        "display_name": "전라북도 익산시 남중동(라인축산 부근)",
        "representative_place_name": "전라북도 익산시 남중동(라인축산 부근)",
        "representative_district": "전라북도 익산시1",
        "member_count": 1,
        "repeat_year_count": 1,
        "source_years": [
          2022
        ],
        "accidents_total": 8,
        "casualties_total": 8,
        "deaths_total": 1,
        "serious_injuries_total": 7,
        "max_risk_score": 46.0,
        "avg_risk_score": 46.0,
        "risk_level": "medium",
        "risk_level_ko": "주의",
        "high_member_count": 0,
        "center_lng": 126.95784456,
        "center_lat": 35.95038285
      }
    },
    {
      "type": "Feature",
      "geometry": {
        "type": "Point",
        "coordinates": [
          126.85441506,
          35.56582224
        ]
      },
      "properties": {
        "cluster_id": "ped_hotspot_cluster_0277",
        "display_name": "전라북도 정읍시 수성동(정읍원예농협 부근)",
        "representative_place_name": "전라북도 정읍시 수성동(정읍원예농협 부근)",
        "representative_district": "전라북도 정읍시1",
        "member_count": 2,
        "repeat_year_count": 2,
        "source_years": [
          2022,
          2023
        ],
        "accidents_total": 15,
        "casualties_total": 15,
        "deaths_total": 1,
        "serious_injuries_total": 14,
        "max_risk_score": 46.0,
        "avg_risk_score": 40.5,
        "risk_level": "medium",
        "risk_level_ko": "주의",
        "high_member_count": 0,
        "center_lng": 126.85441506,
        "center_lat": 35.56582224
      }
    },
    {
      "type": "Feature",
      "geometry": {
        "type": "Point",
        "coordinates": [
          127.7430379,
          34.74580259
        ]
      },
      "properties": {
        "cluster_id": "ped_hotspot_cluster_0278",
        "display_name": "전남 여수시 공화동(공화동사거리 부근)",
        "representative_place_name": "전라남도 여수시 공화동(공화동사거리 부근)",
        "representative_district": "전라남도 여수시3",
        "member_count": 1,
        "repeat_year_count": 1,
        "source_years": [
          2022
        ],
        "accidents_total": 7,
        "casualties_total": 9,
        "deaths_total": 1,
        "serious_injuries_total": 7,
        "max_risk_score": 46.0,
        "avg_risk_score": 46.0,
        "risk_level": "medium",
        "risk_level_ko": "주의",
        "high_member_count": 0,
        "center_lng": 127.7430379,
        "center_lat": 34.74580259
      }
    },
    {
      "type": "Feature",
      "geometry": {
        "type": "Point",
        "coordinates": [
          128.39896357,
          35.99656454
        ]
      },
      "properties": {
        "cluster_id": "ped_hotspot_cluster_0279",
        "display_name": "경상북도 칠곡군 왜관읍(왜관지하도서측 부근)",
        "representative_place_name": "경상북도 칠곡군 왜관읍(왜관지하도서측 부근)",
        "representative_district": "경상북도 칠곡군1",
        "member_count": 1,
        "repeat_year_count": 1,
        "source_years": [
          2022
        ],
        "accidents_total": 8,
        "casualties_total": 8,
        "deaths_total": 1,
        "serious_injuries_total": 7,
        "max_risk_score": 46.0,
        "avg_risk_score": 46.0,
        "risk_level": "medium",
        "risk_level_ko": "주의",
        "high_member_count": 0,
        "center_lng": 128.39896357,
        "center_lat": 35.99656454
      }
    },
    {
      "type": "Feature",
      "geometry": {
        "type": "Point",
        "coordinates": [
          128.4309784,
          34.84562083
        ]
      },
      "properties": {
        "cluster_id": "ped_hotspot_cluster_0280",
        "display_name": "경상남도 통영시 정량동(에스케이텔레콤입구 부근)",
        "representative_place_name": "경상남도 통영시 정량동(에스케이텔레콤입구 부근)",
        "representative_district": "경상남도 통영시1",
        "member_count": 4,
        "repeat_year_count": 4,
        "source_years": [
          2022,
          2023,
          2024,
          2025
        ],
        "accidents_total": 32,
        "casualties_total": 33,
        "deaths_total": 2,
        "serious_injuries_total": 30,
        "max_risk_score": 46.0,
        "avg_risk_score": 43.25,
        "risk_level": "medium",
        "risk_level_ko": "주의",
        "high_member_count": 0,
        "center_lng": 128.4309784,
        "center_lat": 34.84562083
      }
    },
    {
      "type": "Feature",
      "geometry": {
        "type": "Point",
        "coordinates": [
          127.02366305,
          37.57524375
        ]
      },
      "properties": {
        "cluster_id": "ped_hotspot_cluster_0281",
        "display_name": "서울 동대문구 신설동(신설동역교차로 부근)",
        "representative_place_name": "서울 동대문구 신설동(신설동역교차로 부근)",
        "representative_district": "서울 동대문구10",
        "member_count": 3,
        "repeat_year_count": 3,
        "source_years": [
          2022,
          2023,
          2024
        ],
        "accidents_total": 23,
        "casualties_total": 25,
        "deaths_total": 0,
        "serious_injuries_total": 23,
        "max_risk_score": 46.0,
        "avg_risk_score": 39.0,
        "risk_level": "medium",
        "risk_level_ko": "주의",
        "high_member_count": 0,
        "center_lng": 127.02366305,
        "center_lat": 37.57524375
      }
    },
    {
      "type": "Feature",
      "geometry": {
        "type": "Point",
        "coordinates": [
          126.87441262,
          37.54665625
        ]
      },
      "properties": {
        "cluster_id": "ped_hotspot_cluster_0282",
        "display_name": "서울 양천구 목동(염창역 부근)",
        "representative_place_name": "서울 양천구 목동(염창역 부근)",
        "representative_district": "서울 양천구7",
        "member_count": 2,
        "repeat_year_count": 2,
        "source_years": [
          2023,
          2024
        ],
        "accidents_total": 15,
        "casualties_total": 15,
        "deaths_total": 1,
        "serious_injuries_total": 14,
        "max_risk_score": 46.0,
        "avg_risk_score": 40.5,
        "risk_level": "medium",
        "risk_level_ko": "주의",
        "high_member_count": 0,
        "center_lng": 126.87441262,
        "center_lat": 37.54665625
      }
    },
    {
      "type": "Feature",
      "geometry": {
        "type": "Point",
        "coordinates": [
          126.96662915,
          37.47442784
        ]
      },
      "properties": {
        "cluster_id": "ped_hotspot_cluster_0283",
        "display_name": "서울 관악구 봉천동(서울어린이집 부근)",
        "representative_place_name": "서울 관악구 봉천동(서울어린이집 부근)",
        "representative_district": "서울 관악구2",
        "member_count": 4,
        "repeat_year_count": 4,
        "source_years": [
          2022,
          2023,
          2024,
          2025
        ],
        "accidents_total": 32,
        "casualties_total": 34,
        "deaths_total": 0,
        "serious_injuries_total": 32,
        "max_risk_score": 46.0,
        "avg_risk_score": 40.5,
        "risk_level": "medium",
        "risk_level_ko": "주의",
        "high_member_count": 0,
        "center_lng": 126.96662915,
        "center_lat": 37.47442784
      }
    },
    {
      "type": "Feature",
      "geometry": {
        "type": "Point",
        "coordinates": [
          129.06016281,
          35.19804848
        ]
      },
      "properties": {
        "cluster_id": "ped_hotspot_cluster_0284",
        "display_name": "부산 동래구 사직동(사직사거리 부근)",
        "representative_place_name": "부산 동래구 사직동(사직사거리 부근)",
        "representative_district": "부산 동래구2",
        "member_count": 2,
        "repeat_year_count": 2,
        "source_years": [
          2022,
          2023
        ],
        "accidents_total": 17,
        "casualties_total": 19,
        "deaths_total": 0,
        "serious_injuries_total": 17,
        "max_risk_score": 46.0,
        "avg_risk_score": 43.5,
        "risk_level": "medium",
        "risk_level_ko": "주의",
        "high_member_count": 0,
        "center_lng": 129.06016281,
        "center_lat": 35.19804848
      }
    },
    {
      "type": "Feature",
      "geometry": {
        "type": "Point",
        "coordinates": [
          128.9711713,
          35.05706736
        ]
      },
      "properties": {
        "cluster_id": "ped_hotspot_cluster_0285",
        "display_name": "부산 사하구 다대동(다대농협사거리 부근)",
        "representative_place_name": "부산 사하구 다대동(다대농협사거리 부근)",
        "representative_district": "부산 사하구6",
        "member_count": 2,
        "repeat_year_count": 2,
        "source_years": [
          2022,
          2023
        ],
        "accidents_total": 15,
        "casualties_total": 15,
        "deaths_total": 1,
        "serious_injuries_total": 14,
        "max_risk_score": 46.0,
        "avg_risk_score": 40.5,
        "risk_level": "medium",
        "risk_level_ko": "주의",
        "high_member_count": 0,
        "center_lng": 128.9711713,
        "center_lat": 35.05706736
      }
    },
    {
      "type": "Feature",
      "geometry": {
        "type": "Point",
        "coordinates": [
          129.10089904,
          35.21567252
        ]
      },
      "properties": {
        "cluster_id": "ped_hotspot_cluster_0286",
        "display_name": "부산 금정구 서동(서3치안센터 부근)",
        "representative_place_name": "부산 금정구 서동(서3치안센터 부근)",
        "representative_district": "부산 금정구4",
        "member_count": 2,
        "repeat_year_count": 2,
        "source_years": [
          2022,
          2023
        ],
        "accidents_total": 16,
        "casualties_total": 17,
        "deaths_total": 0,
        "serious_injuries_total": 16,
        "max_risk_score": 46.0,
        "avg_risk_score": 40.5,
        "risk_level": "medium",
        "risk_level_ko": "주의",
        "high_member_count": 0,
        "center_lng": 129.10089904,
        "center_lat": 35.21567252
      }
    },
    {
      "type": "Feature",
      "geometry": {
        "type": "Point",
        "coordinates": [
          126.84377719,
          37.61876401
        ]
      },
      "properties": {
        "cluster_id": "ped_hotspot_cluster_0287",
        "display_name": "경기 고양시 덕양구 행신동(가라뫼사거리 부근)",
        "representative_place_name": "경기 고양시 덕양구 행신동(가라뫼사거리 부근)",
        "representative_district": "경기 고양시 덕양구2",
        "member_count": 3,
        "repeat_year_count": 3,
        "source_years": [
          2022,
          2023,
          2024
        ],
        "accidents_total": 24,
        "casualties_total": 26,
        "deaths_total": 0,
        "serious_injuries_total": 24,
        "max_risk_score": 46.0,
        "avg_risk_score": 40.67,
        "risk_level": "medium",
        "risk_level_ko": "주의",
        "high_member_count": 0,
        "center_lng": 126.84377719,
        "center_lat": 37.61876401
      }
    },
    {
      "type": "Feature",
      "geometry": {
        "type": "Point",
        "coordinates": [
          126.29778348,
          36.75319342
        ]
      },
      "properties": {
        "cluster_id": "ped_hotspot_cluster_0288",
        "display_name": "충남 태안군 태안읍 동문리(메꿀레분식 부근)",
        "representative_place_name": "충남 태안군 태안읍 동문리(메꿀레분식 부근)",
        "representative_district": "충남 태안군1",
        "member_count": 4,
        "repeat_year_count": 4,
        "source_years": [
          2022,
          2023,
          2024,
          2025
        ],
        "accidents_total": 31,
        "casualties_total": 32,
        "deaths_total": 1,
        "serious_injuries_total": 30,
        "max_risk_score": 46.0,
        "avg_risk_score": 40.5,
        "risk_level": "medium",
        "risk_level_ko": "주의",
        "high_member_count": 0,
        "center_lng": 126.29778348,
        "center_lat": 36.75319342
      }
    },
    {
      "type": "Feature",
      "geometry": {
        "type": "Point",
        "coordinates": [
          127.48436875,
          34.96043252
        ]
      },
      "properties": {
        "cluster_id": "ped_hotspot_cluster_0289",
        "display_name": "전남 순천시 매곡동(진실한교회 부근)",
        "representative_place_name": "전남 순천시 매곡동(진실한교회 부근)",
        "representative_district": "전남 순천시1",
        "member_count": 3,
        "repeat_year_count": 3,
        "source_years": [
          2022,
          2023,
          2024
        ],
        "accidents_total": 22,
        "casualties_total": 22,
        "deaths_total": 2,
        "serious_injuries_total": 20,
        "max_risk_score": 46.0,
        "avg_risk_score": 40.67,
        "risk_level": "medium",
        "risk_level_ko": "주의",
        "high_member_count": 0,
        "center_lng": 127.48436875,
        "center_lat": 34.96043252
      }
    },
    {
      "type": "Feature",
      "geometry": {
        "type": "Point",
        "coordinates": [
          126.25402769,
          33.22163321
        ]
      },
      "properties": {
        "cluster_id": "ped_hotspot_cluster_0290",
        "display_name": "제주 서귀포시 대정읍 하모리(모슬포중앙시장 부근)",
        "representative_place_name": "제주 서귀포시 대정읍 하모리(모슬포중앙시장 부근)",
        "representative_district": "제주 서귀포시4",
        "member_count": 3,
        "repeat_year_count": 3,
        "source_years": [
          2022,
          2023,
          2024
        ],
        "accidents_total": 23,
        "casualties_total": 23,
        "deaths_total": 3,
        "serious_injuries_total": 20,
        "max_risk_score": 46.0,
        "avg_risk_score": 44.33,
        "risk_level": "medium",
        "risk_level_ko": "주의",
        "high_member_count": 0,
        "center_lng": 126.25402769,
        "center_lat": 33.22163321
      }
    },
    {
      "type": "Feature",
      "geometry": {
        "type": "Point",
        "coordinates": [
          127.03754637,
          37.57625815
        ]
      },
      "properties": {
        "cluster_id": "ped_hotspot_cluster_0291",
        "display_name": "서울 동대문구 용두동(용신동주민센터 부근)",
        "representative_place_name": "서울 동대문구 용두동(용신동주민센터 부근)",
        "representative_district": "서울 동대문구6",
        "member_count": 3,
        "repeat_year_count": 3,
        "source_years": [
          2022,
          2023,
          2024
        ],
        "accidents_total": 22,
        "casualties_total": 22,
        "deaths_total": 3,
        "serious_injuries_total": 19,
        "max_risk_score": 46.0,
        "avg_risk_score": 42.67,
        "risk_level": "medium",
        "risk_level_ko": "주의",
        "high_member_count": 0,
        "center_lng": 127.03754637,
        "center_lat": 37.57625815
      }
    },
    {
      "type": "Feature",
      "geometry": {
        "type": "Point",
        "coordinates": [
          127.02948857,
          37.64159732
        ]
      },
      "properties": {
        "cluster_id": "ped_hotspot_cluster_0292",
        "display_name": "서울 강북구 번동(구립번1동어린이집 부근)",
        "representative_place_name": "서울 강북구 번동(구립번1동어린이집 부근)",
        "representative_district": "서울 강북구5",
        "member_count": 3,
        "repeat_year_count": 3,
        "source_years": [
          2022,
          2023,
          2024
        ],
        "accidents_total": 22,
        "casualties_total": 24,
        "deaths_total": 3,
        "serious_injuries_total": 21,
        "max_risk_score": 46.0,
        "avg_risk_score": 45.33,
        "risk_level": "medium",
        "risk_level_ko": "주의",
        "high_member_count": 0,
        "center_lng": 127.02948857,
        "center_lat": 37.64159732
      }
    },
    {
      "type": "Feature",
      "geometry": {
        "type": "Point",
        "coordinates": [
          129.01316056,
          35.14953453
        ]
      },
      "properties": {
        "cluster_id": "ped_hotspot_cluster_0293",
        "display_name": "부산 사상구 주례동(부일약국 부근)",
        "representative_place_name": "부산 사상구 주례동(부일약국 부근)",
        "representative_district": "부산 사상구2",
        "member_count": 2,
        "repeat_year_count": 2,
        "source_years": [
          2024,
          2025
        ],
        "accidents_total": 14,
        "casualties_total": 17,
        "deaths_total": 2,
        "serious_injuries_total": 14,
        "max_risk_score": 46.0,
        "avg_risk_score": 45.5,
        "risk_level": "medium",
        "risk_level_ko": "주의",
        "high_member_count": 0,
        "center_lng": 129.01316056,
        "center_lat": 35.14953453
      }
    },
    {
      "type": "Feature",
      "geometry": {
        "type": "Point",
        "coordinates": [
          128.54873412,
          35.9324186
        ]
      },
      "properties": {
        "cluster_id": "ped_hotspot_cluster_0294",
        "display_name": "대구 북구 읍내동(칠곡네거리 부근)",
        "representative_place_name": "대구 북구 읍내동(칠곡네거리 부근)",
        "representative_district": "대구 북구1",
        "member_count": 2,
        "repeat_year_count": 2,
        "source_years": [
          2022,
          2024
        ],
        "accidents_total": 16,
        "casualties_total": 16,
        "deaths_total": 1,
        "serious_injuries_total": 15,
        "max_risk_score": 46.0,
        "avg_risk_score": 43.0,
        "risk_level": "medium",
        "risk_level_ko": "주의",
        "high_member_count": 0,
        "center_lng": 128.54873412,
        "center_lat": 35.9324186
      }
    },
    {
      "type": "Feature",
      "geometry": {
        "type": "Point",
        "coordinates": [
          127.43351175,
          36.33038629
        ]
      },
      "properties": {
        "cluster_id": "ped_hotspot_cluster_0295",
        "display_name": "대전 동구 정동(대전역지구대 부근)",
        "representative_place_name": "대전 동구 정동(대전역지구대 부근)",
        "representative_district": "대전 동구2",
        "member_count": 3,
        "repeat_year_count": 3,
        "source_years": [
          2023,
          2024,
          2025
        ],
        "accidents_total": 24,
        "casualties_total": 28,
        "deaths_total": 0,
        "serious_injuries_total": 26,
        "max_risk_score": 46.0,
        "avg_risk_score": 43.33,
        "risk_level": "medium",
        "risk_level_ko": "주의",
        "high_member_count": 0,
        "center_lng": 127.43351175,
        "center_lat": 36.33038629
      }
    },
    {
      "type": "Feature",
      "geometry": {
        "type": "Point",
        "coordinates": [
          127.00639804,
          37.28236701
        ]
      },
      "properties": {
        "cluster_id": "ped_hotspot_cluster_0296",
        "display_name": "경기 수원시 팔달구 화서동(경기도지사공관교차로 부근)",
        "representative_place_name": "경기 수원시 팔달구 화서동(경기도지사공관교차로 부근)",
        "representative_district": "경기 수원시 팔달구3",
        "member_count": 3,
        "repeat_year_count": 3,
        "source_years": [
          2023,
          2024,
          2025
        ],
        "accidents_total": 22,
        "casualties_total": 23,
        "deaths_total": 3,
        "serious_injuries_total": 19,
        "max_risk_score": 46.0,
        "avg_risk_score": 43.0,
        "risk_level": "medium",
        "risk_level_ko": "주의",
        "high_member_count": 0,
        "center_lng": 127.00639804,
        "center_lat": 37.28236701
      }
    },
    {
      "type": "Feature",
      "geometry": {
        "type": "Point",
        "coordinates": [
          127.08696184,
          36.99241
        ]
      },
      "properties": {
        "cluster_id": "ped_hotspot_cluster_0297",
        "display_name": "경기 평택시 평택동(영진약국 부근)",
        "representative_place_name": "경기 평택시 평택동(영진약국 부근)",
        "representative_district": "경기 평택시3",
        "member_count": 3,
        "repeat_year_count": 3,
        "source_years": [
          2023,
          2024,
          2025
        ],
        "accidents_total": 25,
        "casualties_total": 25,
        "deaths_total": 2,
        "serious_injuries_total": 23,
        "max_risk_score": 46.0,
        "avg_risk_score": 45.67,
        "risk_level": "medium",
        "risk_level_ko": "주의",
        "high_member_count": 0,
        "center_lng": 127.08696184,
        "center_lat": 36.99241
      }
    },
    {
      "type": "Feature",
      "geometry": {
        "type": "Point",
        "coordinates": [
          127.58241249,
          36.78421826
        ]
      },
      "properties": {
        "cluster_id": "ped_hotspot_cluster_0298",
        "display_name": "충북 증평군 증평읍(우정약국 부근)",
        "representative_place_name": "충북 증평군 증평읍(우정약국 부근)",
        "representative_district": "충북 증평군1",
        "member_count": 3,
        "repeat_year_count": 3,
        "source_years": [
          2022,
          2024,
          2025
        ],
        "accidents_total": 23,
        "casualties_total": 23,
        "deaths_total": 2,
        "serious_injuries_total": 21,
        "max_risk_score": 46.0,
        "avg_risk_score": 42.33,
        "risk_level": "medium",
        "risk_level_ko": "주의",
        "high_member_count": 0,
        "center_lng": 127.58241249,
        "center_lat": 36.78421826
      }
    },
    {
      "type": "Feature",
      "geometry": {
        "type": "Point",
        "coordinates": [
          129.55209332,
          35.98858992
        ]
      },
      "properties": {
        "cluster_id": "ped_hotspot_cluster_0299",
        "display_name": "경북 포항시 남구 구룡포읍(구룡포파출소 부근)",
        "representative_place_name": "경북 포항시 남구 구룡포읍(구룡포파출소 부근)",
        "representative_district": "경북 포항시 남구1",
        "member_count": 2,
        "repeat_year_count": 2,
        "source_years": [
          2024,
          2025
        ],
        "accidents_total": 15,
        "casualties_total": 15,
        "deaths_total": 1,
        "serious_injuries_total": 14,
        "max_risk_score": 46.0,
        "avg_risk_score": 40.5,
        "risk_level": "medium",
        "risk_level_ko": "주의",
        "high_member_count": 0,
        "center_lng": 129.55209332,
        "center_lat": 35.98858992
      }
    },
    {
      "type": "Feature",
      "geometry": {
        "type": "Point",
        "coordinates": [
          128.16184015,
          35.56783041
        ]
      },
      "properties": {
        "cluster_id": "ped_hotspot_cluster_0300",
        "display_name": "경남 합천군 합천읍(시장사거리 부근)",
        "representative_place_name": "경남 합천군 합천읍(시장사거리 부근)",
        "representative_district": "경남 합천군1",
        "member_count": 3,
        "repeat_year_count": 3,
        "source_years": [
          2023,
          2024,
          2025
        ],
        "accidents_total": 23,
        "casualties_total": 23,
        "deaths_total": 2,
        "serious_injuries_total": 21,
        "max_risk_score": 46.0,
        "avg_risk_score": 42.33,
        "risk_level": "medium",
        "risk_level_ko": "주의",
        "high_member_count": 0,
        "center_lng": 128.16184015,
        "center_lat": 35.56783041
      }
    },
    {
      "type": "Feature",
      "geometry": {
        "type": "Point",
        "coordinates": [
          126.93598438,
          37.5555253
        ]
      },
      "properties": {
        "cluster_id": "ped_hotspot_cluster_0301",
        "display_name": "서울 서대문구 창천동(신촌1번약국 부근)",
        "representative_place_name": "서울 서대문구 창천동(신촌1번약국 부근)",
        "representative_district": "서울 서대문구2",
        "member_count": 1,
        "repeat_year_count": 1,
        "source_years": [
          2025
        ],
        "accidents_total": 8,
        "casualties_total": 8,
        "deaths_total": 1,
        "serious_injuries_total": 7,
        "max_risk_score": 46.0,
        "avg_risk_score": 46.0,
        "risk_level": "medium",
        "risk_level_ko": "주의",
        "high_member_count": 0,
        "center_lng": 126.93598438,
        "center_lat": 37.5555253
      }
    },
    {
      "type": "Feature",
      "geometry": {
        "type": "Point",
        "coordinates": [
          126.89388914,
          37.4742269
        ]
      },
      "properties": {
        "cluster_id": "ped_hotspot_cluster_0302",
        "display_name": "서울 금천구 가산동(진도식당 부근)",
        "representative_place_name": "서울 금천구 가산동(진도식당 부근)",
        "representative_district": "서울 금천구2",
        "member_count": 1,
        "repeat_year_count": 1,
        "source_years": [
          2025
        ],
        "accidents_total": 8,
        "casualties_total": 8,
        "deaths_total": 1,
        "serious_injuries_total": 7,
        "max_risk_score": 46.0,
        "avg_risk_score": 46.0,
        "risk_level": "medium",
        "risk_level_ko": "주의",
        "high_member_count": 0,
        "center_lng": 126.89388914,
        "center_lat": 37.4742269
      }
    },
    {
      "type": "Feature",
      "geometry": {
        "type": "Point",
        "coordinates": [
          126.72381607,
          37.49254777
        ]
      },
      "properties": {
        "cluster_id": "ped_hotspot_cluster_0303",
        "display_name": "인천 부평구 부평동(부흥119안전센터 부근)",
        "representative_place_name": "인천 부평구 부평동(부흥119안전센터 부근)",
        "representative_district": "인천 부평구1",
        "member_count": 1,
        "repeat_year_count": 1,
        "source_years": [
          2025
        ],
        "accidents_total": 8,
        "casualties_total": 8,
        "deaths_total": 1,
        "serious_injuries_total": 7,
        "max_risk_score": 46.0,
        "avg_risk_score": 46.0,
        "risk_level": "medium",
        "risk_level_ko": "주의",
        "high_member_count": 0,
        "center_lng": 126.72381607,
        "center_lat": 37.49254777
      }
    },
    {
      "type": "Feature",
      "geometry": {
        "type": "Point",
        "coordinates": [
          126.66014011,
          37.60236848
        ]
      },
      "properties": {
        "cluster_id": "ped_hotspot_cluster_0304",
        "display_name": "인천 서구 마전동(사랑온누리약국 부근)",
        "representative_place_name": "인천 서구 마전동(사랑온누리약국 부근)",
        "representative_district": "인천 서구1",
        "member_count": 1,
        "repeat_year_count": 1,
        "source_years": [
          2025
        ],
        "accidents_total": 8,
        "casualties_total": 8,
        "deaths_total": 1,
        "serious_injuries_total": 7,
        "max_risk_score": 46.0,
        "avg_risk_score": 46.0,
        "risk_level": "medium",
        "risk_level_ko": "주의",
        "high_member_count": 0,
        "center_lng": 126.66014011,
        "center_lat": 37.60236848
      }
    },
    {
      "type": "Feature",
      "geometry": {
        "type": "Point",
        "coordinates": [
          127.003792,
          37.27902809
        ]
      },
      "properties": {
        "cluster_id": "ped_hotspot_cluster_0305",
        "display_name": "경기 수원시 팔달구 화서동(화서사거리 부근)",
        "representative_place_name": "경기 수원시 팔달구 화서동(화서사거리 부근)",
        "representative_district": "경기 수원시 팔달구2",
        "member_count": 2,
        "repeat_year_count": 2,
        "source_years": [
          2024,
          2025
        ],
        "accidents_total": 15,
        "casualties_total": 15,
        "deaths_total": 2,
        "serious_injuries_total": 13,
        "max_risk_score": 46.0,
        "avg_risk_score": 43.5,
        "risk_level": "medium",
        "risk_level_ko": "주의",
        "high_member_count": 0,
        "center_lng": 127.003792,
        "center_lat": 37.27902809
      }
    },
    {
      "type": "Feature",
      "geometry": {
        "type": "Point",
        "coordinates": [
          127.06335094,
          37.06661621
        ]
      },
      "properties": {
        "cluster_id": "ped_hotspot_cluster_0306",
        "display_name": "경기 평택시 서정동(송탄출장소사거리 부근)",
        "representative_place_name": "경기 평택시 서정동(송탄출장소사거리 부근)",
        "representative_district": "경기 평택시2",
        "member_count": 2,
        "repeat_year_count": 2,
        "source_years": [
          2022,
          2025
        ],
        "accidents_total": 15,
        "casualties_total": 15,
        "deaths_total": 1,
        "serious_injuries_total": 14,
        "max_risk_score": 46.0,
        "avg_risk_score": 40.5,
        "risk_level": "medium",
        "risk_level_ko": "주의",
        "high_member_count": 0,
        "center_lng": 127.06335094,
        "center_lat": 37.06661621
      }
    },
    {
      "type": "Feature",
      "geometry": {
        "type": "Point",
        "coordinates": [
          127.15249533,
          36.79902635
        ]
      },
      "properties": {
        "cluster_id": "ped_hotspot_cluster_0307",
        "display_name": "충남 천안시 동남구 영성동(메콩쌀국수 부근)",
        "representative_place_name": "충남 천안시 동남구 영성동(메콩쌀국수 부근)",
        "representative_district": "충남 천안시 동남구2",
        "member_count": 1,
        "repeat_year_count": 1,
        "source_years": [
          2025
        ],
        "accidents_total": 8,
        "casualties_total": 8,
        "deaths_total": 1,
        "serious_injuries_total": 7,
        "max_risk_score": 46.0,
        "avg_risk_score": 46.0,
        "risk_level": "medium",
        "risk_level_ko": "주의",
        "high_member_count": 0,
        "center_lng": 127.15249533,
        "center_lat": 36.79902635
      }
    },
    {
      "type": "Feature",
      "geometry": {
        "type": "Point",
        "coordinates": [
          126.9187341,
          37.6229527
        ]
      },
      "properties": {
        "cluster_id": "ped_hotspot_cluster_0308",
        "display_name": "서울 은평구 갈현동(갈현사안경나라 부근)",
        "representative_place_name": "서울특별시 은평구 갈현동(갈현사안경나라 부근)",
        "representative_district": "서울특별시 은평구4",
        "member_count": 1,
        "repeat_year_count": 1,
        "source_years": [
          2022
        ],
        "accidents_total": 7,
        "casualties_total": 8,
        "deaths_total": 1,
        "serious_injuries_total": 7,
        "max_risk_score": 45.0,
        "avg_risk_score": 45.0,
        "risk_level": "medium",
        "risk_level_ko": "주의",
        "high_member_count": 0,
        "center_lng": 126.9187341,
        "center_lat": 37.6229527
      }
    },
    {
      "type": "Feature",
      "geometry": {
        "type": "Point",
        "coordinates": [
          126.90337812,
          37.4739736
        ]
      },
      "properties": {
        "cluster_id": "ped_hotspot_cluster_0309",
        "display_name": "서울 금천구 독산동(gs25시 부근)",
        "representative_place_name": "서울특별시 금천구 독산동(gs25시 부근)",
        "representative_district": "서울특별시 금천구2",
        "member_count": 1,
        "repeat_year_count": 1,
        "source_years": [
          2022
        ],
        "accidents_total": 8,
        "casualties_total": 10,
        "deaths_total": 0,
        "serious_injuries_total": 9,
        "max_risk_score": 45.0,
        "avg_risk_score": 45.0,
        "risk_level": "medium",
        "risk_level_ko": "주의",
        "high_member_count": 0,
        "center_lng": 126.90337812,
        "center_lat": 37.4739736
      }
    },
    {
      "type": "Feature",
      "geometry": {
        "type": "Point",
        "coordinates": [
          129.15838077,
          35.16323986
        ]
      },
      "properties": {
        "cluster_id": "ped_hotspot_cluster_0310",
        "display_name": "부산 해운대구 우동(해운대역 부근)",
        "representative_place_name": "부산광역시 해운대구 우동(해운대역 부근)",
        "representative_district": "부산광역시 해운대구2",
        "member_count": 2,
        "repeat_year_count": 2,
        "source_years": [
          2022,
          2025
        ],
        "accidents_total": 14,
        "casualties_total": 15,
        "deaths_total": 1,
        "serious_injuries_total": 14,
        "max_risk_score": 45.0,
        "avg_risk_score": 40.0,
        "risk_level": "medium",
        "risk_level_ko": "주의",
        "high_member_count": 0,
        "center_lng": 129.15838077,
        "center_lat": 35.16323986
      }
    },
    {
      "type": "Feature",
      "geometry": {
        "type": "Point",
        "coordinates": [
          129.11405648,
          35.1673282
        ]
      },
      "properties": {
        "cluster_id": "ped_hotspot_cluster_0311",
        "display_name": "부산 수영구 광안동(수영교차로 부근)",
        "representative_place_name": "부산광역시 수영구 광안동(수영교차로 부근)",
        "representative_district": "부산광역시 수영구2",
        "member_count": 2,
        "repeat_year_count": 2,
        "source_years": [
          2022,
          2025
        ],
        "accidents_total": 16,
        "casualties_total": 17,
        "deaths_total": 1,
        "serious_injuries_total": 16,
        "max_risk_score": 45.0,
        "avg_risk_score": 45.0,
        "risk_level": "medium",
        "risk_level_ko": "주의",
        "high_member_count": 0,
        "center_lng": 129.11405648,
        "center_lat": 35.1673282
      }
    },
    {
      "type": "Feature",
      "geometry": {
        "type": "Point",
        "coordinates": [
          126.66898668,
          37.46426067
        ]
      },
      "properties": {
        "cluster_id": "ped_hotspot_cluster_0312",
        "display_name": "인천광역시 미추홀구 도화동(도화초교사거리 부근)",
        "representative_place_name": "인천광역시 미추홀구 도화동(도화초교사거리 부근)",
        "representative_district": "인천광역시 미추홀구1",
        "member_count": 2,
        "repeat_year_count": 2,
        "source_years": [
          2022,
          2023
        ],
        "accidents_total": 15,
        "casualties_total": 19,
        "deaths_total": 0,
        "serious_injuries_total": 17,
        "max_risk_score": 45.0,
        "avg_risk_score": 42.5,
        "risk_level": "medium",
        "risk_level_ko": "주의",
        "high_member_count": 0,
        "center_lng": 126.66898668,
        "center_lat": 37.46426067
      }
    },
    {
      "type": "Feature",
      "geometry": {
        "type": "Point",
        "coordinates": [
          127.05068996,
          37.73899589
        ]
      },
      "properties": {
        "cluster_id": "ped_hotspot_cluster_0313",
        "display_name": "경기 의정부시 의정부동(송산교차로 부근)",
        "representative_place_name": "경기도 의정부시 의정부동(송산교차로 부근)",
        "representative_district": "경기도 의정부시1",
        "member_count": 3,
        "repeat_year_count": 3,
        "source_years": [
          2022,
          2023,
          2024
        ],
        "accidents_total": 23,
        "casualties_total": 23,
        "deaths_total": 0,
        "serious_injuries_total": 23,
        "max_risk_score": 45.0,
        "avg_risk_score": 38.33,
        "risk_level": "medium",
        "risk_level_ko": "주의",
        "high_member_count": 0,
        "center_lng": 127.05068996,
        "center_lat": 37.73899589
      }
    },
    {
      "type": "Feature",
      "geometry": {
        "type": "Point",
        "coordinates": [
          126.78128328,
          37.48581309
        ]
      },
      "properties": {
        "cluster_id": "ped_hotspot_cluster_0314",
        "display_name": "경기 부천시 심곡동(북부역사거리 부근)",
        "representative_place_name": "경기도 부천시 심곡동(북부역사거리 부근)",
        "representative_district": "경기도 부천시4",
        "member_count": 2,
        "repeat_year_count": 2,
        "source_years": [
          2022,
          2023
        ],
        "accidents_total": 16,
        "casualties_total": 16,
        "deaths_total": 0,
        "serious_injuries_total": 16,
        "max_risk_score": 45.0,
        "avg_risk_score": 40.0,
        "risk_level": "medium",
        "risk_level_ko": "주의",
        "high_member_count": 0,
        "center_lng": 126.78128328,
        "center_lat": 37.48581309
      }
    },
    {
      "type": "Feature",
      "geometry": {
        "type": "Point",
        "coordinates": [
          126.73482087,
          37.34536978
        ]
      },
      "properties": {
        "cluster_id": "ped_hotspot_cluster_0315",
        "display_name": "경기 시흥시 정왕동(보차도2교 부근)",
        "representative_place_name": "경기도 시흥시 정왕동(보차도2교 부근)",
        "representative_district": "경기도 시흥시3",
        "member_count": 1,
        "repeat_year_count": 1,
        "source_years": [
          2022
        ],
        "accidents_total": 7,
        "casualties_total": 8,
        "deaths_total": 1,
        "serious_injuries_total": 7,
        "max_risk_score": 45.0,
        "avg_risk_score": 45.0,
        "risk_level": "medium",
        "risk_level_ko": "주의",
        "high_member_count": 0,
        "center_lng": 126.73482087,
        "center_lat": 37.34536978
      }
    },
    {
      "type": "Feature",
      "geometry": {
        "type": "Point",
        "coordinates": [
          127.73949275,
          37.86263258
        ]
      },
      "properties": {
        "cluster_id": "ped_hotspot_cluster_0316",
        "display_name": "강원도 춘천시 석사동(춘천동보아파트앞교차 부근)",
        "representative_place_name": "강원도 춘천시 석사동(춘천동보아파트앞교차 부근)",
        "representative_district": "강원도 춘천시2",
        "member_count": 1,
        "repeat_year_count": 1,
        "source_years": [
          2022
        ],
        "accidents_total": 7,
        "casualties_total": 11,
        "deaths_total": 1,
        "serious_injuries_total": 6,
        "max_risk_score": 45.0,
        "avg_risk_score": 45.0,
        "risk_level": "medium",
        "risk_level_ko": "주의",
        "high_member_count": 0,
        "center_lng": 127.73949275,
        "center_lat": 37.86263258
      }
    },
    {
      "type": "Feature",
      "geometry": {
        "type": "Point",
        "coordinates": [
          127.50028474,
          34.94569632
        ]
      },
      "properties": {
        "cluster_id": "ped_hotspot_cluster_0317",
        "display_name": "전남 순천시 조곡동(관음정사포교원 부근)",
        "representative_place_name": "전라남도 순천시 조곡동(관음정사포교원 부근)",
        "representative_district": "전라남도 순천시1",
        "member_count": 1,
        "repeat_year_count": 1,
        "source_years": [
          2022
        ],
        "accidents_total": 7,
        "casualties_total": 8,
        "deaths_total": 1,
        "serious_injuries_total": 7,
        "max_risk_score": 45.0,
        "avg_risk_score": 45.0,
        "risk_level": "medium",
        "risk_level_ko": "주의",
        "high_member_count": 0,
        "center_lng": 127.50028474,
        "center_lat": 34.94569632
      }
    },
    {
      "type": "Feature",
      "geometry": {
        "type": "Point",
        "coordinates": [
          129.21529839,
          35.84451346
        ]
      },
      "properties": {
        "cluster_id": "ped_hotspot_cluster_0318",
        "display_name": "경상북도 경주시 황오동(경주우체국 부근)",
        "representative_place_name": "경상북도 경주시 황오동(경주우체국 부근)",
        "representative_district": "경상북도 경주시1",
        "member_count": 1,
        "repeat_year_count": 1,
        "source_years": [
          2022
        ],
        "accidents_total": 9,
        "casualties_total": 9,
        "deaths_total": 0,
        "serious_injuries_total": 9,
        "max_risk_score": 45.0,
        "avg_risk_score": 45.0,
        "risk_level": "medium",
        "risk_level_ko": "주의",
        "high_member_count": 0,
        "center_lng": 129.21529839,
        "center_lat": 35.84451346
      }
    },
    {
      "type": "Feature",
      "geometry": {
        "type": "Point",
        "coordinates": [
          128.12433137,
          36.11785635
        ]
      },
      "properties": {
        "cluster_id": "ped_hotspot_cluster_0319",
        "display_name": "경상북도 김천시 황금동(실로암샘물교회 부근)",
        "representative_place_name": "경상북도 김천시 황금동(실로암샘물교회 부근)",
        "representative_district": "경상북도 김천시2",
        "member_count": 1,
        "repeat_year_count": 1,
        "source_years": [
          2022
        ],
        "accidents_total": 7,
        "casualties_total": 8,
        "deaths_total": 1,
        "serious_injuries_total": 7,
        "max_risk_score": 45.0,
        "avg_risk_score": 45.0,
        "risk_level": "medium",
        "risk_level_ko": "주의",
        "high_member_count": 0,
        "center_lng": 128.12433137,
        "center_lat": 36.11785635
      }
    },
    {
      "type": "Feature",
      "geometry": {
        "type": "Point",
        "coordinates": [
          128.16011863,
          36.41329641
        ]
      },
      "properties": {
        "cluster_id": "ped_hotspot_cluster_0320",
        "display_name": "경상북도 상주시 남성동(대구은행상주지점 부근)",
        "representative_place_name": "경상북도 상주시 남성동(대구은행상주지점 부근)",
        "representative_district": "경상북도 상주시1",
        "member_count": 4,
        "repeat_year_count": 4,
        "source_years": [
          2022,
          2023,
          2024,
          2025
        ],
        "accidents_total": 30,
        "casualties_total": 30,
        "deaths_total": 0,
        "serious_injuries_total": 30,
        "max_risk_score": 45.0,
        "avg_risk_score": 37.5,
        "risk_level": "medium",
        "risk_level_ko": "주의",
        "high_member_count": 0,
        "center_lng": 128.16011863,
        "center_lat": 36.41329641
      }
    },
    {
      "type": "Feature",
      "geometry": {
        "type": "Point",
        "coordinates": [
          126.56029241,
          33.25274992
        ]
      },
      "properties": {
        "cluster_id": "ped_hotspot_cluster_0321",
        "display_name": "제주특별자치도 서귀포시 동홍동(중앙로터리 부근)",
        "representative_place_name": "제주특별자치도 서귀포시 동홍동(중앙로터리 부근)",
        "representative_district": "제주특별자치도 서귀포시1",
        "member_count": 1,
        "repeat_year_count": 1,
        "source_years": [
          2022
        ],
        "accidents_total": 9,
        "casualties_total": 9,
        "deaths_total": 0,
        "serious_injuries_total": 9,
        "max_risk_score": 45.0,
        "avg_risk_score": 45.0,
        "risk_level": "medium",
        "risk_level_ko": "주의",
        "high_member_count": 0,
        "center_lng": 126.56029241,
        "center_lat": 33.25274992
      }
    },
    {
      "type": "Feature",
      "geometry": {
        "type": "Point",
        "coordinates": [
          127.02163285,
          37.57456451
        ]
      },
      "properties": {
        "cluster_id": "ped_hotspot_cluster_0322",
        "display_name": "서울 종로구 숭인동(NH농협은행 신설동지점 부근)",
        "representative_place_name": "서울 종로구 숭인동(NH농협은행 신설동지점 부근)",
        "representative_district": "서울 종로구4",
        "member_count": 4,
        "repeat_year_count": 4,
        "source_years": [
          2022,
          2023,
          2024,
          2025
        ],
        "accidents_total": 32,
        "casualties_total": 32,
        "deaths_total": 0,
        "serious_injuries_total": 32,
        "max_risk_score": 45.0,
        "avg_risk_score": 40.0,
        "risk_level": "medium",
        "risk_level_ko": "주의",
        "high_member_count": 0,
        "center_lng": 127.02163285,
        "center_lat": 37.57456451
      }
    },
    {
      "type": "Feature",
      "geometry": {
        "type": "Point",
        "coordinates": [
          127.05770898,
          37.5783846
        ]
      },
      "properties": {
        "cluster_id": "ped_hotspot_cluster_0323",
        "display_name": "서울 동대문구 전농동(전농동사거리 부근)",
        "representative_place_name": "서울 동대문구 전농동(전농동사거리 부근)",
        "representative_district": "서울 동대문구9",
        "member_count": 3,
        "repeat_year_count": 3,
        "source_years": [
          2022,
          2023,
          2024
        ],
        "accidents_total": 23,
        "casualties_total": 23,
        "deaths_total": 0,
        "serious_injuries_total": 23,
        "max_risk_score": 45.0,
        "avg_risk_score": 38.33,
        "risk_level": "medium",
        "risk_level_ko": "주의",
        "high_member_count": 0,
        "center_lng": 127.05770898,
        "center_lat": 37.5783846
      }
    },
    {
      "type": "Feature",
      "geometry": {
        "type": "Point",
        "coordinates": [
          127.09503807,
          37.59826237
        ]
      },
      "properties": {
        "cluster_id": "ped_hotspot_cluster_0324",
        "display_name": "서울 중랑구 망우동(유디치과의원 상봉점 부근)",
        "representative_place_name": "서울 중랑구 망우동(유디치과의원 상봉점 부근)",
        "representative_district": "서울 중랑구1",
        "member_count": 4,
        "repeat_year_count": 4,
        "source_years": [
          2022,
          2023,
          2024,
          2025
        ],
        "accidents_total": 32,
        "casualties_total": 33,
        "deaths_total": 2,
        "serious_injuries_total": 31,
        "max_risk_score": 45.0,
        "avg_risk_score": 44.0,
        "risk_level": "medium",
        "risk_level_ko": "주의",
        "high_member_count": 0,
        "center_lng": 127.09503807,
        "center_lat": 37.59826237
      }
    },
    {
      "type": "Feature",
      "geometry": {
        "type": "Point",
        "coordinates": [
          126.84761743,
          37.53408065
        ]
      },
      "properties": {
        "cluster_id": "ped_hotspot_cluster_0325",
        "display_name": "서울 강서구 화곡동(주함지역아동센터 부근)",
        "representative_place_name": "서울 강서구 화곡동(주함지역아동센터 부근)",
        "representative_district": "서울 강서구1",
        "member_count": 4,
        "repeat_year_count": 4,
        "source_years": [
          2022,
          2023,
          2024,
          2025
        ],
        "accidents_total": 33,
        "casualties_total": 33,
        "deaths_total": 0,
        "serious_injuries_total": 33,
        "max_risk_score": 45.0,
        "avg_risk_score": 41.25,
        "risk_level": "medium",
        "risk_level_ko": "주의",
        "high_member_count": 0,
        "center_lng": 126.84761743,
        "center_lat": 37.53408065
      }
    },
    {
      "type": "Feature",
      "geometry": {
        "type": "Point",
        "coordinates": [
          126.90012835,
          37.48295945
        ]
      },
      "properties": {
        "cluster_id": "ped_hotspot_cluster_0326",
        "display_name": "서울 구로구 구로동(디지털단지입구교차로 부근)",
        "representative_place_name": "서울 구로구 구로동(디지털단지입구교차로 부근)",
        "representative_district": "서울 구로구4",
        "member_count": 2,
        "repeat_year_count": 2,
        "source_years": [
          2022,
          2023
        ],
        "accidents_total": 16,
        "casualties_total": 16,
        "deaths_total": 0,
        "serious_injuries_total": 16,
        "max_risk_score": 45.0,
        "avg_risk_score": 40.0,
        "risk_level": "medium",
        "risk_level_ko": "주의",
        "high_member_count": 0,
        "center_lng": 126.90012835,
        "center_lat": 37.48295945
      }
    },
    {
      "type": "Feature",
      "geometry": {
        "type": "Point",
        "coordinates": [
          127.04383096,
          37.50117032
        ]
      },
      "properties": {
        "cluster_id": "ped_hotspot_cluster_0327",
        "display_name": "서울 강남구 역삼동(도곡지구대 부근)",
        "representative_place_name": "서울 강남구 역삼동(도곡지구대 부근)",
        "representative_district": "서울 강남구4",
        "member_count": 1,
        "repeat_year_count": 1,
        "source_years": [
          2023
        ],
        "accidents_total": 8,
        "casualties_total": 10,
        "deaths_total": 0,
        "serious_injuries_total": 9,
        "max_risk_score": 45.0,
        "avg_risk_score": 45.0,
        "risk_level": "medium",
        "risk_level_ko": "주의",
        "high_member_count": 0,
        "center_lng": 127.04383096,
        "center_lat": 37.50117032
      }
    },
    {
      "type": "Feature",
      "geometry": {
        "type": "Point",
        "coordinates": [
          129.0427989,
          35.11939458
        ]
      },
      "properties": {
        "cluster_id": "ped_hotspot_cluster_0328",
        "display_name": "부산 동구 초량동(초량교차로 부근)",
        "representative_place_name": "부산 동구 초량동(초량교차로 부근)",
        "representative_district": "부산 동구5",
        "member_count": 3,
        "repeat_year_count": 3,
        "source_years": [
          2023,
          2024,
          2025
        ],
        "accidents_total": 23,
        "casualties_total": 23,
        "deaths_total": 0,
        "serious_injuries_total": 23,
        "max_risk_score": 45.0,
        "avg_risk_score": 38.33,
        "risk_level": "medium",
        "risk_level_ko": "주의",
        "high_member_count": 0,
        "center_lng": 129.0427989,
        "center_lat": 35.11939458
      }
    },
    {
      "type": "Feature",
      "geometry": {
        "type": "Point",
        "coordinates": [
          129.04330507,
          35.09081589
        ]
      },
      "properties": {
        "cluster_id": "ped_hotspot_cluster_0329",
        "display_name": "부산 영도구 영선동1가(소방서앞사거리 부근)",
        "representative_place_name": "부산 영도구 영선동1가(소방서앞사거리 부근)",
        "representative_district": "부산 영도구4",
        "member_count": 2,
        "repeat_year_count": 2,
        "source_years": [
          2023,
          2024
        ],
        "accidents_total": 14,
        "casualties_total": 16,
        "deaths_total": 2,
        "serious_injuries_total": 14,
        "max_risk_score": 45.0,
        "avg_risk_score": 45.0,
        "risk_level": "medium",
        "risk_level_ko": "주의",
        "high_member_count": 0,
        "center_lng": 129.04330507,
        "center_lat": 35.09081589
      }
    },
    {
      "type": "Feature",
      "geometry": {
        "type": "Point",
        "coordinates": [
          128.96575474,
          35.10545888
        ]
      },
      "properties": {
        "cluster_id": "ped_hotspot_cluster_0330",
        "display_name": "부산 사하구 하단동(하단역 부산1호선 부근)",
        "representative_place_name": "부산 사하구 하단동(하단역 부산1호선 부근)",
        "representative_district": "부산 사하구5",
        "member_count": 3,
        "repeat_year_count": 3,
        "source_years": [
          2022,
          2023,
          2024
        ],
        "accidents_total": 23,
        "casualties_total": 23,
        "deaths_total": 1,
        "serious_injuries_total": 22,
        "max_risk_score": 45.0,
        "avg_risk_score": 40.33,
        "risk_level": "medium",
        "risk_level_ko": "주의",
        "high_member_count": 0,
        "center_lng": 128.96575474,
        "center_lat": 35.10545888
      }
    },
    {
      "type": "Feature",
      "geometry": {
        "type": "Point",
        "coordinates": [
          126.91873343,
          35.12809482
        ]
      },
      "properties": {
        "cluster_id": "ped_hotspot_cluster_0331",
        "display_name": "광주 남구 봉선동(다온유치원 부근)",
        "representative_place_name": "광주 남구 봉선동(다온유치원 부근)",
        "representative_district": "광주 남구1",
        "member_count": 1,
        "repeat_year_count": 1,
        "source_years": [
          2023
        ],
        "accidents_total": 9,
        "casualties_total": 9,
        "deaths_total": 0,
        "serious_injuries_total": 9,
        "max_risk_score": 45.0,
        "avg_risk_score": 45.0,
        "risk_level": "medium",
        "risk_level_ko": "주의",
        "high_member_count": 0,
        "center_lng": 126.91873343,
        "center_lat": 35.12809482
      }
    },
    {
      "type": "Feature",
      "geometry": {
        "type": "Point",
        "coordinates": [
          127.34024512,
          36.3552539
        ]
      },
      "properties": {
        "cluster_id": "ped_hotspot_cluster_0332",
        "display_name": "대전 유성구 봉명동(비엔피병원 부근)",
        "representative_place_name": "대전 유성구 봉명동(비엔피병원 부근)",
        "representative_district": "대전 유성구1",
        "member_count": 1,
        "repeat_year_count": 1,
        "source_years": [
          2023
        ],
        "accidents_total": 7,
        "casualties_total": 8,
        "deaths_total": 1,
        "serious_injuries_total": 7,
        "max_risk_score": 45.0,
        "avg_risk_score": 45.0,
        "risk_level": "medium",
        "risk_level_ko": "주의",
        "high_member_count": 0,
        "center_lng": 127.34024512,
        "center_lat": 36.3552539
      }
    },
    {
      "type": "Feature",
      "geometry": {
        "type": "Point",
        "coordinates": [
          127.12959808,
          37.42991194
        ]
      },
      "properties": {
        "cluster_id": "ped_hotspot_cluster_0333",
        "display_name": "경기 성남시 중원구 성남동(모란시장사거리 부근)",
        "representative_place_name": "경기 성남시 중원구 성남동(모란시장사거리 부근)",
        "representative_district": "경기 성남시 중원구2",
        "member_count": 2,
        "repeat_year_count": 2,
        "source_years": [
          2022,
          2023
        ],
        "accidents_total": 17,
        "casualties_total": 17,
        "deaths_total": 0,
        "serious_injuries_total": 17,
        "max_risk_score": 45.0,
        "avg_risk_score": 42.5,
        "risk_level": "medium",
        "risk_level_ko": "주의",
        "high_member_count": 0,
        "center_lng": 127.12959808,
        "center_lat": 37.42991194
      }
    },
    {
      "type": "Feature",
      "geometry": {
        "type": "Point",
        "coordinates": [
          127.08418606,
          36.9947917
        ]
      },
      "properties": {
        "cluster_id": "ped_hotspot_cluster_0334",
        "display_name": "경기 평택시 평택동(김기혁동물병원 평택동점 부근)",
        "representative_place_name": "경기 평택시 평택동(김기혁동물병원 평택동점 부근)",
        "representative_district": "경기 평택시5",
        "member_count": 2,
        "repeat_year_count": 2,
        "source_years": [
          2022,
          2023
        ],
        "accidents_total": 14,
        "casualties_total": 15,
        "deaths_total": 2,
        "serious_injuries_total": 13,
        "max_risk_score": 45.0,
        "avg_risk_score": 43.0,
        "risk_level": "medium",
        "risk_level_ko": "주의",
        "high_member_count": 0,
        "center_lng": 127.08418606,
        "center_lat": 36.9947917
      }
    },
    {
      "type": "Feature",
      "geometry": {
        "type": "Point",
        "coordinates": [
          127.18366358,
          37.71924071
        ]
      },
      "properties": {
        "cluster_id": "ped_hotspot_cluster_0335",
        "display_name": "경기 남양주시 진접읍 장현리(진접파출소 부근)",
        "representative_place_name": "경기 남양주시 진접읍 장현리(진접파출소 부근)",
        "representative_district": "경기 남양주시2",
        "member_count": 2,
        "repeat_year_count": 2,
        "source_years": [
          2022,
          2023
        ],
        "accidents_total": 17,
        "casualties_total": 17,
        "deaths_total": 0,
        "serious_injuries_total": 17,
        "max_risk_score": 45.0,
        "avg_risk_score": 42.5,
        "risk_level": "medium",
        "risk_level_ko": "주의",
        "high_member_count": 0,
        "center_lng": 127.18366358,
        "center_lat": 37.71924071
      }
    },
    {
      "type": "Feature",
      "geometry": {
        "type": "Point",
        "coordinates": [
          128.11798937,
          36.12404597
        ]
      },
      "properties": {
        "cluster_id": "ped_hotspot_cluster_0336",
        "display_name": "경북 김천시 성내동(행복한e치과 부근)",
        "representative_place_name": "경북 김천시 성내동(행복한e치과 부근)",
        "representative_district": "경북 김천시2",
        "member_count": 4,
        "repeat_year_count": 4,
        "source_years": [
          2022,
          2023,
          2024,
          2025
        ],
        "accidents_total": 33,
        "casualties_total": 33,
        "deaths_total": 0,
        "serious_injuries_total": 33,
        "max_risk_score": 45.0,
        "avg_risk_score": 41.25,
        "risk_level": "medium",
        "risk_level_ko": "주의",
        "high_member_count": 0,
        "center_lng": 128.11798937,
        "center_lat": 36.12404597
      }
    },
    {
      "type": "Feature",
      "geometry": {
        "type": "Point",
        "coordinates": [
          127.03137003,
          37.57324918
        ]
      },
      "properties": {
        "cluster_id": "ped_hotspot_cluster_0337",
        "display_name": "서울 동대문구 용두동(시립동부병원앞교차로 부근)",
        "representative_place_name": "서울 동대문구 용두동(시립동부병원앞교차로 부근)",
        "representative_district": "서울 동대문구7",
        "member_count": 1,
        "repeat_year_count": 1,
        "source_years": [
          2024
        ],
        "accidents_total": 7,
        "casualties_total": 8,
        "deaths_total": 1,
        "serious_injuries_total": 7,
        "max_risk_score": 45.0,
        "avg_risk_score": 45.0,
        "risk_level": "medium",
        "risk_level_ko": "주의",
        "high_member_count": 0,
        "center_lng": 127.03137003,
        "center_lat": 37.57324918
      }
    },
    {
      "type": "Feature",
      "geometry": {
        "type": "Point",
        "coordinates": [
          127.08886268,
          37.5819314
        ]
      },
      "properties": {
        "cluster_id": "ped_hotspot_cluster_0338",
        "display_name": "서울 중랑구 면목동(로데오약국 부근)",
        "representative_place_name": "서울 중랑구 면목동(로데오약국 부근)",
        "representative_district": "서울 중랑구3",
        "member_count": 2,
        "repeat_year_count": 2,
        "source_years": [
          2024,
          2025
        ],
        "accidents_total": 16,
        "casualties_total": 16,
        "deaths_total": 0,
        "serious_injuries_total": 16,
        "max_risk_score": 45.0,
        "avg_risk_score": 40.0,
        "risk_level": "medium",
        "risk_level_ko": "주의",
        "high_member_count": 0,
        "center_lng": 127.08886268,
        "center_lat": 37.5819314
      }
    },
    {
      "type": "Feature",
      "geometry": {
        "type": "Point",
        "coordinates": [
          127.09517107,
          37.6060867
        ]
      },
      "properties": {
        "cluster_id": "ped_hotspot_cluster_0339",
        "display_name": "서울 중랑구 신내동(신내2동주민센터 부근)",
        "representative_place_name": "서울 중랑구 신내동(신내2동주민센터 부근)",
        "representative_district": "서울 중랑구7",
        "member_count": 2,
        "repeat_year_count": 2,
        "source_years": [
          2023,
          2024
        ],
        "accidents_total": 15,
        "casualties_total": 20,
        "deaths_total": 0,
        "serious_injuries_total": 17,
        "max_risk_score": 45.0,
        "avg_risk_score": 42.75,
        "risk_level": "medium",
        "risk_level_ko": "주의",
        "high_member_count": 0,
        "center_lng": 127.09517107,
        "center_lat": 37.6060867
      }
    },
    {
      "type": "Feature",
      "geometry": {
        "type": "Point",
        "coordinates": [
          126.90907705,
          37.45107872
        ]
      },
      "properties": {
        "cluster_id": "ped_hotspot_cluster_0340",
        "display_name": "서울 금천구 시흥동(시흥5동주민센터 부근)",
        "representative_place_name": "서울 금천구 시흥동(시흥5동주민센터 부근)",
        "representative_district": "서울 금천구2",
        "member_count": 3,
        "repeat_year_count": 3,
        "source_years": [
          2022,
          2024,
          2025
        ],
        "accidents_total": 23,
        "casualties_total": 24,
        "deaths_total": 1,
        "serious_injuries_total": 22,
        "max_risk_score": 45.0,
        "avg_risk_score": 40.67,
        "risk_level": "medium",
        "risk_level_ko": "주의",
        "high_member_count": 0,
        "center_lng": 126.90907705,
        "center_lat": 37.45107872
      }
    },
    {
      "type": "Feature",
      "geometry": {
        "type": "Point",
        "coordinates": [
          126.9282722,
          37.48131002
        ]
      },
      "properties": {
        "cluster_id": "ped_hotspot_cluster_0341",
        "display_name": "서울 관악구 신림동(서원치안센터 부근)",
        "representative_place_name": "서울 관악구 신림동(서원치안센터 부근)",
        "representative_district": "서울 관악구3",
        "member_count": 2,
        "repeat_year_count": 2,
        "source_years": [
          2023,
          2024
        ],
        "accidents_total": 16,
        "casualties_total": 17,
        "deaths_total": 0,
        "serious_injuries_total": 16,
        "max_risk_score": 45.0,
        "avg_risk_score": 40.5,
        "risk_level": "medium",
        "risk_level_ko": "주의",
        "high_member_count": 0,
        "center_lng": 126.9282722,
        "center_lat": 37.48131002
      }
    },
    {
      "type": "Feature",
      "geometry": {
        "type": "Point",
        "coordinates": [
          129.06781791,
          35.13579005
        ]
      },
      "properties": {
        "cluster_id": "ped_hotspot_cluster_0342",
        "display_name": "부산 남구 문현동(문현주유소 부근)",
        "representative_place_name": "부산 남구 문현동(문현주유소 부근)",
        "representative_district": "부산 남구4",
        "member_count": 3,
        "repeat_year_count": 3,
        "source_years": [
          2023,
          2024,
          2025
        ],
        "accidents_total": 25,
        "casualties_total": 25,
        "deaths_total": 0,
        "serious_injuries_total": 25,
        "max_risk_score": 45.0,
        "avg_risk_score": 41.67,
        "risk_level": "medium",
        "risk_level_ko": "주의",
        "high_member_count": 0,
        "center_lng": 129.06781791,
        "center_lat": 35.13579005
      }
    },
    {
      "type": "Feature",
      "geometry": {
        "type": "Point",
        "coordinates": [
          128.53047529,
          35.83173208
        ]
      },
      "properties": {
        "cluster_id": "ped_hotspot_cluster_0343",
        "display_name": "대구 달서구 월성동(월성무지개어린이집 부근)",
        "representative_place_name": "대구 달서구 월성동(월성무지개어린이집 부근)",
        "representative_district": "대구 달서구1",
        "member_count": 3,
        "repeat_year_count": 3,
        "source_years": [
          2023,
          2024,
          2025
        ],
        "accidents_total": 23,
        "casualties_total": 23,
        "deaths_total": 0,
        "serious_injuries_total": 23,
        "max_risk_score": 45.0,
        "avg_risk_score": 38.33,
        "risk_level": "medium",
        "risk_level_ko": "주의",
        "high_member_count": 0,
        "center_lng": 128.53047529,
        "center_lat": 35.83173208
      }
    },
    {
      "type": "Feature",
      "geometry": {
        "type": "Point",
        "coordinates": [
          126.76073323,
          37.67030762
        ]
      },
      "properties": {
        "cluster_id": "ped_hotspot_cluster_0344",
        "display_name": "경기 고양시 일산서구 주엽동(주엽역 3호선 부근)",
        "representative_place_name": "경기 고양시 일산서구 주엽동(주엽역 3호선 부근)",
        "representative_district": "경기 고양시 일산서구1",
        "member_count": 3,
        "repeat_year_count": 3,
        "source_years": [
          2023,
          2024,
          2025
        ],
        "accidents_total": 24,
        "casualties_total": 24,
        "deaths_total": 0,
        "serious_injuries_total": 24,
        "max_risk_score": 45.0,
        "avg_risk_score": 40.0,
        "risk_level": "medium",
        "risk_level_ko": "주의",
        "high_member_count": 0,
        "center_lng": 126.76073323,
        "center_lat": 37.67030762
      }
    },
    {
      "type": "Feature",
      "geometry": {
        "type": "Point",
        "coordinates": [
          127.25981953,
          37.40660067
        ]
      },
      "properties": {
        "cluster_id": "ped_hotspot_cluster_0345",
        "display_name": "경기 광주 역동(시장입구교차로 부근)",
        "representative_place_name": "경기 광주 역동(시장입구교차로 부근)",
        "representative_district": "경기 광주시2",
        "member_count": 2,
        "repeat_year_count": 2,
        "source_years": [
          2024,
          2025
        ],
        "accidents_total": 14,
        "casualties_total": 16,
        "deaths_total": 2,
        "serious_injuries_total": 14,
        "max_risk_score": 45.0,
        "avg_risk_score": 45.0,
        "risk_level": "medium",
        "risk_level_ko": "주의",
        "high_member_count": 0,
        "center_lng": 127.25981953,
        "center_lat": 37.40660067
      }
    },
    {
      "type": "Feature",
      "geometry": {
        "type": "Point",
        "coordinates": [
          127.73213898,
          34.73885159
        ]
      },
      "properties": {
        "cluster_id": "ped_hotspot_cluster_0346",
        "display_name": "전남 여수시 교동(여수바이킹야시장 부근)",
        "representative_place_name": "전남 여수시 교동(여수바이킹야시장 부근)",
        "representative_district": "전남 여수시2",
        "member_count": 3,
        "repeat_year_count": 3,
        "source_years": [
          2022,
          2024,
          2025
        ],
        "accidents_total": 23,
        "casualties_total": 23,
        "deaths_total": 0,
        "serious_injuries_total": 23,
        "max_risk_score": 45.0,
        "avg_risk_score": 38.33,
        "risk_level": "medium",
        "risk_level_ko": "주의",
        "high_member_count": 0,
        "center_lng": 127.73213898,
        "center_lat": 34.73885159
      }
    },
    {
      "type": "Feature",
      "geometry": {
        "type": "Point",
        "coordinates": [
          126.98756113,
          37.56966332
        ]
      },
      "properties": {
        "cluster_id": "ped_hotspot_cluster_0347",
        "display_name": "서울 종로구 관철동(국일약국 부근)",
        "representative_place_name": "서울 종로구 관철동(국일약국 부근)",
        "representative_district": "서울 종로구5",
        "member_count": 2,
        "repeat_year_count": 2,
        "source_years": [
          2022,
          2025
        ],
        "accidents_total": 14,
        "casualties_total": 16,
        "deaths_total": 1,
        "serious_injuries_total": 14,
        "max_risk_score": 45.0,
        "avg_risk_score": 40.25,
        "risk_level": "medium",
        "risk_level_ko": "주의",
        "high_member_count": 0,
        "center_lng": 126.98756113,
        "center_lat": 37.56966332
      }
    },
    {
      "type": "Feature",
      "geometry": {
        "type": "Point",
        "coordinates": [
          127.13355806,
          37.54687192
        ]
      },
      "properties": {
        "cluster_id": "ped_hotspot_cluster_0348",
        "display_name": "서울 강동구 천호동(천호초교입구교차로 부근)",
        "representative_place_name": "서울 강동구 천호동(천호초교입구교차로 부근)",
        "representative_district": "서울 강동구1",
        "member_count": 5,
        "repeat_year_count": 4,
        "source_years": [
          2022,
          2023,
          2024,
          2025
        ],
        "accidents_total": 38,
        "casualties_total": 40,
        "deaths_total": 0,
        "serious_injuries_total": 38,
        "max_risk_score": 45.0,
        "avg_risk_score": 38.4,
        "risk_level": "medium",
        "risk_level_ko": "주의",
        "high_member_count": 0,
        "center_lng": 127.13355806,
        "center_lat": 37.54687192
      }
    },
    {
      "type": "Feature",
      "geometry": {
        "type": "Point",
        "coordinates": [
          129.01500662,
          35.1136088
        ]
      },
      "properties": {
        "cluster_id": "ped_hotspot_cluster_0349",
        "display_name": "부산 서구 서대신동3가(별미집 부근)",
        "representative_place_name": "부산 서구 서대신동3가(별미집 부근)",
        "representative_district": "부산 서구1",
        "member_count": 2,
        "repeat_year_count": 2,
        "source_years": [
          2024,
          2025
        ],
        "accidents_total": 17,
        "casualties_total": 18,
        "deaths_total": 0,
        "serious_injuries_total": 17,
        "max_risk_score": 45.0,
        "avg_risk_score": 43.0,
        "risk_level": "medium",
        "risk_level_ko": "주의",
        "high_member_count": 0,
        "center_lng": 129.01500662,
        "center_lat": 35.1136088
      }
    },
    {
      "type": "Feature",
      "geometry": {
        "type": "Point",
        "coordinates": [
          129.08711905,
          35.21771065
        ]
      },
      "properties": {
        "cluster_id": "ped_hotspot_cluster_0350",
        "display_name": "부산 금정구 부곡동(BBQ 부곡스마트점 부근)",
        "representative_place_name": "부산 금정구 부곡동(BBQ 부곡스마트점 부근)",
        "representative_district": "부산 금정구3",
        "member_count": 1,
        "repeat_year_count": 1,
        "source_years": [
          2025
        ],
        "accidents_total": 9,
        "casualties_total": 9,
        "deaths_total": 0,
        "serious_injuries_total": 9,
        "max_risk_score": 45.0,
        "avg_risk_score": 45.0,
        "risk_level": "medium",
        "risk_level_ko": "주의",
        "high_member_count": 0,
        "center_lng": 129.08711905,
        "center_lat": 35.21771065
      }
    },
    {
      "type": "Feature",
      "geometry": {
        "type": "Point",
        "coordinates": [
          128.98461373,
          35.16324044
        ]
      },
      "properties": {
        "cluster_id": "ped_hotspot_cluster_0351",
        "display_name": "부산 사상구 괘법동(사상역 부산2호선 부근)",
        "representative_place_name": "부산 사상구 괘법동(사상역 부산2호선 부근)",
        "representative_district": "부산 사상구1",
        "member_count": 1,
        "repeat_year_count": 1,
        "source_years": [
          2025
        ],
        "accidents_total": 9,
        "casualties_total": 9,
        "deaths_total": 0,
        "serious_injuries_total": 9,
        "max_risk_score": 45.0,
        "avg_risk_score": 45.0,
        "risk_level": "medium",
        "risk_level_ko": "주의",
        "high_member_count": 0,
        "center_lng": 128.98461373,
        "center_lat": 35.16324044
      }
    },
    {
      "type": "Feature",
      "geometry": {
        "type": "Point",
        "coordinates": [
          128.63331384,
          35.88563465
        ]
      },
      "properties": {
        "cluster_id": "ped_hotspot_cluster_0352",
        "display_name": "대구 동구 신암동(큰고개오거리 부근)",
        "representative_place_name": "대구 동구 신암동(큰고개오거리 부근)",
        "representative_district": "대구 동구1",
        "member_count": 1,
        "repeat_year_count": 1,
        "source_years": [
          2025
        ],
        "accidents_total": 9,
        "casualties_total": 9,
        "deaths_total": 0,
        "serious_injuries_total": 9,
        "max_risk_score": 45.0,
        "avg_risk_score": 45.0,
        "risk_level": "medium",
        "risk_level_ko": "주의",
        "high_member_count": 0,
        "center_lng": 128.63331384,
        "center_lat": 35.88563465
      }
    },
    {
      "type": "Feature",
      "geometry": {
        "type": "Point",
        "coordinates": [
          126.87220343,
          35.14609857
        ]
      },
      "properties": {
        "cluster_id": "ped_hotspot_cluster_0353",
        "display_name": "광주 서구 화정동(광주지방국세청우리누리어린이집 부근)",
        "representative_place_name": "광주 서구 화정동(광주지방국세청우리누리어린이집 부근)",
        "representative_district": "광주 서구1",
        "member_count": 1,
        "repeat_year_count": 1,
        "source_years": [
          2025
        ],
        "accidents_total": 9,
        "casualties_total": 9,
        "deaths_total": 0,
        "serious_injuries_total": 9,
        "max_risk_score": 45.0,
        "avg_risk_score": 45.0,
        "risk_level": "medium",
        "risk_level_ko": "주의",
        "high_member_count": 0,
        "center_lng": 126.87220343,
        "center_lat": 35.14609857
      }
    },
    {
      "type": "Feature",
      "geometry": {
        "type": "Point",
        "coordinates": [
          126.93304719,
          35.16634541
        ]
      },
      "properties": {
        "cluster_id": "ped_hotspot_cluster_0354",
        "display_name": "광주 북구 두암동(갯마을 부근)",
        "representative_place_name": "광주 북구 두암동(갯마을 부근)",
        "representative_district": "광주 북구1",
        "member_count": 2,
        "repeat_year_count": 2,
        "source_years": [
          2024,
          2025
        ],
        "accidents_total": 16,
        "casualties_total": 16,
        "deaths_total": 0,
        "serious_injuries_total": 16,
        "max_risk_score": 45.0,
        "avg_risk_score": 40.0,
        "risk_level": "medium",
        "risk_level_ko": "주의",
        "high_member_count": 0,
        "center_lng": 126.93304719,
        "center_lat": 35.16634541
      }
    },
    {
      "type": "Feature",
      "geometry": {
        "type": "Point",
        "coordinates": [
          127.14255274,
          37.5991957
        ]
      },
      "properties": {
        "cluster_id": "ped_hotspot_cluster_0355",
        "display_name": "경기 구리시 수택동(스타약국 부근)",
        "representative_place_name": "경기 구리시 수택동(스타약국 부근)",
        "representative_district": "경기 구리시1",
        "member_count": 1,
        "repeat_year_count": 1,
        "source_years": [
          2025
        ],
        "accidents_total": 9,
        "casualties_total": 9,
        "deaths_total": 0,
        "serious_injuries_total": 9,
        "max_risk_score": 45.0,
        "avg_risk_score": 45.0,
        "risk_level": "medium",
        "risk_level_ko": "주의",
        "high_member_count": 0,
        "center_lng": 127.14255274,
        "center_lat": 37.5991957
      }
    },
    {
      "type": "Feature",
      "geometry": {
        "type": "Point",
        "coordinates": [
          127.20565789,
          37.53898361
        ]
      },
      "properties": {
        "cluster_id": "ped_hotspot_cluster_0356",
        "display_name": "경기 하남시 신장동(지에스약국 부근)",
        "representative_place_name": "경기 하남시 신장동(지에스약국 부근)",
        "representative_district": "경기 하남시1",
        "member_count": 1,
        "repeat_year_count": 1,
        "source_years": [
          2025
        ],
        "accidents_total": 9,
        "casualties_total": 9,
        "deaths_total": 0,
        "serious_injuries_total": 9,
        "max_risk_score": 45.0,
        "avg_risk_score": 45.0,
        "risk_level": "medium",
        "risk_level_ko": "주의",
        "high_member_count": 0,
        "center_lng": 127.20565789,
        "center_lat": 37.53898361
      }
    },
    {
      "type": "Feature",
      "geometry": {
        "type": "Point",
        "coordinates": [
          126.78654169,
          37.85533702
        ]
      },
      "properties": {
        "cluster_id": "ped_hotspot_cluster_0357",
        "display_name": "경기 파주시 문산읍(바른약국 부근)",
        "representative_place_name": "경기 파주시 문산읍(바른약국 부근)",
        "representative_district": "경기 파주시2",
        "member_count": 1,
        "repeat_year_count": 1,
        "source_years": [
          2025
        ],
        "accidents_total": 9,
        "casualties_total": 9,
        "deaths_total": 0,
        "serious_injuries_total": 9,
        "max_risk_score": 45.0,
        "avg_risk_score": 45.0,
        "risk_level": "medium",
        "risk_level_ko": "주의",
        "high_member_count": 0,
        "center_lng": 126.78654169,
        "center_lat": 37.85533702
      }
    },
    {
      "type": "Feature",
      "geometry": {
        "type": "Point",
        "coordinates": [
          128.57536657,
          38.19718143
        ]
      },
      "properties": {
        "cluster_id": "ped_hotspot_cluster_0358",
        "display_name": "강원 속초시 교동(만천사거리 부근)",
        "representative_place_name": "강원 속초시 교동(만천사거리 부근)",
        "representative_district": "강원 속초시1",
        "member_count": 3,
        "repeat_year_count": 3,
        "source_years": [
          2023,
          2024,
          2025
        ],
        "accidents_total": 23,
        "casualties_total": 23,
        "deaths_total": 0,
        "serious_injuries_total": 23,
        "max_risk_score": 45.0,
        "avg_risk_score": 38.33,
        "risk_level": "medium",
        "risk_level_ko": "주의",
        "high_member_count": 0,
        "center_lng": 128.57536657,
        "center_lat": 38.19718143
      }
    },
    {
      "type": "Feature",
      "geometry": {
        "type": "Point",
        "coordinates": [
          127.49183374,
          36.62731869
        ]
      },
      "properties": {
        "cluster_id": "ped_hotspot_cluster_0359",
        "display_name": "충북 청주시 상당구 석교동(시장약국 부근)",
        "representative_place_name": "충북 청주시 상당구 석교동(시장약국 부근)",
        "representative_district": "충북 청주시 상당구1",
        "member_count": 1,
        "repeat_year_count": 1,
        "source_years": [
          2025
        ],
        "accidents_total": 9,
        "casualties_total": 9,
        "deaths_total": 0,
        "serious_injuries_total": 9,
        "max_risk_score": 45.0,
        "avg_risk_score": 45.0,
        "risk_level": "medium",
        "risk_level_ko": "주의",
        "high_member_count": 0,
        "center_lng": 127.49183374,
        "center_lat": 36.62731869
      }
    },
    {
      "type": "Feature",
      "geometry": {
        "type": "Point",
        "coordinates": [
          127.00394405,
          36.78271814
        ]
      },
      "properties": {
        "cluster_id": "ped_hotspot_cluster_0360",
        "display_name": "충남 아산시 온천동(온양온천시장 부근)",
        "representative_place_name": "충남 아산시 온천동(온양온천시장 부근)",
        "representative_district": "충남 아산시2",
        "member_count": 3,
        "repeat_year_count": 3,
        "source_years": [
          2023,
          2024,
          2025
        ],
        "accidents_total": 24,
        "casualties_total": 24,
        "deaths_total": 0,
        "serious_injuries_total": 24,
        "max_risk_score": 45.0,
        "avg_risk_score": 40.0,
        "risk_level": "medium",
        "risk_level_ko": "주의",
        "high_member_count": 0,
        "center_lng": 127.00394405,
        "center_lat": 36.78271814
      }
    },
    {
      "type": "Feature",
      "geometry": {
        "type": "Point",
        "coordinates": [
          126.97273195,
          37.55476028
        ]
      },
      "properties": {
        "cluster_id": "ped_hotspot_cluster_0361",
        "display_name": "서울 중구 남대문로5가(서울역91번출구 부근)",
        "representative_place_name": "서울특별시 중구 남대문로5가(서울역91번출구 부근)",
        "representative_district": "서울특별시 중구2",
        "member_count": 3,
        "repeat_year_count": 3,
        "source_years": [
          2022,
          2023,
          2025
        ],
        "accidents_total": 23,
        "casualties_total": 25,
        "deaths_total": 1,
        "serious_injuries_total": 23,
        "max_risk_score": 44.5,
        "avg_risk_score": 41.83,
        "risk_level": "medium",
        "risk_level_ko": "주의",
        "high_member_count": 0,
        "center_lng": 126.97273195,
        "center_lat": 37.55476028
      }
    },
    {
      "type": "Feature",
      "geometry": {
        "type": "Point",
        "coordinates": [
          129.05972859,
          35.14448407
        ]
      },
      "properties": {
        "cluster_id": "ped_hotspot_cluster_0362",
        "display_name": "부산 부산진구 범천동(중앙시장앞교차로 부근)",
        "representative_place_name": "부산광역시 부산진구 범천동(중앙시장앞교차로 부근)",
        "representative_district": "부산광역시 부산진구10",
        "member_count": 2,
        "repeat_year_count": 2,
        "source_years": [
          2022,
          2023
        ],
        "accidents_total": 15,
        "casualties_total": 16,
        "deaths_total": 0,
        "serious_injuries_total": 16,
        "max_risk_score": 44.0,
        "avg_risk_score": 39.5,
        "risk_level": "medium",
        "risk_level_ko": "주의",
        "high_member_count": 0,
        "center_lng": 129.05972859,
        "center_lat": 35.14448407
      }
    },
    {
      "type": "Feature",
      "geometry": {
        "type": "Point",
        "coordinates": [
          126.67140615,
          37.50628481
        ]
      },
      "properties": {
        "cluster_id": "ped_hotspot_cluster_0363",
        "display_name": "인천광역시 서구 석남동(석남1고가교입구교차 부근)",
        "representative_place_name": "인천광역시 서구 석남동(석남1고가교입구교차 부근)",
        "representative_district": "인천광역시 서구1",
        "member_count": 1,
        "repeat_year_count": 1,
        "source_years": [
          2022
        ],
        "accidents_total": 8,
        "casualties_total": 9,
        "deaths_total": 0,
        "serious_injuries_total": 9,
        "max_risk_score": 44.0,
        "avg_risk_score": 44.0,
        "risk_level": "medium",
        "risk_level_ko": "주의",
        "high_member_count": 0,
        "center_lng": 126.67140615,
        "center_lat": 37.50628481
      }
    },
    {
      "type": "Feature",
      "geometry": {
        "type": "Point",
        "coordinates": [
          126.77340391,
          37.75614434
        ]
      },
      "properties": {
        "cluster_id": "ped_hotspot_cluster_0364",
        "display_name": "경기 파주시 금촌동(파주시여성회관 부근)",
        "representative_place_name": "경기도 파주시 금촌동(파주시여성회관 부근)",
        "representative_district": "경기도 파주시2",
        "member_count": 2,
        "repeat_year_count": 2,
        "source_years": [
          2022,
          2023
        ],
        "accidents_total": 14,
        "casualties_total": 18,
        "deaths_total": 0,
        "serious_injuries_total": 17,
        "max_risk_score": 44.0,
        "avg_risk_score": 41.5,
        "risk_level": "medium",
        "risk_level_ko": "주의",
        "high_member_count": 0,
        "center_lng": 126.77340391,
        "center_lat": 37.75614434
      }
    },
    {
      "type": "Feature",
      "geometry": {
        "type": "Point",
        "coordinates": [
          127.03887374,
          37.65726369
        ]
      },
      "properties": {
        "cluster_id": "ped_hotspot_cluster_0365",
        "display_name": "서울 도봉구 창동(도봉보건소교차로 부근)",
        "representative_place_name": "서울 도봉구 창동(도봉보건소교차로 부근)",
        "representative_district": "서울 도봉구7",
        "member_count": 2,
        "repeat_year_count": 2,
        "source_years": [
          2022,
          2023
        ],
        "accidents_total": 15,
        "casualties_total": 17,
        "deaths_total": 0,
        "serious_injuries_total": 17,
        "max_risk_score": 44.0,
        "avg_risk_score": 41.5,
        "risk_level": "medium",
        "risk_level_ko": "주의",
        "high_member_count": 0,
        "center_lng": 127.03887374,
        "center_lat": 37.65726369
      }
    },
    {
      "type": "Feature",
      "geometry": {
        "type": "Point",
        "coordinates": [
          126.9211137,
          35.17208774
        ]
      },
      "properties": {
        "cluster_id": "ped_hotspot_cluster_0366",
        "display_name": "광주 북구 우산동(말바우시장 부근)",
        "representative_place_name": "광주 북구 우산동(말바우시장 부근)",
        "representative_district": "광주 북구1",
        "member_count": 3,
        "repeat_year_count": 3,
        "source_years": [
          2023,
          2024,
          2025
        ],
        "accidents_total": 21,
        "casualties_total": 26,
        "deaths_total": 0,
        "serious_injuries_total": 25,
        "max_risk_score": 44.0,
        "avg_risk_score": 40.67,
        "risk_level": "medium",
        "risk_level_ko": "주의",
        "high_member_count": 0,
        "center_lng": 126.9211137,
        "center_lat": 35.17208774
      }
    },
    {
      "type": "Feature",
      "geometry": {
        "type": "Point",
        "coordinates": [
          127.08835207,
          36.99036913
        ]
      },
      "properties": {
        "cluster_id": "ped_hotspot_cluster_0367",
        "display_name": "경기 평택시 평택동(서울리더스치과의원 평택점 부근)",
        "representative_place_name": "경기 평택시 평택동(서울리더스치과의원 평택점 부근)",
        "representative_district": "경기 평택시3",
        "member_count": 3,
        "repeat_year_count": 3,
        "source_years": [
          2023,
          2024,
          2025
        ],
        "accidents_total": 23,
        "casualties_total": 25,
        "deaths_total": 0,
        "serious_injuries_total": 25,
        "max_risk_score": 44.0,
        "avg_risk_score": 41.0,
        "risk_level": "medium",
        "risk_level_ko": "주의",
        "high_member_count": 0,
        "center_lng": 127.08835207,
        "center_lat": 36.99036913
      }
    },
    {
      "type": "Feature",
      "geometry": {
        "type": "Point",
        "coordinates": [
          129.04552806,
          35.12790622
        ]
      },
      "properties": {
        "cluster_id": "ped_hotspot_cluster_0368",
        "display_name": "부산 동구 수정동(해피투데이 부근)",
        "representative_place_name": "부산 동구 수정동(해피투데이 부근)",
        "representative_district": "부산 동구3",
        "member_count": 3,
        "repeat_year_count": 3,
        "source_years": [
          2022,
          2024,
          2025
        ],
        "accidents_total": 22,
        "casualties_total": 24,
        "deaths_total": 1,
        "serious_injuries_total": 23,
        "max_risk_score": 44.0,
        "avg_risk_score": 41.33,
        "risk_level": "medium",
        "risk_level_ko": "주의",
        "high_member_count": 0,
        "center_lng": 129.04552806,
        "center_lat": 35.12790622
      }
    },
    {
      "type": "Feature",
      "geometry": {
        "type": "Point",
        "coordinates": [
          126.80458708,
          37.51920152
        ]
      },
      "properties": {
        "cluster_id": "ped_hotspot_cluster_0369",
        "display_name": "경기 부천시 오정구 원종동(성곡사거리 부근)",
        "representative_place_name": "경기 부천시 오정구 원종동(성곡사거리 부근)",
        "representative_district": "경기 부천시 오정구2",
        "member_count": 2,
        "repeat_year_count": 2,
        "source_years": [
          2024,
          2025
        ],
        "accidents_total": 15,
        "casualties_total": 17,
        "deaths_total": 0,
        "serious_injuries_total": 17,
        "max_risk_score": 44.0,
        "avg_risk_score": 41.5,
        "risk_level": "medium",
        "risk_level_ko": "주의",
        "high_member_count": 0,
        "center_lng": 126.80458708,
        "center_lat": 37.51920152
      }
    },
    {
      "type": "Feature",
      "geometry": {
        "type": "Point",
        "coordinates": [
          126.9654254,
          35.93523932
        ]
      },
      "properties": {
        "cluster_id": "ped_hotspot_cluster_0370",
        "display_name": "전북 익산시 마동(동산오거리 부근)",
        "representative_place_name": "전북 익산시 마동(동산오거리 부근)",
        "representative_district": "전북 익산시1",
        "member_count": 1,
        "repeat_year_count": 1,
        "source_years": [
          2024
        ],
        "accidents_total": 7,
        "casualties_total": 10,
        "deaths_total": 1,
        "serious_injuries_total": 6,
        "max_risk_score": 44.0,
        "avg_risk_score": 44.0,
        "risk_level": "medium",
        "risk_level_ko": "주의",
        "high_member_count": 0,
        "center_lng": 126.9654254,
        "center_lat": 35.93523932
      }
    },
    {
      "type": "Feature",
      "geometry": {
        "type": "Point",
        "coordinates": [
          127.05767256,
          37.65428209
        ]
      },
      "properties": {
        "cluster_id": "ped_hotspot_cluster_0371",
        "display_name": "서울 노원구 상계동(친절한약국 부근)",
        "representative_place_name": "서울 노원구 상계동(친절한약국 부근)",
        "representative_district": "서울 노원구1",
        "member_count": 1,
        "repeat_year_count": 1,
        "source_years": [
          2025
        ],
        "accidents_total": 8,
        "casualties_total": 9,
        "deaths_total": 0,
        "serious_injuries_total": 9,
        "max_risk_score": 44.0,
        "avg_risk_score": 44.0,
        "risk_level": "medium",
        "risk_level_ko": "주의",
        "high_member_count": 0,
        "center_lng": 127.05767256,
        "center_lat": 37.65428209
      }
    },
    {
      "type": "Feature",
      "geometry": {
        "type": "Point",
        "coordinates": [
          129.42794178,
          35.4971389
        ]
      },
      "properties": {
        "cluster_id": "ped_hotspot_cluster_0372",
        "display_name": "울산 동구 일산동(일산해수욕장사거리 부근)",
        "representative_place_name": "울산 동구 일산동(일산해수욕장사거리 부근)",
        "representative_district": "울산 동구1",
        "member_count": 3,
        "repeat_year_count": 3,
        "source_years": [
          2023,
          2024,
          2025
        ],
        "accidents_total": 23,
        "casualties_total": 26,
        "deaths_total": 0,
        "serious_injuries_total": 24,
        "max_risk_score": 44.0,
        "avg_risk_score": 40.17,
        "risk_level": "medium",
        "risk_level_ko": "주의",
        "high_member_count": 0,
        "center_lng": 129.42794178,
        "center_lat": 35.4971389
      }
    },
    {
      "type": "Feature",
      "geometry": {
        "type": "Point",
        "coordinates": [
          127.93015579,
          37.34806743
        ]
      },
      "properties": {
        "cluster_id": "ped_hotspot_cluster_0373",
        "display_name": "강원 원주시 단계동(D마트약국 부근)",
        "representative_place_name": "강원 원주시 단계동(D마트약국 부근)",
        "representative_district": "강원 원주시1",
        "member_count": 1,
        "repeat_year_count": 1,
        "source_years": [
          2025
        ],
        "accidents_total": 8,
        "casualties_total": 9,
        "deaths_total": 0,
        "serious_injuries_total": 9,
        "max_risk_score": 44.0,
        "avg_risk_score": 44.0,
        "risk_level": "medium",
        "risk_level_ko": "주의",
        "high_member_count": 0,
        "center_lng": 127.93015579,
        "center_lat": 37.34806743
      }
    },
    {
      "type": "Feature",
      "geometry": {
        "type": "Point",
        "coordinates": [
          127.03972517,
          37.62853419
        ]
      },
      "properties": {
        "cluster_id": "ped_hotspot_cluster_0374",
        "display_name": "서울 강북구 번동(새마을금고 부근)",
        "representative_place_name": "서울특별시 강북구 번동(새마을금고 부근)",
        "representative_district": "서울특별시 강북구4",
        "member_count": 1,
        "repeat_year_count": 1,
        "source_years": [
          2022
        ],
        "accidents_total": 7,
        "casualties_total": 9,
        "deaths_total": 1,
        "serious_injuries_total": 6,
        "max_risk_score": 43.0,
        "avg_risk_score": 43.0,
        "risk_level": "medium",
        "risk_level_ko": "주의",
        "high_member_count": 0,
        "center_lng": 127.03972517,
        "center_lat": 37.62853419
      }
    },
    {
      "type": "Feature",
      "geometry": {
        "type": "Point",
        "coordinates": [
          127.04625691,
          37.48596583
        ]
      },
      "properties": {
        "cluster_id": "ped_hotspot_cluster_0375",
        "display_name": "서울 강남구 도곡동(매봉역앞교차로 부근)",
        "representative_place_name": "서울특별시 강남구 도곡동(매봉역앞교차로 부근)",
        "representative_district": "서울특별시 강남구2",
        "member_count": 1,
        "repeat_year_count": 1,
        "source_years": [
          2022
        ],
        "accidents_total": 7,
        "casualties_total": 9,
        "deaths_total": 1,
        "serious_injuries_total": 6,
        "max_risk_score": 43.0,
        "avg_risk_score": 43.0,
        "risk_level": "medium",
        "risk_level_ko": "주의",
        "high_member_count": 0,
        "center_lng": 127.04625691,
        "center_lat": 37.48596583
      }
    },
    {
      "type": "Feature",
      "geometry": {
        "type": "Point",
        "coordinates": [
          129.20282896,
          35.18350376
        ]
      },
      "properties": {
        "cluster_id": "ped_hotspot_cluster_0376",
        "display_name": "부산 해운대구 송정동(송정삼거리 부근)",
        "representative_place_name": "부산광역시 해운대구 송정동(송정삼거리 부근)",
        "representative_district": "부산광역시 해운대구3",
        "member_count": 1,
        "repeat_year_count": 1,
        "source_years": [
          2022
        ],
        "accidents_total": 7,
        "casualties_total": 9,
        "deaths_total": 0,
        "serious_injuries_total": 9,
        "max_risk_score": 43.0,
        "avg_risk_score": 43.0,
        "risk_level": "medium",
        "risk_level_ko": "주의",
        "high_member_count": 0,
        "center_lng": 129.20282896,
        "center_lat": 35.18350376
      }
    },
    {
      "type": "Feature",
      "geometry": {
        "type": "Point",
        "coordinates": [
          129.08184186,
          35.18514477
        ]
      },
      "properties": {
        "cluster_id": "ped_hotspot_cluster_0377",
        "display_name": "부산 연제구 연산동(연산교차로 부근)",
        "representative_place_name": "부산광역시 연제구 연산동(연산교차로 부근)",
        "representative_district": "부산광역시 연제구4",
        "member_count": 1,
        "repeat_year_count": 1,
        "source_years": [
          2022
        ],
        "accidents_total": 7,
        "casualties_total": 9,
        "deaths_total": 0,
        "serious_injuries_total": 9,
        "max_risk_score": 43.0,
        "avg_risk_score": 43.0,
        "risk_level": "medium",
        "risk_level_ko": "주의",
        "high_member_count": 0,
        "center_lng": 129.08184186,
        "center_lat": 35.18514477
      }
    },
    {
      "type": "Feature",
      "geometry": {
        "type": "Point",
        "coordinates": [
          128.99027511,
          35.18648668
        ]
      },
      "properties": {
        "cluster_id": "ped_hotspot_cluster_0378",
        "display_name": "부산 사상구 모라동(신모라사거리 부근)",
        "representative_place_name": "부산광역시 사상구 모라동(신모라사거리 부근)",
        "representative_district": "부산광역시 사상구3",
        "member_count": 1,
        "repeat_year_count": 1,
        "source_years": [
          2022
        ],
        "accidents_total": 7,
        "casualties_total": 9,
        "deaths_total": 1,
        "serious_injuries_total": 6,
        "max_risk_score": 43.0,
        "avg_risk_score": 43.0,
        "risk_level": "medium",
        "risk_level_ko": "주의",
        "high_member_count": 0,
        "center_lng": 128.99027511,
        "center_lat": 35.18648668
      }
    },
    {
      "type": "Feature",
      "geometry": {
        "type": "Point",
        "coordinates": [
          127.24169034,
          37.42778538
        ]
      },
      "properties": {
        "cluster_id": "ped_hotspot_cluster_0379",
        "display_name": "경기 광주시 탄벌동(회덕교 부근)",
        "representative_place_name": "경기도 광주시 탄벌동(회덕교 부근)",
        "representative_district": "경기도 광주시2",
        "member_count": 1,
        "repeat_year_count": 1,
        "source_years": [
          2022
        ],
        "accidents_total": 7,
        "casualties_total": 9,
        "deaths_total": 0,
        "serious_injuries_total": 9,
        "max_risk_score": 43.0,
        "avg_risk_score": 43.0,
        "risk_level": "medium",
        "risk_level_ko": "주의",
        "high_member_count": 0,
        "center_lng": 127.24169034,
        "center_lat": 37.42778538
      }
    },
    {
      "type": "Feature",
      "geometry": {
        "type": "Point",
        "coordinates": [
          129.36564905,
          36.03283997
        ]
      },
      "properties": {
        "cluster_id": "ped_hotspot_cluster_0380",
        "display_name": "경상북도 포항시 북구 죽도동(오거리 부근)",
        "representative_place_name": "경상북도 포항시 북구 죽도동(오거리 부근)",
        "representative_district": "경상북도 포항시 북구2",
        "member_count": 1,
        "repeat_year_count": 1,
        "source_years": [
          2022
        ],
        "accidents_total": 7,
        "casualties_total": 9,
        "deaths_total": 1,
        "serious_injuries_total": 6,
        "max_risk_score": 43.0,
        "avg_risk_score": 43.0,
        "risk_level": "medium",
        "risk_level_ko": "주의",
        "high_member_count": 0,
        "center_lng": 129.36564905,
        "center_lat": 36.03283997
      }
    },
    {
      "type": "Feature",
      "geometry": {
        "type": "Point",
        "coordinates": [
          127.13932803,
          37.59985317
        ]
      },
      "properties": {
        "cluster_id": "ped_hotspot_cluster_0381",
        "display_name": "경기 구리시 수택동(구리전통시장 부근)",
        "representative_place_name": "경기 구리시 수택동(구리전통시장 부근)",
        "representative_district": "경기 구리시3",
        "member_count": 2,
        "repeat_year_count": 2,
        "source_years": [
          2023,
          2024
        ],
        "accidents_total": 14,
        "casualties_total": 18,
        "deaths_total": 2,
        "serious_injuries_total": 12,
        "max_risk_score": 43.0,
        "avg_risk_score": 43.0,
        "risk_level": "medium",
        "risk_level_ko": "주의",
        "high_member_count": 0,
        "center_lng": 127.13932803,
        "center_lat": 37.59985317
      }
    },
    {
      "type": "Feature",
      "geometry": {
        "type": "Point",
        "coordinates": [
          127.47319494,
          36.6174843
        ]
      },
      "properties": {
        "cluster_id": "ped_hotspot_cluster_0382",
        "display_name": "충북 청주시 서원구 수곡동(배꼽어린이집 부근)",
        "representative_place_name": "충북 청주시 서원구 수곡동(배꼽어린이집 부근)",
        "representative_district": "충북 청주시 서원구3",
        "member_count": 1,
        "repeat_year_count": 1,
        "source_years": [
          2023
        ],
        "accidents_total": 7,
        "casualties_total": 9,
        "deaths_total": 0,
        "serious_injuries_total": 9,
        "max_risk_score": 43.0,
        "avg_risk_score": 43.0,
        "risk_level": "medium",
        "risk_level_ko": "주의",
        "high_member_count": 0,
        "center_lng": 127.47319494,
        "center_lat": 36.6174843
      }
    },
    {
      "type": "Feature",
      "geometry": {
        "type": "Point",
        "coordinates": [
          129.02477762,
          35.10241438
        ]
      },
      "properties": {
        "cluster_id": "ped_hotspot_cluster_0383",
        "display_name": "부산 중구 보수동2가(보수사거리 부근)",
        "representative_place_name": "부산 중구 보수동2가(보수사거리 부근)",
        "representative_district": "부산 중구4",
        "member_count": 2,
        "repeat_year_count": 2,
        "source_years": [
          2024,
          2025
        ],
        "accidents_total": 14,
        "casualties_total": 16,
        "deaths_total": 2,
        "serious_injuries_total": 12,
        "max_risk_score": 43.0,
        "avg_risk_score": 42.0,
        "risk_level": "medium",
        "risk_level_ko": "주의",
        "high_member_count": 0,
        "center_lng": 129.02477762,
        "center_lat": 35.10241438
      }
    },
    {
      "type": "Feature",
      "geometry": {
        "type": "Point",
        "coordinates": [
          126.86707645,
          37.47547462
        ]
      },
      "properties": {
        "cluster_id": "ped_hotspot_cluster_0384",
        "display_name": "경기 광명시 철산동(철산역앞삼거리 부근)",
        "representative_place_name": "경기 광명시 철산동(철산역앞삼거리 부근)",
        "representative_district": "경기 광명시5",
        "member_count": 1,
        "repeat_year_count": 1,
        "source_years": [
          2025
        ],
        "accidents_total": 7,
        "casualties_total": 9,
        "deaths_total": 0,
        "serious_injuries_total": 9,
        "max_risk_score": 43.0,
        "avg_risk_score": 43.0,
        "risk_level": "medium",
        "risk_level_ko": "주의",
        "high_member_count": 0,
        "center_lng": 126.86707645,
        "center_lat": 37.47547462
      }
    },
    {
      "type": "Feature",
      "geometry": {
        "type": "Point",
        "coordinates": [
          127.00092776,
          37.56654434
        ]
      },
      "properties": {
        "cluster_id": "ped_hotspot_cluster_0385",
        "display_name": "서울 중구 을지로5가(중부시장앞 부근)",
        "representative_place_name": "서울특별시 중구 을지로5가(중부시장앞 부근)",
        "representative_district": "서울특별시 중구6",
        "member_count": 1,
        "repeat_year_count": 1,
        "source_years": [
          2022
        ],
        "accidents_total": 7,
        "casualties_total": 8,
        "deaths_total": 1,
        "serious_injuries_total": 6,
        "max_risk_score": 42.0,
        "avg_risk_score": 42.0,
        "risk_level": "medium",
        "risk_level_ko": "주의",
        "high_member_count": 0,
        "center_lng": 127.00092776,
        "center_lat": 37.56654434
      }
    },
    {
      "type": "Feature",
      "geometry": {
        "type": "Point",
        "coordinates": [
          127.03483993,
          37.6122909
        ]
      },
      "properties": {
        "cluster_id": "ped_hotspot_cluster_0386",
        "display_name": "서울 강북구 미아동(방천시장입구교차로 부근)",
        "representative_place_name": "서울특별시 강북구 미아동(방천시장입구교차로 부근)",
        "representative_district": "서울특별시 강북구5",
        "member_count": 1,
        "repeat_year_count": 1,
        "source_years": [
          2022
        ],
        "accidents_total": 7,
        "casualties_total": 8,
        "deaths_total": 1,
        "serious_injuries_total": 6,
        "max_risk_score": 42.0,
        "avg_risk_score": 42.0,
        "risk_level": "medium",
        "risk_level_ko": "주의",
        "high_member_count": 0,
        "center_lng": 127.03483993,
        "center_lat": 37.6122909
      }
    },
    {
      "type": "Feature",
      "geometry": {
        "type": "Point",
        "coordinates": [
          126.90526228,
          37.58052232
        ]
      },
      "properties": {
        "cluster_id": "ped_hotspot_cluster_0387",
        "display_name": "서울 은평구 증산동(증산시장 부근)",
        "representative_place_name": "서울특별시 은평구 증산동(증산시장 부근)",
        "representative_district": "서울특별시 은평구5",
        "member_count": 2,
        "repeat_year_count": 2,
        "source_years": [
          2022,
          2024
        ],
        "accidents_total": 14,
        "casualties_total": 16,
        "deaths_total": 2,
        "serious_injuries_total": 12,
        "max_risk_score": 42.0,
        "avg_risk_score": 42.0,
        "risk_level": "medium",
        "risk_level_ko": "주의",
        "high_member_count": 0,
        "center_lng": 126.90526228,
        "center_lat": 37.58052232
      }
    },
    {
      "type": "Feature",
      "geometry": {
        "type": "Point",
        "coordinates": [
          126.84678378,
          37.53136074
        ]
      },
      "properties": {
        "cluster_id": "ped_hotspot_cluster_0388",
        "display_name": "서울 강서구 화곡동(화곡사거리 부근)",
        "representative_place_name": "서울특별시 강서구 화곡동(화곡사거리 부근)",
        "representative_district": "서울특별시 강서구3",
        "member_count": 1,
        "repeat_year_count": 1,
        "source_years": [
          2022
        ],
        "accidents_total": 7,
        "casualties_total": 8,
        "deaths_total": 1,
        "serious_injuries_total": 6,
        "max_risk_score": 42.0,
        "avg_risk_score": 42.0,
        "risk_level": "medium",
        "risk_level_ko": "주의",
        "high_member_count": 0,
        "center_lng": 126.84678378,
        "center_lat": 37.53136074
      }
    },
    {
      "type": "Feature",
      "geometry": {
        "type": "Point",
        "coordinates": [
          128.5298486,
          35.85757361
        ]
      },
      "properties": {
        "cluster_id": "ped_hotspot_cluster_0389",
        "display_name": "대구광역시 달서구 용산동(용산동970 부근)",
        "representative_place_name": "대구광역시 달서구 용산동(용산동970 부근)",
        "representative_district": "대구광역시 달서구2",
        "member_count": 1,
        "repeat_year_count": 1,
        "source_years": [
          2022
        ],
        "accidents_total": 7,
        "casualties_total": 8,
        "deaths_total": 1,
        "serious_injuries_total": 6,
        "max_risk_score": 42.0,
        "avg_risk_score": 42.0,
        "risk_level": "medium",
        "risk_level_ko": "주의",
        "high_member_count": 0,
        "center_lng": 128.5298486,
        "center_lat": 35.85757361
      }
    },
    {
      "type": "Feature",
      "geometry": {
        "type": "Point",
        "coordinates": [
          127.00380941,
          37.26766206
        ]
      },
      "properties": {
        "cluster_id": "ped_hotspot_cluster_0390",
        "display_name": "경기 수원시 팔달구 매산로2가(홍도사사주카페 부근)",
        "representative_place_name": "경기도 수원시 팔달구 매산로2가(홍도사사주카페 부근)",
        "representative_district": "경기도 수원시 팔달구2",
        "member_count": 1,
        "repeat_year_count": 1,
        "source_years": [
          2022
        ],
        "accidents_total": 7,
        "casualties_total": 8,
        "deaths_total": 1,
        "serious_injuries_total": 6,
        "max_risk_score": 42.0,
        "avg_risk_score": 42.0,
        "risk_level": "medium",
        "risk_level_ko": "주의",
        "high_member_count": 0,
        "center_lng": 127.00380941,
        "center_lat": 37.26766206
      }
    },
    {
      "type": "Feature",
      "geometry": {
        "type": "Point",
        "coordinates": [
          126.8515866,
          37.47334019
        ]
      },
      "properties": {
        "cluster_id": "ped_hotspot_cluster_0391",
        "display_name": "경기 광명시 광명동(새마을시장삼거리 부근)",
        "representative_place_name": "경기도 광명시 광명동(새마을시장삼거리 부근)",
        "representative_district": "경기도 광명시1",
        "member_count": 1,
        "repeat_year_count": 1,
        "source_years": [
          2022
        ],
        "accidents_total": 7,
        "casualties_total": 8,
        "deaths_total": 1,
        "serious_injuries_total": 6,
        "max_risk_score": 42.0,
        "avg_risk_score": 42.0,
        "risk_level": "medium",
        "risk_level_ko": "주의",
        "high_member_count": 0,
        "center_lng": 126.8515866,
        "center_lat": 37.47334019
      }
    },
    {
      "type": "Feature",
      "geometry": {
        "type": "Point",
        "coordinates": [
          127.14479806,
          37.64872679
        ]
      },
      "properties": {
        "cluster_id": "ped_hotspot_cluster_0392",
        "display_name": "경기 남양주시 퇴계원읍(퇴계원리22513 부근)",
        "representative_place_name": "경기도 남양주시 퇴계원읍(퇴계원리22513 부근)",
        "representative_district": "경기도 남양주시3",
        "member_count": 1,
        "repeat_year_count": 1,
        "source_years": [
          2022
        ],
        "accidents_total": 7,
        "casualties_total": 8,
        "deaths_total": 1,
        "serious_injuries_total": 6,
        "max_risk_score": 42.0,
        "avg_risk_score": 42.0,
        "risk_level": "medium",
        "risk_level_ko": "주의",
        "high_member_count": 0,
        "center_lng": 127.14479806,
        "center_lat": 37.64872679
      }
    },
    {
      "type": "Feature",
      "geometry": {
        "type": "Point",
        "coordinates": [
          127.08491243,
          36.20477319
        ]
      },
      "properties": {
        "cluster_id": "ped_hotspot_cluster_0393",
        "display_name": "충청남도 논산시 반월동(반월동191 부근)",
        "representative_place_name": "충청남도 논산시 반월동(반월동191 부근)",
        "representative_district": "충청남도 논산시1",
        "member_count": 1,
        "repeat_year_count": 1,
        "source_years": [
          2022
        ],
        "accidents_total": 7,
        "casualties_total": 8,
        "deaths_total": 1,
        "serious_injuries_total": 6,
        "max_risk_score": 42.0,
        "avg_risk_score": 42.0,
        "risk_level": "medium",
        "risk_level_ko": "주의",
        "high_member_count": 0,
        "center_lng": 127.08491243,
        "center_lat": 36.20477319
      }
    },
    {
      "type": "Feature",
      "geometry": {
        "type": "Point",
        "coordinates": [
          128.42773294,
          34.85649053
        ]
      },
      "properties": {
        "cluster_id": "ped_hotspot_cluster_0394",
        "display_name": "경상남도 통영시 북신동(무전사거리 부근)",
        "representative_place_name": "경상남도 통영시 북신동(무전사거리 부근)",
        "representative_district": "경상남도 통영시3",
        "member_count": 1,
        "repeat_year_count": 1,
        "source_years": [
          2022
        ],
        "accidents_total": 7,
        "casualties_total": 8,
        "deaths_total": 1,
        "serious_injuries_total": 6,
        "max_risk_score": 42.0,
        "avg_risk_score": 42.0,
        "risk_level": "medium",
        "risk_level_ko": "주의",
        "high_member_count": 0,
        "center_lng": 128.42773294,
        "center_lat": 34.85649053
      }
    },
    {
      "type": "Feature",
      "geometry": {
        "type": "Point",
        "coordinates": [
          127.05470662,
          37.67793987
        ]
      },
      "properties": {
        "cluster_id": "ped_hotspot_cluster_0395",
        "display_name": "서울 노원구 상계동(수락산역교차로 부근)",
        "representative_place_name": "서울 노원구 상계동(수락산역교차로 부근)",
        "representative_district": "서울 노원구2",
        "member_count": 2,
        "repeat_year_count": 2,
        "source_years": [
          2023,
          2024
        ],
        "accidents_total": 14,
        "casualties_total": 15,
        "deaths_total": 1,
        "serious_injuries_total": 13,
        "max_risk_score": 42.0,
        "avg_risk_score": 38.5,
        "risk_level": "medium",
        "risk_level_ko": "주의",
        "high_member_count": 0,
        "center_lng": 127.05470662,
        "center_lat": 37.67793987
      }
    },
    {
      "type": "Feature",
      "geometry": {
        "type": "Point",
        "coordinates": [
          129.10721522,
          35.1838093
        ]
      },
      "properties": {
        "cluster_id": "ped_hotspot_cluster_0396",
        "display_name": "부산 연제구 연산동(민지학치과의원 부근)",
        "representative_place_name": "부산 연제구 연산동(민지학치과의원 부근)",
        "representative_district": "부산 연제구4",
        "member_count": 1,
        "repeat_year_count": 1,
        "source_years": [
          2023
        ],
        "accidents_total": 7,
        "casualties_total": 9,
        "deaths_total": 1,
        "serious_injuries_total": 6,
        "max_risk_score": 42.0,
        "avg_risk_score": 42.0,
        "risk_level": "medium",
        "risk_level_ko": "주의",
        "high_member_count": 0,
        "center_lng": 129.10721522,
        "center_lat": 35.1838093
      }
    },
    {
      "type": "Feature",
      "geometry": {
        "type": "Point",
        "coordinates": [
          126.79614932,
          35.13977602
        ]
      },
      "properties": {
        "cluster_id": "ped_hotspot_cluster_0397",
        "display_name": "광주 광산구 송정동(롯데리아광주송정점 부근)",
        "representative_place_name": "광주 광산구 송정동(롯데리아광주송정점 부근)",
        "representative_district": "광주 광산구2",
        "member_count": 2,
        "repeat_year_count": 2,
        "source_years": [
          2023,
          2024
        ],
        "accidents_total": 14,
        "casualties_total": 15,
        "deaths_total": 2,
        "serious_injuries_total": 12,
        "max_risk_score": 42.0,
        "avg_risk_score": 41.5,
        "risk_level": "medium",
        "risk_level_ko": "주의",
        "high_member_count": 0,
        "center_lng": 126.79614932,
        "center_lat": 35.13977602
      }
    },
    {
      "type": "Feature",
      "geometry": {
        "type": "Point",
        "coordinates": [
          128.58364241,
          35.23880363
        ]
      },
      "properties": {
        "cluster_id": "ped_hotspot_cluster_0398",
        "display_name": "경남 창원시 마산회원구 합성동(이종흔안과의원 부근)",
        "representative_place_name": "경남 창원시 마산회원구 합성동(이종흔안과의원 부근)",
        "representative_district": "경남 창원시 마산회원구1",
        "member_count": 1,
        "repeat_year_count": 1,
        "source_years": [
          2023
        ],
        "accidents_total": 7,
        "casualties_total": 8,
        "deaths_total": 1,
        "serious_injuries_total": 6,
        "max_risk_score": 42.0,
        "avg_risk_score": 42.0,
        "risk_level": "medium",
        "risk_level_ko": "주의",
        "high_member_count": 0,
        "center_lng": 128.58364241,
        "center_lat": 35.23880363
      }
    },
    {
      "type": "Feature",
      "geometry": {
        "type": "Point",
        "coordinates": [
          126.89670878,
          37.4670059
        ]
      },
      "properties": {
        "cluster_id": "ped_hotspot_cluster_0399",
        "display_name": "서울 금천구 독산동(협진정육 부산물도매시장 부근)",
        "representative_place_name": "서울 금천구 독산동(협진정육 부산물도매시장 부근)",
        "representative_district": "서울 금천구4",
        "member_count": 1,
        "repeat_year_count": 1,
        "source_years": [
          2024
        ],
        "accidents_total": 7,
        "casualties_total": 8,
        "deaths_total": 1,
        "serious_injuries_total": 6,
        "max_risk_score": 42.0,
        "avg_risk_score": 42.0,
        "risk_level": "medium",
        "risk_level_ko": "주의",
        "high_member_count": 0,
        "center_lng": 126.89670878,
        "center_lat": 37.4670059
      }
    },
    {
      "type": "Feature",
      "geometry": {
        "type": "Point",
        "coordinates": [
          126.98089873,
          37.47651454
        ]
      },
      "properties": {
        "cluster_id": "ped_hotspot_cluster_0400",
        "display_name": "서울 관악구 남현동(사랑약국 부근)",
        "representative_place_name": "서울 관악구 남현동(사랑약국 부근)",
        "representative_district": "서울 관악구5",
        "member_count": 1,
        "repeat_year_count": 1,
        "source_years": [
          2024
        ],
        "accidents_total": 7,
        "casualties_total": 8,
        "deaths_total": 1,
        "serious_injuries_total": 6,
        "max_risk_score": 42.0,
        "avg_risk_score": 42.0,
        "risk_level": "medium",
        "risk_level_ko": "주의",
        "high_member_count": 0,
        "center_lng": 126.98089873,
        "center_lat": 37.47651454
      }
    },
    {
      "type": "Feature",
      "geometry": {
        "type": "Point",
        "coordinates": [
          129.10730685,
          35.17525786
        ]
      },
      "properties": {
        "cluster_id": "ped_hotspot_cluster_0401",
        "display_name": "부산 수영구 망미동(망미중앙시장 부근)",
        "representative_place_name": "부산 수영구 망미동(망미중앙시장 부근)",
        "representative_district": "부산 수영구3",
        "member_count": 2,
        "repeat_year_count": 2,
        "source_years": [
          2022,
          2024
        ],
        "accidents_total": 14,
        "casualties_total": 15,
        "deaths_total": 2,
        "serious_injuries_total": 12,
        "max_risk_score": 42.0,
        "avg_risk_score": 41.5,
        "risk_level": "medium",
        "risk_level_ko": "주의",
        "high_member_count": 0,
        "center_lng": 129.10730685,
        "center_lat": 35.17525786
      }
    },
    {
      "type": "Feature",
      "geometry": {
        "type": "Point",
        "coordinates": [
          127.20658893,
          37.54040544
        ]
      },
      "properties": {
        "cluster_id": "ped_hotspot_cluster_0402",
        "display_name": "경기 하남시 신장동(사무엘어린이집 부근)",
        "representative_place_name": "경기 하남시 신장동(사무엘어린이집 부근)",
        "representative_district": "경기 하남시2",
        "member_count": 3,
        "repeat_year_count": 3,
        "source_years": [
          2023,
          2024,
          2025
        ],
        "accidents_total": 22,
        "casualties_total": 24,
        "deaths_total": 0,
        "serious_injuries_total": 22,
        "max_risk_score": 42.0,
        "avg_risk_score": 37.33,
        "risk_level": "medium",
        "risk_level_ko": "주의",
        "high_member_count": 0,
        "center_lng": 127.20658893,
        "center_lat": 37.54040544
      }
    },
    {
      "type": "Feature",
      "geometry": {
        "type": "Point",
        "coordinates": [
          126.81707709,
          37.20890677
        ]
      },
      "properties": {
        "cluster_id": "ped_hotspot_cluster_0403",
        "display_name": "경기 화성시 남양읍(남양시장 부근)",
        "representative_place_name": "경기 화성시 남양읍(남양시장 부근)",
        "representative_district": "경기 화성시1",
        "member_count": 1,
        "repeat_year_count": 1,
        "source_years": [
          2024
        ],
        "accidents_total": 7,
        "casualties_total": 8,
        "deaths_total": 1,
        "serious_injuries_total": 6,
        "max_risk_score": 42.0,
        "avg_risk_score": 42.0,
        "risk_level": "medium",
        "risk_level_ko": "주의",
        "high_member_count": 0,
        "center_lng": 126.81707709,
        "center_lat": 37.20890677
      }
    },
    {
      "type": "Feature",
      "geometry": {
        "type": "Point",
        "coordinates": [
          127.7771835,
          36.17497973
        ]
      },
      "properties": {
        "cluster_id": "ped_hotspot_cluster_0404",
        "display_name": "충북 영동군 영동읍(중앙회전사거리 부근)",
        "representative_place_name": "충북 영동군 영동읍(중앙회전사거리 부근)",
        "representative_district": "충북 영동군1",
        "member_count": 3,
        "repeat_year_count": 3,
        "source_years": [
          2022,
          2023,
          2024
        ],
        "accidents_total": 22,
        "casualties_total": 25,
        "deaths_total": 0,
        "serious_injuries_total": 22,
        "max_risk_score": 42.0,
        "avg_risk_score": 37.67,
        "risk_level": "medium",
        "risk_level_ko": "주의",
        "high_member_count": 0,
        "center_lng": 127.7771835,
        "center_lat": 36.17497973
      }
    },
    {
      "type": "Feature",
      "geometry": {
        "type": "Point",
        "coordinates": [
          129.06670923,
          35.17488292
        ]
      },
      "properties": {
        "cluster_id": "ped_hotspot_cluster_0405",
        "display_name": "부산 부산진구 양정동(하마정사거리 부근)",
        "representative_place_name": "부산광역시 부산진구 양정동(하마정사거리 부근)",
        "representative_district": "부산광역시 부산진구12",
        "member_count": 1,
        "repeat_year_count": 1,
        "source_years": [
          2022
        ],
        "accidents_total": 7,
        "casualties_total": 11,
        "deaths_total": 0,
        "serious_injuries_total": 8,
        "max_risk_score": 41.5,
        "avg_risk_score": 41.5,
        "risk_level": "medium",
        "risk_level_ko": "주의",
        "high_member_count": 0,
        "center_lng": 129.06670923,
        "center_lat": 35.17488292
      }
    },
    {
      "type": "Feature",
      "geometry": {
        "type": "Point",
        "coordinates": [
          127.16251497,
          37.44056562
        ]
      },
      "properties": {
        "cluster_id": "ped_hotspot_cluster_0406",
        "display_name": "경기 성남시 중원구 상대원동(금상로사거리 부근)",
        "representative_place_name": "경기도 성남시 중원구 상대원동(금상로사거리 부근)",
        "representative_district": "경기도 성남시 중원구2",
        "member_count": 1,
        "repeat_year_count": 1,
        "source_years": [
          2022
        ],
        "accidents_total": 8,
        "casualties_total": 10,
        "deaths_total": 0,
        "serious_injuries_total": 8,
        "max_risk_score": 41.5,
        "avg_risk_score": 41.5,
        "risk_level": "medium",
        "risk_level_ko": "주의",
        "high_member_count": 0,
        "center_lng": 127.16251497,
        "center_lat": 37.44056562
      }
    },
    {
      "type": "Feature",
      "geometry": {
        "type": "Point",
        "coordinates": [
          127.05454326,
          37.07910876
        ]
      },
      "properties": {
        "cluster_id": "ped_hotspot_cluster_0407",
        "display_name": "경기 평택시 신장동(신장육교사거리 부근)",
        "representative_place_name": "경기도 평택시 신장동(신장육교사거리 부근)",
        "representative_district": "경기도 평택시3",
        "member_count": 1,
        "repeat_year_count": 1,
        "source_years": [
          2022
        ],
        "accidents_total": 7,
        "casualties_total": 8,
        "deaths_total": 1,
        "serious_injuries_total": 6,
        "max_risk_score": 41.5,
        "avg_risk_score": 41.5,
        "risk_level": "medium",
        "risk_level_ko": "주의",
        "high_member_count": 0,
        "center_lng": 127.05454326,
        "center_lat": 37.07910876
      }
    },
    {
      "type": "Feature",
      "geometry": {
        "type": "Point",
        "coordinates": [
          127.14615029,
          37.49774177
        ]
      },
      "properties": {
        "cluster_id": "ped_hotspot_cluster_0408",
        "display_name": "서울 송파구 마천동(마천사거리 부근)",
        "representative_place_name": "서울 송파구 마천동(마천사거리 부근)",
        "representative_district": "서울 송파구5",
        "member_count": 3,
        "repeat_year_count": 3,
        "source_years": [
          2023,
          2024,
          2025
        ],
        "accidents_total": 21,
        "casualties_total": 22,
        "deaths_total": 3,
        "serious_injuries_total": 18,
        "max_risk_score": 41.5,
        "avg_risk_score": 41.17,
        "risk_level": "medium",
        "risk_level_ko": "주의",
        "high_member_count": 0,
        "center_lng": 127.14615029,
        "center_lat": 37.49774177
      }
    },
    {
      "type": "Feature",
      "geometry": {
        "type": "Point",
        "coordinates": [
          127.16085804,
          37.45516371
        ]
      },
      "properties": {
        "cluster_id": "ped_hotspot_cluster_0409",
        "display_name": "경기 성남시 수정구 양지동(양지동행정복지센터 부근)",
        "representative_place_name": "경기 성남시 수정구 양지동(양지동행정복지센터 부근)",
        "representative_district": "경기 성남시 수정구2",
        "member_count": 4,
        "repeat_year_count": 4,
        "source_years": [
          2022,
          2023,
          2024,
          2025
        ],
        "accidents_total": 29,
        "casualties_total": 32,
        "deaths_total": 0,
        "serious_injuries_total": 29,
        "max_risk_score": 41.5,
        "avg_risk_score": 36.88,
        "risk_level": "medium",
        "risk_level_ko": "주의",
        "high_member_count": 0,
        "center_lng": 127.16085804,
        "center_lat": 37.45516371
      }
    },
    {
      "type": "Feature",
      "geometry": {
        "type": "Point",
        "coordinates": [
          127.05716446,
          37.54426419
        ]
      },
      "properties": {
        "cluster_id": "ped_hotspot_cluster_0410",
        "display_name": "서울 성동구 성수동2가(성수역앞교차로 부근)",
        "representative_place_name": "서울특별시 성동구 성수동2가(성수역앞교차로 부근)",
        "representative_district": "서울특별시 성동구1",
        "member_count": 2,
        "repeat_year_count": 2,
        "source_years": [
          2022,
          2023
        ],
        "accidents_total": 14,
        "casualties_total": 20,
        "deaths_total": 0,
        "serious_injuries_total": 16,
        "max_risk_score": 41.0,
        "avg_risk_score": 41.0,
        "risk_level": "medium",
        "risk_level_ko": "주의",
        "high_member_count": 0,
        "center_lng": 127.05716446,
        "center_lat": 37.54426419
      }
    },
    {
      "type": "Feature",
      "geometry": {
        "type": "Point",
        "coordinates": [
          127.06402856,
          37.54209719
        ]
      },
      "properties": {
        "cluster_id": "ped_hotspot_cluster_0411",
        "display_name": "서울 광진구 화양동(성수사거리 부근)",
        "representative_place_name": "서울특별시 광진구 화양동(성수사거리 부근)",
        "representative_district": "서울특별시 광진구1",
        "member_count": 1,
        "repeat_year_count": 1,
        "source_years": [
          2022
        ],
        "accidents_total": 7,
        "casualties_total": 7,
        "deaths_total": 1,
        "serious_injuries_total": 6,
        "max_risk_score": 41.0,
        "avg_risk_score": 41.0,
        "risk_level": "medium",
        "risk_level_ko": "주의",
        "high_member_count": 0,
        "center_lng": 127.06402856,
        "center_lat": 37.54209719
      }
    },
    {
      "type": "Feature",
      "geometry": {
        "type": "Point",
        "coordinates": [
          127.07449777,
          37.57224052
        ]
      },
      "properties": {
        "cluster_id": "ped_hotspot_cluster_0412",
        "display_name": "서울 동대문구 장안동(장안APT 부근)",
        "representative_place_name": "서울특별시 동대문구 장안동(장안APT 부근)",
        "representative_district": "서울특별시 동대문구6",
        "member_count": 1,
        "repeat_year_count": 1,
        "source_years": [
          2022
        ],
        "accidents_total": 7,
        "casualties_total": 7,
        "deaths_total": 1,
        "serious_injuries_total": 6,
        "max_risk_score": 41.0,
        "avg_risk_score": 41.0,
        "risk_level": "medium",
        "risk_level_ko": "주의",
        "high_member_count": 0,
        "center_lng": 127.07449777,
        "center_lat": 37.57224052
      }
    },
    {
      "type": "Feature",
      "geometry": {
        "type": "Point",
        "coordinates": [
          127.02096981,
          37.61962641
        ]
      },
      "properties": {
        "cluster_id": "ped_hotspot_cluster_0413",
        "display_name": "서울 강북구 미아동(삼양동사거리 부근)",
        "representative_place_name": "서울특별시 강북구 미아동(삼양동사거리 부근)",
        "representative_district": "서울특별시 강북구6",
        "member_count": 1,
        "repeat_year_count": 1,
        "source_years": [
          2022
        ],
        "accidents_total": 7,
        "casualties_total": 7,
        "deaths_total": 1,
        "serious_injuries_total": 6,
        "max_risk_score": 41.0,
        "avg_risk_score": 41.0,
        "risk_level": "medium",
        "risk_level_ko": "주의",
        "high_member_count": 0,
        "center_lng": 127.02096981,
        "center_lat": 37.61962641
      }
    },
    {
      "type": "Feature",
      "geometry": {
        "type": "Point",
        "coordinates": [
          126.9283354,
          37.61218356
        ]
      },
      "properties": {
        "cluster_id": "ped_hotspot_cluster_0414",
        "display_name": "서울 은평구 대조동(불광전화국앞 부근)",
        "representative_place_name": "서울특별시 은평구 대조동(불광전화국앞 부근)",
        "representative_district": "서울특별시 은평구6",
        "member_count": 1,
        "repeat_year_count": 1,
        "source_years": [
          2022
        ],
        "accidents_total": 7,
        "casualties_total": 7,
        "deaths_total": 1,
        "serious_injuries_total": 6,
        "max_risk_score": 41.0,
        "avg_risk_score": 41.0,
        "risk_level": "medium",
        "risk_level_ko": "주의",
        "high_member_count": 0,
        "center_lng": 126.9283354,
        "center_lat": 37.61218356
      }
    },
    {
      "type": "Feature",
      "geometry": {
        "type": "Point",
        "coordinates": [
          126.90577833,
          37.45649933
        ]
      },
      "properties": {
        "cluster_id": "ped_hotspot_cluster_0415",
        "display_name": "서울 금천구 시흥동(장혁빌딩 부근)",
        "representative_place_name": "서울특별시 금천구 시흥동(장혁빌딩 부근)",
        "representative_district": "서울특별시 금천구5",
        "member_count": 1,
        "repeat_year_count": 1,
        "source_years": [
          2022
        ],
        "accidents_total": 7,
        "casualties_total": 7,
        "deaths_total": 1,
        "serious_injuries_total": 6,
        "max_risk_score": 41.0,
        "avg_risk_score": 41.0,
        "risk_level": "medium",
        "risk_level_ko": "주의",
        "high_member_count": 0,
        "center_lng": 126.90577833,
        "center_lat": 37.45649933
      }
    },
    {
      "type": "Feature",
      "geometry": {
        "type": "Point",
        "coordinates": [
          126.89729491,
          37.52730286
        ]
      },
      "properties": {
        "cluster_id": "ped_hotspot_cluster_0416",
        "display_name": "서울 영등포구 당산동3가(영등포구청앞교차로 부근)",
        "representative_place_name": "서울특별시 영등포구 당산동3가(영등포구청앞교차로 부근)",
        "representative_district": "서울특별시 영등포구3",
        "member_count": 1,
        "repeat_year_count": 1,
        "source_years": [
          2022
        ],
        "accidents_total": 8,
        "casualties_total": 9,
        "deaths_total": 0,
        "serious_injuries_total": 8,
        "max_risk_score": 41.0,
        "avg_risk_score": 41.0,
        "risk_level": "medium",
        "risk_level_ko": "주의",
        "high_member_count": 0,
        "center_lng": 126.89729491,
        "center_lat": 37.52730286
      }
    },
    {
      "type": "Feature",
      "geometry": {
        "type": "Point",
        "coordinates": [
          126.90958404,
          37.51889224
        ]
      },
      "properties": {
        "cluster_id": "ped_hotspot_cluster_0417",
        "display_name": "서울 영등포구 영등포동3가(선한치과 부근)",
        "representative_place_name": "서울특별시 영등포구 영등포동3가(선한치과 부근)",
        "representative_district": "서울특별시 영등포구4",
        "member_count": 1,
        "repeat_year_count": 1,
        "source_years": [
          2022
        ],
        "accidents_total": 8,
        "casualties_total": 9,
        "deaths_total": 0,
        "serious_injuries_total": 8,
        "max_risk_score": 41.0,
        "avg_risk_score": 41.0,
        "risk_level": "medium",
        "risk_level_ko": "주의",
        "high_member_count": 0,
        "center_lng": 126.90958404,
        "center_lat": 37.51889224
      }
    },
    {
      "type": "Feature",
      "geometry": {
        "type": "Point",
        "coordinates": [
          126.90304964,
          37.51525399
        ]
      },
      "properties": {
        "cluster_id": "ped_hotspot_cluster_0418",
        "display_name": "서울 영등포구 문래동3가(청과시장입구교차로 부근)",
        "representative_place_name": "서울특별시 영등포구 문래동3가(청과시장입구교차로 부근)",
        "representative_district": "서울특별시 영등포구5",
        "member_count": 1,
        "repeat_year_count": 1,
        "source_years": [
          2022
        ],
        "accidents_total": 7,
        "casualties_total": 7,
        "deaths_total": 1,
        "serious_injuries_total": 6,
        "max_risk_score": 41.0,
        "avg_risk_score": 41.0,
        "risk_level": "medium",
        "risk_level_ko": "주의",
        "high_member_count": 0,
        "center_lng": 126.90304964,
        "center_lat": 37.51525399
      }
    },
    {
      "type": "Feature",
      "geometry": {
        "type": "Point",
        "coordinates": [
          127.1023541,
          37.48724959
        ]
      },
      "properties": {
        "cluster_id": "ped_hotspot_cluster_0419",
        "display_name": "서울 강남구 수서동(나산투루빌I 부근)",
        "representative_place_name": "서울특별시 강남구 수서동(나산투루빌I 부근)",
        "representative_district": "서울특별시 강남구3",
        "member_count": 1,
        "repeat_year_count": 1,
        "source_years": [
          2022
        ],
        "accidents_total": 7,
        "casualties_total": 7,
        "deaths_total": 1,
        "serious_injuries_total": 6,
        "max_risk_score": 41.0,
        "avg_risk_score": 41.0,
        "risk_level": "medium",
        "risk_level_ko": "주의",
        "high_member_count": 0,
        "center_lng": 127.1023541,
        "center_lat": 37.48724959
      }
    },
    {
      "type": "Feature",
      "geometry": {
        "type": "Point",
        "coordinates": [
          127.04086292,
          37.51713201
        ]
      },
      "properties": {
        "cluster_id": "ped_hotspot_cluster_0420",
        "display_name": "서울 강남구 청담동(강남구청역사거리 부근)",
        "representative_place_name": "서울특별시 강남구 청담동(강남구청역사거리 부근)",
        "representative_district": "서울특별시 강남구4",
        "member_count": 1,
        "repeat_year_count": 1,
        "source_years": [
          2022
        ],
        "accidents_total": 7,
        "casualties_total": 10,
        "deaths_total": 0,
        "serious_injuries_total": 8,
        "max_risk_score": 41.0,
        "avg_risk_score": 41.0,
        "risk_level": "medium",
        "risk_level_ko": "주의",
        "high_member_count": 0,
        "center_lng": 127.04086292,
        "center_lat": 37.51713201
      }
    },
    {
      "type": "Feature",
      "geometry": {
        "type": "Point",
        "coordinates": [
          127.13670382,
          37.54162206
        ]
      },
      "properties": {
        "cluster_id": "ped_hotspot_cluster_0421",
        "display_name": "서울 강동구 천호동(천동초교앞교차로 부근)",
        "representative_place_name": "서울특별시 강동구 천호동(천동초교앞교차로 부근)",
        "representative_district": "서울특별시 강동구5",
        "member_count": 1,
        "repeat_year_count": 1,
        "source_years": [
          2022
        ],
        "accidents_total": 8,
        "casualties_total": 9,
        "deaths_total": 0,
        "serious_injuries_total": 8,
        "max_risk_score": 41.0,
        "avg_risk_score": 41.0,
        "risk_level": "medium",
        "risk_level_ko": "주의",
        "high_member_count": 0,
        "center_lng": 127.13670382,
        "center_lat": 37.54162206
      }
    },
    {
      "type": "Feature",
      "geometry": {
        "type": "Point",
        "coordinates": [
          127.13105737,
          37.53890049
        ]
      },
      "properties": {
        "cluster_id": "ped_hotspot_cluster_0422",
        "display_name": "서울 강동구 천호동(천호동1663 부근)",
        "representative_place_name": "서울특별시 강동구 천호동(천호동1663 부근)",
        "representative_district": "서울특별시 강동구6",
        "member_count": 1,
        "repeat_year_count": 1,
        "source_years": [
          2022
        ],
        "accidents_total": 7,
        "casualties_total": 7,
        "deaths_total": 1,
        "serious_injuries_total": 6,
        "max_risk_score": 41.0,
        "avg_risk_score": 41.0,
        "risk_level": "medium",
        "risk_level_ko": "주의",
        "high_member_count": 0,
        "center_lng": 127.13105737,
        "center_lat": 37.53890049
      }
    },
    {
      "type": "Feature",
      "geometry": {
        "type": "Point",
        "coordinates": [
          129.06247898,
          35.13743073
        ]
      },
      "properties": {
        "cluster_id": "ped_hotspot_cluster_0423",
        "display_name": "부산 동구 범일동(코리아시티관광호텔 부근)",
        "representative_place_name": "부산광역시 동구 범일동(코리아시티관광호텔 부근)",
        "representative_district": "부산광역시 동구4",
        "member_count": 1,
        "repeat_year_count": 1,
        "source_years": [
          2022
        ],
        "accidents_total": 7,
        "casualties_total": 7,
        "deaths_total": 1,
        "serious_injuries_total": 6,
        "max_risk_score": 41.0,
        "avg_risk_score": 41.0,
        "risk_level": "medium",
        "risk_level_ko": "주의",
        "high_member_count": 0,
        "center_lng": 129.06247898,
        "center_lat": 35.13743073
      }
    },
    {
      "type": "Feature",
      "geometry": {
        "type": "Point",
        "coordinates": [
          129.08742055,
          35.20093989
        ]
      },
      "properties": {
        "cluster_id": "ped_hotspot_cluster_0424",
        "display_name": "부산 동래구 낙민동(윤동균쑥면 부근)",
        "representative_place_name": "부산광역시 동래구 낙민동(윤동균쑥면 부근)",
        "representative_district": "부산광역시 동래구4",
        "member_count": 1,
        "repeat_year_count": 1,
        "source_years": [
          2022
        ],
        "accidents_total": 7,
        "casualties_total": 7,
        "deaths_total": 1,
        "serious_injuries_total": 6,
        "max_risk_score": 41.0,
        "avg_risk_score": 41.0,
        "risk_level": "medium",
        "risk_level_ko": "주의",
        "high_member_count": 0,
        "center_lng": 129.08742055,
        "center_lat": 35.20093989
      }
    },
    {
      "type": "Feature",
      "geometry": {
        "type": "Point",
        "coordinates": [
          128.99710625,
          35.09088943
        ]
      },
      "properties": {
        "cluster_id": "ped_hotspot_cluster_0425",
        "display_name": "부산 사하구 감천동(비락우유감천대리점 부근)",
        "representative_place_name": "부산광역시 사하구 감천동(비락우유감천대리점 부근)",
        "representative_district": "부산광역시 사하구3",
        "member_count": 2,
        "repeat_year_count": 2,
        "source_years": [
          2022,
          2023
        ],
        "accidents_total": 15,
        "casualties_total": 16,
        "deaths_total": 1,
        "serious_injuries_total": 14,
        "max_risk_score": 41.0,
        "avg_risk_score": 41.0,
        "risk_level": "medium",
        "risk_level_ko": "주의",
        "high_member_count": 0,
        "center_lng": 128.99710625,
        "center_lat": 35.09088943
      }
    },
    {
      "type": "Feature",
      "geometry": {
        "type": "Point",
        "coordinates": [
          129.08396054,
          35.22256943
        ]
      },
      "properties": {
        "cluster_id": "ped_hotspot_cluster_0426",
        "display_name": "부산 금정구 장전동(온천동1747 부근)",
        "representative_place_name": "부산광역시 금정구 장전동(온천동1747 부근)",
        "representative_district": "부산광역시 금정구4",
        "member_count": 2,
        "repeat_year_count": 2,
        "source_years": [
          2022,
          2025
        ],
        "accidents_total": 14,
        "casualties_total": 14,
        "deaths_total": 1,
        "serious_injuries_total": 13,
        "max_risk_score": 41.0,
        "avg_risk_score": 38.0,
        "risk_level": "medium",
        "risk_level_ko": "주의",
        "high_member_count": 0,
        "center_lng": 129.08396054,
        "center_lat": 35.22256943
      }
    },
    {
      "type": "Feature",
      "geometry": {
        "type": "Point",
        "coordinates": [
          126.63590789,
          37.46456872
        ]
      },
      "properties": {
        "cluster_id": "ped_hotspot_cluster_0427",
        "display_name": "인천광역시 중구 신흥동3가(신광사거리 부근)",
        "representative_place_name": "인천광역시 중구 신흥동3가(신광사거리 부근)",
        "representative_district": "인천광역시 중구1",
        "member_count": 1,
        "repeat_year_count": 1,
        "source_years": [
          2022
        ],
        "accidents_total": 7,
        "casualties_total": 7,
        "deaths_total": 1,
        "serious_injuries_total": 6,
        "max_risk_score": 41.0,
        "avg_risk_score": 41.0,
        "risk_level": "medium",
        "risk_level_ko": "주의",
        "high_member_count": 0,
        "center_lng": 126.63590789,
        "center_lat": 37.46456872
      }
    },
    {
      "type": "Feature",
      "geometry": {
        "type": "Point",
        "coordinates": [
          126.68912654,
          37.45791538
        ]
      },
      "properties": {
        "cluster_id": "ped_hotspot_cluster_0428",
        "display_name": "인천광역시 미추홀구 주안동(석바위사거리 부근)",
        "representative_place_name": "인천광역시 미추홀구 주안동(석바위사거리 부근)",
        "representative_district": "인천광역시 미추홀구2",
        "member_count": 1,
        "repeat_year_count": 1,
        "source_years": [
          2022
        ],
        "accidents_total": 7,
        "casualties_total": 7,
        "deaths_total": 1,
        "serious_injuries_total": 6,
        "max_risk_score": 41.0,
        "avg_risk_score": 41.0,
        "risk_level": "medium",
        "risk_level_ko": "주의",
        "high_member_count": 0,
        "center_lng": 126.68912654,
        "center_lat": 37.45791538
      }
    },
    {
      "type": "Feature",
      "geometry": {
        "type": "Point",
        "coordinates": [
          126.70757524,
          37.46687377
        ]
      },
      "properties": {
        "cluster_id": "ped_hotspot_cluster_0429",
        "display_name": "인천광역시 남동구 간석동(간석오거리 부근)",
        "representative_place_name": "인천광역시 남동구 간석동(간석오거리 부근)",
        "representative_district": "인천광역시 남동구1",
        "member_count": 1,
        "repeat_year_count": 1,
        "source_years": [
          2022
        ],
        "accidents_total": 7,
        "casualties_total": 7,
        "deaths_total": 1,
        "serious_injuries_total": 6,
        "max_risk_score": 41.0,
        "avg_risk_score": 41.0,
        "risk_level": "medium",
        "risk_level_ko": "주의",
        "high_member_count": 0,
        "center_lng": 126.70757524,
        "center_lat": 37.46687377
      }
    },
    {
      "type": "Feature",
      "geometry": {
        "type": "Point",
        "coordinates": [
          126.73751424,
          37.5474707
        ]
      },
      "properties": {
        "cluster_id": "ped_hotspot_cluster_0430",
        "display_name": "인천광역시 계양구 임학동(대신빌라입구 부근)",
        "representative_place_name": "인천광역시 계양구 임학동(대신빌라입구 부근)",
        "representative_district": "인천광역시 계양구1",
        "member_count": 1,
        "repeat_year_count": 1,
        "source_years": [
          2022
        ],
        "accidents_total": 7,
        "casualties_total": 7,
        "deaths_total": 1,
        "serious_injuries_total": 6,
        "max_risk_score": 41.0,
        "avg_risk_score": 41.0,
        "risk_level": "medium",
        "risk_level_ko": "주의",
        "high_member_count": 0,
        "center_lng": 126.73751424,
        "center_lat": 37.5474707
      }
    },
    {
      "type": "Feature",
      "geometry": {
        "type": "Point",
        "coordinates": [
          126.7400064,
          37.5473065
        ]
      },
      "properties": {
        "cluster_id": "ped_hotspot_cluster_0431",
        "display_name": "인천광역시 계양구 임학동(병방사거리 부근)",
        "representative_place_name": "인천광역시 계양구 임학동(병방사거리 부근)",
        "representative_district": "인천광역시 계양구2",
        "member_count": 1,
        "repeat_year_count": 1,
        "source_years": [
          2022
        ],
        "accidents_total": 7,
        "casualties_total": 7,
        "deaths_total": 1,
        "serious_injuries_total": 6,
        "max_risk_score": 41.0,
        "avg_risk_score": 41.0,
        "risk_level": "medium",
        "risk_level_ko": "주의",
        "high_member_count": 0,
        "center_lng": 126.7400064,
        "center_lat": 37.5473065
      }
    },
    {
      "type": "Feature",
      "geometry": {
        "type": "Point",
        "coordinates": [
          126.73359233,
          37.53248307
        ]
      },
      "properties": {
        "cluster_id": "ped_hotspot_cluster_0432",
        "display_name": "인천광역시 계양구 작전동(작전동930 부근)",
        "representative_place_name": "인천광역시 계양구 작전동(작전동930 부근)",
        "representative_district": "인천광역시 계양구3",
        "member_count": 1,
        "repeat_year_count": 1,
        "source_years": [
          2022
        ],
        "accidents_total": 7,
        "casualties_total": 7,
        "deaths_total": 1,
        "serious_injuries_total": 6,
        "max_risk_score": 41.0,
        "avg_risk_score": 41.0,
        "risk_level": "medium",
        "risk_level_ko": "주의",
        "high_member_count": 0,
        "center_lng": 126.73359233,
        "center_lat": 37.53248307
      }
    },
    {
      "type": "Feature",
      "geometry": {
        "type": "Point",
        "coordinates": [
          126.91784081,
          35.13600753
        ]
      },
      "properties": {
        "cluster_id": "ped_hotspot_cluster_0433",
        "display_name": "광주광역시 남구 양림동(방림동507 부근)",
        "representative_place_name": "광주광역시 남구 양림동(방림동507 부근)",
        "representative_district": "광주광역시 남구1",
        "member_count": 2,
        "repeat_year_count": 2,
        "source_years": [
          2022,
          2023
        ],
        "accidents_total": 16,
        "casualties_total": 17,
        "deaths_total": 0,
        "serious_injuries_total": 16,
        "max_risk_score": 41.0,
        "avg_risk_score": 40.5,
        "risk_level": "medium",
        "risk_level_ko": "주의",
        "high_member_count": 0,
        "center_lng": 126.91784081,
        "center_lat": 35.13600753
      }
    },
    {
      "type": "Feature",
      "geometry": {
        "type": "Point",
        "coordinates": [
          127.33644461,
          36.35774332
        ]
      },
      "properties": {
        "cluster_id": "ped_hotspot_cluster_0434",
        "display_name": "대전광역시 유성구 장대동(유성교 부근)",
        "representative_place_name": "대전광역시 유성구 장대동(유성교 부근)",
        "representative_district": "대전광역시 유성구2",
        "member_count": 1,
        "repeat_year_count": 1,
        "source_years": [
          2022
        ],
        "accidents_total": 7,
        "casualties_total": 7,
        "deaths_total": 1,
        "serious_injuries_total": 6,
        "max_risk_score": 41.0,
        "avg_risk_score": 41.0,
        "risk_level": "medium",
        "risk_level_ko": "주의",
        "high_member_count": 0,
        "center_lng": 127.33644461,
        "center_lat": 36.35774332
      }
    },
    {
      "type": "Feature",
      "geometry": {
        "type": "Point",
        "coordinates": [
          129.41696491,
          35.49078834
        ]
      },
      "properties": {
        "cluster_id": "ped_hotspot_cluster_0435",
        "display_name": "울산광역시 동구 방어동(방어진체육공원입구교 부근)",
        "representative_place_name": "울산광역시 동구 방어동(방어진체육공원입구교 부근)",
        "representative_district": "울산광역시 동구1",
        "member_count": 1,
        "repeat_year_count": 1,
        "source_years": [
          2022
        ],
        "accidents_total": 7,
        "casualties_total": 7,
        "deaths_total": 1,
        "serious_injuries_total": 6,
        "max_risk_score": 41.0,
        "avg_risk_score": 41.0,
        "risk_level": "medium",
        "risk_level_ko": "주의",
        "high_member_count": 0,
        "center_lng": 129.41696491,
        "center_lat": 35.49078834
      }
    },
    {
      "type": "Feature",
      "geometry": {
        "type": "Point",
        "coordinates": [
          127.00089043,
          37.26738512
        ]
      },
      "properties": {
        "cluster_id": "ped_hotspot_cluster_0436",
        "display_name": "경기 수원시 팔달구 매산로1가(수원역광장 부근)",
        "representative_place_name": "경기도 수원시 팔달구 매산로1가(수원역광장 부근)",
        "representative_district": "경기도 수원시 팔달구3",
        "member_count": 2,
        "repeat_year_count": 2,
        "source_years": [
          2022,
          2025
        ],
        "accidents_total": 14,
        "casualties_total": 14,
        "deaths_total": 1,
        "serious_injuries_total": 13,
        "max_risk_score": 41.0,
        "avg_risk_score": 38.0,
        "risk_level": "medium",
        "risk_level_ko": "주의",
        "high_member_count": 0,
        "center_lng": 127.00089043,
        "center_lat": 37.26738512
      }
    },
    {
      "type": "Feature",
      "geometry": {
        "type": "Point",
        "coordinates": [
          127.01528547,
          37.27203629
        ]
      },
      "properties": {
        "cluster_id": "ped_hotspot_cluster_0437",
        "display_name": "경기 수원시 팔달구 교동(수원농협 부근)",
        "representative_place_name": "경기도 수원시 팔달구 교동(수원농협 부근)",
        "representative_district": "경기도 수원시 팔달구4",
        "member_count": 1,
        "repeat_year_count": 1,
        "source_years": [
          2022
        ],
        "accidents_total": 7,
        "casualties_total": 7,
        "deaths_total": 1,
        "serious_injuries_total": 6,
        "max_risk_score": 41.0,
        "avg_risk_score": 41.0,
        "risk_level": "medium",
        "risk_level_ko": "주의",
        "high_member_count": 0,
        "center_lng": 127.01528547,
        "center_lat": 37.27203629
      }
    },
    {
      "type": "Feature",
      "geometry": {
        "type": "Point",
        "coordinates": [
          127.14383529,
          37.44155189
        ]
      },
      "properties": {
        "cluster_id": "ped_hotspot_cluster_0438",
        "display_name": "경기 성남시 수정구 신흥동(쎄시봉라이브빠 부근)",
        "representative_place_name": "경기도 성남시 수정구 신흥동(쎄시봉라이브빠 부근)",
        "representative_district": "경기도 성남시 수정구4",
        "member_count": 2,
        "repeat_year_count": 2,
        "source_years": [
          2022,
          2024
        ],
        "accidents_total": 15,
        "casualties_total": 17,
        "deaths_total": 0,
        "serious_injuries_total": 15,
        "max_risk_score": 41.0,
        "avg_risk_score": 38.5,
        "risk_level": "medium",
        "risk_level_ko": "주의",
        "high_member_count": 0,
        "center_lng": 127.14383529,
        "center_lat": 37.44155189
      }
    },
    {
      "type": "Feature",
      "geometry": {
        "type": "Point",
        "coordinates": [
          127.1557175,
          37.44379095
        ]
      },
      "properties": {
        "cluster_id": "ped_hotspot_cluster_0439",
        "display_name": "경기 성남시 중원구 중앙동(중앙동행정복지센터 부근)",
        "representative_place_name": "경기도 성남시 중원구 중앙동(중앙동행정복지센터 부근)",
        "representative_district": "경기도 성남시 중원구8",
        "member_count": 1,
        "repeat_year_count": 1,
        "source_years": [
          2022
        ],
        "accidents_total": 7,
        "casualties_total": 7,
        "deaths_total": 1,
        "serious_injuries_total": 6,
        "max_risk_score": 41.0,
        "avg_risk_score": 41.0,
        "risk_level": "medium",
        "risk_level_ko": "주의",
        "high_member_count": 0,
        "center_lng": 127.1557175,
        "center_lat": 37.44379095
      }
    },
    {
      "type": "Feature",
      "geometry": {
        "type": "Point",
        "coordinates": [
          126.83887149,
          37.65822491
        ]
      },
      "properties": {
        "cluster_id": "ped_hotspot_cluster_0440",
        "display_name": "경기 고양시 덕양구 주교동(성사지하차도입구교차 부근)",
        "representative_place_name": "경기도 고양시 덕양구 주교동(성사지하차도입구교차 부근)",
        "representative_district": "경기도 고양시 덕양구3",
        "member_count": 1,
        "repeat_year_count": 1,
        "source_years": [
          2022
        ],
        "accidents_total": 7,
        "casualties_total": 7,
        "deaths_total": 1,
        "serious_injuries_total": 6,
        "max_risk_score": 41.0,
        "avg_risk_score": 41.0,
        "risk_level": "medium",
        "risk_level_ko": "주의",
        "high_member_count": 0,
        "center_lng": 126.83887149,
        "center_lat": 37.65822491
      }
    },
    {
      "type": "Feature",
      "geometry": {
        "type": "Point",
        "coordinates": [
          127.14040943,
          37.60024827
        ]
      },
      "properties": {
        "cluster_id": "ped_hotspot_cluster_0441",
        "display_name": "경기 구리시 인창동(돌다리사거리 부근)",
        "representative_place_name": "경기도 구리시 인창동(돌다리사거리 부근)",
        "representative_district": "경기도 구리시2",
        "member_count": 2,
        "repeat_year_count": 2,
        "source_years": [
          2022,
          2025
        ],
        "accidents_total": 14,
        "casualties_total": 14,
        "deaths_total": 1,
        "serious_injuries_total": 13,
        "max_risk_score": 41.0,
        "avg_risk_score": 38.0,
        "risk_level": "medium",
        "risk_level_ko": "주의",
        "high_member_count": 0,
        "center_lng": 127.14040943,
        "center_lat": 37.60024827
      }
    },
    {
      "type": "Feature",
      "geometry": {
        "type": "Point",
        "coordinates": [
          126.77141178,
          37.60050305
        ]
      },
      "properties": {
        "cluster_id": "ped_hotspot_cluster_0442",
        "display_name": "경기 김포시 고촌읍(신곡사거리 부근)",
        "representative_place_name": "경기도 김포시 고촌읍(신곡사거리 부근)",
        "representative_district": "경기도 김포시1",
        "member_count": 1,
        "repeat_year_count": 1,
        "source_years": [
          2022
        ],
        "accidents_total": 7,
        "casualties_total": 7,
        "deaths_total": 1,
        "serious_injuries_total": 6,
        "max_risk_score": 41.0,
        "avg_risk_score": 41.0,
        "risk_level": "medium",
        "risk_level_ko": "주의",
        "high_member_count": 0,
        "center_lng": 126.77141178,
        "center_lat": 37.60050305
      }
    },
    {
      "type": "Feature",
      "geometry": {
        "type": "Point",
        "coordinates": [
          126.71822763,
          37.61944214
        ]
      },
      "properties": {
        "cluster_id": "ped_hotspot_cluster_0443",
        "display_name": "경기 김포시 사우동(운동장앞사거리 부근)",
        "representative_place_name": "경기도 김포시 사우동(운동장앞사거리 부근)",
        "representative_district": "경기도 김포시2",
        "member_count": 2,
        "repeat_year_count": 2,
        "source_years": [
          2022,
          2025
        ],
        "accidents_total": 14,
        "casualties_total": 17,
        "deaths_total": 0,
        "serious_injuries_total": 15,
        "max_risk_score": 41.0,
        "avg_risk_score": 38.0,
        "risk_level": "medium",
        "risk_level_ko": "주의",
        "high_member_count": 0,
        "center_lng": 126.71822763,
        "center_lat": 37.61944214
      }
    },
    {
      "type": "Feature",
      "geometry": {
        "type": "Point",
        "coordinates": [
          127.59327145,
          37.48427648
        ]
      },
      "properties": {
        "cluster_id": "ped_hotspot_cluster_0444",
        "display_name": "경기 양평군 용문면(다문2리마을회관입구 부근)",
        "representative_place_name": "경기도 양평군 용문면(다문2리마을회관입구 부근)",
        "representative_district": "경기도 양평군1",
        "member_count": 1,
        "repeat_year_count": 1,
        "source_years": [
          2022
        ],
        "accidents_total": 7,
        "casualties_total": 7,
        "deaths_total": 1,
        "serious_injuries_total": 6,
        "max_risk_score": 41.0,
        "avg_risk_score": 41.0,
        "risk_level": "medium",
        "risk_level_ko": "주의",
        "high_member_count": 0,
        "center_lng": 127.59327145,
        "center_lat": 37.48427648
      }
    },
    {
      "type": "Feature",
      "geometry": {
        "type": "Point",
        "coordinates": [
          127.94888305,
          37.33130873
        ]
      },
      "properties": {
        "cluster_id": "ped_hotspot_cluster_0445",
        "display_name": "강원도 원주시 개운동(원주고용복지플러스센 부근)",
        "representative_place_name": "강원도 원주시 개운동(원주고용복지플러스센 부근)",
        "representative_district": "강원도 원주시1",
        "member_count": 1,
        "repeat_year_count": 1,
        "source_years": [
          2022
        ],
        "accidents_total": 7,
        "casualties_total": 7,
        "deaths_total": 1,
        "serious_injuries_total": 6,
        "max_risk_score": 41.0,
        "avg_risk_score": 41.0,
        "risk_level": "medium",
        "risk_level_ko": "주의",
        "high_member_count": 0,
        "center_lng": 127.94888305,
        "center_lat": 37.33130873
      }
    },
    {
      "type": "Feature",
      "geometry": {
        "type": "Point",
        "coordinates": [
          127.88524728,
          37.6891926
        ]
      },
      "properties": {
        "cluster_id": "ped_hotspot_cluster_0446",
        "display_name": "강원도 홍천군 홍천읍(미세스박 부근)",
        "representative_place_name": "강원도 홍천군 홍천읍(미세스박 부근)",
        "representative_district": "강원도 홍천군1",
        "member_count": 1,
        "repeat_year_count": 1,
        "source_years": [
          2022
        ],
        "accidents_total": 7,
        "casualties_total": 7,
        "deaths_total": 1,
        "serious_injuries_total": 6,
        "max_risk_score": 41.0,
        "avg_risk_score": 41.0,
        "risk_level": "medium",
        "risk_level_ko": "주의",
        "high_member_count": 0,
        "center_lng": 127.88524728,
        "center_lat": 37.6891926
      }
    },
    {
      "type": "Feature",
      "geometry": {
        "type": "Point",
        "coordinates": [
          126.44898644,
          36.77988963
        ]
      },
      "properties": {
        "cluster_id": "ped_hotspot_cluster_0447",
        "display_name": "충청남도 서산시 읍내동(삼성화재앞교차로 부근)",
        "representative_place_name": "충청남도 서산시 읍내동(삼성화재앞교차로 부근)",
        "representative_district": "충청남도 서산시2",
        "member_count": 3,
        "repeat_year_count": 3,
        "source_years": [
          2022,
          2023,
          2024
        ],
        "accidents_total": 22,
        "casualties_total": 24,
        "deaths_total": 0,
        "serious_injuries_total": 22,
        "max_risk_score": 41.0,
        "avg_risk_score": 37.33,
        "risk_level": "medium",
        "risk_level_ko": "주의",
        "high_member_count": 0,
        "center_lng": 126.44898644,
        "center_lat": 36.77988963
      }
    },
    {
      "type": "Feature",
      "geometry": {
        "type": "Point",
        "coordinates": [
          126.45197972,
          36.78343788
        ]
      },
      "properties": {
        "cluster_id": "ped_hotspot_cluster_0448",
        "display_name": "충청남도 서산시 동문동(글로리아진스커피 부근)",
        "representative_place_name": "충청남도 서산시 동문동(글로리아진스커피 부근)",
        "representative_district": "충청남도 서산시3",
        "member_count": 1,
        "repeat_year_count": 1,
        "source_years": [
          2022
        ],
        "accidents_total": 8,
        "casualties_total": 9,
        "deaths_total": 0,
        "serious_injuries_total": 8,
        "max_risk_score": 41.0,
        "avg_risk_score": 41.0,
        "risk_level": "medium",
        "risk_level_ko": "주의",
        "high_member_count": 0,
        "center_lng": 126.45197972,
        "center_lat": 36.78343788
      }
    },
    {
      "type": "Feature",
      "geometry": {
        "type": "Point",
        "coordinates": [
          126.63289057,
          36.89973745
        ]
      },
      "properties": {
        "cluster_id": "ped_hotspot_cluster_0449",
        "display_name": "충청남도 당진시 읍내동(당진중앙도서관앞 부근)",
        "representative_place_name": "충청남도 당진시 읍내동(당진중앙도서관앞 부근)",
        "representative_district": "충청남도 당진시2",
        "member_count": 1,
        "repeat_year_count": 1,
        "source_years": [
          2022
        ],
        "accidents_total": 7,
        "casualties_total": 7,
        "deaths_total": 1,
        "serious_injuries_total": 6,
        "max_risk_score": 41.0,
        "avg_risk_score": 41.0,
        "risk_level": "medium",
        "risk_level_ko": "주의",
        "high_member_count": 0,
        "center_lng": 126.63289057,
        "center_lat": 36.89973745
      }
    },
    {
      "type": "Feature",
      "geometry": {
        "type": "Point",
        "coordinates": [
          127.14740565,
          35.81152067
        ]
      },
      "properties": {
        "cluster_id": "ped_hotspot_cluster_0450",
        "display_name": "전라북도 전주시 완산구 동완산동(전동공용정류장 부근)",
        "representative_place_name": "전라북도 전주시 완산구 동완산동(전동공용정류장 부근)",
        "representative_district": "전라북도 전주시 완산구2",
        "member_count": 1,
        "repeat_year_count": 1,
        "source_years": [
          2022
        ],
        "accidents_total": 7,
        "casualties_total": 7,
        "deaths_total": 1,
        "serious_injuries_total": 6,
        "max_risk_score": 41.0,
        "avg_risk_score": 41.0,
        "risk_level": "medium",
        "risk_level_ko": "주의",
        "high_member_count": 0,
        "center_lng": 127.14740565,
        "center_lat": 35.81152067
      }
    },
    {
      "type": "Feature",
      "geometry": {
        "type": "Point",
        "coordinates": [
          127.14088577,
          35.79779858
        ]
      },
      "properties": {
        "cluster_id": "ped_hotspot_cluster_0451",
        "display_name": "전라북도 전주시 완산구 평화동1가(평화1동행정복지센터 부근)",
        "representative_place_name": "전라북도 전주시 완산구 평화동1가(평화1동행정복지센터 부근)",
        "representative_district": "전라북도 전주시 완산구3",
        "member_count": 2,
        "repeat_year_count": 2,
        "source_years": [
          2022,
          2023
        ],
        "accidents_total": 14,
        "casualties_total": 14,
        "deaths_total": 2,
        "serious_injuries_total": 12,
        "max_risk_score": 41.0,
        "avg_risk_score": 41.0,
        "risk_level": "medium",
        "risk_level_ko": "주의",
        "high_member_count": 0,
        "center_lng": 127.14088577,
        "center_lat": 35.79779858
      }
    },
    {
      "type": "Feature",
      "geometry": {
        "type": "Point",
        "coordinates": [
          127.4941519,
          34.94587653
        ]
      },
      "properties": {
        "cluster_id": "ped_hotspot_cluster_0452",
        "display_name": "전남 순천시 인제동(아랫시장사거리 부근)",
        "representative_place_name": "전라남도 순천시 인제동(아랫시장사거리 부근)",
        "representative_district": "전라남도 순천시2",
        "member_count": 1,
        "repeat_year_count": 1,
        "source_years": [
          2022
        ],
        "accidents_total": 7,
        "casualties_total": 7,
        "deaths_total": 1,
        "serious_injuries_total": 6,
        "max_risk_score": 41.0,
        "avg_risk_score": 41.0,
        "risk_level": "medium",
        "risk_level_ko": "주의",
        "high_member_count": 0,
        "center_lng": 127.4941519,
        "center_lat": 34.94587653
      }
    },
    {
      "type": "Feature",
      "geometry": {
        "type": "Point",
        "coordinates": [
          126.99230986,
          35.05987674
        ]
      },
      "properties": {
        "cluster_id": "ped_hotspot_cluster_0453",
        "display_name": "전남 화순군 화순읍(국민은행교차로 부근)",
        "representative_place_name": "전라남도 화순군 화순읍(국민은행교차로 부근)",
        "representative_district": "전라남도 화순군1",
        "member_count": 1,
        "repeat_year_count": 1,
        "source_years": [
          2022
        ],
        "accidents_total": 7,
        "casualties_total": 7,
        "deaths_total": 1,
        "serious_injuries_total": 6,
        "max_risk_score": 41.0,
        "avg_risk_score": 41.0,
        "risk_level": "medium",
        "risk_level_ko": "주의",
        "high_member_count": 0,
        "center_lng": 126.99230986,
        "center_lat": 35.05987674
      }
    },
    {
      "type": "Feature",
      "geometry": {
        "type": "Point",
        "coordinates": [
          129.38007851,
          36.06091964
        ]
      },
      "properties": {
        "cluster_id": "ped_hotspot_cluster_0454",
        "display_name": "경상북도 포항시 북구 두호동(두호동사무소입구교차 부근)",
        "representative_place_name": "경상북도 포항시 북구 두호동(두호동사무소입구교차 부근)",
        "representative_district": "경상북도 포항시 북구3",
        "member_count": 1,
        "repeat_year_count": 1,
        "source_years": [
          2022
        ],
        "accidents_total": 7,
        "casualties_total": 7,
        "deaths_total": 1,
        "serious_injuries_total": 6,
        "max_risk_score": 41.0,
        "avg_risk_score": 41.0,
        "risk_level": "medium",
        "risk_level_ko": "주의",
        "high_member_count": 0,
        "center_lng": 129.38007851,
        "center_lat": 36.06091964
      }
    },
    {
      "type": "Feature",
      "geometry": {
        "type": "Point",
        "coordinates": [
          128.62989992,
          36.82487484
        ]
      },
      "properties": {
        "cluster_id": "ped_hotspot_cluster_0455",
        "display_name": "경상북도 영주시 하망동(하망성당어린이집 부근)",
        "representative_place_name": "경상북도 영주시 하망동(하망성당어린이집 부근)",
        "representative_district": "경상북도 영주시1",
        "member_count": 1,
        "repeat_year_count": 1,
        "source_years": [
          2022
        ],
        "accidents_total": 7,
        "casualties_total": 7,
        "deaths_total": 1,
        "serious_injuries_total": 6,
        "max_risk_score": 41.0,
        "avg_risk_score": 41.0,
        "risk_level": "medium",
        "risk_level_ko": "주의",
        "high_member_count": 0,
        "center_lng": 128.62989992,
        "center_lat": 36.82487484
      }
    },
    {
      "type": "Feature",
      "geometry": {
        "type": "Point",
        "coordinates": [
          128.72290751,
          35.82312732
        ]
      },
      "properties": {
        "cluster_id": "ped_hotspot_cluster_0456",
        "display_name": "경상북도 경산시 옥산동(우방타운아파트 부근)",
        "representative_place_name": "경상북도 경산시 옥산동(우방타운아파트 부근)",
        "representative_district": "경상북도 경산시1",
        "member_count": 1,
        "repeat_year_count": 1,
        "source_years": [
          2022
        ],
        "accidents_total": 8,
        "casualties_total": 9,
        "deaths_total": 0,
        "serious_injuries_total": 8,
        "max_risk_score": 41.0,
        "avg_risk_score": 41.0,
        "risk_level": "medium",
        "risk_level_ko": "주의",
        "high_member_count": 0,
        "center_lng": 128.72290751,
        "center_lat": 35.82312732
      }
    },
    {
      "type": "Feature",
      "geometry": {
        "type": "Point",
        "coordinates": [
          128.61783566,
          35.26328629
        ]
      },
      "properties": {
        "cluster_id": "ped_hotspot_cluster_0457",
        "display_name": "경상남도 창원시 의창구 서상동(의창주유소 부근)",
        "representative_place_name": "경상남도 창원시 의창구 서상동(의창주유소 부근)",
        "representative_district": "경상남도 창원시 의창구2",
        "member_count": 2,
        "repeat_year_count": 2,
        "source_years": [
          2022,
          2023
        ],
        "accidents_total": 14,
        "casualties_total": 14,
        "deaths_total": 2,
        "serious_injuries_total": 12,
        "max_risk_score": 41.0,
        "avg_risk_score": 41.0,
        "risk_level": "medium",
        "risk_level_ko": "주의",
        "high_member_count": 0,
        "center_lng": 128.61783566,
        "center_lat": 35.26328629
      }
    },
    {
      "type": "Feature",
      "geometry": {
        "type": "Point",
        "coordinates": [
          128.57543255,
          35.20963612
        ]
      },
      "properties": {
        "cluster_id": "ped_hotspot_cluster_0458",
        "display_name": "경상남도 창원시 마산합포구 중성동(동아측기사 부근)",
        "representative_place_name": "경상남도 창원시 마산합포구 중성동(동아측기사 부근)",
        "representative_district": "경상남도 창원시 마산합포구2",
        "member_count": 1,
        "repeat_year_count": 1,
        "source_years": [
          2022
        ],
        "accidents_total": 7,
        "casualties_total": 7,
        "deaths_total": 1,
        "serious_injuries_total": 6,
        "max_risk_score": 41.0,
        "avg_risk_score": 41.0,
        "risk_level": "medium",
        "risk_level_ko": "주의",
        "high_member_count": 0,
        "center_lng": 128.57543255,
        "center_lat": 35.20963612
      }
    },
    {
      "type": "Feature",
      "geometry": {
        "type": "Point",
        "coordinates": [
          128.56452462,
          35.23245433
        ]
      },
      "properties": {
        "cluster_id": "ped_hotspot_cluster_0459",
        "display_name": "경상남도 창원시 마산회원구 회성동(서마산IC사거리 부근)",
        "representative_place_name": "경상남도 창원시 마산회원구 회성동(서마산IC사거리 부근)",
        "representative_district": "경상남도 창원시 마산회원구1",
        "member_count": 1,
        "repeat_year_count": 1,
        "source_years": [
          2022
        ],
        "accidents_total": 7,
        "casualties_total": 7,
        "deaths_total": 1,
        "serious_injuries_total": 6,
        "max_risk_score": 41.0,
        "avg_risk_score": 41.0,
        "risk_level": "medium",
        "risk_level_ko": "주의",
        "high_member_count": 0,
        "center_lng": 128.56452462,
        "center_lat": 35.23245433
      }
    },
    {
      "type": "Feature",
      "geometry": {
        "type": "Point",
        "coordinates": [
          128.43161986,
          34.85195219
        ]
      },
      "properties": {
        "cluster_id": "ped_hotspot_cluster_0460",
        "display_name": "경상남도 통영시 정량동(차선감소 부근)",
        "representative_place_name": "경상남도 통영시 정량동(차선감소 부근)",
        "representative_district": "경상남도 통영시4",
        "member_count": 1,
        "repeat_year_count": 1,
        "source_years": [
          2022
        ],
        "accidents_total": 7,
        "casualties_total": 7,
        "deaths_total": 1,
        "serious_injuries_total": 6,
        "max_risk_score": 41.0,
        "avg_risk_score": 41.0,
        "risk_level": "medium",
        "risk_level_ko": "주의",
        "high_member_count": 0,
        "center_lng": 128.43161986,
        "center_lat": 34.85195219
      }
    },
    {
      "type": "Feature",
      "geometry": {
        "type": "Point",
        "coordinates": [
          128.90395971,
          35.24601686
        ]
      },
      "properties": {
        "cluster_id": "ped_hotspot_cluster_0461",
        "display_name": "경상남도 김해시 삼방동(인제삼거리 부근)",
        "representative_place_name": "경상남도 김해시 삼방동(인제삼거리 부근)",
        "representative_district": "경상남도 김해시1",
        "member_count": 3,
        "repeat_year_count": 3,
        "source_years": [
          2022,
          2024,
          2025
        ],
        "accidents_total": 22,
        "casualties_total": 24,
        "deaths_total": 0,
        "serious_injuries_total": 22,
        "max_risk_score": 41.0,
        "avg_risk_score": 37.33,
        "risk_level": "medium",
        "risk_level_ko": "주의",
        "high_member_count": 0,
        "center_lng": 128.90395971,
        "center_lat": 35.24601686
      }
    },
    {
      "type": "Feature",
      "geometry": {
        "type": "Point",
        "coordinates": [
          128.8792607,
          35.23306363
        ]
      },
      "properties": {
        "cluster_id": "ped_hotspot_cluster_0462",
        "display_name": "경상남도 김해시 서상동(아멘기독서점 부근)",
        "representative_place_name": "경상남도 김해시 서상동(아멘기독서점 부근)",
        "representative_district": "경상남도 김해시2",
        "member_count": 1,
        "repeat_year_count": 1,
        "source_years": [
          2022
        ],
        "accidents_total": 7,
        "casualties_total": 7,
        "deaths_total": 1,
        "serious_injuries_total": 6,
        "max_risk_score": 41.0,
        "avg_risk_score": 41.0,
        "risk_level": "medium",
        "risk_level_ko": "주의",
        "high_member_count": 0,
        "center_lng": 128.8792607,
        "center_lat": 35.23306363
      }
    },
    {
      "type": "Feature",
      "geometry": {
        "type": "Point",
        "coordinates": [
          126.48463562,
          33.48196647
        ]
      },
      "properties": {
        "cluster_id": "ped_hotspot_cluster_0463",
        "display_name": "제주특별자치도 제주시 노형동(KT&G제주지점 부근)",
        "representative_place_name": "제주특별자치도 제주시 노형동(KT&G제주지점 부근)",
        "representative_district": "제주특별자치도 제주시2",
        "member_count": 1,
        "repeat_year_count": 1,
        "source_years": [
          2022
        ],
        "accidents_total": 7,
        "casualties_total": 7,
        "deaths_total": 1,
        "serious_injuries_total": 6,
        "max_risk_score": 41.0,
        "avg_risk_score": 41.0,
        "risk_level": "medium",
        "risk_level_ko": "주의",
        "high_member_count": 0,
        "center_lng": 126.48463562,
        "center_lat": 33.48196647
      }
    },
    {
      "type": "Feature",
      "geometry": {
        "type": "Point",
        "coordinates": [
          127.02100822,
          37.54823097
        ]
      },
      "properties": {
        "cluster_id": "ped_hotspot_cluster_0464",
        "display_name": "서울 성동구 금호동4가(금남시장교차로 부근)",
        "representative_place_name": "서울 성동구 금호동4가(금남시장교차로 부근)",
        "representative_district": "서울 성동구2",
        "member_count": 1,
        "repeat_year_count": 1,
        "source_years": [
          2023
        ],
        "accidents_total": 7,
        "casualties_total": 7,
        "deaths_total": 1,
        "serious_injuries_total": 6,
        "max_risk_score": 41.0,
        "avg_risk_score": 41.0,
        "risk_level": "medium",
        "risk_level_ko": "주의",
        "high_member_count": 0,
        "center_lng": 127.02100822,
        "center_lat": 37.54823097
      }
    },
    {
      "type": "Feature",
      "geometry": {
        "type": "Point",
        "coordinates": [
          127.07990848,
          37.59899272
        ]
      },
      "properties": {
        "cluster_id": "ped_hotspot_cluster_0465",
        "display_name": "서울 중랑구 중화동(중화2동주민센터 부근)",
        "representative_place_name": "서울 중랑구 중화동(중화2동주민센터 부근)",
        "representative_district": "서울 중랑구8",
        "member_count": 2,
        "repeat_year_count": 2,
        "source_years": [
          2023,
          2024
        ],
        "accidents_total": 14,
        "casualties_total": 14,
        "deaths_total": 1,
        "serious_injuries_total": 13,
        "max_risk_score": 41.0,
        "avg_risk_score": 38.0,
        "risk_level": "medium",
        "risk_level_ko": "주의",
        "high_member_count": 0,
        "center_lng": 127.07990848,
        "center_lat": 37.59899272
      }
    },
    {
      "type": "Feature",
      "geometry": {
        "type": "Point",
        "coordinates": [
          127.00998818,
          37.60775572
        ]
      },
      "properties": {
        "cluster_id": "ped_hotspot_cluster_0466",
        "display_name": "서울 성북구 정릉동(정릉아산내과의원 부근)",
        "representative_place_name": "서울 성북구 정릉동(정릉아산내과의원 부근)",
        "representative_district": "서울 성북구3",
        "member_count": 1,
        "repeat_year_count": 1,
        "source_years": [
          2023
        ],
        "accidents_total": 7,
        "casualties_total": 7,
        "deaths_total": 1,
        "serious_injuries_total": 6,
        "max_risk_score": 41.0,
        "avg_risk_score": 41.0,
        "risk_level": "medium",
        "risk_level_ko": "주의",
        "high_member_count": 0,
        "center_lng": 127.00998818,
        "center_lat": 37.60775572
      }
    },
    {
      "type": "Feature",
      "geometry": {
        "type": "Point",
        "coordinates": [
          127.04410638,
          37.6662064
        ]
      },
      "properties": {
        "cluster_id": "ped_hotspot_cluster_0467",
        "display_name": "서울 도봉구 방학동(녹산교회 부근)",
        "representative_place_name": "서울 도봉구 방학동(녹산교회 부근)",
        "representative_district": "서울 도봉구1",
        "member_count": 2,
        "repeat_year_count": 2,
        "source_years": [
          2022,
          2023
        ],
        "accidents_total": 16,
        "casualties_total": 17,
        "deaths_total": 0,
        "serious_injuries_total": 16,
        "max_risk_score": 41.0,
        "avg_risk_score": 40.5,
        "risk_level": "medium",
        "risk_level_ko": "주의",
        "high_member_count": 0,
        "center_lng": 127.04410638,
        "center_lat": 37.6662064
      }
    },
    {
      "type": "Feature",
      "geometry": {
        "type": "Point",
        "coordinates": [
          127.04333601,
          37.67068595
        ]
      },
      "properties": {
        "cluster_id": "ped_hotspot_cluster_0468",
        "display_name": "서울 도봉구 도봉동(신도봉사거리 부근)",
        "representative_place_name": "서울 도봉구 도봉동(신도봉사거리 부근)",
        "representative_district": "서울 도봉구2",
        "member_count": 1,
        "repeat_year_count": 1,
        "source_years": [
          2023
        ],
        "accidents_total": 7,
        "casualties_total": 7,
        "deaths_total": 1,
        "serious_injuries_total": 6,
        "max_risk_score": 41.0,
        "avg_risk_score": 41.0,
        "risk_level": "medium",
        "risk_level_ko": "주의",
        "high_member_count": 0,
        "center_lng": 127.04333601,
        "center_lat": 37.67068595
      }
    },
    {
      "type": "Feature",
      "geometry": {
        "type": "Point",
        "coordinates": [
          127.12621932,
          37.54043912
        ]
      },
      "properties": {
        "cluster_id": "ped_hotspot_cluster_0469",
        "display_name": "서울 강동구 천호동(천호시장교차로 부근)",
        "representative_place_name": "서울 강동구 천호동(천호시장교차로 부근)",
        "representative_district": "서울 강동구2",
        "member_count": 2,
        "repeat_year_count": 2,
        "source_years": [
          2022,
          2023
        ],
        "accidents_total": 15,
        "casualties_total": 17,
        "deaths_total": 0,
        "serious_injuries_total": 15,
        "max_risk_score": 41.0,
        "avg_risk_score": 38.5,
        "risk_level": "medium",
        "risk_level_ko": "주의",
        "high_member_count": 0,
        "center_lng": 127.12621932,
        "center_lat": 37.54043912
      }
    },
    {
      "type": "Feature",
      "geometry": {
        "type": "Point",
        "coordinates": [
          129.10809271,
          35.1749403
        ]
      },
      "properties": {
        "cluster_id": "ped_hotspot_cluster_0470",
        "display_name": "부산 수영구 망미동(사도행전교회 부근)",
        "representative_place_name": "부산 수영구 망미동(사도행전교회 부근)",
        "representative_district": "부산 수영구3",
        "member_count": 1,
        "repeat_year_count": 1,
        "source_years": [
          2023
        ],
        "accidents_total": 7,
        "casualties_total": 7,
        "deaths_total": 1,
        "serious_injuries_total": 6,
        "max_risk_score": 41.0,
        "avg_risk_score": 41.0,
        "risk_level": "medium",
        "risk_level_ko": "주의",
        "high_member_count": 0,
        "center_lng": 129.10809271,
        "center_lat": 35.1749403
      }
    },
    {
      "type": "Feature",
      "geometry": {
        "type": "Point",
        "coordinates": [
          128.70660861,
          35.8401417
        ]
      },
      "properties": {
        "cluster_id": "ped_hotspot_cluster_0471",
        "display_name": "대구 수성구 신매동(시지활기찬마취통증의학과의원 부근)",
        "representative_place_name": "대구 수성구 신매동(시지활기찬마취통증의학과의원 부근)",
        "representative_district": "대구 수성구2",
        "member_count": 1,
        "repeat_year_count": 1,
        "source_years": [
          2023
        ],
        "accidents_total": 7,
        "casualties_total": 7,
        "deaths_total": 1,
        "serious_injuries_total": 6,
        "max_risk_score": 41.0,
        "avg_risk_score": 41.0,
        "risk_level": "medium",
        "risk_level_ko": "주의",
        "high_member_count": 0,
        "center_lng": 128.70660861,
        "center_lat": 35.8401417
      }
    },
    {
      "type": "Feature",
      "geometry": {
        "type": "Point",
        "coordinates": [
          128.64099682,
          35.82262541
        ]
      },
      "properties": {
        "cluster_id": "ped_hotspot_cluster_0472",
        "display_name": "대구 수성구 지산동(지산축복교회 부근)",
        "representative_place_name": "대구 수성구 지산동(지산축복교회 부근)",
        "representative_district": "대구 수성구3",
        "member_count": 3,
        "repeat_year_count": 3,
        "source_years": [
          2022,
          2023,
          2024
        ],
        "accidents_total": 22,
        "casualties_total": 25,
        "deaths_total": 0,
        "serious_injuries_total": 22,
        "max_risk_score": 41.0,
        "avg_risk_score": 37.67,
        "risk_level": "medium",
        "risk_level_ko": "주의",
        "high_member_count": 0,
        "center_lng": 128.64099682,
        "center_lat": 35.82262541
      }
    },
    {
      "type": "Feature",
      "geometry": {
        "type": "Point",
        "coordinates": [
          127.43096907,
          36.34727161
        ]
      },
      "properties": {
        "cluster_id": "ped_hotspot_cluster_0473",
        "display_name": "대전 동구 홍도동(한우리교회 부근)",
        "representative_place_name": "대전 동구 홍도동(한우리교회 부근)",
        "representative_district": "대전 동구3",
        "member_count": 2,
        "repeat_year_count": 2,
        "source_years": [
          2022,
          2023
        ],
        "accidents_total": 14,
        "casualties_total": 14,
        "deaths_total": 1,
        "serious_injuries_total": 13,
        "max_risk_score": 41.0,
        "avg_risk_score": 38.0,
        "risk_level": "medium",
        "risk_level_ko": "주의",
        "high_member_count": 0,
        "center_lng": 127.43096907,
        "center_lat": 36.34727161
      }
    },
    {
      "type": "Feature",
      "geometry": {
        "type": "Point",
        "coordinates": [
          127.15833657,
          37.43714192
        ]
      },
      "properties": {
        "cluster_id": "ped_hotspot_cluster_0474",
        "display_name": "경기 성남시 중원구 상대원동(상대원시장앞교차로 부근)",
        "representative_place_name": "경기 성남시 중원구 상대원동(상대원시장앞교차로 부근)",
        "representative_district": "경기 성남시 중원구5",
        "member_count": 2,
        "repeat_year_count": 2,
        "source_years": [
          2023,
          2024
        ],
        "accidents_total": 14,
        "casualties_total": 14,
        "deaths_total": 2,
        "serious_injuries_total": 12,
        "max_risk_score": 41.0,
        "avg_risk_score": 41.0,
        "risk_level": "medium",
        "risk_level_ko": "주의",
        "high_member_count": 0,
        "center_lng": 127.15833657,
        "center_lat": 37.43714192
      }
    },
    {
      "type": "Feature",
      "geometry": {
        "type": "Point",
        "coordinates": [
          127.75051487,
          37.88028413
        ]
      },
      "properties": {
        "cluster_id": "ped_hotspot_cluster_0475",
        "display_name": "강원 춘천시 후평동(본수치과의원 부근)",
        "representative_place_name": "강원 춘천시 후평동(본수치과의원 부근)",
        "representative_district": "강원 춘천시1",
        "member_count": 4,
        "repeat_year_count": 4,
        "source_years": [
          2022,
          2023,
          2024,
          2025
        ],
        "accidents_total": 32,
        "casualties_total": 34,
        "deaths_total": 0,
        "serious_injuries_total": 32,
        "max_risk_score": 41.0,
        "avg_risk_score": 40.5,
        "risk_level": "medium",
        "risk_level_ko": "주의",
        "high_member_count": 0,
        "center_lng": 127.75051487,
        "center_lat": 37.88028413
      }
    },
    {
      "type": "Feature",
      "geometry": {
        "type": "Point",
        "coordinates": [
          128.21268339,
          37.13797424
        ]
      },
      "properties": {
        "cluster_id": "ped_hotspot_cluster_0476",
        "display_name": "충북 제천시 중앙로1가(내토재래시장 부근)",
        "representative_place_name": "충북 제천시 중앙로1가(내토재래시장 부근)",
        "representative_district": "충북 제천시1",
        "member_count": 4,
        "repeat_year_count": 4,
        "source_years": [
          2022,
          2023,
          2024,
          2025
        ],
        "accidents_total": 28,
        "casualties_total": 28,
        "deaths_total": 2,
        "serious_injuries_total": 26,
        "max_risk_score": 41.0,
        "avg_risk_score": 38.0,
        "risk_level": "medium",
        "risk_level_ko": "주의",
        "high_member_count": 0,
        "center_lng": 128.21268339,
        "center_lat": 37.13797424
      }
    },
    {
      "type": "Feature",
      "geometry": {
        "type": "Point",
        "coordinates": [
          127.15258029,
          36.81869467
        ]
      },
      "properties": {
        "cluster_id": "ped_hotspot_cluster_0477",
        "display_name": "충남 천안시 동남구 신부동(방죽안오거리 부근)",
        "representative_place_name": "충남 천안시 동남구 신부동(방죽안오거리 부근)",
        "representative_district": "충남 천안시 동남구4",
        "member_count": 3,
        "repeat_year_count": 3,
        "source_years": [
          2023,
          2024,
          2025
        ],
        "accidents_total": 21,
        "casualties_total": 28,
        "deaths_total": 0,
        "serious_injuries_total": 24,
        "max_risk_score": 41.0,
        "avg_risk_score": 40.33,
        "risk_level": "medium",
        "risk_level_ko": "주의",
        "high_member_count": 0,
        "center_lng": 127.15258029,
        "center_lat": 36.81869467
      }
    },
    {
      "type": "Feature",
      "geometry": {
        "type": "Point",
        "coordinates": [
          126.45984196,
          36.78359253
        ]
      },
      "properties": {
        "cluster_id": "ped_hotspot_cluster_0478",
        "display_name": "충남 서산시 동문동(동문동사거리 부근)",
        "representative_place_name": "충남 서산시 동문동(동문동사거리 부근)",
        "representative_district": "충남 서산시2",
        "member_count": 2,
        "repeat_year_count": 2,
        "source_years": [
          2022,
          2023
        ],
        "accidents_total": 14,
        "casualties_total": 14,
        "deaths_total": 1,
        "serious_injuries_total": 13,
        "max_risk_score": 41.0,
        "avg_risk_score": 38.0,
        "risk_level": "medium",
        "risk_level_ko": "주의",
        "high_member_count": 0,
        "center_lng": 126.45984196,
        "center_lat": 36.78359253
      }
    },
    {
      "type": "Feature",
      "geometry": {
        "type": "Point",
        "coordinates": [
          127.66359781,
          34.76434954
        ]
      },
      "properties": {
        "cluster_id": "ped_hotspot_cluster_0479",
        "display_name": "전남 여수시 학동(국민은행앞교차로 부근)",
        "representative_place_name": "전남 여수시 학동(국민은행앞교차로 부근)",
        "representative_district": "전남 여수시4",
        "member_count": 2,
        "repeat_year_count": 2,
        "source_years": [
          2023,
          2024
        ],
        "accidents_total": 15,
        "casualties_total": 17,
        "deaths_total": 0,
        "serious_injuries_total": 15,
        "max_risk_score": 41.0,
        "avg_risk_score": 38.5,
        "risk_level": "medium",
        "risk_level_ko": "주의",
        "high_member_count": 0,
        "center_lng": 127.66359781,
        "center_lat": 34.76434954
      }
    },
    {
      "type": "Feature",
      "geometry": {
        "type": "Point",
        "coordinates": [
          128.69778909,
          36.56804874
        ]
      },
      "properties": {
        "cluster_id": "ped_hotspot_cluster_0480",
        "display_name": "경북 안동시 송현동(옥동3주공교차로 부근)",
        "representative_place_name": "경북 안동시 송현동(옥동3주공교차로 부근)",
        "representative_district": "경북 안동시3",
        "member_count": 3,
        "repeat_year_count": 3,
        "source_years": [
          2023,
          2024,
          2025
        ],
        "accidents_total": 21,
        "casualties_total": 21,
        "deaths_total": 3,
        "serious_injuries_total": 18,
        "max_risk_score": 41.0,
        "avg_risk_score": 41.0,
        "risk_level": "medium",
        "risk_level_ko": "주의",
        "high_member_count": 0,
        "center_lng": 128.69778909,
        "center_lat": 36.56804874
      }
    },
    {
      "type": "Feature",
      "geometry": {
        "type": "Point",
        "coordinates": [
          128.5699254,
          35.21526168
        ]
      },
      "properties": {
        "cluster_id": "ped_hotspot_cluster_0481",
        "display_name": "경남 창원시 마산합포구 교원동(자이별밭어린이집 부근)",
        "representative_place_name": "경남 창원시 마산합포구 교원동(자이별밭어린이집 부근)",
        "representative_district": "경남 창원시 마산합포구4",
        "member_count": 2,
        "repeat_year_count": 2,
        "source_years": [
          2023,
          2024
        ],
        "accidents_total": 15,
        "casualties_total": 16,
        "deaths_total": 0,
        "serious_injuries_total": 15,
        "max_risk_score": 41.0,
        "avg_risk_score": 38.0,
        "risk_level": "medium",
        "risk_level_ko": "주의",
        "high_member_count": 0,
        "center_lng": 128.5699254,
        "center_lat": 35.21526168
      }
    },
    {
      "type": "Feature",
      "geometry": {
        "type": "Point",
        "coordinates": [
          128.43304467,
          34.84632164
        ]
      },
      "properties": {
        "cluster_id": "ped_hotspot_cluster_0482",
        "display_name": "경남 통영시 정량동(정량교회 부근)",
        "representative_place_name": "경남 통영시 정량동(정량교회 부근)",
        "representative_district": "경남 통영시4",
        "member_count": 1,
        "repeat_year_count": 1,
        "source_years": [
          2023
        ],
        "accidents_total": 7,
        "casualties_total": 7,
        "deaths_total": 1,
        "serious_injuries_total": 6,
        "max_risk_score": 41.0,
        "avg_risk_score": 41.0,
        "risk_level": "medium",
        "risk_level_ko": "주의",
        "high_member_count": 0,
        "center_lng": 128.43304467,
        "center_lat": 34.84632164
      }
    },
    {
      "type": "Feature",
      "geometry": {
        "type": "Point",
        "coordinates": [
          128.86522796,
          35.23212701
        ]
      },
      "properties": {
        "cluster_id": "ped_hotspot_cluster_0483",
        "display_name": "경남 김해시 외동(한국1차사거리 부근)",
        "representative_place_name": "경남 김해시 외동(한국1차사거리 부근)",
        "representative_district": "경남 김해시4",
        "member_count": 2,
        "repeat_year_count": 2,
        "source_years": [
          2023,
          2024
        ],
        "accidents_total": 14,
        "casualties_total": 14,
        "deaths_total": 2,
        "serious_injuries_total": 12,
        "max_risk_score": 41.0,
        "avg_risk_score": 41.0,
        "risk_level": "medium",
        "risk_level_ko": "주의",
        "high_member_count": 0,
        "center_lng": 128.86522796,
        "center_lat": 35.23212701
      }
    },
    {
      "type": "Feature",
      "geometry": {
        "type": "Point",
        "coordinates": [
          129.03736146,
          35.34232382
        ]
      },
      "properties": {
        "cluster_id": "ped_hotspot_cluster_0484",
        "display_name": "경남 양산시 중부동(원광어린이집 부근)",
        "representative_place_name": "경남 양산시 중부동(원광어린이집 부근)",
        "representative_district": "경남 양산시1",
        "member_count": 3,
        "repeat_year_count": 3,
        "source_years": [
          2022,
          2023,
          2024
        ],
        "accidents_total": 23,
        "casualties_total": 24,
        "deaths_total": 0,
        "serious_injuries_total": 23,
        "max_risk_score": 41.0,
        "avg_risk_score": 38.67,
        "risk_level": "medium",
        "risk_level_ko": "주의",
        "high_member_count": 0,
        "center_lng": 129.03736146,
        "center_lat": 35.34232382
      }
    },
    {
      "type": "Feature",
      "geometry": {
        "type": "Point",
        "coordinates": [
          127.0146852,
          37.57273537
        ]
      },
      "properties": {
        "cluster_id": "ped_hotspot_cluster_0485",
        "display_name": "서울 종로구 창신동(동묘앞역교차로 부근)",
        "representative_place_name": "서울 종로구 창신동(동묘앞역교차로 부근)",
        "representative_district": "서울 종로구4",
        "member_count": 1,
        "repeat_year_count": 1,
        "source_years": [
          2024
        ],
        "accidents_total": 7,
        "casualties_total": 7,
        "deaths_total": 1,
        "serious_injuries_total": 6,
        "max_risk_score": 41.0,
        "avg_risk_score": 41.0,
        "risk_level": "medium",
        "risk_level_ko": "주의",
        "high_member_count": 0,
        "center_lng": 127.0146852,
        "center_lat": 37.57273537
      }
    },
    {
      "type": "Feature",
      "geometry": {
        "type": "Point",
        "coordinates": [
          127.05486353,
          37.56602936
        ]
      },
      "properties": {
        "cluster_id": "ped_hotspot_cluster_0486",
        "display_name": "서울 동대문구 답십리동(답십리1동교차로 부근)",
        "representative_place_name": "서울 동대문구 답십리동(답십리1동교차로 부근)",
        "representative_district": "서울 동대문구8",
        "member_count": 2,
        "repeat_year_count": 2,
        "source_years": [
          2024,
          2025
        ],
        "accidents_total": 14,
        "casualties_total": 14,
        "deaths_total": 2,
        "serious_injuries_total": 12,
        "max_risk_score": 41.0,
        "avg_risk_score": 41.0,
        "risk_level": "medium",
        "risk_level_ko": "주의",
        "high_member_count": 0,
        "center_lng": 127.05486353,
        "center_lat": 37.56602936
      }
    },
    {
      "type": "Feature",
      "geometry": {
        "type": "Point",
        "coordinates": [
          127.0655276,
          37.56174318
        ]
      },
      "properties": {
        "cluster_id": "ped_hotspot_cluster_0487",
        "display_name": "서울 동대문구 장안동(장한평역교차로 부근)",
        "representative_place_name": "서울 동대문구 장안동(장한평역교차로 부근)",
        "representative_district": "서울 동대문구9",
        "member_count": 1,
        "repeat_year_count": 1,
        "source_years": [
          2024
        ],
        "accidents_total": 7,
        "casualties_total": 7,
        "deaths_total": 1,
        "serious_injuries_total": 6,
        "max_risk_score": 41.0,
        "avg_risk_score": 41.0,
        "risk_level": "medium",
        "risk_level_ko": "주의",
        "high_member_count": 0,
        "center_lng": 127.0655276,
        "center_lat": 37.56174318
      }
    },
    {
      "type": "Feature",
      "geometry": {
        "type": "Point",
        "coordinates": [
          126.91952264,
          37.62066677
        ]
      },
      "properties": {
        "cluster_id": "ped_hotspot_cluster_0488",
        "display_name": "서울 은평구 갈현동(청구프라자약국 부근)",
        "representative_place_name": "서울 은평구 갈현동(청구프라자약국 부근)",
        "representative_district": "서울 은평구4",
        "member_count": 2,
        "repeat_year_count": 2,
        "source_years": [
          2023,
          2024
        ],
        "accidents_total": 15,
        "casualties_total": 16,
        "deaths_total": 0,
        "serious_injuries_total": 15,
        "max_risk_score": 41.0,
        "avg_risk_score": 38.0,
        "risk_level": "medium",
        "risk_level_ko": "주의",
        "high_member_count": 0,
        "center_lng": 126.91952264,
        "center_lat": 37.62066677
      }
    },
    {
      "type": "Feature",
      "geometry": {
        "type": "Point",
        "coordinates": [
          126.90291448,
          37.4797353
        ]
      },
      "properties": {
        "cluster_id": "ped_hotspot_cluster_0489",
        "display_name": "서울 관악구 신림동(구로전화국교차로 부근)",
        "representative_place_name": "서울 관악구 신림동(구로전화국교차로 부근)",
        "representative_district": "서울 관악구6",
        "member_count": 1,
        "repeat_year_count": 1,
        "source_years": [
          2024
        ],
        "accidents_total": 7,
        "casualties_total": 7,
        "deaths_total": 1,
        "serious_injuries_total": 6,
        "max_risk_score": 41.0,
        "avg_risk_score": 41.0,
        "risk_level": "medium",
        "risk_level_ko": "주의",
        "high_member_count": 0,
        "center_lng": 126.90291448,
        "center_lat": 37.4797353
      }
    },
    {
      "type": "Feature",
      "geometry": {
        "type": "Point",
        "coordinates": [
          127.01218978,
          37.50867258
        ]
      },
      "properties": {
        "cluster_id": "ped_hotspot_cluster_0490",
        "display_name": "서울 서초구 잠원동(반포역 7호선 부근)",
        "representative_place_name": "서울 서초구 잠원동(반포역 7호선 부근)",
        "representative_district": "서울 서초구5",
        "member_count": 1,
        "repeat_year_count": 1,
        "source_years": [
          2024
        ],
        "accidents_total": 7,
        "casualties_total": 7,
        "deaths_total": 1,
        "serious_injuries_total": 6,
        "max_risk_score": 41.0,
        "avg_risk_score": 41.0,
        "risk_level": "medium",
        "risk_level_ko": "주의",
        "high_member_count": 0,
        "center_lng": 127.01218978,
        "center_lat": 37.50867258
      }
    },
    {
      "type": "Feature",
      "geometry": {
        "type": "Point",
        "coordinates": [
          129.13102902,
          35.19551417
        ]
      },
      "properties": {
        "cluster_id": "ped_hotspot_cluster_0491",
        "display_name": "부산 해운대구 반여동(반여2동행정복지센터 부근)",
        "representative_place_name": "부산 해운대구 반여동(반여2동행정복지센터 부근)",
        "representative_district": "부산 해운대구1",
        "member_count": 1,
        "repeat_year_count": 1,
        "source_years": [
          2024
        ],
        "accidents_total": 7,
        "casualties_total": 7,
        "deaths_total": 1,
        "serious_injuries_total": 6,
        "max_risk_score": 41.0,
        "avg_risk_score": 41.0,
        "risk_level": "medium",
        "risk_level_ko": "주의",
        "high_member_count": 0,
        "center_lng": 129.13102902,
        "center_lat": 35.19551417
      }
    },
    {
      "type": "Feature",
      "geometry": {
        "type": "Point",
        "coordinates": [
          128.63241045,
          35.82122422
        ]
      },
      "properties": {
        "cluster_id": "ped_hotspot_cluster_0492",
        "display_name": "대구 수성구 지산동(대구용지초등학교 부근)",
        "representative_place_name": "대구 수성구 지산동(대구용지초등학교 부근)",
        "representative_district": "대구 수성구1",
        "member_count": 3,
        "repeat_year_count": 3,
        "source_years": [
          2023,
          2024,
          2025
        ],
        "accidents_total": 23,
        "casualties_total": 24,
        "deaths_total": 0,
        "serious_injuries_total": 23,
        "max_risk_score": 41.0,
        "avg_risk_score": 38.67,
        "risk_level": "medium",
        "risk_level_ko": "주의",
        "high_member_count": 0,
        "center_lng": 128.63241045,
        "center_lat": 35.82122422
      }
    },
    {
      "type": "Feature",
      "geometry": {
        "type": "Point",
        "coordinates": [
          128.53451146,
          35.84990497
        ]
      },
      "properties": {
        "cluster_id": "ped_hotspot_cluster_0493",
        "display_name": "대구 달서구 감삼동(키즈앤맘어린이집 부근)",
        "representative_place_name": "대구 달서구 감삼동(키즈앤맘어린이집 부근)",
        "representative_district": "대구 달서구2",
        "member_count": 2,
        "repeat_year_count": 2,
        "source_years": [
          2024,
          2025
        ],
        "accidents_total": 14,
        "casualties_total": 14,
        "deaths_total": 2,
        "serious_injuries_total": 12,
        "max_risk_score": 41.0,
        "avg_risk_score": 41.0,
        "risk_level": "medium",
        "risk_level_ko": "주의",
        "high_member_count": 0,
        "center_lng": 128.53451146,
        "center_lat": 35.84990497
      }
    },
    {
      "type": "Feature",
      "geometry": {
        "type": "Point",
        "coordinates": [
          128.53713744,
          35.8479137
        ]
      },
      "properties": {
        "cluster_id": "ped_hotspot_cluster_0494",
        "display_name": "대구 달서구 감삼동(파리바게뜨 대구월드마크점 부근)",
        "representative_place_name": "대구 달서구 감삼동(파리바게뜨 대구월드마크점 부근)",
        "representative_district": "대구 달서구3",
        "member_count": 1,
        "repeat_year_count": 1,
        "source_years": [
          2024
        ],
        "accidents_total": 7,
        "casualties_total": 7,
        "deaths_total": 1,
        "serious_injuries_total": 6,
        "max_risk_score": 41.0,
        "avg_risk_score": 41.0,
        "risk_level": "medium",
        "risk_level_ko": "주의",
        "high_member_count": 0,
        "center_lng": 128.53713744,
        "center_lat": 35.8479137
      }
    },
    {
      "type": "Feature",
      "geometry": {
        "type": "Point",
        "coordinates": [
          126.93026184,
          35.17997285
        ]
      },
      "properties": {
        "cluster_id": "ped_hotspot_cluster_0495",
        "display_name": "광주 북구 각화동(문흥지구입구교차로 부근)",
        "representative_place_name": "광주 북구 각화동(문흥지구입구교차로 부근)",
        "representative_district": "광주 북구1",
        "member_count": 2,
        "repeat_year_count": 2,
        "source_years": [
          2024,
          2025
        ],
        "accidents_total": 14,
        "casualties_total": 14,
        "deaths_total": 2,
        "serious_injuries_total": 12,
        "max_risk_score": 41.0,
        "avg_risk_score": 41.0,
        "risk_level": "medium",
        "risk_level_ko": "주의",
        "high_member_count": 0,
        "center_lng": 126.93026184,
        "center_lat": 35.17997285
      }
    },
    {
      "type": "Feature",
      "geometry": {
        "type": "Point",
        "coordinates": [
          127.37789032,
          36.35145696
        ]
      },
      "properties": {
        "cluster_id": "ped_hotspot_cluster_0496",
        "display_name": "대전 서구 둔산동(은하수네거리 부근)",
        "representative_place_name": "대전 서구 둔산동(은하수네거리 부근)",
        "representative_district": "대전 서구2",
        "member_count": 3,
        "repeat_year_count": 3,
        "source_years": [
          2023,
          2024,
          2025
        ],
        "accidents_total": 23,
        "casualties_total": 24,
        "deaths_total": 0,
        "serious_injuries_total": 23,
        "max_risk_score": 41.0,
        "avg_risk_score": 38.67,
        "risk_level": "medium",
        "risk_level_ko": "주의",
        "high_member_count": 0,
        "center_lng": 127.37789032,
        "center_lat": 36.35145696
      }
    },
    {
      "type": "Feature",
      "geometry": {
        "type": "Point",
        "coordinates": [
          127.0522996,
          37.74446671
        ]
      },
      "properties": {
        "cluster_id": "ped_hotspot_cluster_0497",
        "display_name": "경기 의정부시 의정부동(스타약국 부근)",
        "representative_place_name": "경기 의정부시 의정부동(스타약국 부근)",
        "representative_district": "경기 의정부시2",
        "member_count": 1,
        "repeat_year_count": 1,
        "source_years": [
          2024
        ],
        "accidents_total": 7,
        "casualties_total": 7,
        "deaths_total": 1,
        "serious_injuries_total": 6,
        "max_risk_score": 41.0,
        "avg_risk_score": 41.0,
        "risk_level": "medium",
        "risk_level_ko": "주의",
        "high_member_count": 0,
        "center_lng": 127.0522996,
        "center_lat": 37.74446671
      }
    },
    {
      "type": "Feature",
      "geometry": {
        "type": "Point",
        "coordinates": [
          126.78604325,
          37.49722684
        ]
      },
      "properties": {
        "cluster_id": "ped_hotspot_cluster_0498",
        "display_name": "경기 부천시 원미구 원미동(원미1동삼거리 부근)",
        "representative_place_name": "경기 부천시 원미구 원미동(원미1동삼거리 부근)",
        "representative_district": "경기 부천시 원미구2",
        "member_count": 3,
        "repeat_year_count": 3,
        "source_years": [
          2023,
          2024,
          2025
        ],
        "accidents_total": 22,
        "casualties_total": 24,
        "deaths_total": 1,
        "serious_injuries_total": 21,
        "max_risk_score": 41.0,
        "avg_risk_score": 39.33,
        "risk_level": "medium",
        "risk_level_ko": "주의",
        "high_member_count": 0,
        "center_lng": 126.78604325,
        "center_lat": 37.49722684
      }
    },
    {
      "type": "Feature",
      "geometry": {
        "type": "Point",
        "coordinates": [
          126.94402128,
          37.35052205
        ]
      },
      "properties": {
        "cluster_id": "ped_hotspot_cluster_0499",
        "display_name": "경기 군포시 당동(당동우체국사거리 부근)",
        "representative_place_name": "경기 군포시 당동(당동우체국사거리 부근)",
        "representative_district": "경기 군포시2",
        "member_count": 1,
        "repeat_year_count": 1,
        "source_years": [
          2024
        ],
        "accidents_total": 7,
        "casualties_total": 7,
        "deaths_total": 1,
        "serious_injuries_total": 6,
        "max_risk_score": 41.0,
        "avg_risk_score": 41.0,
        "risk_level": "medium",
        "risk_level_ko": "주의",
        "high_member_count": 0,
        "center_lng": 126.94402128,
        "center_lat": 37.35052205
      }
    },
    {
      "type": "Feature",
      "geometry": {
        "type": "Point",
        "coordinates": [
          127.26964116,
          37.00468078
        ]
      },
      "properties": {
        "cluster_id": "ped_hotspot_cluster_0500",
        "display_name": "경기 안성시 인지동(인지사거리 부근)",
        "representative_place_name": "경기 안성시 인지동(인지사거리 부근)",
        "representative_district": "경기 안성시2",
        "member_count": 1,
        "repeat_year_count": 1,
        "source_years": [
          2024
        ],
        "accidents_total": 7,
        "casualties_total": 7,
        "deaths_total": 1,
        "serious_injuries_total": 6,
        "max_risk_score": 41.0,
        "avg_risk_score": 41.0,
        "risk_level": "medium",
        "risk_level_ko": "주의",
        "high_member_count": 0,
        "center_lng": 127.26964116,
        "center_lat": 37.00468078
      }
    },
    {
      "type": "Feature",
      "geometry": {
        "type": "Point",
        "coordinates": [
          127.14169613,
          37.82827497
        ]
      },
      "properties": {
        "cluster_id": "ped_hotspot_cluster_0501",
        "display_name": "경기 포천시 소흘읍(BHC치킨 소흘점 부근)",
        "representative_place_name": "경기 포천시 소흘읍(BHC치킨 소흘점 부근)",
        "representative_district": "경기 포천시1",
        "member_count": 3,
        "repeat_year_count": 3,
        "source_years": [
          2023,
          2024,
          2025
        ],
        "accidents_total": 22,
        "casualties_total": 24,
        "deaths_total": 0,
        "serious_injuries_total": 22,
        "max_risk_score": 41.0,
        "avg_risk_score": 37.33,
        "risk_level": "medium",
        "risk_level_ko": "주의",
        "high_member_count": 0,
        "center_lng": 127.14169613,
        "center_lat": 37.82827497
      }
    },
    {
      "type": "Feature",
      "geometry": {
        "type": "Point",
        "coordinates": [
          127.74251004,
          37.87964309
        ]
      },
      "properties": {
        "cluster_id": "ped_hotspot_cluster_0502",
        "display_name": "강원 춘천시 후평동(모이자호프 부근)",
        "representative_place_name": "강원 춘천시 후평동(모이자호프 부근)",
        "representative_district": "강원 춘천시2",
        "member_count": 1,
        "repeat_year_count": 1,
        "source_years": [
          2024
        ],
        "accidents_total": 7,
        "casualties_total": 7,
        "deaths_total": 1,
        "serious_injuries_total": 6,
        "max_risk_score": 41.0,
        "avg_risk_score": 41.0,
        "risk_level": "medium",
        "risk_level_ko": "주의",
        "high_member_count": 0,
        "center_lng": 127.74251004,
        "center_lat": 37.87964309
      }
    },
    {
      "type": "Feature",
      "geometry": {
        "type": "Point",
        "coordinates": [
          127.43862532,
          36.85989798
        ]
      },
      "properties": {
        "cluster_id": "ped_hotspot_cluster_0503",
        "display_name": "충북 진천군 진천읍(터미널약국 부근)",
        "representative_place_name": "충북 진천군 진천읍(터미널약국 부근)",
        "representative_district": "충북 진천군1",
        "member_count": 2,
        "repeat_year_count": 2,
        "source_years": [
          2024,
          2025
        ],
        "accidents_total": 15,
        "casualties_total": 15,
        "deaths_total": 1,
        "serious_injuries_total": 14,
        "max_risk_score": 41.0,
        "avg_risk_score": 40.5,
        "risk_level": "medium",
        "risk_level_ko": "주의",
        "high_member_count": 0,
        "center_lng": 127.43862532,
        "center_lat": 36.85989798
      }
    },
    {
      "type": "Feature",
      "geometry": {
        "type": "Point",
        "coordinates": [
          128.70058338,
          36.56422702
        ]
      },
      "properties": {
        "cluster_id": "ped_hotspot_cluster_0504",
        "display_name": "경북 안동시 옥동(마을과아이들 어린이집 부근)",
        "representative_place_name": "경북 안동시 옥동(마을과아이들 어린이집 부근)",
        "representative_district": "경북 안동시1",
        "member_count": 1,
        "repeat_year_count": 1,
        "source_years": [
          2024
        ],
        "accidents_total": 8,
        "casualties_total": 9,
        "deaths_total": 0,
        "serious_injuries_total": 8,
        "max_risk_score": 41.0,
        "avg_risk_score": 41.0,
        "risk_level": "medium",
        "risk_level_ko": "주의",
        "high_member_count": 0,
        "center_lng": 128.70058338,
        "center_lat": 36.56422702
      }
    },
    {
      "type": "Feature",
      "geometry": {
        "type": "Point",
        "coordinates": [
          128.93793844,
          35.96418951
        ]
      },
      "properties": {
        "cluster_id": "ped_hotspot_cluster_0505",
        "display_name": "경북 영천시 완산동(영천오일장 부근)",
        "representative_place_name": "경북 영천시 완산동(영천오일장 부근)",
        "representative_district": "경북 영천시2",
        "member_count": 1,
        "repeat_year_count": 1,
        "source_years": [
          2024
        ],
        "accidents_total": 7,
        "casualties_total": 7,
        "deaths_total": 1,
        "serious_injuries_total": 6,
        "max_risk_score": 41.0,
        "avg_risk_score": 41.0,
        "risk_level": "medium",
        "risk_level_ko": "주의",
        "high_member_count": 0,
        "center_lng": 128.93793844,
        "center_lat": 35.96418951
      }
    },
    {
      "type": "Feature",
      "geometry": {
        "type": "Point",
        "coordinates": [
          128.62874466,
          35.26176037
        ]
      },
      "properties": {
        "cluster_id": "ped_hotspot_cluster_0506",
        "display_name": "경남 창원시 의창구 소답동(뉴금호온천 부근)",
        "representative_place_name": "경남 창원시 의창구 소답동(뉴금호온천 부근)",
        "representative_district": "경남 창원시 의창구1",
        "member_count": 2,
        "repeat_year_count": 2,
        "source_years": [
          2024,
          2025
        ],
        "accidents_total": 14,
        "casualties_total": 14,
        "deaths_total": 1,
        "serious_injuries_total": 13,
        "max_risk_score": 41.0,
        "avg_risk_score": 38.0,
        "risk_level": "medium",
        "risk_level_ko": "주의",
        "high_member_count": 0,
        "center_lng": 128.62874466,
        "center_lat": 35.26176037
      }
    },
    {
      "type": "Feature",
      "geometry": {
        "type": "Point",
        "coordinates": [
          127.02372173,
          37.57369374
        ]
      },
      "properties": {
        "cluster_id": "ped_hotspot_cluster_0507",
        "display_name": "서울 동대문구 신설동(남화루 부근)",
        "representative_place_name": "서울 동대문구 신설동(남화루 부근)",
        "representative_district": "서울 동대문구5",
        "member_count": 1,
        "repeat_year_count": 1,
        "source_years": [
          2025
        ],
        "accidents_total": 7,
        "casualties_total": 7,
        "deaths_total": 1,
        "serious_injuries_total": 6,
        "max_risk_score": 41.0,
        "avg_risk_score": 41.0,
        "risk_level": "medium",
        "risk_level_ko": "주의",
        "high_member_count": 0,
        "center_lng": 127.02372173,
        "center_lat": 37.57369374
      }
    },
    {
      "type": "Feature",
      "geometry": {
        "type": "Point",
        "coordinates": [
          127.07113387,
          37.57177216
        ]
      },
      "properties": {
        "cluster_id": "ped_hotspot_cluster_0508",
        "display_name": "서울 동대문구 장안동(장안동사거리 부근)",
        "representative_place_name": "서울 동대문구 장안동(장안동사거리 부근)",
        "representative_district": "서울 동대문구6",
        "member_count": 3,
        "repeat_year_count": 3,
        "source_years": [
          2022,
          2024,
          2025
        ],
        "accidents_total": 21,
        "casualties_total": 22,
        "deaths_total": 1,
        "serious_injuries_total": 20,
        "max_risk_score": 41.0,
        "avg_risk_score": 37.33,
        "risk_level": "medium",
        "risk_level_ko": "주의",
        "high_member_count": 0,
        "center_lng": 127.07113387,
        "center_lat": 37.57177216
      }
    },
    {
      "type": "Feature",
      "geometry": {
        "type": "Point",
        "coordinates": [
          127.10062464,
          37.61374215
        ]
      },
      "properties": {
        "cluster_id": "ped_hotspot_cluster_0509",
        "display_name": "서울 중랑구 신내동(구신내교 부근)",
        "representative_place_name": "서울 중랑구 신내동(구신내교 부근)",
        "representative_district": "서울 중랑구6",
        "member_count": 1,
        "repeat_year_count": 1,
        "source_years": [
          2025
        ],
        "accidents_total": 7,
        "casualties_total": 7,
        "deaths_total": 1,
        "serious_injuries_total": 6,
        "max_risk_score": 41.0,
        "avg_risk_score": 41.0,
        "risk_level": "medium",
        "risk_level_ko": "주의",
        "high_member_count": 0,
        "center_lng": 127.10062464,
        "center_lat": 37.61374215
      }
    },
    {
      "type": "Feature",
      "geometry": {
        "type": "Point",
        "coordinates": [
          127.06290086,
          37.65418941
        ]
      },
      "properties": {
        "cluster_id": "ped_hotspot_cluster_0510",
        "display_name": "서울 노원구 상계동(건강한생활약국 부근)",
        "representative_place_name": "서울 노원구 상계동(건강한생활약국 부근)",
        "representative_district": "서울 노원구4",
        "member_count": 1,
        "repeat_year_count": 1,
        "source_years": [
          2025
        ],
        "accidents_total": 7,
        "casualties_total": 7,
        "deaths_total": 1,
        "serious_injuries_total": 6,
        "max_risk_score": 41.0,
        "avg_risk_score": 41.0,
        "risk_level": "medium",
        "risk_level_ko": "주의",
        "high_member_count": 0,
        "center_lng": 127.06290086,
        "center_lat": 37.65418941
      }
    },
    {
      "type": "Feature",
      "geometry": {
        "type": "Point",
        "coordinates": [
          126.97274864,
          37.4836107
        ]
      },
      "properties": {
        "cluster_id": "ped_hotspot_cluster_0511",
        "display_name": "서울 동작구 사당동(남성역골목시장 부근)",
        "representative_place_name": "서울 동작구 사당동(남성역골목시장 부근)",
        "representative_district": "서울 동작구6",
        "member_count": 1,
        "repeat_year_count": 1,
        "source_years": [
          2025
        ],
        "accidents_total": 7,
        "casualties_total": 7,
        "deaths_total": 1,
        "serious_injuries_total": 6,
        "max_risk_score": 41.0,
        "avg_risk_score": 41.0,
        "risk_level": "medium",
        "risk_level_ko": "주의",
        "high_member_count": 0,
        "center_lng": 126.97274864,
        "center_lat": 37.4836107
      }
    },
    {
      "type": "Feature",
      "geometry": {
        "type": "Point",
        "coordinates": [
          127.14403081,
          37.49271499
        ]
      },
      "properties": {
        "cluster_id": "ped_hotspot_cluster_0512",
        "display_name": "서울 송파구 거여동(거여역교차로 부근)",
        "representative_place_name": "서울 송파구 거여동(거여역교차로 부근)",
        "representative_district": "서울 송파구4",
        "member_count": 3,
        "repeat_year_count": 3,
        "source_years": [
          2023,
          2024,
          2025
        ],
        "accidents_total": 21,
        "casualties_total": 23,
        "deaths_total": 1,
        "serious_injuries_total": 20,
        "max_risk_score": 41.0,
        "avg_risk_score": 37.67,
        "risk_level": "medium",
        "risk_level_ko": "주의",
        "high_member_count": 0,
        "center_lng": 127.14403081,
        "center_lat": 37.49271499
      }
    },
    {
      "type": "Feature",
      "geometry": {
        "type": "Point",
        "coordinates": [
          129.11074484,
          35.11223248
        ]
      },
      "properties": {
        "cluster_id": "ped_hotspot_cluster_0513",
        "display_name": "부산 남구 용호동(용호2치안센터 부근)",
        "representative_place_name": "부산 남구 용호동(용호2치안센터 부근)",
        "representative_district": "부산 남구6",
        "member_count": 2,
        "repeat_year_count": 2,
        "source_years": [
          2024,
          2025
        ],
        "accidents_total": 14,
        "casualties_total": 14,
        "deaths_total": 1,
        "serious_injuries_total": 13,
        "max_risk_score": 41.0,
        "avg_risk_score": 38.0,
        "risk_level": "medium",
        "risk_level_ko": "주의",
        "high_member_count": 0,
        "center_lng": 129.11074484,
        "center_lat": 35.11223248
      }
    },
    {
      "type": "Feature",
      "geometry": {
        "type": "Point",
        "coordinates": [
          129.08679285,
          35.2192824
        ]
      },
      "properties": {
        "cluster_id": "ped_hotspot_cluster_0514",
        "display_name": "부산 금정구 부곡동(성신약국 부근)",
        "representative_place_name": "부산 금정구 부곡동(성신약국 부근)",
        "representative_district": "부산 금정구4",
        "member_count": 1,
        "repeat_year_count": 1,
        "source_years": [
          2025
        ],
        "accidents_total": 7,
        "casualties_total": 7,
        "deaths_total": 1,
        "serious_injuries_total": 6,
        "max_risk_score": 41.0,
        "avg_risk_score": 41.0,
        "risk_level": "medium",
        "risk_level_ko": "주의",
        "high_member_count": 0,
        "center_lng": 129.08679285,
        "center_lat": 35.2192824
      }
    },
    {
      "type": "Feature",
      "geometry": {
        "type": "Point",
        "coordinates": [
          129.09437563,
          35.18845802
        ]
      },
      "properties": {
        "cluster_id": "ped_hotspot_cluster_0515",
        "display_name": "부산 연제구 연산동(영돈까스 부근)",
        "representative_place_name": "부산 연제구 연산동(영돈까스 부근)",
        "representative_district": "부산 연제구1",
        "member_count": 1,
        "repeat_year_count": 1,
        "source_years": [
          2025
        ],
        "accidents_total": 7,
        "casualties_total": 7,
        "deaths_total": 1,
        "serious_injuries_total": 6,
        "max_risk_score": 41.0,
        "avg_risk_score": 41.0,
        "risk_level": "medium",
        "risk_level_ko": "주의",
        "high_member_count": 0,
        "center_lng": 129.09437563,
        "center_lat": 35.18845802
      }
    },
    {
      "type": "Feature",
      "geometry": {
        "type": "Point",
        "coordinates": [
          126.67770991,
          37.44160769
        ]
      },
      "properties": {
        "cluster_id": "ped_hotspot_cluster_0516",
        "display_name": "인천 미추홀구 학익동(신동아유치원 부근)",
        "representative_place_name": "인천 미추홀구 학익동(신동아유치원 부근)",
        "representative_district": "인천 미추홀구1",
        "member_count": 1,
        "repeat_year_count": 1,
        "source_years": [
          2025
        ],
        "accidents_total": 7,
        "casualties_total": 7,
        "deaths_total": 1,
        "serious_injuries_total": 6,
        "max_risk_score": 41.0,
        "avg_risk_score": 41.0,
        "risk_level": "medium",
        "risk_level_ko": "주의",
        "high_member_count": 0,
        "center_lng": 126.67770991,
        "center_lat": 37.44160769
      }
    },
    {
      "type": "Feature",
      "geometry": {
        "type": "Point",
        "coordinates": [
          126.7212029,
          37.49197935
        ]
      },
      "properties": {
        "cluster_id": "ped_hotspot_cluster_0517",
        "display_name": "인천 부평구 부평동(밝은약국 부근)",
        "representative_place_name": "인천 부평구 부평동(밝은약국 부근)",
        "representative_district": "인천 부평구2",
        "member_count": 1,
        "repeat_year_count": 1,
        "source_years": [
          2025
        ],
        "accidents_total": 7,
        "casualties_total": 7,
        "deaths_total": 1,
        "serious_injuries_total": 6,
        "max_risk_score": 41.0,
        "avg_risk_score": 41.0,
        "risk_level": "medium",
        "risk_level_ko": "주의",
        "high_member_count": 0,
        "center_lng": 126.7212029,
        "center_lat": 37.49197935
      }
    },
    {
      "type": "Feature",
      "geometry": {
        "type": "Point",
        "coordinates": [
          127.39926895,
          36.3185506
        ]
      },
      "properties": {
        "cluster_id": "ped_hotspot_cluster_0518",
        "display_name": "대전 중구 유천동(대전가장큰약국 부근)",
        "representative_place_name": "대전 중구 유천동(대전가장큰약국 부근)",
        "representative_district": "대전 중구1",
        "member_count": 1,
        "repeat_year_count": 1,
        "source_years": [
          2025
        ],
        "accidents_total": 7,
        "casualties_total": 7,
        "deaths_total": 1,
        "serious_injuries_total": 6,
        "max_risk_score": 41.0,
        "avg_risk_score": 41.0,
        "risk_level": "medium",
        "risk_level_ko": "주의",
        "high_member_count": 0,
        "center_lng": 127.39926895,
        "center_lat": 36.3185506
      }
    },
    {
      "type": "Feature",
      "geometry": {
        "type": "Point",
        "coordinates": [
          127.12815327,
          37.43313441
        ]
      },
      "properties": {
        "cluster_id": "ped_hotspot_cluster_0519",
        "display_name": "경기 성남시 중원구 성남동(모란삼거리 부근)",
        "representative_place_name": "경기 성남시 중원구 성남동(모란삼거리 부근)",
        "representative_district": "경기 성남시 중원구4",
        "member_count": 2,
        "repeat_year_count": 2,
        "source_years": [
          2023,
          2025
        ],
        "accidents_total": 14,
        "casualties_total": 15,
        "deaths_total": 1,
        "serious_injuries_total": 13,
        "max_risk_score": 41.0,
        "avg_risk_score": 38.5,
        "risk_level": "medium",
        "risk_level_ko": "주의",
        "high_member_count": 0,
        "center_lng": 127.12815327,
        "center_lat": 37.43313441
      }
    },
    {
      "type": "Feature",
      "geometry": {
        "type": "Point",
        "coordinates": [
          127.04555683,
          37.74895821
        ]
      },
      "properties": {
        "cluster_id": "ped_hotspot_cluster_0520",
        "display_name": "경기 의정부시 의정부동(수온누리약국 부근)",
        "representative_place_name": "경기 의정부시 의정부동(수온누리약국 부근)",
        "representative_district": "경기 의정부시3",
        "member_count": 1,
        "repeat_year_count": 1,
        "source_years": [
          2025
        ],
        "accidents_total": 7,
        "casualties_total": 7,
        "deaths_total": 1,
        "serious_injuries_total": 6,
        "max_risk_score": 41.0,
        "avg_risk_score": 41.0,
        "risk_level": "medium",
        "risk_level_ko": "주의",
        "high_member_count": 0,
        "center_lng": 127.04555683,
        "center_lat": 37.74895821
      }
    },
    {
      "type": "Feature",
      "geometry": {
        "type": "Point",
        "coordinates": [
          126.85052203,
          37.48112134
        ]
      },
      "properties": {
        "cluster_id": "ped_hotspot_cluster_0521",
        "display_name": "경기 광명시 광명동(기쁨약국 부근)",
        "representative_place_name": "경기 광명시 광명동(기쁨약국 부근)",
        "representative_district": "경기 광명시4",
        "member_count": 1,
        "repeat_year_count": 1,
        "source_years": [
          2025
        ],
        "accidents_total": 7,
        "casualties_total": 7,
        "deaths_total": 1,
        "serious_injuries_total": 6,
        "max_risk_score": 41.0,
        "avg_risk_score": 41.0,
        "risk_level": "medium",
        "risk_level_ko": "주의",
        "high_member_count": 0,
        "center_lng": 126.85052203,
        "center_lat": 37.48112134
      }
    },
    {
      "type": "Feature",
      "geometry": {
        "type": "Point",
        "coordinates": [
          126.86589232,
          37.30104898
        ]
      },
      "properties": {
        "cluster_id": "ped_hotspot_cluster_0522",
        "display_name": "경기 안산시 상록구 본오동(상록백제약국 부근)",
        "representative_place_name": "경기 안산시 상록구 본오동(상록백제약국 부근)",
        "representative_district": "경기 안산시 상록구1",
        "member_count": 1,
        "repeat_year_count": 1,
        "source_years": [
          2025
        ],
        "accidents_total": 7,
        "casualties_total": 7,
        "deaths_total": 1,
        "serious_injuries_total": 6,
        "max_risk_score": 41.0,
        "avg_risk_score": 41.0,
        "risk_level": "medium",
        "risk_level_ko": "주의",
        "high_member_count": 0,
        "center_lng": 126.86589232,
        "center_lat": 37.30104898
      }
    },
    {
      "type": "Feature",
      "geometry": {
        "type": "Point",
        "coordinates": [
          126.84734207,
          37.61785066
        ]
      },
      "properties": {
        "cluster_id": "ped_hotspot_cluster_0523",
        "display_name": "경기 고양시 덕양구 행신동(서정약국 부근)",
        "representative_place_name": "경기 고양시 덕양구 행신동(서정약국 부근)",
        "representative_district": "경기 고양시 덕양구4",
        "member_count": 1,
        "repeat_year_count": 1,
        "source_years": [
          2025
        ],
        "accidents_total": 7,
        "casualties_total": 7,
        "deaths_total": 1,
        "serious_injuries_total": 6,
        "max_risk_score": 41.0,
        "avg_risk_score": 41.0,
        "risk_level": "medium",
        "risk_level_ko": "주의",
        "high_member_count": 0,
        "center_lng": 126.84734207,
        "center_lat": 37.61785066
      }
    },
    {
      "type": "Feature",
      "geometry": {
        "type": "Point",
        "coordinates": [
          127.30860873,
          37.65110198
        ]
      },
      "properties": {
        "cluster_id": "ped_hotspot_cluster_0524",
        "display_name": "경기 남양주시 화도읍(마석우리약국 부근)",
        "representative_place_name": "경기 남양주시 화도읍(마석우리약국 부근)",
        "representative_district": "경기 남양주시2",
        "member_count": 1,
        "repeat_year_count": 1,
        "source_years": [
          2025
        ],
        "accidents_total": 7,
        "casualties_total": 7,
        "deaths_total": 1,
        "serious_injuries_total": 6,
        "max_risk_score": 41.0,
        "avg_risk_score": 41.0,
        "risk_level": "medium",
        "risk_level_ko": "주의",
        "high_member_count": 0,
        "center_lng": 127.30860873,
        "center_lat": 37.65110198
      }
    },
    {
      "type": "Feature",
      "geometry": {
        "type": "Point",
        "coordinates": [
          128.89799481,
          37.76104008
        ]
      },
      "properties": {
        "cluster_id": "ped_hotspot_cluster_0525",
        "display_name": "강원 강릉시 교동(목포식당 부근)",
        "representative_place_name": "강원 강릉시 교동(목포식당 부근)",
        "representative_district": "강원 강릉시1",
        "member_count": 1,
        "repeat_year_count": 1,
        "source_years": [
          2025
        ],
        "accidents_total": 7,
        "casualties_total": 7,
        "deaths_total": 1,
        "serious_injuries_total": 6,
        "max_risk_score": 41.0,
        "avg_risk_score": 41.0,
        "risk_level": "medium",
        "risk_level_ko": "주의",
        "high_member_count": 0,
        "center_lng": 128.89799481,
        "center_lat": 37.76104008
      }
    },
    {
      "type": "Feature",
      "geometry": {
        "type": "Point",
        "coordinates": [
          127.15892545,
          36.79702222
        ]
      },
      "properties": {
        "cluster_id": "ped_hotspot_cluster_0526",
        "display_name": "충남 천안시 동남구 구성동(하나둘셋어린이집 부근)",
        "representative_place_name": "충남 천안시 동남구 구성동(하나둘셋어린이집 부근)",
        "representative_district": "충남 천안시 동남구3",
        "member_count": 1,
        "repeat_year_count": 1,
        "source_years": [
          2025
        ],
        "accidents_total": 7,
        "casualties_total": 7,
        "deaths_total": 1,
        "serious_injuries_total": 6,
        "max_risk_score": 41.0,
        "avg_risk_score": 41.0,
        "risk_level": "medium",
        "risk_level_ko": "주의",
        "high_member_count": 0,
        "center_lng": 127.15892545,
        "center_lat": 36.79702222
      }
    },
    {
      "type": "Feature",
      "geometry": {
        "type": "Point",
        "coordinates": [
          127.12998685,
          36.79745406
        ]
      },
      "properties": {
        "cluster_id": "ped_hotspot_cluster_0527",
        "display_name": "충남 천안시 서북구 쌍용동(마음약국 부근)",
        "representative_place_name": "충남 천안시 서북구 쌍용동(마음약국 부근)",
        "representative_district": "충남 천안시 서북구1",
        "member_count": 2,
        "repeat_year_count": 2,
        "source_years": [
          2024,
          2025
        ],
        "accidents_total": 15,
        "casualties_total": 15,
        "deaths_total": 1,
        "serious_injuries_total": 14,
        "max_risk_score": 41.0,
        "avg_risk_score": 40.5,
        "risk_level": "medium",
        "risk_level_ko": "주의",
        "high_member_count": 0,
        "center_lng": 127.12998685,
        "center_lat": 36.79745406
      }
    },
    {
      "type": "Feature",
      "geometry": {
        "type": "Point",
        "coordinates": [
          126.73409082,
          35.72626716
        ]
      },
      "properties": {
        "cluster_id": "ped_hotspot_cluster_0528",
        "display_name": "전북 부안군 부안읍(고려약국 부근)",
        "representative_place_name": "전북 부안군 부안읍(고려약국 부근)",
        "representative_district": "전북 부안군1",
        "member_count": 1,
        "repeat_year_count": 1,
        "source_years": [
          2025
        ],
        "accidents_total": 7,
        "casualties_total": 7,
        "deaths_total": 1,
        "serious_injuries_total": 6,
        "max_risk_score": 41.0,
        "avg_risk_score": 41.0,
        "risk_level": "medium",
        "risk_level_ko": "주의",
        "high_member_count": 0,
        "center_lng": 126.73409082,
        "center_lat": 35.72626716
      }
    },
    {
      "type": "Feature",
      "geometry": {
        "type": "Point",
        "coordinates": [
          129.55446656,
          35.98979094
        ]
      },
      "properties": {
        "cluster_id": "ped_hotspot_cluster_0529",
        "display_name": "경북 포항시 남구 구룡포읍(수협교차로 부근)",
        "representative_place_name": "경북 포항시 남구 구룡포읍(수협교차로 부근)",
        "representative_district": "경북 포항시 남구2",
        "member_count": 2,
        "repeat_year_count": 2,
        "source_years": [
          2023,
          2025
        ],
        "accidents_total": 14,
        "casualties_total": 15,
        "deaths_total": 1,
        "serious_injuries_total": 13,
        "max_risk_score": 41.0,
        "avg_risk_score": 38.5,
        "risk_level": "medium",
        "risk_level_ko": "주의",
        "high_member_count": 0,
        "center_lng": 129.55446656,
        "center_lat": 35.98979094
      }
    },
    {
      "type": "Feature",
      "geometry": {
        "type": "Point",
        "coordinates": [
          128.66555474,
          35.15229583
        ]
      },
      "properties": {
        "cluster_id": "ped_hotspot_cluster_0530",
        "display_name": "경남 창원시 진해구 충무동(중앙삼거리 부근)",
        "representative_place_name": "경남 창원시 진해구 충무동(중앙삼거리 부근)",
        "representative_district": "경남 창원시 진해구1",
        "member_count": 3,
        "repeat_year_count": 3,
        "source_years": [
          2023,
          2024,
          2025
        ],
        "accidents_total": 21,
        "casualties_total": 22,
        "deaths_total": 1,
        "serious_injuries_total": 20,
        "max_risk_score": 41.0,
        "avg_risk_score": 37.33,
        "risk_level": "medium",
        "risk_level_ko": "주의",
        "high_member_count": 0,
        "center_lng": 128.66555474,
        "center_lat": 35.15229583
      }
    },
    {
      "type": "Feature",
      "geometry": {
        "type": "Point",
        "coordinates": [
          128.08714785,
          35.08280952
        ]
      },
      "properties": {
        "cluster_id": "ped_hotspot_cluster_0531",
        "display_name": "경남 사천시 사천읍(사천지구대 부근)",
        "representative_place_name": "경남 사천시 사천읍(사천지구대 부근)",
        "representative_district": "경남 사천시1",
        "member_count": 1,
        "repeat_year_count": 1,
        "source_years": [
          2025
        ],
        "accidents_total": 7,
        "casualties_total": 7,
        "deaths_total": 1,
        "serious_injuries_total": 6,
        "max_risk_score": 41.0,
        "avg_risk_score": 41.0,
        "risk_level": "medium",
        "risk_level_ko": "주의",
        "high_member_count": 0,
        "center_lng": 128.08714785,
        "center_lat": 35.08280952
      }
    },
    {
      "type": "Feature",
      "geometry": {
        "type": "Point",
        "coordinates": [
          126.53065256,
          33.49941273
        ]
      },
      "properties": {
        "cluster_id": "ped_hotspot_cluster_0532",
        "display_name": "제주 제주시 이도이동(제주시청 부근)",
        "representative_place_name": "제주 제주시 이도이동(제주시청 부근)",
        "representative_district": "제주 제주시3",
        "member_count": 1,
        "repeat_year_count": 1,
        "source_years": [
          2025
        ],
        "accidents_total": 7,
        "casualties_total": 7,
        "deaths_total": 1,
        "serious_injuries_total": 6,
        "max_risk_score": 41.0,
        "avg_risk_score": 41.0,
        "risk_level": "medium",
        "risk_level_ko": "주의",
        "high_member_count": 0,
        "center_lng": 126.53065256,
        "center_lat": 33.49941273
      }
    },
    {
      "type": "Feature",
      "geometry": {
        "type": "Point",
        "coordinates": [
          126.97289987,
          37.55885121
        ]
      },
      "properties": {
        "cluster_id": "ped_hotspot_cluster_0533",
        "display_name": "서울 중구 남대문로5가(연세봉래빌딩 부근)",
        "representative_place_name": "서울특별시 중구 남대문로5가(연세봉래빌딩 부근)",
        "representative_district": "서울특별시 중구7",
        "member_count": 1,
        "repeat_year_count": 1,
        "source_years": [
          2022
        ],
        "accidents_total": 7,
        "casualties_total": 10,
        "deaths_total": 0,
        "serious_injuries_total": 8,
        "max_risk_score": 40.5,
        "avg_risk_score": 40.5,
        "risk_level": "medium",
        "risk_level_ko": "주의",
        "high_member_count": 0,
        "center_lng": 126.97289987,
        "center_lat": 37.55885121
      }
    },
    {
      "type": "Feature",
      "geometry": {
        "type": "Point",
        "coordinates": [
          128.55365898,
          35.83368585
        ]
      },
      "properties": {
        "cluster_id": "ped_hotspot_cluster_0534",
        "display_name": "대구광역시 달서구 송현동(성민교회 부근)",
        "representative_place_name": "대구광역시 달서구 송현동(성민교회 부근)",
        "representative_district": "대구광역시 달서구1",
        "member_count": 2,
        "repeat_year_count": 2,
        "source_years": [
          2022,
          2023
        ],
        "accidents_total": 15,
        "casualties_total": 17,
        "deaths_total": 0,
        "serious_injuries_total": 15,
        "max_risk_score": 40.5,
        "avg_risk_score": 38.0,
        "risk_level": "medium",
        "risk_level_ko": "주의",
        "high_member_count": 0,
        "center_lng": 128.55365898,
        "center_lat": 35.83368585
      }
    },
    {
      "type": "Feature",
      "geometry": {
        "type": "Point",
        "coordinates": [
          127.37725712,
          36.36020834
        ]
      },
      "properties": {
        "cluster_id": "ped_hotspot_cluster_0535",
        "display_name": "대전광역시 서구 월평동(금강유역환경청 부근)",
        "representative_place_name": "대전광역시 서구 월평동(금강유역환경청 부근)",
        "representative_district": "대전광역시 서구3",
        "member_count": 2,
        "repeat_year_count": 2,
        "source_years": [
          2022,
          2023
        ],
        "accidents_total": 14,
        "casualties_total": 20,
        "deaths_total": 0,
        "serious_injuries_total": 16,
        "max_risk_score": 40.5,
        "avg_risk_score": 40.5,
        "risk_level": "medium",
        "risk_level_ko": "주의",
        "high_member_count": 0,
        "center_lng": 127.37725712,
        "center_lat": 36.36020834
      }
    },
    {
      "type": "Feature",
      "geometry": {
        "type": "Point",
        "coordinates": [
          126.77771307,
          37.65217573
        ]
      },
      "properties": {
        "cluster_id": "ped_hotspot_cluster_0536",
        "display_name": "경기 고양시 일산동구 마두동(마두동770 부근)",
        "representative_place_name": "경기도 고양시 일산동구 마두동(마두동770 부근)",
        "representative_district": "경기도 고양시 일산동구1",
        "member_count": 3,
        "repeat_year_count": 3,
        "source_years": [
          2022,
          2023,
          2024
        ],
        "accidents_total": 22,
        "casualties_total": 23,
        "deaths_total": 0,
        "serious_injuries_total": 22,
        "max_risk_score": 40.5,
        "avg_risk_score": 36.83,
        "risk_level": "medium",
        "risk_level_ko": "주의",
        "high_member_count": 0,
        "center_lng": 126.77771307,
        "center_lat": 37.65217573
      }
    },
    {
      "type": "Feature",
      "geometry": {
        "type": "Point",
        "coordinates": [
          126.83605006,
          37.54814145
        ]
      },
      "properties": {
        "cluster_id": "ped_hotspot_cluster_0537",
        "display_name": "서울 강서구 화곡동(우장산역교차로 부근)",
        "representative_place_name": "서울 강서구 화곡동(우장산역교차로 부근)",
        "representative_district": "서울 강서구4",
        "member_count": 3,
        "repeat_year_count": 3,
        "source_years": [
          2022,
          2023,
          2024
        ],
        "accidents_total": 23,
        "casualties_total": 24,
        "deaths_total": 0,
        "serious_injuries_total": 23,
        "max_risk_score": 40.5,
        "avg_risk_score": 38.5,
        "risk_level": "medium",
        "risk_level_ko": "주의",
        "high_member_count": 0,
        "center_lng": 126.83605006,
        "center_lat": 37.54814145
      }
    },
    {
      "type": "Feature",
      "geometry": {
        "type": "Point",
        "coordinates": [
          127.72890226,
          34.74033363
        ]
      },
      "properties": {
        "cluster_id": "ped_hotspot_cluster_0538",
        "display_name": "전남 여수시 서교동(여수전통서시장 부근)",
        "representative_place_name": "전남 여수시 서교동(여수전통서시장 부근)",
        "representative_district": "전남 여수시3",
        "member_count": 1,
        "repeat_year_count": 1,
        "source_years": [
          2024
        ],
        "accidents_total": 8,
        "casualties_total": 9,
        "deaths_total": 0,
        "serious_injuries_total": 8,
        "max_risk_score": 40.5,
        "avg_risk_score": 40.5,
        "risk_level": "medium",
        "risk_level_ko": "주의",
        "high_member_count": 0,
        "center_lng": 127.72890226,
        "center_lat": 34.74033363
      }
    },
    {
      "type": "Feature",
      "geometry": {
        "type": "Point",
        "coordinates": [
          126.98843537,
          37.57189895
        ]
      },
      "properties": {
        "cluster_id": "ped_hotspot_cluster_0539",
        "display_name": "서울 종로구 낙원동(낙원상가 부근)",
        "representative_place_name": "서울특별시 종로구 낙원동(낙원상가 부근)",
        "representative_district": "서울특별시 종로구2",
        "member_count": 1,
        "repeat_year_count": 1,
        "source_years": [
          2022
        ],
        "accidents_total": 8,
        "casualties_total": 8,
        "deaths_total": 0,
        "serious_injuries_total": 8,
        "max_risk_score": 40.0,
        "avg_risk_score": 40.0,
        "risk_level": "medium",
        "risk_level_ko": "주의",
        "high_member_count": 0,
        "center_lng": 126.98843537,
        "center_lat": 37.57189895
      }
    },
    {
      "type": "Feature",
      "geometry": {
        "type": "Point",
        "coordinates": [
          127.02177008,
          37.56541829
        ]
      },
      "properties": {
        "cluster_id": "ped_hotspot_cluster_0540",
        "display_name": "서울 중구 신당동(기업은행성동지점 부근)",
        "representative_place_name": "서울특별시 중구 신당동(기업은행성동지점 부근)",
        "representative_district": "서울특별시 중구5",
        "member_count": 2,
        "repeat_year_count": 2,
        "source_years": [
          2022,
          2023
        ],
        "accidents_total": 15,
        "casualties_total": 15,
        "deaths_total": 0,
        "serious_injuries_total": 15,
        "max_risk_score": 40.0,
        "avg_risk_score": 37.5,
        "risk_level": "medium",
        "risk_level_ko": "주의",
        "high_member_count": 0,
        "center_lng": 127.02177008,
        "center_lat": 37.56541829
      }
    },
    {
      "type": "Feature",
      "geometry": {
        "type": "Point",
        "coordinates": [
          126.99525618,
          37.53443217
        ]
      },
      "properties": {
        "cluster_id": "ped_hotspot_cluster_0541",
        "display_name": "서울 용산구 이태원동(이태원소방파출소 부근)",
        "representative_place_name": "서울특별시 용산구 이태원동(이태원소방파출소 부근)",
        "representative_district": "서울특별시 용산구1",
        "member_count": 1,
        "repeat_year_count": 1,
        "source_years": [
          2022
        ],
        "accidents_total": 8,
        "casualties_total": 8,
        "deaths_total": 0,
        "serious_injuries_total": 8,
        "max_risk_score": 40.0,
        "avg_risk_score": 40.0,
        "risk_level": "medium",
        "risk_level_ko": "주의",
        "high_member_count": 0,
        "center_lng": 126.99525618,
        "center_lat": 37.53443217
      }
    },
    {
      "type": "Feature",
      "geometry": {
        "type": "Point",
        "coordinates": [
          127.0672879,
          37.5657246
        ]
      },
      "properties": {
        "cluster_id": "ped_hotspot_cluster_0542",
        "display_name": "서울 동대문구 장안동(장안동우리은행 부근)",
        "representative_place_name": "서울특별시 동대문구 장안동(장안동우리은행 부근)",
        "representative_district": "서울특별시 동대문구8",
        "member_count": 1,
        "repeat_year_count": 1,
        "source_years": [
          2022
        ],
        "accidents_total": 7,
        "casualties_total": 9,
        "deaths_total": 0,
        "serious_injuries_total": 8,
        "max_risk_score": 40.0,
        "avg_risk_score": 40.0,
        "risk_level": "medium",
        "risk_level_ko": "주의",
        "high_member_count": 0,
        "center_lng": 127.0672879,
        "center_lat": 37.5657246
      }
    },
    {
      "type": "Feature",
      "geometry": {
        "type": "Point",
        "coordinates": [
          127.07365573,
          37.65990347
        ]
      },
      "properties": {
        "cluster_id": "ped_hotspot_cluster_0543",
        "display_name": "서울 노원구 중계동(중계동45321 부근)",
        "representative_place_name": "서울특별시 노원구 중계동(중계동45321 부근)",
        "representative_district": "서울특별시 노원구3",
        "member_count": 3,
        "repeat_year_count": 3,
        "source_years": [
          2022,
          2023,
          2024
        ],
        "accidents_total": 21,
        "casualties_total": 26,
        "deaths_total": 0,
        "serious_injuries_total": 23,
        "max_risk_score": 40.0,
        "avg_risk_score": 38.67,
        "risk_level": "medium",
        "risk_level_ko": "주의",
        "high_member_count": 0,
        "center_lng": 127.07365573,
        "center_lat": 37.65990347
      }
    },
    {
      "type": "Feature",
      "geometry": {
        "type": "Point",
        "coordinates": [
          126.93188878,
          37.56208611
        ]
      },
      "properties": {
        "cluster_id": "ped_hotspot_cluster_0544",
        "display_name": "서울 서대문구 창천동(창천오피스텔 부근)",
        "representative_place_name": "서울특별시 서대문구 창천동(창천오피스텔 부근)",
        "representative_district": "서울특별시 서대문구4",
        "member_count": 1,
        "repeat_year_count": 1,
        "source_years": [
          2022
        ],
        "accidents_total": 8,
        "casualties_total": 8,
        "deaths_total": 0,
        "serious_injuries_total": 8,
        "max_risk_score": 40.0,
        "avg_risk_score": 40.0,
        "risk_level": "medium",
        "risk_level_ko": "주의",
        "high_member_count": 0,
        "center_lng": 126.93188878,
        "center_lat": 37.56208611
      }
    },
    {
      "type": "Feature",
      "geometry": {
        "type": "Point",
        "coordinates": [
          126.83220406,
          37.53267538
        ]
      },
      "properties": {
        "cluster_id": "ped_hotspot_cluster_0545",
        "display_name": "서울 양천구 신월동(대한빌라 부근)",
        "representative_place_name": "서울특별시 양천구 신월동(대한빌라 부근)",
        "representative_district": "서울특별시 양천구3",
        "member_count": 2,
        "repeat_year_count": 2,
        "source_years": [
          2022,
          2023
        ],
        "accidents_total": 14,
        "casualties_total": 18,
        "deaths_total": 0,
        "serious_injuries_total": 16,
        "max_risk_score": 40.0,
        "avg_risk_score": 40.0,
        "risk_level": "medium",
        "risk_level_ko": "주의",
        "high_member_count": 0,
        "center_lng": 126.83220406,
        "center_lat": 37.53267538
      }
    },
    {
      "type": "Feature",
      "geometry": {
        "type": "Point",
        "coordinates": [
          126.8912649,
          37.48941514
        ]
      },
      "properties": {
        "cluster_id": "ped_hotspot_cluster_0546",
        "display_name": "서울 구로구 구로동(영서중 부근)",
        "representative_place_name": "서울특별시 구로구 구로동(영서중 부근)",
        "representative_district": "서울특별시 구로구2",
        "member_count": 1,
        "repeat_year_count": 1,
        "source_years": [
          2022
        ],
        "accidents_total": 8,
        "casualties_total": 8,
        "deaths_total": 0,
        "serious_injuries_total": 8,
        "max_risk_score": 40.0,
        "avg_risk_score": 40.0,
        "risk_level": "medium",
        "risk_level_ko": "주의",
        "high_member_count": 0,
        "center_lng": 126.8912649,
        "center_lat": 37.48941514
      }
    },
    {
      "type": "Feature",
      "geometry": {
        "type": "Point",
        "coordinates": [
          126.96601735,
          37.47607601
        ]
      },
      "properties": {
        "cluster_id": "ped_hotspot_cluster_0547",
        "display_name": "서울 관악구 봉천동(까치고개 부근)",
        "representative_place_name": "서울특별시 관악구 봉천동(까치고개 부근)",
        "representative_district": "서울특별시 관악구4",
        "member_count": 1,
        "repeat_year_count": 1,
        "source_years": [
          2022
        ],
        "accidents_total": 8,
        "casualties_total": 8,
        "deaths_total": 0,
        "serious_injuries_total": 8,
        "max_risk_score": 40.0,
        "avg_risk_score": 40.0,
        "risk_level": "medium",
        "risk_level_ko": "주의",
        "high_member_count": 0,
        "center_lng": 126.96601735,
        "center_lat": 37.47607601
      }
    },
    {
      "type": "Feature",
      "geometry": {
        "type": "Point",
        "coordinates": [
          127.02970352,
          37.4983062
        ]
      },
      "properties": {
        "cluster_id": "ped_hotspot_cluster_0548",
        "display_name": "서울 강남구 역삼동(국기원입구교차로 부근)",
        "representative_place_name": "서울특별시 강남구 역삼동(국기원입구교차로 부근)",
        "representative_district": "서울특별시 강남구1",
        "member_count": 3,
        "repeat_year_count": 3,
        "source_years": [
          2022,
          2023,
          2025
        ],
        "accidents_total": 24,
        "casualties_total": 24,
        "deaths_total": 0,
        "serious_injuries_total": 24,
        "max_risk_score": 40.0,
        "avg_risk_score": 40.0,
        "risk_level": "medium",
        "risk_level_ko": "주의",
        "high_member_count": 0,
        "center_lng": 127.02970352,
        "center_lat": 37.4983062
      }
    },
    {
      "type": "Feature",
      "geometry": {
        "type": "Point",
        "coordinates": [
          129.02721151,
          35.09944201
        ]
      },
      "properties": {
        "cluster_id": "ped_hotspot_cluster_0549",
        "display_name": "부산 중구 부평동1가(어벤더치커피부평점 부근)",
        "representative_place_name": "부산광역시 중구 부평동1가(어벤더치커피부평점 부근)",
        "representative_district": "부산광역시 중구3",
        "member_count": 3,
        "repeat_year_count": 3,
        "source_years": [
          2022,
          2023,
          2024
        ],
        "accidents_total": 22,
        "casualties_total": 26,
        "deaths_total": 0,
        "serious_injuries_total": 24,
        "max_risk_score": 40.0,
        "avg_risk_score": 40.0,
        "risk_level": "medium",
        "risk_level_ko": "주의",
        "high_member_count": 0,
        "center_lng": 129.02721151,
        "center_lat": 35.09944201
      }
    },
    {
      "type": "Feature",
      "geometry": {
        "type": "Point",
        "coordinates": [
          129.00401954,
          35.20525054
        ]
      },
      "properties": {
        "cluster_id": "ped_hotspot_cluster_0550",
        "display_name": "부산 북구 구포동(북부산농협구포시장지 부근)",
        "representative_place_name": "부산광역시 북구 구포동(북부산농협구포시장지 부근)",
        "representative_district": "부산광역시 북구1",
        "member_count": 1,
        "repeat_year_count": 1,
        "source_years": [
          2022
        ],
        "accidents_total": 8,
        "casualties_total": 8,
        "deaths_total": 0,
        "serious_injuries_total": 8,
        "max_risk_score": 40.0,
        "avg_risk_score": 40.0,
        "risk_level": "medium",
        "risk_level_ko": "주의",
        "high_member_count": 0,
        "center_lng": 129.00401954,
        "center_lat": 35.20525054
      }
    },
    {
      "type": "Feature",
      "geometry": {
        "type": "Point",
        "coordinates": [
          129.03004607,
          35.21069466
        ]
      },
      "properties": {
        "cluster_id": "ped_hotspot_cluster_0551",
        "display_name": "부산 북구 만덕동(엠크로씽 부근)",
        "representative_place_name": "부산광역시 북구 만덕동(엠크로씽 부근)",
        "representative_district": "부산광역시 북구3",
        "member_count": 1,
        "repeat_year_count": 1,
        "source_years": [
          2022
        ],
        "accidents_total": 7,
        "casualties_total": 9,
        "deaths_total": 0,
        "serious_injuries_total": 8,
        "max_risk_score": 40.0,
        "avg_risk_score": 40.0,
        "risk_level": "medium",
        "risk_level_ko": "주의",
        "high_member_count": 0,
        "center_lng": 129.03004607,
        "center_lat": 35.21069466
      }
    },
    {
      "type": "Feature",
      "geometry": {
        "type": "Point",
        "coordinates": [
          129.17111903,
          35.16135626
        ]
      },
      "properties": {
        "cluster_id": "ped_hotspot_cluster_0552",
        "display_name": "부산 해운대구 중동(스타벅스해운대달맞이 부근)",
        "representative_place_name": "부산광역시 해운대구 중동(스타벅스해운대달맞이 부근)",
        "representative_district": "부산광역시 해운대구1",
        "member_count": 2,
        "repeat_year_count": 2,
        "source_years": [
          2022,
          2024
        ],
        "accidents_total": 15,
        "casualties_total": 15,
        "deaths_total": 0,
        "serious_injuries_total": 15,
        "max_risk_score": 40.0,
        "avg_risk_score": 37.5,
        "risk_level": "medium",
        "risk_level_ko": "주의",
        "high_member_count": 0,
        "center_lng": 129.17111903,
        "center_lat": 35.16135626
      }
    },
    {
      "type": "Feature",
      "geometry": {
        "type": "Point",
        "coordinates": [
          128.99387621,
          35.09897738
        ]
      },
      "properties": {
        "cluster_id": "ped_hotspot_cluster_0553",
        "display_name": "부산 사하구 괴정동(동원맨션입구교차로 부근)",
        "representative_place_name": "부산광역시 사하구 괴정동(동원맨션입구교차로 부근)",
        "representative_district": "부산광역시 사하구1",
        "member_count": 4,
        "repeat_year_count": 4,
        "source_years": [
          2022,
          2023,
          2024,
          2025
        ],
        "accidents_total": 29,
        "casualties_total": 29,
        "deaths_total": 0,
        "serious_injuries_total": 29,
        "max_risk_score": 40.0,
        "avg_risk_score": 36.25,
        "risk_level": "medium",
        "risk_level_ko": "주의",
        "high_member_count": 0,
        "center_lng": 128.99387621,
        "center_lat": 35.09897738
      }
    },
    {
      "type": "Feature",
      "geometry": {
        "type": "Point",
        "coordinates": [
          129.08382036,
          35.18579962
        ]
      },
      "properties": {
        "cluster_id": "ped_hotspot_cluster_0554",
        "display_name": "부산 연제구 연산동(진선미어린이집 부근)",
        "representative_place_name": "부산광역시 연제구 연산동(진선미어린이집 부근)",
        "representative_district": "부산광역시 연제구2",
        "member_count": 2,
        "repeat_year_count": 2,
        "source_years": [
          2022,
          2023
        ],
        "accidents_total": 15,
        "casualties_total": 15,
        "deaths_total": 0,
        "serious_injuries_total": 15,
        "max_risk_score": 40.0,
        "avg_risk_score": 37.5,
        "risk_level": "medium",
        "risk_level_ko": "주의",
        "high_member_count": 0,
        "center_lng": 129.08382036,
        "center_lat": 35.18579962
      }
    },
    {
      "type": "Feature",
      "geometry": {
        "type": "Point",
        "coordinates": [
          129.10903004,
          35.17150902
        ]
      },
      "properties": {
        "cluster_id": "ped_hotspot_cluster_0555",
        "display_name": "부산 수영구 망미동(망미역앞교차로 부근)",
        "representative_place_name": "부산광역시 수영구 망미동(망미역앞교차로 부근)",
        "representative_district": "부산광역시 수영구3",
        "member_count": 3,
        "repeat_year_count": 3,
        "source_years": [
          2022,
          2023,
          2024
        ],
        "accidents_total": 24,
        "casualties_total": 24,
        "deaths_total": 0,
        "serious_injuries_total": 24,
        "max_risk_score": 40.0,
        "avg_risk_score": 40.0,
        "risk_level": "medium",
        "risk_level_ko": "주의",
        "high_member_count": 0,
        "center_lng": 129.10903004,
        "center_lat": 35.17150902
      }
    },
    {
      "type": "Feature",
      "geometry": {
        "type": "Point",
        "coordinates": [
          128.98372983,
          35.16474796
        ]
      },
      "properties": {
        "cluster_id": "ped_hotspot_cluster_0556",
        "display_name": "부산 사상구 괘법동(D&N편의점 부근)",
        "representative_place_name": "부산광역시 사상구 괘법동(D&N편의점 부근)",
        "representative_district": "부산광역시 사상구2",
        "member_count": 1,
        "repeat_year_count": 1,
        "source_years": [
          2022
        ],
        "accidents_total": 8,
        "casualties_total": 8,
        "deaths_total": 0,
        "serious_injuries_total": 8,
        "max_risk_score": 40.0,
        "avg_risk_score": 40.0,
        "risk_level": "medium",
        "risk_level_ko": "주의",
        "high_member_count": 0,
        "center_lng": 128.98372983,
        "center_lat": 35.16474796
      }
    },
    {
      "type": "Feature",
      "geometry": {
        "type": "Point",
        "coordinates": [
          128.56064584,
          35.84161838
        ]
      },
      "properties": {
        "cluster_id": "ped_hotspot_cluster_0557",
        "display_name": "대구광역시 남구 대명동(두리봉네거리 부근)",
        "representative_place_name": "대구광역시 남구 대명동(두리봉네거리 부근)",
        "representative_district": "대구광역시 남구1",
        "member_count": 1,
        "repeat_year_count": 1,
        "source_years": [
          2022
        ],
        "accidents_total": 7,
        "casualties_total": 9,
        "deaths_total": 0,
        "serious_injuries_total": 8,
        "max_risk_score": 40.0,
        "avg_risk_score": 40.0,
        "risk_level": "medium",
        "risk_level_ko": "주의",
        "high_member_count": 0,
        "center_lng": 128.56064584,
        "center_lat": 35.84161838
      }
    },
    {
      "type": "Feature",
      "geometry": {
        "type": "Point",
        "coordinates": [
          128.55523844,
          35.83463374
        ]
      },
      "properties": {
        "cluster_id": "ped_hotspot_cluster_0558",
        "display_name": "대구광역시 달서구 송현동(달성군청삼거리 부근)",
        "representative_place_name": "대구광역시 달서구 송현동(달성군청삼거리 부근)",
        "representative_district": "대구광역시 달서구3",
        "member_count": 1,
        "repeat_year_count": 1,
        "source_years": [
          2022
        ],
        "accidents_total": 7,
        "casualties_total": 9,
        "deaths_total": 0,
        "serious_injuries_total": 8,
        "max_risk_score": 40.0,
        "avg_risk_score": 40.0,
        "risk_level": "medium",
        "risk_level_ko": "주의",
        "high_member_count": 0,
        "center_lng": 128.55523844,
        "center_lat": 35.83463374
      }
    },
    {
      "type": "Feature",
      "geometry": {
        "type": "Point",
        "coordinates": [
          126.79479056,
          35.14163203
        ]
      },
      "properties": {
        "cluster_id": "ped_hotspot_cluster_0559",
        "display_name": "광주광역시 광산구 소촌동(송정지하차도 부근)",
        "representative_place_name": "광주광역시 광산구 소촌동(송정지하차도 부근)",
        "representative_district": "광주광역시 광산구2",
        "member_count": 2,
        "repeat_year_count": 2,
        "source_years": [
          2022,
          2023
        ],
        "accidents_total": 15,
        "casualties_total": 15,
        "deaths_total": 0,
        "serious_injuries_total": 15,
        "max_risk_score": 40.0,
        "avg_risk_score": 37.5,
        "risk_level": "medium",
        "risk_level_ko": "주의",
        "high_member_count": 0,
        "center_lng": 126.79479056,
        "center_lat": 35.14163203
      }
    },
    {
      "type": "Feature",
      "geometry": {
        "type": "Point",
        "coordinates": [
          127.15301101,
          37.44234084
        ]
      },
      "properties": {
        "cluster_id": "ped_hotspot_cluster_0560",
        "display_name": "경기 성남시 중원구 중앙동(중앙동사거리 부근)",
        "representative_place_name": "경기도 성남시 중원구 중앙동(중앙동사거리 부근)",
        "representative_district": "경기도 성남시 중원구5",
        "member_count": 1,
        "repeat_year_count": 1,
        "source_years": [
          2022
        ],
        "accidents_total": 8,
        "casualties_total": 8,
        "deaths_total": 0,
        "serious_injuries_total": 8,
        "max_risk_score": 40.0,
        "avg_risk_score": 40.0,
        "risk_level": "medium",
        "risk_level_ko": "주의",
        "high_member_count": 0,
        "center_lng": 127.15301101,
        "center_lat": 37.44234084
      }
    },
    {
      "type": "Feature",
      "geometry": {
        "type": "Point",
        "coordinates": [
          126.77440384,
          37.50227542
        ]
      },
      "properties": {
        "cluster_id": "ped_hotspot_cluster_0561",
        "display_name": "경기 부천시 중동(맥도널드 부근)",
        "representative_place_name": "경기도 부천시 중동(맥도널드 부근)",
        "representative_district": "경기도 부천시8",
        "member_count": 1,
        "repeat_year_count": 1,
        "source_years": [
          2022
        ],
        "accidents_total": 8,
        "casualties_total": 8,
        "deaths_total": 0,
        "serious_injuries_total": 8,
        "max_risk_score": 40.0,
        "avg_risk_score": 40.0,
        "risk_level": "medium",
        "risk_level_ko": "주의",
        "high_member_count": 0,
        "center_lng": 126.77440384,
        "center_lat": 37.50227542
      }
    },
    {
      "type": "Feature",
      "geometry": {
        "type": "Point",
        "coordinates": [
          127.05471133,
          37.05228522
        ]
      },
      "properties": {
        "cluster_id": "ped_hotspot_cluster_0562",
        "display_name": "경기 평택시 장당동(장당동4778 부근)",
        "representative_place_name": "경기도 평택시 장당동(장당동4778 부근)",
        "representative_district": "경기도 평택시1",
        "member_count": 2,
        "repeat_year_count": 2,
        "source_years": [
          2022,
          2023
        ],
        "accidents_total": 16,
        "casualties_total": 16,
        "deaths_total": 0,
        "serious_injuries_total": 16,
        "max_risk_score": 40.0,
        "avg_risk_score": 40.0,
        "risk_level": "medium",
        "risk_level_ko": "주의",
        "high_member_count": 0,
        "center_lng": 127.05471133,
        "center_lat": 37.05228522
      }
    },
    {
      "type": "Feature",
      "geometry": {
        "type": "Point",
        "coordinates": [
          126.78350417,
          37.43922546
        ]
      },
      "properties": {
        "cluster_id": "ped_hotspot_cluster_0563",
        "display_name": "경기 시흥시 신천동(사천교 부근)",
        "representative_place_name": "경기도 시흥시 신천동(사천교 부근)",
        "representative_district": "경기도 시흥시2",
        "member_count": 3,
        "repeat_year_count": 3,
        "source_years": [
          2022,
          2023,
          2024
        ],
        "accidents_total": 23,
        "casualties_total": 23,
        "deaths_total": 0,
        "serious_injuries_total": 23,
        "max_risk_score": 40.0,
        "avg_risk_score": 38.33,
        "risk_level": "medium",
        "risk_level_ko": "주의",
        "high_member_count": 0,
        "center_lng": 126.78350417,
        "center_lat": 37.43922546
      }
    },
    {
      "type": "Feature",
      "geometry": {
        "type": "Point",
        "coordinates": [
          126.78534523,
          37.85813582
        ]
      },
      "properties": {
        "cluster_id": "ped_hotspot_cluster_0564",
        "display_name": "경기 파주시 문산읍(문산시외버스터미널 부근)",
        "representative_place_name": "경기도 파주시 문산읍(문산시외버스터미널 부근)",
        "representative_district": "경기도 파주시1",
        "member_count": 3,
        "repeat_year_count": 3,
        "source_years": [
          2022,
          2023,
          2025
        ],
        "accidents_total": 22,
        "casualties_total": 22,
        "deaths_total": 0,
        "serious_injuries_total": 22,
        "max_risk_score": 40.0,
        "avg_risk_score": 36.67,
        "risk_level": "medium",
        "risk_level_ko": "주의",
        "high_member_count": 0,
        "center_lng": 126.78534523,
        "center_lat": 37.85813582
      }
    },
    {
      "type": "Feature",
      "geometry": {
        "type": "Point",
        "coordinates": [
          127.1474056,
          37.82873613
        ]
      },
      "properties": {
        "cluster_id": "ped_hotspot_cluster_0565",
        "display_name": "경기 포천시 소흘읍(이가팔리입구교차로 부근)",
        "representative_place_name": "경기도 포천시 소흘읍(이가팔리입구교차로 부근)",
        "representative_district": "경기도 포천시1",
        "member_count": 2,
        "repeat_year_count": 2,
        "source_years": [
          2022,
          2023
        ],
        "accidents_total": 14,
        "casualties_total": 17,
        "deaths_total": 0,
        "serious_injuries_total": 16,
        "max_risk_score": 40.0,
        "avg_risk_score": 39.5,
        "risk_level": "medium",
        "risk_level_ko": "주의",
        "high_member_count": 0,
        "center_lng": 127.1474056,
        "center_lat": 37.82873613
      }
    },
    {
      "type": "Feature",
      "geometry": {
        "type": "Point",
        "coordinates": [
          127.5676586,
          36.30194013
        ]
      },
      "properties": {
        "cluster_id": "ped_hotspot_cluster_0566",
        "display_name": "충청북도 옥천군 옥천읍(금구사거리 부근)",
        "representative_place_name": "충청북도 옥천군 옥천읍(금구사거리 부근)",
        "representative_district": "충청북도 옥천군1",
        "member_count": 3,
        "repeat_year_count": 3,
        "source_years": [
          2022,
          2023,
          2024
        ],
        "accidents_total": 22,
        "casualties_total": 22,
        "deaths_total": 0,
        "serious_injuries_total": 22,
        "max_risk_score": 40.0,
        "avg_risk_score": 36.67,
        "risk_level": "medium",
        "risk_level_ko": "주의",
        "high_member_count": 0,
        "center_lng": 127.5676586,
        "center_lat": 36.30194013
      }
    },
    {
      "type": "Feature",
      "geometry": {
        "type": "Point",
        "coordinates": [
          127.14914641,
          36.81277848
        ]
      },
      "properties": {
        "cluster_id": "ped_hotspot_cluster_0567",
        "display_name": "충청남도 천안시 동남구 성황동(포토베이스 부근)",
        "representative_place_name": "충청남도 천안시 동남구 성황동(포토베이스 부근)",
        "representative_district": "충청남도 천안시 동남구1",
        "member_count": 1,
        "repeat_year_count": 1,
        "source_years": [
          2022
        ],
        "accidents_total": 8,
        "casualties_total": 8,
        "deaths_total": 0,
        "serious_injuries_total": 8,
        "max_risk_score": 40.0,
        "avg_risk_score": 40.0,
        "risk_level": "medium",
        "risk_level_ko": "주의",
        "high_member_count": 0,
        "center_lng": 127.14914641,
        "center_lat": 36.81277848
      }
    },
    {
      "type": "Feature",
      "geometry": {
        "type": "Point",
        "coordinates": [
          127.14928246,
          36.800567
        ]
      },
      "properties": {
        "cluster_id": "ped_hotspot_cluster_0568",
        "display_name": "충청남도 천안시 동남구 영성동(남산사거리 부근)",
        "representative_place_name": "충청남도 천안시 동남구 영성동(남산사거리 부근)",
        "representative_district": "충청남도 천안시 동남구2",
        "member_count": 3,
        "repeat_year_count": 3,
        "source_years": [
          2022,
          2023,
          2024
        ],
        "accidents_total": 22,
        "casualties_total": 22,
        "deaths_total": 0,
        "serious_injuries_total": 22,
        "max_risk_score": 40.0,
        "avg_risk_score": 36.67,
        "risk_level": "medium",
        "risk_level_ko": "주의",
        "high_member_count": 0,
        "center_lng": 127.14928246,
        "center_lat": 36.800567
      }
    },
    {
      "type": "Feature",
      "geometry": {
        "type": "Point",
        "coordinates": [
          126.85430514,
          35.56398028
        ]
      },
      "properties": {
        "cluster_id": "ped_hotspot_cluster_0569",
        "display_name": "전라북도 정읍시 시기동(유한당약국 부근)",
        "representative_place_name": "전라북도 정읍시 시기동(유한당약국 부근)",
        "representative_district": "전라북도 정읍시2",
        "member_count": 1,
        "repeat_year_count": 1,
        "source_years": [
          2022
        ],
        "accidents_total": 8,
        "casualties_total": 8,
        "deaths_total": 0,
        "serious_injuries_total": 8,
        "max_risk_score": 40.0,
        "avg_risk_score": 40.0,
        "risk_level": "medium",
        "risk_level_ko": "주의",
        "high_member_count": 0,
        "center_lng": 126.85430514,
        "center_lat": 35.56398028
      }
    },
    {
      "type": "Feature",
      "geometry": {
        "type": "Point",
        "coordinates": [
          128.70073309,
          36.56239041
        ]
      },
      "properties": {
        "cluster_id": "ped_hotspot_cluster_0570",
        "display_name": "경상북도 안동시 옥동(옥동사거리 부근)",
        "representative_place_name": "경상북도 안동시 옥동(옥동사거리 부근)",
        "representative_district": "경상북도 안동시1",
        "member_count": 4,
        "repeat_year_count": 4,
        "source_years": [
          2022,
          2023,
          2024,
          2025
        ],
        "accidents_total": 30,
        "casualties_total": 31,
        "deaths_total": 0,
        "serious_injuries_total": 31,
        "max_risk_score": 40.0,
        "avg_risk_score": 38.5,
        "risk_level": "medium",
        "risk_level_ko": "주의",
        "high_member_count": 0,
        "center_lng": 128.70073309,
        "center_lat": 36.56239041
      }
    },
    {
      "type": "Feature",
      "geometry": {
        "type": "Point",
        "coordinates": [
          128.08882331,
          35.19422104
        ]
      },
      "properties": {
        "cluster_id": "ped_hotspot_cluster_0571",
        "display_name": "경상남도 진주시 옥봉동(구부산교통사거리 부근)",
        "representative_place_name": "경상남도 진주시 옥봉동(구부산교통사거리 부근)",
        "representative_district": "경상남도 진주시1",
        "member_count": 3,
        "repeat_year_count": 3,
        "source_years": [
          2022,
          2023,
          2025
        ],
        "accidents_total": 21,
        "casualties_total": 24,
        "deaths_total": 0,
        "serious_injuries_total": 23,
        "max_risk_score": 40.0,
        "avg_risk_score": 38.0,
        "risk_level": "medium",
        "risk_level_ko": "주의",
        "high_member_count": 0,
        "center_lng": 128.08882331,
        "center_lat": 35.19422104
      }
    },
    {
      "type": "Feature",
      "geometry": {
        "type": "Point",
        "coordinates": [
          128.4820124,
          35.38859698
        ]
      },
      "properties": {
        "cluster_id": "ped_hotspot_cluster_0572",
        "display_name": "경상남도 창녕군 남지읍(남지리6522 부근)",
        "representative_place_name": "경상남도 창녕군 남지읍(남지리6522 부근)",
        "representative_district": "경상남도 창녕군1",
        "member_count": 1,
        "repeat_year_count": 1,
        "source_years": [
          2022
        ],
        "accidents_total": 8,
        "casualties_total": 8,
        "deaths_total": 0,
        "serious_injuries_total": 8,
        "max_risk_score": 40.0,
        "avg_risk_score": 40.0,
        "risk_level": "medium",
        "risk_level_ko": "주의",
        "high_member_count": 0,
        "center_lng": 128.4820124,
        "center_lat": 35.38859698
      }
    },
    {
      "type": "Feature",
      "geometry": {
        "type": "Point",
        "coordinates": [
          126.56377925,
          33.24790567
        ]
      },
      "properties": {
        "cluster_id": "ped_hotspot_cluster_0573",
        "display_name": "제주특별자치도 서귀포시 서귀동(천지동사무소앞교차로 부근)",
        "representative_place_name": "제주특별자치도 서귀포시 서귀동(천지동사무소앞교차로 부근)",
        "representative_district": "제주특별자치도 서귀포시2",
        "member_count": 1,
        "repeat_year_count": 1,
        "source_years": [
          2022
        ],
        "accidents_total": 8,
        "casualties_total": 8,
        "deaths_total": 0,
        "serious_injuries_total": 8,
        "max_risk_score": 40.0,
        "avg_risk_score": 40.0,
        "risk_level": "medium",
        "risk_level_ko": "주의",
        "high_member_count": 0,
        "center_lng": 126.56377925,
        "center_lat": 33.24790567
      }
    },
    {
      "type": "Feature",
      "geometry": {
        "type": "Point",
        "coordinates": [
          126.96847331,
          37.55442295
        ]
      },
      "properties": {
        "cluster_id": "ped_hotspot_cluster_0574",
        "display_name": "서울 용산구 서계동(청파동자치회관 별관 부근)",
        "representative_place_name": "서울 용산구 서계동(청파동자치회관 별관 부근)",
        "representative_district": "서울 용산구5",
        "member_count": 3,
        "repeat_year_count": 3,
        "source_years": [
          2023,
          2024,
          2025
        ],
        "accidents_total": 22,
        "casualties_total": 22,
        "deaths_total": 0,
        "serious_injuries_total": 22,
        "max_risk_score": 40.0,
        "avg_risk_score": 36.67,
        "risk_level": "medium",
        "risk_level_ko": "주의",
        "high_member_count": 0,
        "center_lng": 126.96847331,
        "center_lat": 37.55442295
      }
    },
    {
      "type": "Feature",
      "geometry": {
        "type": "Point",
        "coordinates": [
          126.91263746,
          37.59846922
        ]
      },
      "properties": {
        "cluster_id": "ped_hotspot_cluster_0575",
        "display_name": "서울 은평구 신사동(신사종합사회복지관 방과후어린이집 부근)",
        "representative_place_name": "서울 은평구 신사동(신사종합사회복지관 방과후어린이집 부근)",
        "representative_district": "서울 은평구1",
        "member_count": 1,
        "repeat_year_count": 1,
        "source_years": [
          2023
        ],
        "accidents_total": 8,
        "casualties_total": 8,
        "deaths_total": 0,
        "serious_injuries_total": 8,
        "max_risk_score": 40.0,
        "avg_risk_score": 40.0,
        "risk_level": "medium",
        "risk_level_ko": "주의",
        "high_member_count": 0,
        "center_lng": 126.91263746,
        "center_lat": 37.59846922
      }
    },
    {
      "type": "Feature",
      "geometry": {
        "type": "Point",
        "coordinates": [
          126.9008789,
          37.49130874
        ]
      },
      "properties": {
        "cluster_id": "ped_hotspot_cluster_0576",
        "display_name": "서울 영등포구 대림2동(조개창고 부근)",
        "representative_place_name": "서울 영등포구 대림2동(조개창고 부근)",
        "representative_district": "서울 영등포구1",
        "member_count": 3,
        "repeat_year_count": 3,
        "source_years": [
          2022,
          2023,
          2024
        ],
        "accidents_total": 22,
        "casualties_total": 22,
        "deaths_total": 0,
        "serious_injuries_total": 22,
        "max_risk_score": 40.0,
        "avg_risk_score": 36.67,
        "risk_level": "medium",
        "risk_level_ko": "주의",
        "high_member_count": 0,
        "center_lng": 126.9008789,
        "center_lat": 37.49130874
      }
    },
    {
      "type": "Feature",
      "geometry": {
        "type": "Point",
        "coordinates": [
          126.95034667,
          37.4817713
        ]
      },
      "properties": {
        "cluster_id": "ped_hotspot_cluster_0577",
        "display_name": "서울 관악구 봉천동(세븐일레븐 관악타워점 부근)",
        "representative_place_name": "서울 관악구 봉천동(세븐일레븐 관악타워점 부근)",
        "representative_district": "서울 관악구5",
        "member_count": 2,
        "repeat_year_count": 2,
        "source_years": [
          2022,
          2023
        ],
        "accidents_total": 15,
        "casualties_total": 15,
        "deaths_total": 0,
        "serious_injuries_total": 15,
        "max_risk_score": 40.0,
        "avg_risk_score": 37.5,
        "risk_level": "medium",
        "risk_level_ko": "주의",
        "high_member_count": 0,
        "center_lng": 126.95034667,
        "center_lat": 37.4817713
      }
    },
    {
      "type": "Feature",
      "geometry": {
        "type": "Point",
        "coordinates": [
          126.9296572,
          37.482645
        ]
      },
      "properties": {
        "cluster_id": "ped_hotspot_cluster_0578",
        "display_name": "서울 관악구 신림동(서원치안센터 부근)",
        "representative_place_name": "서울 관악구 신림동(서원치안센터 부근)",
        "representative_district": "서울 관악구7",
        "member_count": 4,
        "repeat_year_count": 4,
        "source_years": [
          2022,
          2023,
          2024,
          2025
        ],
        "accidents_total": 30,
        "casualties_total": 30,
        "deaths_total": 0,
        "serious_injuries_total": 30,
        "max_risk_score": 40.0,
        "avg_risk_score": 37.5,
        "risk_level": "medium",
        "risk_level_ko": "주의",
        "high_member_count": 0,
        "center_lng": 126.9296572,
        "center_lat": 37.482645
      }
    },
    {
      "type": "Feature",
      "geometry": {
        "type": "Point",
        "coordinates": [
          129.03162023,
          35.09751611
        ]
      },
      "properties": {
        "cluster_id": "ped_hotspot_cluster_0579",
        "display_name": "부산 중구 남포동4가(남포동주민센터 부근)",
        "representative_place_name": "부산 중구 남포동4가(남포동주민센터 부근)",
        "representative_district": "부산 중구3",
        "member_count": 2,
        "repeat_year_count": 2,
        "source_years": [
          2022,
          2023
        ],
        "accidents_total": 15,
        "casualties_total": 15,
        "deaths_total": 0,
        "serious_injuries_total": 15,
        "max_risk_score": 40.0,
        "avg_risk_score": 37.5,
        "risk_level": "medium",
        "risk_level_ko": "주의",
        "high_member_count": 0,
        "center_lng": 129.03162023,
        "center_lat": 35.09751611
      }
    },
    {
      "type": "Feature",
      "geometry": {
        "type": "Point",
        "coordinates": [
          129.05507939,
          35.1416553
        ]
      },
      "properties": {
        "cluster_id": "ped_hotspot_cluster_0580",
        "display_name": "부산 동구 범일동(범일골목시장 부근)",
        "representative_place_name": "부산 동구 범일동(범일골목시장 부근)",
        "representative_district": "부산 동구8",
        "member_count": 1,
        "repeat_year_count": 1,
        "source_years": [
          2023
        ],
        "accidents_total": 8,
        "casualties_total": 8,
        "deaths_total": 0,
        "serious_injuries_total": 8,
        "max_risk_score": 40.0,
        "avg_risk_score": 40.0,
        "risk_level": "medium",
        "risk_level_ko": "주의",
        "high_member_count": 0,
        "center_lng": 129.05507939,
        "center_lat": 35.1416553
      }
    },
    {
      "type": "Feature",
      "geometry": {
        "type": "Point",
        "coordinates": [
          129.05001718,
          35.15977265
        ]
      },
      "properties": {
        "cluster_id": "ped_hotspot_cluster_0581",
        "display_name": "부산 부산진구 당감동(봄여름가을겨울어린이집 부근)",
        "representative_place_name": "부산 부산진구 당감동(봄여름가을겨울어린이집 부근)",
        "representative_district": "부산 부산진구12",
        "member_count": 2,
        "repeat_year_count": 2,
        "source_years": [
          2022,
          2023
        ],
        "accidents_total": 15,
        "casualties_total": 15,
        "deaths_total": 0,
        "serious_injuries_total": 15,
        "max_risk_score": 40.0,
        "avg_risk_score": 37.5,
        "risk_level": "medium",
        "risk_level_ko": "주의",
        "high_member_count": 0,
        "center_lng": 129.05001718,
        "center_lat": 35.15977265
      }
    },
    {
      "type": "Feature",
      "geometry": {
        "type": "Point",
        "coordinates": [
          129.34329642,
          35.53921647
        ]
      },
      "properties": {
        "cluster_id": "ped_hotspot_cluster_0582",
        "display_name": "울산 남구 삼산동(농수산물시장사거리 부근)",
        "representative_place_name": "울산 남구 삼산동(농수산물시장사거리 부근)",
        "representative_district": "울산 남구3",
        "member_count": 1,
        "repeat_year_count": 1,
        "source_years": [
          2023
        ],
        "accidents_total": 8,
        "casualties_total": 8,
        "deaths_total": 0,
        "serious_injuries_total": 8,
        "max_risk_score": 40.0,
        "avg_risk_score": 40.0,
        "risk_level": "medium",
        "risk_level_ko": "주의",
        "high_member_count": 0,
        "center_lng": 129.34329642,
        "center_lat": 35.53921647
      }
    },
    {
      "type": "Feature",
      "geometry": {
        "type": "Point",
        "coordinates": [
          127.01693579,
          37.27771757
        ]
      },
      "properties": {
        "cluster_id": "ped_hotspot_cluster_0583",
        "display_name": "경기 수원시 팔달구 팔달로3가(팔달문로터리 부근)",
        "representative_place_name": "경기 수원시 팔달구 팔달로3가(팔달문로터리 부근)",
        "representative_district": "경기 수원시 팔달구4",
        "member_count": 3,
        "repeat_year_count": 3,
        "source_years": [
          2023,
          2024,
          2025
        ],
        "accidents_total": 23,
        "casualties_total": 23,
        "deaths_total": 0,
        "serious_injuries_total": 23,
        "max_risk_score": 40.0,
        "avg_risk_score": 38.33,
        "risk_level": "medium",
        "risk_level_ko": "주의",
        "high_member_count": 0,
        "center_lng": 127.01693579,
        "center_lat": 37.27771757
      }
    },
    {
      "type": "Feature",
      "geometry": {
        "type": "Point",
        "coordinates": [
          127.12933172,
          37.4399894
        ]
      },
      "properties": {
        "cluster_id": "ped_hotspot_cluster_0584",
        "display_name": "경기 성남시 수정구 수진동(성남정병원 부근)",
        "representative_place_name": "경기 성남시 수정구 수진동(성남정병원 부근)",
        "representative_district": "경기 성남시 수정구8",
        "member_count": 2,
        "repeat_year_count": 2,
        "source_years": [
          2023,
          2024
        ],
        "accidents_total": 15,
        "casualties_total": 15,
        "deaths_total": 0,
        "serious_injuries_total": 15,
        "max_risk_score": 40.0,
        "avg_risk_score": 37.5,
        "risk_level": "medium",
        "risk_level_ko": "주의",
        "high_member_count": 0,
        "center_lng": 127.12933172,
        "center_lat": 37.4399894
      }
    },
    {
      "type": "Feature",
      "geometry": {
        "type": "Point",
        "coordinates": [
          127.1574731,
          37.44531017
        ]
      },
      "properties": {
        "cluster_id": "ped_hotspot_cluster_0585",
        "display_name": "경기 성남시 중원구 금광동(단대오거리 부근)",
        "representative_place_name": "경기 성남시 중원구 금광동(단대오거리 부근)",
        "representative_district": "경기 성남시 중원구4",
        "member_count": 3,
        "repeat_year_count": 3,
        "source_years": [
          2022,
          2023,
          2024
        ],
        "accidents_total": 22,
        "casualties_total": 22,
        "deaths_total": 0,
        "serious_injuries_total": 22,
        "max_risk_score": 40.0,
        "avg_risk_score": 36.67,
        "risk_level": "medium",
        "risk_level_ko": "주의",
        "high_member_count": 0,
        "center_lng": 127.1574731,
        "center_lat": 37.44531017
      }
    },
    {
      "type": "Feature",
      "geometry": {
        "type": "Point",
        "coordinates": [
          126.77740789,
          37.48663523
        ]
      },
      "properties": {
        "cluster_id": "ped_hotspot_cluster_0586",
        "display_name": "경기 부천시 심곡동(전화국사거리 부근)",
        "representative_place_name": "경기 부천시 심곡동(전화국사거리 부근)",
        "representative_district": "경기 부천시3",
        "member_count": 2,
        "repeat_year_count": 2,
        "source_years": [
          2022,
          2023
        ],
        "accidents_total": 15,
        "casualties_total": 15,
        "deaths_total": 0,
        "serious_injuries_total": 15,
        "max_risk_score": 40.0,
        "avg_risk_score": 37.5,
        "risk_level": "medium",
        "risk_level_ko": "주의",
        "high_member_count": 0,
        "center_lng": 126.77740789,
        "center_lat": 37.48663523
      }
    },
    {
      "type": "Feature",
      "geometry": {
        "type": "Point",
        "coordinates": [
          127.20882702,
          37.53639575
        ]
      },
      "properties": {
        "cluster_id": "ped_hotspot_cluster_0587",
        "display_name": "경기 하남시 신장동(덕보교교차로 부근)",
        "representative_place_name": "경기 하남시 신장동(덕보교교차로 부근)",
        "representative_district": "경기 하남시2",
        "member_count": 3,
        "repeat_year_count": 3,
        "source_years": [
          2022,
          2023,
          2024
        ],
        "accidents_total": 22,
        "casualties_total": 22,
        "deaths_total": 0,
        "serious_injuries_total": 22,
        "max_risk_score": 40.0,
        "avg_risk_score": 36.67,
        "risk_level": "medium",
        "risk_level_ko": "주의",
        "high_member_count": 0,
        "center_lng": 127.20882702,
        "center_lat": 37.53639575
      }
    },
    {
      "type": "Feature",
      "geometry": {
        "type": "Point",
        "coordinates": [
          127.49300349,
          37.49017148
        ]
      },
      "properties": {
        "cluster_id": "ped_hotspot_cluster_0588",
        "display_name": "경기 양평군 양평읍 양근리(양평물맑은시장 부근)",
        "representative_place_name": "경기 양평군 양평읍 양근리(양평물맑은시장 부근)",
        "representative_district": "경기 양평군1",
        "member_count": 3,
        "repeat_year_count": 3,
        "source_years": [
          2022,
          2023,
          2024
        ],
        "accidents_total": 22,
        "casualties_total": 23,
        "deaths_total": 0,
        "serious_injuries_total": 22,
        "max_risk_score": 40.0,
        "avg_risk_score": 37.0,
        "risk_level": "medium",
        "risk_level_ko": "주의",
        "high_member_count": 0,
        "center_lng": 127.49300349,
        "center_lat": 37.49017148
      }
    },
    {
      "type": "Feature",
      "geometry": {
        "type": "Point",
        "coordinates": [
          127.94847081,
          37.35084489
        ]
      },
      "properties": {
        "cluster_id": "ped_hotspot_cluster_0589",
        "display_name": "강원 원주시 일산동(지하상가사거리 부근)",
        "representative_place_name": "강원 원주시 일산동(지하상가사거리 부근)",
        "representative_district": "강원 원주시1",
        "member_count": 2,
        "repeat_year_count": 2,
        "source_years": [
          2022,
          2023
        ],
        "accidents_total": 15,
        "casualties_total": 15,
        "deaths_total": 0,
        "serious_injuries_total": 15,
        "max_risk_score": 40.0,
        "avg_risk_score": 37.5,
        "risk_level": "medium",
        "risk_level_ko": "주의",
        "high_member_count": 0,
        "center_lng": 127.94847081,
        "center_lat": 37.35084489
      }
    },
    {
      "type": "Feature",
      "geometry": {
        "type": "Point",
        "coordinates": [
          127.1272804,
          35.7982738
        ]
      },
      "properties": {
        "cluster_id": "ped_hotspot_cluster_0590",
        "display_name": "전북 전주시 완산구 삼천동1가(신현주의원 부근)",
        "representative_place_name": "전북 전주시 완산구 삼천동1가(신현주의원 부근)",
        "representative_district": "전북 전주시 완산구3",
        "member_count": 1,
        "repeat_year_count": 1,
        "source_years": [
          2023
        ],
        "accidents_total": 8,
        "casualties_total": 8,
        "deaths_total": 0,
        "serious_injuries_total": 8,
        "max_risk_score": 40.0,
        "avg_risk_score": 40.0,
        "risk_level": "medium",
        "risk_level_ko": "주의",
        "high_member_count": 0,
        "center_lng": 127.1272804,
        "center_lat": 35.7982738
      }
    },
    {
      "type": "Feature",
      "geometry": {
        "type": "Point",
        "coordinates": [
          127.28686203,
          34.60795098
        ]
      },
      "properties": {
        "cluster_id": "ped_hotspot_cluster_0591",
        "display_name": "전남 고흥군 고흥읍 남계리(고흥전통시장 부근)",
        "representative_place_name": "전남 고흥군 고흥읍 남계리(고흥전통시장 부근)",
        "representative_district": "전남 고흥군1",
        "member_count": 4,
        "repeat_year_count": 4,
        "source_years": [
          2022,
          2023,
          2024,
          2025
        ],
        "accidents_total": 31,
        "casualties_total": 31,
        "deaths_total": 0,
        "serious_injuries_total": 31,
        "max_risk_score": 40.0,
        "avg_risk_score": 38.75,
        "risk_level": "medium",
        "risk_level_ko": "주의",
        "high_member_count": 0,
        "center_lng": 127.28686203,
        "center_lat": 34.60795098
      }
    },
    {
      "type": "Feature",
      "geometry": {
        "type": "Point",
        "coordinates": [
          128.72630951,
          36.56637458
        ]
      },
      "properties": {
        "cluster_id": "ped_hotspot_cluster_0592",
        "display_name": "경북 안동시 대석동(경안노회유지재단 부근)",
        "representative_place_name": "경북 안동시 대석동(경안노회유지재단 부근)",
        "representative_district": "경북 안동시2",
        "member_count": 3,
        "repeat_year_count": 3,
        "source_years": [
          2023,
          2024,
          2025
        ],
        "accidents_total": 22,
        "casualties_total": 22,
        "deaths_total": 0,
        "serious_injuries_total": 22,
        "max_risk_score": 40.0,
        "avg_risk_score": 36.67,
        "risk_level": "medium",
        "risk_level_ko": "주의",
        "high_member_count": 0,
        "center_lng": 128.72630951,
        "center_lat": 36.56637458
      }
    },
    {
      "type": "Feature",
      "geometry": {
        "type": "Point",
        "coordinates": [
          128.42243471,
          34.84251283
        ]
      },
      "properties": {
        "cluster_id": "ped_hotspot_cluster_0593",
        "display_name": "경남 통영시 항남동(윤의원 부근)",
        "representative_place_name": "경남 통영시 항남동(윤의원 부근)",
        "representative_district": "경남 통영시2",
        "member_count": 2,
        "repeat_year_count": 2,
        "source_years": [
          2023,
          2025
        ],
        "accidents_total": 16,
        "casualties_total": 16,
        "deaths_total": 0,
        "serious_injuries_total": 16,
        "max_risk_score": 40.0,
        "avg_risk_score": 40.0,
        "risk_level": "medium",
        "risk_level_ko": "주의",
        "high_member_count": 0,
        "center_lng": 128.42243471,
        "center_lat": 34.84251283
      }
    },
    {
      "type": "Feature",
      "geometry": {
        "type": "Point",
        "coordinates": [
          128.3220218,
          34.97733191
        ]
      },
      "properties": {
        "cluster_id": "ped_hotspot_cluster_0594",
        "display_name": "경남 고성군 고성읍 서외리(고성시장 부근)",
        "representative_place_name": "경남 고성군 고성읍 서외리(고성시장 부근)",
        "representative_district": "경남 고성군2",
        "member_count": 3,
        "repeat_year_count": 3,
        "source_years": [
          2023,
          2024,
          2025
        ],
        "accidents_total": 21,
        "casualties_total": 23,
        "deaths_total": 0,
        "serious_injuries_total": 22,
        "max_risk_score": 40.0,
        "avg_risk_score": 36.67,
        "risk_level": "medium",
        "risk_level_ko": "주의",
        "high_member_count": 0,
        "center_lng": 128.3220218,
        "center_lat": 34.97733191
      }
    },
    {
      "type": "Feature",
      "geometry": {
        "type": "Point",
        "coordinates": [
          127.01986818,
          37.55379906
        ]
      },
      "properties": {
        "cluster_id": "ped_hotspot_cluster_0595",
        "display_name": "서울 성동구 금호동1가(신금호역교차로 부근)",
        "representative_place_name": "서울 성동구 금호동1가(신금호역교차로 부근)",
        "representative_district": "서울 성동구1",
        "member_count": 2,
        "repeat_year_count": 2,
        "source_years": [
          2024,
          2025
        ],
        "accidents_total": 15,
        "casualties_total": 15,
        "deaths_total": 0,
        "serious_injuries_total": 15,
        "max_risk_score": 40.0,
        "avg_risk_score": 37.5,
        "risk_level": "medium",
        "risk_level_ko": "주의",
        "high_member_count": 0,
        "center_lng": 127.01986818,
        "center_lat": 37.55379906
      }
    },
    {
      "type": "Feature",
      "geometry": {
        "type": "Point",
        "coordinates": [
          127.0997533,
          37.59505523
        ]
      },
      "properties": {
        "cluster_id": "ped_hotspot_cluster_0596",
        "display_name": "서울 중랑구 망우동(우림시장교차로 부근)",
        "representative_place_name": "서울 중랑구 망우동(우림시장교차로 부근)",
        "representative_district": "서울 중랑구8",
        "member_count": 4,
        "repeat_year_count": 4,
        "source_years": [
          2022,
          2023,
          2024,
          2025
        ],
        "accidents_total": 29,
        "casualties_total": 29,
        "deaths_total": 0,
        "serious_injuries_total": 29,
        "max_risk_score": 40.0,
        "avg_risk_score": 36.25,
        "risk_level": "medium",
        "risk_level_ko": "주의",
        "high_member_count": 0,
        "center_lng": 127.0997533,
        "center_lat": 37.59505523
      }
    },
    {
      "type": "Feature",
      "geometry": {
        "type": "Point",
        "coordinates": [
          127.09756043,
          37.60787954
        ]
      },
      "properties": {
        "cluster_id": "ped_hotspot_cluster_0597",
        "display_name": "서울 중랑구 신내동(예쁜별어린이집 부근)",
        "representative_place_name": "서울 중랑구 신내동(예쁜별어린이집 부근)",
        "representative_district": "서울 중랑구9",
        "member_count": 1,
        "repeat_year_count": 1,
        "source_years": [
          2024
        ],
        "accidents_total": 7,
        "casualties_total": 9,
        "deaths_total": 0,
        "serious_injuries_total": 8,
        "max_risk_score": 40.0,
        "avg_risk_score": 40.0,
        "risk_level": "medium",
        "risk_level_ko": "주의",
        "high_member_count": 0,
        "center_lng": 127.09756043,
        "center_lat": 37.60787954
      }
    },
    {
      "type": "Feature",
      "geometry": {
        "type": "Point",
        "coordinates": [
          127.03376319,
          37.61597764
        ]
      },
      "properties": {
        "cluster_id": "ped_hotspot_cluster_0598",
        "display_name": "서울 강북구 미아동(송중동주민센터 부근)",
        "representative_place_name": "서울 강북구 미아동(송중동주민센터 부근)",
        "representative_district": "서울 강북구6",
        "member_count": 1,
        "repeat_year_count": 1,
        "source_years": [
          2024
        ],
        "accidents_total": 8,
        "casualties_total": 8,
        "deaths_total": 0,
        "serious_injuries_total": 8,
        "max_risk_score": 40.0,
        "avg_risk_score": 40.0,
        "risk_level": "medium",
        "risk_level_ko": "주의",
        "high_member_count": 0,
        "center_lng": 127.03376319,
        "center_lat": 37.61597764
      }
    },
    {
      "type": "Feature",
      "geometry": {
        "type": "Point",
        "coordinates": [
          127.04300084,
          37.50219424
        ]
      },
      "properties": {
        "cluster_id": "ped_hotspot_cluster_0599",
        "display_name": "서울 강남구 역삼동(센터필드교차로 부근)",
        "representative_place_name": "서울 강남구 역삼동(센터필드교차로 부근)",
        "representative_district": "서울 강남구2",
        "member_count": 2,
        "repeat_year_count": 2,
        "source_years": [
          2024,
          2025
        ],
        "accidents_total": 14,
        "casualties_total": 17,
        "deaths_total": 0,
        "serious_injuries_total": 16,
        "max_risk_score": 40.0,
        "avg_risk_score": 39.5,
        "risk_level": "medium",
        "risk_level_ko": "주의",
        "high_member_count": 0,
        "center_lng": 127.04300084,
        "center_lat": 37.50219424
      }
    },
    {
      "type": "Feature",
      "geometry": {
        "type": "Point",
        "coordinates": [
          127.14946522,
          37.49704807
        ]
      },
      "properties": {
        "cluster_id": "ped_hotspot_cluster_0600",
        "display_name": "서울 송파구 마천동(마천2동주민센터 부근)",
        "representative_place_name": "서울 송파구 마천동(마천2동주민센터 부근)",
        "representative_district": "서울 송파구3",
        "member_count": 2,
        "repeat_year_count": 2,
        "source_years": [
          2024,
          2025
        ],
        "accidents_total": 15,
        "casualties_total": 15,
        "deaths_total": 0,
        "serious_injuries_total": 15,
        "max_risk_score": 40.0,
        "avg_risk_score": 37.5,
        "risk_level": "medium",
        "risk_level_ko": "주의",
        "high_member_count": 0,
        "center_lng": 127.14946522,
        "center_lat": 37.49704807
      }
    },
    {
      "type": "Feature",
      "geometry": {
        "type": "Point",
        "coordinates": [
          129.09224977,
          35.13033258
        ]
      },
      "properties": {
        "cluster_id": "ped_hotspot_cluster_0601",
        "display_name": "부산 남구 대연동(유엔교차로 부근)",
        "representative_place_name": "부산 남구 대연동(유엔교차로 부근)",
        "representative_district": "부산 남구6",
        "member_count": 2,
        "repeat_year_count": 2,
        "source_years": [
          2023,
          2024
        ],
        "accidents_total": 15,
        "casualties_total": 16,
        "deaths_total": 0,
        "serious_injuries_total": 15,
        "max_risk_score": 40.0,
        "avg_risk_score": 38.0,
        "risk_level": "medium",
        "risk_level_ko": "주의",
        "high_member_count": 0,
        "center_lng": 129.09224977,
        "center_lat": 35.13033258
      }
    },
    {
      "type": "Feature",
      "geometry": {
        "type": "Point",
        "coordinates": [
          129.08122536,
          35.18813204
        ]
      },
      "properties": {
        "cluster_id": "ped_hotspot_cluster_0602",
        "display_name": "부산 연제구 연산동(애니팜약국 부근)",
        "representative_place_name": "부산 연제구 연산동(애니팜약국 부근)",
        "representative_district": "부산 연제구2",
        "member_count": 1,
        "repeat_year_count": 1,
        "source_years": [
          2024
        ],
        "accidents_total": 8,
        "casualties_total": 8,
        "deaths_total": 0,
        "serious_injuries_total": 8,
        "max_risk_score": 40.0,
        "avg_risk_score": 40.0,
        "risk_level": "medium",
        "risk_level_ko": "주의",
        "high_member_count": 0,
        "center_lng": 129.08122536,
        "center_lat": 35.18813204
      }
    },
    {
      "type": "Feature",
      "geometry": {
        "type": "Point",
        "coordinates": [
          128.63923936,
          35.87466042
        ]
      },
      "properties": {
        "cluster_id": "ped_hotspot_cluster_0603",
        "display_name": "대구 동구 효목동(동구시장 부근)",
        "representative_place_name": "대구 동구 효목동(동구시장 부근)",
        "representative_district": "대구 동구1",
        "member_count": 4,
        "repeat_year_count": 4,
        "source_years": [
          2022,
          2023,
          2024,
          2025
        ],
        "accidents_total": 29,
        "casualties_total": 31,
        "deaths_total": 0,
        "serious_injuries_total": 29,
        "max_risk_score": 40.0,
        "avg_risk_score": 36.5,
        "risk_level": "medium",
        "risk_level_ko": "주의",
        "high_member_count": 0,
        "center_lng": 128.63923936,
        "center_lat": 35.87466042
      }
    },
    {
      "type": "Feature",
      "geometry": {
        "type": "Point",
        "coordinates": [
          128.55896047,
          35.93688552
        ]
      },
      "properties": {
        "cluster_id": "ped_hotspot_cluster_0604",
        "display_name": "대구 북구 동천동(동평초등네거리 부근)",
        "representative_place_name": "대구 북구 동천동(동평초등네거리 부근)",
        "representative_district": "대구 북구2",
        "member_count": 1,
        "repeat_year_count": 1,
        "source_years": [
          2024
        ],
        "accidents_total": 8,
        "casualties_total": 8,
        "deaths_total": 0,
        "serious_injuries_total": 8,
        "max_risk_score": 40.0,
        "avg_risk_score": 40.0,
        "risk_level": "medium",
        "risk_level_ko": "주의",
        "high_member_count": 0,
        "center_lng": 128.55896047,
        "center_lat": 35.93688552
      }
    },
    {
      "type": "Feature",
      "geometry": {
        "type": "Point",
        "coordinates": [
          127.01730294,
          37.27540009
        ]
      },
      "properties": {
        "cluster_id": "ped_hotspot_cluster_0605",
        "display_name": "경기 수원시 팔달구 팔달로3가(중동사거리 부근)",
        "representative_place_name": "경기 수원시 팔달구 팔달로3가(중동사거리 부근)",
        "representative_district": "경기 수원시 팔달구4",
        "member_count": 4,
        "repeat_year_count": 4,
        "source_years": [
          2022,
          2023,
          2024,
          2025
        ],
        "accidents_total": 30,
        "casualties_total": 31,
        "deaths_total": 0,
        "serious_injuries_total": 30,
        "max_risk_score": 40.0,
        "avg_risk_score": 37.75,
        "risk_level": "medium",
        "risk_level_ko": "주의",
        "high_member_count": 0,
        "center_lng": 127.01730294,
        "center_lat": 37.27540009
      }
    },
    {
      "type": "Feature",
      "geometry": {
        "type": "Point",
        "coordinates": [
          126.9216348,
          37.40083755
        ]
      },
      "properties": {
        "cluster_id": "ped_hotspot_cluster_0606",
        "display_name": "경기 안양시 만안구 안양동(안양역로터리 부근)",
        "representative_place_name": "경기 안양시 만안구 안양동(안양역로터리 부근)",
        "representative_district": "경기 안양시 만안구2",
        "member_count": 1,
        "repeat_year_count": 1,
        "source_years": [
          2024
        ],
        "accidents_total": 8,
        "casualties_total": 8,
        "deaths_total": 0,
        "serious_injuries_total": 8,
        "max_risk_score": 40.0,
        "avg_risk_score": 40.0,
        "risk_level": "medium",
        "risk_level_ko": "주의",
        "high_member_count": 0,
        "center_lng": 126.9216348,
        "center_lat": 37.40083755
      }
    },
    {
      "type": "Feature",
      "geometry": {
        "type": "Point",
        "coordinates": [
          127.05627027,
          37.05716686
        ]
      },
      "properties": {
        "cluster_id": "ped_hotspot_cluster_0607",
        "display_name": "경기 평택시 서정동(서정P,B사거리 부근)",
        "representative_place_name": "경기 평택시 서정동(서정P,B사거리 부근)",
        "representative_district": "경기 평택시5",
        "member_count": 1,
        "repeat_year_count": 1,
        "source_years": [
          2024
        ],
        "accidents_total": 8,
        "casualties_total": 8,
        "deaths_total": 0,
        "serious_injuries_total": 8,
        "max_risk_score": 40.0,
        "avg_risk_score": 40.0,
        "risk_level": "medium",
        "risk_level_ko": "주의",
        "high_member_count": 0,
        "center_lng": 127.05627027,
        "center_lat": 37.05716686
      }
    },
    {
      "type": "Feature",
      "geometry": {
        "type": "Point",
        "coordinates": [
          126.93199943,
          37.36062346
        ]
      },
      "properties": {
        "cluster_id": "ped_hotspot_cluster_0608",
        "display_name": "경기 군포시 산본동(솔약국 부근)",
        "representative_place_name": "경기 군포시 산본동(솔약국 부근)",
        "representative_district": "경기 군포시1",
        "member_count": 2,
        "repeat_year_count": 2,
        "source_years": [
          2024,
          2025
        ],
        "accidents_total": 15,
        "casualties_total": 15,
        "deaths_total": 0,
        "serious_injuries_total": 15,
        "max_risk_score": 40.0,
        "avg_risk_score": 37.5,
        "risk_level": "medium",
        "risk_level_ko": "주의",
        "high_member_count": 0,
        "center_lng": 126.93199943,
        "center_lat": 37.36062346
      }
    },
    {
      "type": "Feature",
      "geometry": {
        "type": "Point",
        "coordinates": [
          126.77517429,
          37.76561451
        ]
      },
      "properties": {
        "cluster_id": "ped_hotspot_cluster_0609",
        "display_name": "경기 파주시 금촌동(금촌역 경의중앙선 부근)",
        "representative_place_name": "경기 파주시 금촌동(금촌역 경의중앙선 부근)",
        "representative_district": "경기 파주시2",
        "member_count": 2,
        "repeat_year_count": 2,
        "source_years": [
          2022,
          2024
        ],
        "accidents_total": 15,
        "casualties_total": 15,
        "deaths_total": 0,
        "serious_injuries_total": 15,
        "max_risk_score": 40.0,
        "avg_risk_score": 37.5,
        "risk_level": "medium",
        "risk_level_ko": "주의",
        "high_member_count": 0,
        "center_lng": 126.77517429,
        "center_lat": 37.76561451
      }
    },
    {
      "type": "Feature",
      "geometry": {
        "type": "Point",
        "coordinates": [
          126.52203947,
          35.06349334
        ]
      },
      "properties": {
        "cluster_id": "ped_hotspot_cluster_0610",
        "display_name": "전남 함평군 함평읍(이기세약국 부근)",
        "representative_place_name": "전남 함평군 함평읍(이기세약국 부근)",
        "representative_district": "전남 함평군1",
        "member_count": 1,
        "repeat_year_count": 1,
        "source_years": [
          2024
        ],
        "accidents_total": 8,
        "casualties_total": 8,
        "deaths_total": 0,
        "serious_injuries_total": 8,
        "max_risk_score": 40.0,
        "avg_risk_score": 40.0,
        "risk_level": "medium",
        "risk_level_ko": "주의",
        "high_member_count": 0,
        "center_lng": 126.52203947,
        "center_lat": 35.06349334
      }
    },
    {
      "type": "Feature",
      "geometry": {
        "type": "Point",
        "coordinates": [
          128.0786531,
          35.19109261
        ]
      },
      "properties": {
        "cluster_id": "ped_hotspot_cluster_0611",
        "display_name": "경남 진주시 남성동(인사광장교차로 부근)",
        "representative_place_name": "경남 진주시 남성동(인사광장교차로 부근)",
        "representative_district": "경남 진주시2",
        "member_count": 2,
        "repeat_year_count": 2,
        "source_years": [
          2024,
          2025
        ],
        "accidents_total": 15,
        "casualties_total": 15,
        "deaths_total": 0,
        "serious_injuries_total": 15,
        "max_risk_score": 40.0,
        "avg_risk_score": 37.5,
        "risk_level": "medium",
        "risk_level_ko": "주의",
        "high_member_count": 0,
        "center_lng": 128.0786531,
        "center_lat": 35.19109261
      }
    },
    {
      "type": "Feature",
      "geometry": {
        "type": "Point",
        "coordinates": [
          127.06484389,
          37.61501925
        ]
      },
      "properties": {
        "cluster_id": "ped_hotspot_cluster_0612",
        "display_name": "서울 노원구 월계동(석계역교차로 부근)",
        "representative_place_name": "서울 노원구 월계동(석계역교차로 부근)",
        "representative_district": "서울 노원구3",
        "member_count": 1,
        "repeat_year_count": 1,
        "source_years": [
          2025
        ],
        "accidents_total": 8,
        "casualties_total": 8,
        "deaths_total": 0,
        "serious_injuries_total": 8,
        "max_risk_score": 40.0,
        "avg_risk_score": 40.0,
        "risk_level": "medium",
        "risk_level_ko": "주의",
        "high_member_count": 0,
        "center_lng": 127.06484389,
        "center_lat": 37.61501925
      }
    },
    {
      "type": "Feature",
      "geometry": {
        "type": "Point",
        "coordinates": [
          126.85567556,
          37.49106389
        ]
      },
      "properties": {
        "cluster_id": "ped_hotspot_cluster_0613",
        "display_name": "서울 구로구 개봉동(세진약국 부근)",
        "representative_place_name": "서울 구로구 개봉동(세진약국 부근)",
        "representative_district": "서울 구로구2",
        "member_count": 2,
        "repeat_year_count": 2,
        "source_years": [
          2024,
          2025
        ],
        "accidents_total": 15,
        "casualties_total": 15,
        "deaths_total": 0,
        "serious_injuries_total": 15,
        "max_risk_score": 40.0,
        "avg_risk_score": 37.5,
        "risk_level": "medium",
        "risk_level_ko": "주의",
        "high_member_count": 0,
        "center_lng": 126.85567556,
        "center_lat": 37.49106389
      }
    },
    {
      "type": "Feature",
      "geometry": {
        "type": "Point",
        "coordinates": [
          127.00839276,
          37.49016301
        ]
      },
      "properties": {
        "cluster_id": "ped_hotspot_cluster_0614",
        "display_name": "서울 서초구 서초동(미유끼 부근)",
        "representative_place_name": "서울 서초구 서초동(미유끼 부근)",
        "representative_district": "서울 서초구4",
        "member_count": 2,
        "repeat_year_count": 2,
        "source_years": [
          2024,
          2025
        ],
        "accidents_total": 15,
        "casualties_total": 15,
        "deaths_total": 0,
        "serious_injuries_total": 15,
        "max_risk_score": 40.0,
        "avg_risk_score": 37.5,
        "risk_level": "medium",
        "risk_level_ko": "주의",
        "high_member_count": 0,
        "center_lng": 127.00839276,
        "center_lat": 37.49016301
      }
    },
    {
      "type": "Feature",
      "geometry": {
        "type": "Point",
        "coordinates": [
          127.08517814,
          37.51140852
        ]
      },
      "properties": {
        "cluster_id": "ped_hotspot_cluster_0615",
        "display_name": "서울 송파구 잠실동(잠실새내역교차로 부근)",
        "representative_place_name": "서울 송파구 잠실동(잠실새내역교차로 부근)",
        "representative_district": "서울 송파구3",
        "member_count": 2,
        "repeat_year_count": 2,
        "source_years": [
          2024,
          2025
        ],
        "accidents_total": 15,
        "casualties_total": 15,
        "deaths_total": 0,
        "serious_injuries_total": 15,
        "max_risk_score": 40.0,
        "avg_risk_score": 37.5,
        "risk_level": "medium",
        "risk_level_ko": "주의",
        "high_member_count": 0,
        "center_lng": 127.08517814,
        "center_lat": 37.51140852
      }
    },
    {
      "type": "Feature",
      "geometry": {
        "type": "Point",
        "coordinates": [
          129.03699467,
          35.15472052
        ]
      },
      "properties": {
        "cluster_id": "ped_hotspot_cluster_0616",
        "display_name": "부산 부산진구 가야동(가야1치안센터 부근)",
        "representative_place_name": "부산 부산진구 가야동(가야1치안센터 부근)",
        "representative_district": "부산 부산진구10",
        "member_count": 1,
        "repeat_year_count": 1,
        "source_years": [
          2025
        ],
        "accidents_total": 8,
        "casualties_total": 8,
        "deaths_total": 0,
        "serious_injuries_total": 8,
        "max_risk_score": 40.0,
        "avg_risk_score": 40.0,
        "risk_level": "medium",
        "risk_level_ko": "주의",
        "high_member_count": 0,
        "center_lng": 129.03699467,
        "center_lat": 35.15472052
      }
    },
    {
      "type": "Feature",
      "geometry": {
        "type": "Point",
        "coordinates": [
          129.05640143,
          35.16074639
        ]
      },
      "properties": {
        "cluster_id": "ped_hotspot_cluster_0617",
        "display_name": "부산 부산진구 부전동(순풍약국 부근)",
        "representative_place_name": "부산 부산진구 부전동(순풍약국 부근)",
        "representative_district": "부산 부산진구12",
        "member_count": 2,
        "repeat_year_count": 2,
        "source_years": [
          2024,
          2025
        ],
        "accidents_total": 15,
        "casualties_total": 15,
        "deaths_total": 0,
        "serious_injuries_total": 15,
        "max_risk_score": 40.0,
        "avg_risk_score": 37.5,
        "risk_level": "medium",
        "risk_level_ko": "주의",
        "high_member_count": 0,
        "center_lng": 129.05640143,
        "center_lat": 35.16074639
      }
    },
    {
      "type": "Feature",
      "geometry": {
        "type": "Point",
        "coordinates": [
          129.07866262,
          35.20408261
        ]
      },
      "properties": {
        "cluster_id": "ped_hotspot_cluster_0618",
        "display_name": "부산 동래구 온천동(내성교차로 부근)",
        "representative_place_name": "부산 동래구 온천동(내성교차로 부근)",
        "representative_district": "부산 동래구1",
        "member_count": 1,
        "repeat_year_count": 1,
        "source_years": [
          2025
        ],
        "accidents_total": 8,
        "casualties_total": 8,
        "deaths_total": 0,
        "serious_injuries_total": 8,
        "max_risk_score": 40.0,
        "avg_risk_score": 40.0,
        "risk_level": "medium",
        "risk_level_ko": "주의",
        "high_member_count": 0,
        "center_lng": 129.07866262,
        "center_lat": 35.20408261
      }
    },
    {
      "type": "Feature",
      "geometry": {
        "type": "Point",
        "coordinates": [
          129.00319149,
          35.20979141
        ]
      },
      "properties": {
        "cluster_id": "ped_hotspot_cluster_0619",
        "display_name": "부산 북구 구포동(구포시장 부근)",
        "representative_place_name": "부산 북구 구포동(구포시장 부근)",
        "representative_district": "부산 북구2",
        "member_count": 1,
        "repeat_year_count": 1,
        "source_years": [
          2025
        ],
        "accidents_total": 8,
        "casualties_total": 8,
        "deaths_total": 0,
        "serious_injuries_total": 8,
        "max_risk_score": 40.0,
        "avg_risk_score": 40.0,
        "risk_level": "medium",
        "risk_level_ko": "주의",
        "high_member_count": 0,
        "center_lng": 129.00319149,
        "center_lat": 35.20979141
      }
    },
    {
      "type": "Feature",
      "geometry": {
        "type": "Point",
        "coordinates": [
          129.11330278,
          35.15965405
        ]
      },
      "properties": {
        "cluster_id": "ped_hotspot_cluster_0620",
        "display_name": "부산 수영구 광안동(광안시장 부근)",
        "representative_place_name": "부산 수영구 광안동(광안시장 부근)",
        "representative_district": "부산 수영구3",
        "member_count": 4,
        "repeat_year_count": 4,
        "source_years": [
          2022,
          2023,
          2024,
          2025
        ],
        "accidents_total": 29,
        "casualties_total": 29,
        "deaths_total": 0,
        "serious_injuries_total": 29,
        "max_risk_score": 40.0,
        "avg_risk_score": 36.25,
        "risk_level": "medium",
        "risk_level_ko": "주의",
        "high_member_count": 0,
        "center_lng": 129.11330278,
        "center_lat": 35.15965405
      }
    },
    {
      "type": "Feature",
      "geometry": {
        "type": "Point",
        "coordinates": [
          129.11824027,
          35.16673406
        ]
      },
      "properties": {
        "cluster_id": "ped_hotspot_cluster_0621",
        "display_name": "부산 수영구 광안동(굴미상회 부근)",
        "representative_place_name": "부산 수영구 광안동(굴미상회 부근)",
        "representative_district": "부산 수영구4",
        "member_count": 2,
        "repeat_year_count": 2,
        "source_years": [
          2024,
          2025
        ],
        "accidents_total": 15,
        "casualties_total": 15,
        "deaths_total": 0,
        "serious_injuries_total": 15,
        "max_risk_score": 40.0,
        "avg_risk_score": 37.5,
        "risk_level": "medium",
        "risk_level_ko": "주의",
        "high_member_count": 0,
        "center_lng": 129.11824027,
        "center_lat": 35.16673406
      }
    },
    {
      "type": "Feature",
      "geometry": {
        "type": "Point",
        "coordinates": [
          128.9781906,
          35.13836908
        ]
      },
      "properties": {
        "cluster_id": "ped_hotspot_cluster_0622",
        "display_name": "부산 사상구 학장동(그린약국 부근)",
        "representative_place_name": "부산 사상구 학장동(그린약국 부근)",
        "representative_district": "부산 사상구3",
        "member_count": 1,
        "repeat_year_count": 1,
        "source_years": [
          2025
        ],
        "accidents_total": 8,
        "casualties_total": 8,
        "deaths_total": 0,
        "serious_injuries_total": 8,
        "max_risk_score": 40.0,
        "avg_risk_score": 40.0,
        "risk_level": "medium",
        "risk_level_ko": "주의",
        "high_member_count": 0,
        "center_lng": 128.9781906,
        "center_lat": 35.13836908
      }
    },
    {
      "type": "Feature",
      "geometry": {
        "type": "Point",
        "coordinates": [
          126.70107217,
          37.44516602
        ]
      },
      "properties": {
        "cluster_id": "ped_hotspot_cluster_0623",
        "display_name": "인천 남동구 구월동(체리약국 부근)",
        "representative_place_name": "인천 남동구 구월동(체리약국 부근)",
        "representative_district": "인천 남동구2",
        "member_count": 1,
        "repeat_year_count": 1,
        "source_years": [
          2025
        ],
        "accidents_total": 8,
        "casualties_total": 8,
        "deaths_total": 0,
        "serious_injuries_total": 8,
        "max_risk_score": 40.0,
        "avg_risk_score": 40.0,
        "risk_level": "medium",
        "risk_level_ko": "주의",
        "high_member_count": 0,
        "center_lng": 126.70107217,
        "center_lat": 37.44516602
      }
    },
    {
      "type": "Feature",
      "geometry": {
        "type": "Point",
        "coordinates": [
          129.30916026,
          35.55592819
        ]
      },
      "properties": {
        "cluster_id": "ped_hotspot_cluster_0624",
        "display_name": "울산 중구 우정동(선경2차아파트앞교차로 부근)",
        "representative_place_name": "울산 중구 우정동(선경2차아파트앞교차로 부근)",
        "representative_district": "울산 중구1",
        "member_count": 1,
        "repeat_year_count": 1,
        "source_years": [
          2025
        ],
        "accidents_total": 8,
        "casualties_total": 8,
        "deaths_total": 0,
        "serious_injuries_total": 8,
        "max_risk_score": 40.0,
        "avg_risk_score": 40.0,
        "risk_level": "medium",
        "risk_level_ko": "주의",
        "high_member_count": 0,
        "center_lng": 129.30916026,
        "center_lat": 35.55592819
      }
    },
    {
      "type": "Feature",
      "geometry": {
        "type": "Point",
        "coordinates": [
          127.04791011,
          37.73984967
        ]
      },
      "properties": {
        "cluster_id": "ped_hotspot_cluster_0625",
        "display_name": "경기 의정부시 의정부동(흥선지하차도교차로 부근)",
        "representative_place_name": "경기 의정부시 의정부동(흥선지하차도교차로 부근)",
        "representative_district": "경기 의정부시2",
        "member_count": 1,
        "repeat_year_count": 1,
        "source_years": [
          2025
        ],
        "accidents_total": 8,
        "casualties_total": 8,
        "deaths_total": 0,
        "serious_injuries_total": 8,
        "max_risk_score": 40.0,
        "avg_risk_score": 40.0,
        "risk_level": "medium",
        "risk_level_ko": "주의",
        "high_member_count": 0,
        "center_lng": 127.04791011,
        "center_lat": 37.73984967
      }
    },
    {
      "type": "Feature",
      "geometry": {
        "type": "Point",
        "coordinates": [
          126.85528327,
          37.48140952
        ]
      },
      "properties": {
        "cluster_id": "ped_hotspot_cluster_0626",
        "display_name": "경기 광명시 광명동(효약국 부근)",
        "representative_place_name": "경기 광명시 광명동(효약국 부근)",
        "representative_district": "경기 광명시3",
        "member_count": 1,
        "repeat_year_count": 1,
        "source_years": [
          2025
        ],
        "accidents_total": 8,
        "casualties_total": 8,
        "deaths_total": 0,
        "serious_injuries_total": 8,
        "max_risk_score": 40.0,
        "avg_risk_score": 40.0,
        "risk_level": "medium",
        "risk_level_ko": "주의",
        "high_member_count": 0,
        "center_lng": 126.85528327,
        "center_lat": 37.48140952
      }
    },
    {
      "type": "Feature",
      "geometry": {
        "type": "Point",
        "coordinates": [
          126.83440234,
          37.31809693
        ]
      },
      "properties": {
        "cluster_id": "ped_hotspot_cluster_0627",
        "display_name": "경기 안산시 단원구 고잔동(신세계약국 부근)",
        "representative_place_name": "경기 안산시 단원구 고잔동(신세계약국 부근)",
        "representative_district": "경기 안산시 단원구1",
        "member_count": 1,
        "repeat_year_count": 1,
        "source_years": [
          2025
        ],
        "accidents_total": 8,
        "casualties_total": 8,
        "deaths_total": 0,
        "serious_injuries_total": 8,
        "max_risk_score": 40.0,
        "avg_risk_score": 40.0,
        "risk_level": "medium",
        "risk_level_ko": "주의",
        "high_member_count": 0,
        "center_lng": 126.83440234,
        "center_lat": 37.31809693
      }
    },
    {
      "type": "Feature",
      "geometry": {
        "type": "Point",
        "coordinates": [
          126.8373607,
          37.65600368
        ]
      },
      "properties": {
        "cluster_id": "ped_hotspot_cluster_0628",
        "display_name": "경기 고양시 덕양구 성사동(원당시장 부근)",
        "representative_place_name": "경기 고양시 덕양구 성사동(원당시장 부근)",
        "representative_district": "경기 고양시 덕양구2",
        "member_count": 1,
        "repeat_year_count": 1,
        "source_years": [
          2025
        ],
        "accidents_total": 8,
        "casualties_total": 8,
        "deaths_total": 0,
        "serious_injuries_total": 8,
        "max_risk_score": 40.0,
        "avg_risk_score": 40.0,
        "risk_level": "medium",
        "risk_level_ko": "주의",
        "high_member_count": 0,
        "center_lng": 126.8373607,
        "center_lat": 37.65600368
      }
    },
    {
      "type": "Feature",
      "geometry": {
        "type": "Point",
        "coordinates": [
          126.83320638,
          37.63527148
        ]
      },
      "properties": {
        "cluster_id": "ped_hotspot_cluster_0629",
        "display_name": "경기 고양시 덕양구 화정동(바로팜 약국 부근)",
        "representative_place_name": "경기 고양시 덕양구 화정동(바로팜 약국 부근)",
        "representative_district": "경기 고양시 덕양구3",
        "member_count": 2,
        "repeat_year_count": 2,
        "source_years": [
          2024,
          2025
        ],
        "accidents_total": 15,
        "casualties_total": 15,
        "deaths_total": 0,
        "serious_injuries_total": 15,
        "max_risk_score": 40.0,
        "avg_risk_score": 37.5,
        "risk_level": "medium",
        "risk_level_ko": "주의",
        "high_member_count": 0,
        "center_lng": 126.83320638,
        "center_lat": 37.63527148
      }
    },
    {
      "type": "Feature",
      "geometry": {
        "type": "Point",
        "coordinates": [
          127.21708649,
          37.26931481
        ]
      },
      "properties": {
        "cluster_id": "ped_hotspot_cluster_0630",
        "display_name": "경기 용인시 처인구 포곡읍(농협포곡지점앞교차로 부근)",
        "representative_place_name": "경기 용인시 처인구 포곡읍(농협포곡지점앞교차로 부근)",
        "representative_district": "경기 용인시 처인구1",
        "member_count": 1,
        "repeat_year_count": 1,
        "source_years": [
          2025
        ],
        "accidents_total": 8,
        "casualties_total": 8,
        "deaths_total": 0,
        "serious_injuries_total": 8,
        "max_risk_score": 40.0,
        "avg_risk_score": 40.0,
        "risk_level": "medium",
        "risk_level_ko": "주의",
        "high_member_count": 0,
        "center_lng": 127.21708649,
        "center_lat": 37.26931481
      }
    },
    {
      "type": "Feature",
      "geometry": {
        "type": "Point",
        "coordinates": [
          127.26802795,
          37.00731072
        ]
      },
      "properties": {
        "cluster_id": "ped_hotspot_cluster_0631",
        "display_name": "경기 안성시 서인동(중앙시장 부근)",
        "representative_place_name": "경기 안성시 서인동(중앙시장 부근)",
        "representative_district": "경기 안성시1",
        "member_count": 1,
        "repeat_year_count": 1,
        "source_years": [
          2025
        ],
        "accidents_total": 8,
        "casualties_total": 8,
        "deaths_total": 0,
        "serious_injuries_total": 8,
        "max_risk_score": 40.0,
        "avg_risk_score": 40.0,
        "risk_level": "medium",
        "risk_level_ko": "주의",
        "high_member_count": 0,
        "center_lng": 127.26802795,
        "center_lat": 37.00731072
      }
    },
    {
      "type": "Feature",
      "geometry": {
        "type": "Point",
        "coordinates": [
          127.25079622,
          37.41536092
        ]
      },
      "properties": {
        "cluster_id": "ped_hotspot_cluster_0632",
        "display_name": "경기 광주시 탄벌동(공설운동장앞교차로 부근)",
        "representative_place_name": "경기 광주시 탄벌동(공설운동장앞교차로 부근)",
        "representative_district": "경기 광주시2",
        "member_count": 1,
        "repeat_year_count": 1,
        "source_years": [
          2025
        ],
        "accidents_total": 8,
        "casualties_total": 8,
        "deaths_total": 0,
        "serious_injuries_total": 8,
        "max_risk_score": 40.0,
        "avg_risk_score": 40.0,
        "risk_level": "medium",
        "risk_level_ko": "주의",
        "high_member_count": 0,
        "center_lng": 127.25079622,
        "center_lat": 37.41536092
      }
    },
    {
      "type": "Feature",
      "geometry": {
        "type": "Point",
        "coordinates": [
          127.06736504,
          38.0275275
        ]
      },
      "properties": {
        "cluster_id": "ped_hotspot_cluster_0633",
        "display_name": "경기 연천군 전곡읍(전곡전통시장 부근)",
        "representative_place_name": "경기 연천군 전곡읍(전곡전통시장 부근)",
        "representative_district": "경기 연천군1",
        "member_count": 4,
        "repeat_year_count": 4,
        "source_years": [
          2022,
          2023,
          2024,
          2025
        ],
        "accidents_total": 29,
        "casualties_total": 29,
        "deaths_total": 0,
        "serious_injuries_total": 29,
        "max_risk_score": 40.0,
        "avg_risk_score": 36.25,
        "risk_level": "medium",
        "risk_level_ko": "주의",
        "high_member_count": 0,
        "center_lng": 127.06736504,
        "center_lat": 38.0275275
      }
    },
    {
      "type": "Feature",
      "geometry": {
        "type": "Point",
        "coordinates": [
          127.69335301,
          34.74891252
        ]
      },
      "properties": {
        "cluster_id": "ped_hotspot_cluster_0634",
        "display_name": "전남 여수시 문수동(비룡 부근)",
        "representative_place_name": "전남 여수시 문수동(비룡 부근)",
        "representative_district": "전남 여수시2",
        "member_count": 1,
        "repeat_year_count": 1,
        "source_years": [
          2025
        ],
        "accidents_total": 8,
        "casualties_total": 8,
        "deaths_total": 0,
        "serious_injuries_total": 8,
        "max_risk_score": 40.0,
        "avg_risk_score": 40.0,
        "risk_level": "medium",
        "risk_level_ko": "주의",
        "high_member_count": 0,
        "center_lng": 127.69335301,
        "center_lat": 34.74891252
      }
    },
    {
      "type": "Feature",
      "geometry": {
        "type": "Point",
        "coordinates": [
          129.41588162,
          35.96690221
        ]
      },
      "properties": {
        "cluster_id": "ped_hotspot_cluster_0635",
        "display_name": "경북 포항시 남구 오천읍(오천지구대사거리 부근)",
        "representative_place_name": "경북 포항시 남구 오천읍(오천지구대사거리 부근)",
        "representative_district": "경북 포항시 남구1",
        "member_count": 2,
        "repeat_year_count": 2,
        "source_years": [
          2024,
          2025
        ],
        "accidents_total": 15,
        "casualties_total": 15,
        "deaths_total": 0,
        "serious_injuries_total": 15,
        "max_risk_score": 40.0,
        "avg_risk_score": 37.5,
        "risk_level": "medium",
        "risk_level_ko": "주의",
        "high_member_count": 0,
        "center_lng": 129.41588162,
        "center_lat": 35.96690221
      }
    },
    {
      "type": "Feature",
      "geometry": {
        "type": "Point",
        "coordinates": [
          128.42874109,
          34.85810594
        ]
      },
      "properties": {
        "cluster_id": "ped_hotspot_cluster_0636",
        "display_name": "경남 통영시 무전동(무전동행정복지센터 부근)",
        "representative_place_name": "경남 통영시 무전동(무전동행정복지센터 부근)",
        "representative_district": "경남 통영시3",
        "member_count": 1,
        "repeat_year_count": 1,
        "source_years": [
          2025
        ],
        "accidents_total": 8,
        "casualties_total": 8,
        "deaths_total": 0,
        "serious_injuries_total": 8,
        "max_risk_score": 40.0,
        "avg_risk_score": 40.0,
        "risk_level": "medium",
        "risk_level_ko": "주의",
        "high_member_count": 0,
        "center_lng": 128.42874109,
        "center_lat": 34.85810594
      }
    },
    {
      "type": "Feature",
      "geometry": {
        "type": "Point",
        "coordinates": [
          127.04224916,
          37.58654143
        ]
      },
      "properties": {
        "cluster_id": "ped_hotspot_cluster_0637",
        "display_name": "서울 동대문구 청량리동(영휘원사거리 부근)",
        "representative_place_name": "서울특별시 동대문구 청량리동(영휘원사거리 부근)",
        "representative_district": "서울특별시 동대문구9",
        "member_count": 1,
        "repeat_year_count": 1,
        "source_years": [
          2022
        ],
        "accidents_total": 7,
        "casualties_total": 9,
        "deaths_total": 0,
        "serious_injuries_total": 8,
        "max_risk_score": 39.5,
        "avg_risk_score": 39.5,
        "risk_level": "medium",
        "risk_level_ko": "주의",
        "high_member_count": 0,
        "center_lng": 127.04224916,
        "center_lat": 37.58654143
      }
    },
    {
      "type": "Feature",
      "geometry": {
        "type": "Point",
        "coordinates": [
          126.97689887,
          37.56986543
        ]
      },
      "properties": {
        "cluster_id": "ped_hotspot_cluster_0638",
        "display_name": "서울 종로구 세종로(세종로180 부근)",
        "representative_place_name": "서울특별시 종로구 세종로(세종로180 부근)",
        "representative_district": "서울특별시 종로구3",
        "member_count": 1,
        "repeat_year_count": 1,
        "source_years": [
          2022
        ],
        "accidents_total": 7,
        "casualties_total": 8,
        "deaths_total": 0,
        "serious_injuries_total": 8,
        "max_risk_score": 39.0,
        "avg_risk_score": 39.0,
        "risk_level": "medium",
        "risk_level_ko": "주의",
        "high_member_count": 0,
        "center_lng": 126.97689887,
        "center_lat": 37.56986543
      }
    },
    {
      "type": "Feature",
      "geometry": {
        "type": "Point",
        "coordinates": [
          126.98281081,
          37.56646636
        ]
      },
      "properties": {
        "cluster_id": "ped_hotspot_cluster_0639",
        "display_name": "서울 중구 을지로1가(을지로1가 부근)",
        "representative_place_name": "서울특별시 중구 을지로1가(을지로1가 부근)",
        "representative_district": "서울특별시 중구8",
        "member_count": 1,
        "repeat_year_count": 1,
        "source_years": [
          2022
        ],
        "accidents_total": 7,
        "casualties_total": 8,
        "deaths_total": 0,
        "serious_injuries_total": 8,
        "max_risk_score": 39.0,
        "avg_risk_score": 39.0,
        "risk_level": "medium",
        "risk_level_ko": "주의",
        "high_member_count": 0,
        "center_lng": 126.98281081,
        "center_lat": 37.56646636
      }
    },
    {
      "type": "Feature",
      "geometry": {
        "type": "Point",
        "coordinates": [
          127.07731936,
          37.6094695
        ]
      },
      "properties": {
        "cluster_id": "ped_hotspot_cluster_0640",
        "display_name": "서울 중랑구 묵동(묵동우체국 부근)",
        "representative_place_name": "서울특별시 중랑구 묵동(묵동우체국 부근)",
        "representative_district": "서울특별시 중랑구4",
        "member_count": 2,
        "repeat_year_count": 2,
        "source_years": [
          2022,
          2023
        ],
        "accidents_total": 14,
        "casualties_total": 15,
        "deaths_total": 0,
        "serious_injuries_total": 15,
        "max_risk_score": 39.0,
        "avg_risk_score": 37.0,
        "risk_level": "medium",
        "risk_level_ko": "주의",
        "high_member_count": 0,
        "center_lng": 127.07731936,
        "center_lat": 37.6094695
      }
    },
    {
      "type": "Feature",
      "geometry": {
        "type": "Point",
        "coordinates": [
          126.83329054,
          37.52962343
        ]
      },
      "properties": {
        "cluster_id": "ped_hotspot_cluster_0641",
        "display_name": "서울 양천구 신월동(서서울호수공원앞교차 부근)",
        "representative_place_name": "서울특별시 양천구 신월동(서서울호수공원앞교차 부근)",
        "representative_district": "서울특별시 양천구4",
        "member_count": 2,
        "repeat_year_count": 2,
        "source_years": [
          2022,
          2023
        ],
        "accidents_total": 14,
        "casualties_total": 16,
        "deaths_total": 0,
        "serious_injuries_total": 16,
        "max_risk_score": 39.0,
        "avg_risk_score": 39.0,
        "risk_level": "medium",
        "risk_level_ko": "주의",
        "high_member_count": 0,
        "center_lng": 126.83329054,
        "center_lat": 37.52962343
      }
    },
    {
      "type": "Feature",
      "geometry": {
        "type": "Point",
        "coordinates": [
          126.91665032,
          37.51243761
        ]
      },
      "properties": {
        "cluster_id": "ped_hotspot_cluster_0642",
        "display_name": "서울 영등포구 신길동(대신시장 부근)",
        "representative_place_name": "서울특별시 영등포구 신길동(대신시장 부근)",
        "representative_district": "서울특별시 영등포구6",
        "member_count": 1,
        "repeat_year_count": 1,
        "source_years": [
          2022
        ],
        "accidents_total": 7,
        "casualties_total": 8,
        "deaths_total": 0,
        "serious_injuries_total": 8,
        "max_risk_score": 39.0,
        "avg_risk_score": 39.0,
        "risk_level": "medium",
        "risk_level_ko": "주의",
        "high_member_count": 0,
        "center_lng": 126.91665032,
        "center_lat": 37.51243761
      }
    },
    {
      "type": "Feature",
      "geometry": {
        "type": "Point",
        "coordinates": [
          126.91832657,
          37.47376701
        ]
      },
      "properties": {
        "cluster_id": "ped_hotspot_cluster_0643",
        "display_name": "서울 관악구 신림동(뿌리약국 부근)",
        "representative_place_name": "서울특별시 관악구 신림동(뿌리약국 부근)",
        "representative_district": "서울특별시 관악구7",
        "member_count": 3,
        "repeat_year_count": 3,
        "source_years": [
          2022,
          2024,
          2025
        ],
        "accidents_total": 21,
        "casualties_total": 22,
        "deaths_total": 0,
        "serious_injuries_total": 22,
        "max_risk_score": 39.0,
        "avg_risk_score": 36.33,
        "risk_level": "medium",
        "risk_level_ko": "주의",
        "high_member_count": 0,
        "center_lng": 126.91832657,
        "center_lat": 37.47376701
      }
    },
    {
      "type": "Feature",
      "geometry": {
        "type": "Point",
        "coordinates": [
          129.02257105,
          35.09594985
        ]
      },
      "properties": {
        "cluster_id": "ped_hotspot_cluster_0644",
        "display_name": "부산 서구 충무동2가(성불원 부근)",
        "representative_place_name": "부산광역시 서구 충무동2가(성불원 부근)",
        "representative_district": "부산광역시 서구2",
        "member_count": 2,
        "repeat_year_count": 2,
        "source_years": [
          2022,
          2025
        ],
        "accidents_total": 14,
        "casualties_total": 15,
        "deaths_total": 0,
        "serious_injuries_total": 15,
        "max_risk_score": 39.0,
        "avg_risk_score": 37.0,
        "risk_level": "medium",
        "risk_level_ko": "주의",
        "high_member_count": 0,
        "center_lng": 129.02257105,
        "center_lat": 35.09594985
      }
    },
    {
      "type": "Feature",
      "geometry": {
        "type": "Point",
        "coordinates": [
          129.02886498,
          35.11243398
        ]
      },
      "properties": {
        "cluster_id": "ped_hotspot_cluster_0645",
        "display_name": "부산 서구 동대신동2가(동주슈퍼 부근)",
        "representative_place_name": "부산광역시 서구 동대신동2가(동주슈퍼 부근)",
        "representative_district": "부산광역시 서구3",
        "member_count": 1,
        "repeat_year_count": 1,
        "source_years": [
          2022
        ],
        "accidents_total": 7,
        "casualties_total": 8,
        "deaths_total": 0,
        "serious_injuries_total": 8,
        "max_risk_score": 39.0,
        "avg_risk_score": 39.0,
        "risk_level": "medium",
        "risk_level_ko": "주의",
        "high_member_count": 0,
        "center_lng": 129.02886498,
        "center_lat": 35.11243398
      }
    },
    {
      "type": "Feature",
      "geometry": {
        "type": "Point",
        "coordinates": [
          129.08595677,
          35.20474579
        ]
      },
      "properties": {
        "cluster_id": "ped_hotspot_cluster_0646",
        "display_name": "부산 동래구 복천동(복산동새마을문고 부근)",
        "representative_place_name": "부산광역시 동래구 복천동(복산동새마을문고 부근)",
        "representative_district": "부산광역시 동래구5",
        "member_count": 1,
        "repeat_year_count": 1,
        "source_years": [
          2022
        ],
        "accidents_total": 7,
        "casualties_total": 8,
        "deaths_total": 0,
        "serious_injuries_total": 8,
        "max_risk_score": 39.0,
        "avg_risk_score": 39.0,
        "risk_level": "medium",
        "risk_level_ko": "주의",
        "high_member_count": 0,
        "center_lng": 129.08595677,
        "center_lat": 35.20474579
      }
    },
    {
      "type": "Feature",
      "geometry": {
        "type": "Point",
        "coordinates": [
          129.12342826,
          35.15574328
        ]
      },
      "properties": {
        "cluster_id": "ped_hotspot_cluster_0647",
        "display_name": "부산 수영구 민락동(포항영일상회 부근)",
        "representative_place_name": "부산광역시 수영구 민락동(포항영일상회 부근)",
        "representative_district": "부산광역시 수영구5",
        "member_count": 1,
        "repeat_year_count": 1,
        "source_years": [
          2022
        ],
        "accidents_total": 7,
        "casualties_total": 8,
        "deaths_total": 0,
        "serious_injuries_total": 8,
        "max_risk_score": 39.0,
        "avg_risk_score": 39.0,
        "risk_level": "medium",
        "risk_level_ko": "주의",
        "high_member_count": 0,
        "center_lng": 129.12342826,
        "center_lat": 35.15574328
      }
    },
    {
      "type": "Feature",
      "geometry": {
        "type": "Point",
        "coordinates": [
          126.66589232,
          37.45270612
        ]
      },
      "properties": {
        "cluster_id": "ped_hotspot_cluster_0648",
        "display_name": "인천광역시 미추홀구 주안동(용일사거리 부근)",
        "representative_place_name": "인천광역시 미추홀구 주안동(용일사거리 부근)",
        "representative_district": "인천광역시 미추홀구3",
        "member_count": 1,
        "repeat_year_count": 1,
        "source_years": [
          2022
        ],
        "accidents_total": 7,
        "casualties_total": 8,
        "deaths_total": 0,
        "serious_injuries_total": 8,
        "max_risk_score": 39.0,
        "avg_risk_score": 39.0,
        "risk_level": "medium",
        "risk_level_ko": "주의",
        "high_member_count": 0,
        "center_lng": 126.66589232,
        "center_lat": 37.45270612
      }
    },
    {
      "type": "Feature",
      "geometry": {
        "type": "Point",
        "coordinates": [
          126.72765711,
          37.53731164
        ]
      },
      "properties": {
        "cluster_id": "ped_hotspot_cluster_0649",
        "display_name": "인천광역시 계양구 계산동(인천축산농협계산지점 부근)",
        "representative_place_name": "인천광역시 계양구 계산동(인천축산농협계산지점 부근)",
        "representative_district": "인천광역시 계양구4",
        "member_count": 1,
        "repeat_year_count": 1,
        "source_years": [
          2022
        ],
        "accidents_total": 7,
        "casualties_total": 8,
        "deaths_total": 0,
        "serious_injuries_total": 8,
        "max_risk_score": 39.0,
        "avg_risk_score": 39.0,
        "risk_level": "medium",
        "risk_level_ko": "주의",
        "high_member_count": 0,
        "center_lng": 126.72765711,
        "center_lat": 37.53731164
      }
    },
    {
      "type": "Feature",
      "geometry": {
        "type": "Point",
        "coordinates": [
          126.9002517,
          35.18731839
        ]
      },
      "properties": {
        "cluster_id": "ped_hotspot_cluster_0650",
        "display_name": "광주광역시 북구 오치동(파스쿠찌광주오치점 부근)",
        "representative_place_name": "광주광역시 북구 오치동(파스쿠찌광주오치점 부근)",
        "representative_district": "광주광역시 북구1",
        "member_count": 2,
        "repeat_year_count": 2,
        "source_years": [
          2022,
          2023
        ],
        "accidents_total": 14,
        "casualties_total": 16,
        "deaths_total": 0,
        "serious_injuries_total": 16,
        "max_risk_score": 39.0,
        "avg_risk_score": 39.0,
        "risk_level": "medium",
        "risk_level_ko": "주의",
        "high_member_count": 0,
        "center_lng": 126.9002517,
        "center_lat": 35.18731839
      }
    },
    {
      "type": "Feature",
      "geometry": {
        "type": "Point",
        "coordinates": [
          127.16066068,
          37.45065566
        ]
      },
      "properties": {
        "cluster_id": "ped_hotspot_cluster_0651",
        "display_name": "경기 성남시 중원구 금광동(금광중앙교회 부근)",
        "representative_place_name": "경기도 성남시 중원구 금광동(금광중앙교회 부근)",
        "representative_district": "경기도 성남시 중원구9",
        "member_count": 1,
        "repeat_year_count": 1,
        "source_years": [
          2022
        ],
        "accidents_total": 7,
        "casualties_total": 8,
        "deaths_total": 0,
        "serious_injuries_total": 8,
        "max_risk_score": 39.0,
        "avg_risk_score": 39.0,
        "risk_level": "medium",
        "risk_level_ko": "주의",
        "high_member_count": 0,
        "center_lng": 127.16066068,
        "center_lat": 37.45065566
      }
    },
    {
      "type": "Feature",
      "geometry": {
        "type": "Point",
        "coordinates": [
          127.04880781,
          37.73817118
        ]
      },
      "properties": {
        "cluster_id": "ped_hotspot_cluster_0652",
        "display_name": "경기 의정부시 의정부동(의정부역동부교차로 부근)",
        "representative_place_name": "경기도 의정부시 의정부동(의정부역동부교차로 부근)",
        "representative_district": "경기도 의정부시4",
        "member_count": 1,
        "repeat_year_count": 1,
        "source_years": [
          2022
        ],
        "accidents_total": 7,
        "casualties_total": 8,
        "deaths_total": 0,
        "serious_injuries_total": 8,
        "max_risk_score": 39.0,
        "avg_risk_score": 39.0,
        "risk_level": "medium",
        "risk_level_ko": "주의",
        "high_member_count": 0,
        "center_lng": 127.04880781,
        "center_lat": 37.73817118
      }
    },
    {
      "type": "Feature",
      "geometry": {
        "type": "Point",
        "coordinates": [
          127.05436633,
          37.071898
        ]
      },
      "properties": {
        "cluster_id": "ped_hotspot_cluster_0653",
        "display_name": "경기 평택시 서정동(KT플라자 부근)",
        "representative_place_name": "경기도 평택시 서정동(KT플라자 부근)",
        "representative_district": "경기도 평택시5",
        "member_count": 2,
        "repeat_year_count": 2,
        "source_years": [
          2022,
          2023
        ],
        "accidents_total": 14,
        "casualties_total": 16,
        "deaths_total": 0,
        "serious_injuries_total": 16,
        "max_risk_score": 39.0,
        "avg_risk_score": 39.0,
        "risk_level": "medium",
        "risk_level_ko": "주의",
        "high_member_count": 0,
        "center_lng": 127.05436633,
        "center_lat": 37.071898
      }
    },
    {
      "type": "Feature",
      "geometry": {
        "type": "Point",
        "coordinates": [
          128.62310728,
          38.0756228
        ]
      },
      "properties": {
        "cluster_id": "ped_hotspot_cluster_0654",
        "display_name": "강원도 양양군 양양읍(남문리35 부근)",
        "representative_place_name": "강원도 양양군 양양읍(남문리35 부근)",
        "representative_district": "강원도 양양군1",
        "member_count": 1,
        "repeat_year_count": 1,
        "source_years": [
          2022
        ],
        "accidents_total": 7,
        "casualties_total": 8,
        "deaths_total": 0,
        "serious_injuries_total": 8,
        "max_risk_score": 39.0,
        "avg_risk_score": 39.0,
        "risk_level": "medium",
        "risk_level_ko": "주의",
        "high_member_count": 0,
        "center_lng": 128.62310728,
        "center_lat": 38.0756228
      }
    },
    {
      "type": "Feature",
      "geometry": {
        "type": "Point",
        "coordinates": [
          126.44837416,
          36.78540423
        ]
      },
      "properties": {
        "cluster_id": "ped_hotspot_cluster_0655",
        "display_name": "충청남도 서산시 읍내동(성일주택입구 부근)",
        "representative_place_name": "충청남도 서산시 읍내동(성일주택입구 부근)",
        "representative_district": "충청남도 서산시5",
        "member_count": 3,
        "repeat_year_count": 3,
        "source_years": [
          2022,
          2023,
          2024
        ],
        "accidents_total": 21,
        "casualties_total": 22,
        "deaths_total": 0,
        "serious_injuries_total": 22,
        "max_risk_score": 39.0,
        "avg_risk_score": 36.33,
        "risk_level": "medium",
        "risk_level_ko": "주의",
        "high_member_count": 0,
        "center_lng": 126.44837416,
        "center_lat": 36.78540423
      }
    },
    {
      "type": "Feature",
      "geometry": {
        "type": "Point",
        "coordinates": [
          127.11777213,
          35.81283681
        ]
      },
      "properties": {
        "cluster_id": "ped_hotspot_cluster_0656",
        "display_name": "전라북도 전주시 완산구 효자동1가(전북은행화산지점 부근)",
        "representative_place_name": "전라북도 전주시 완산구 효자동1가(전북은행화산지점 부근)",
        "representative_district": "전라북도 전주시 완산구4",
        "member_count": 3,
        "repeat_year_count": 3,
        "source_years": [
          2022,
          2023,
          2024
        ],
        "accidents_total": 21,
        "casualties_total": 23,
        "deaths_total": 0,
        "serious_injuries_total": 23,
        "max_risk_score": 39.0,
        "avg_risk_score": 37.67,
        "risk_level": "medium",
        "risk_level_ko": "주의",
        "high_member_count": 0,
        "center_lng": 127.11777213,
        "center_lat": 35.81283681
      }
    },
    {
      "type": "Feature",
      "geometry": {
        "type": "Point",
        "coordinates": [
          126.40219824,
          34.8062014
        ]
      },
      "properties": {
        "cluster_id": "ped_hotspot_cluster_0657",
        "display_name": "전남 목포시 용당동(MBC앞 부근)",
        "representative_place_name": "전라남도 목포시 용당동(MBC앞 부근)",
        "representative_district": "전라남도 목포시2",
        "member_count": 1,
        "repeat_year_count": 1,
        "source_years": [
          2022
        ],
        "accidents_total": 7,
        "casualties_total": 8,
        "deaths_total": 0,
        "serious_injuries_total": 8,
        "max_risk_score": 39.0,
        "avg_risk_score": 39.0,
        "risk_level": "medium",
        "risk_level_ko": "주의",
        "high_member_count": 0,
        "center_lng": 126.40219824,
        "center_lat": 34.8062014
      }
    },
    {
      "type": "Feature",
      "geometry": {
        "type": "Point",
        "coordinates": [
          129.35328313,
          36.01662551
        ]
      },
      "properties": {
        "cluster_id": "ped_hotspot_cluster_0658",
        "display_name": "경상북도 포항시 북구 죽도동(쌍용사거리 부근)",
        "representative_place_name": "경상북도 포항시 북구 죽도동(쌍용사거리 부근)",
        "representative_district": "경상북도 포항시 북구4",
        "member_count": 1,
        "repeat_year_count": 1,
        "source_years": [
          2022
        ],
        "accidents_total": 7,
        "casualties_total": 8,
        "deaths_total": 0,
        "serious_injuries_total": 8,
        "max_risk_score": 39.0,
        "avg_risk_score": 39.0,
        "risk_level": "medium",
        "risk_level_ko": "주의",
        "high_member_count": 0,
        "center_lng": 129.35328313,
        "center_lat": 36.01662551
      }
    },
    {
      "type": "Feature",
      "geometry": {
        "type": "Point",
        "coordinates": [
          128.62101349,
          36.82759375
        ]
      },
      "properties": {
        "cluster_id": "ped_hotspot_cluster_0659",
        "display_name": "경상북도 영주시 영주동(도시재생지원센터 부근)",
        "representative_place_name": "경상북도 영주시 영주동(도시재생지원센터 부근)",
        "representative_district": "경상북도 영주시2",
        "member_count": 3,
        "repeat_year_count": 3,
        "source_years": [
          2022,
          2023,
          2024
        ],
        "accidents_total": 21,
        "casualties_total": 24,
        "deaths_total": 0,
        "serious_injuries_total": 24,
        "max_risk_score": 39.0,
        "avg_risk_score": 39.0,
        "risk_level": "medium",
        "risk_level_ko": "주의",
        "high_member_count": 0,
        "center_lng": 128.62101349,
        "center_lat": 36.82759375
      }
    },
    {
      "type": "Feature",
      "geometry": {
        "type": "Point",
        "coordinates": [
          126.49277302,
          33.48564053
        ]
      },
      "properties": {
        "cluster_id": "ped_hotspot_cluster_0660",
        "display_name": "제주특별자치도 제주시 연동(카페베네제주연동점 부근)",
        "representative_place_name": "제주특별자치도 제주시 연동(카페베네제주연동점 부근)",
        "representative_district": "제주특별자치도 제주시3",
        "member_count": 1,
        "repeat_year_count": 1,
        "source_years": [
          2022
        ],
        "accidents_total": 7,
        "casualties_total": 8,
        "deaths_total": 0,
        "serious_injuries_total": 8,
        "max_risk_score": 39.0,
        "avg_risk_score": 39.0,
        "risk_level": "medium",
        "risk_level_ko": "주의",
        "high_member_count": 0,
        "center_lng": 126.49277302,
        "center_lat": 33.48564053
      }
    },
    {
      "type": "Feature",
      "geometry": {
        "type": "Point",
        "coordinates": [
          126.47746699,
          33.48749938
        ]
      },
      "properties": {
        "cluster_id": "ped_hotspot_cluster_0661",
        "display_name": "제주특별자치도 제주시 노형동(제주노형우체국 부근)",
        "representative_place_name": "제주특별자치도 제주시 노형동(제주노형우체국 부근)",
        "representative_district": "제주특별자치도 제주시4",
        "member_count": 1,
        "repeat_year_count": 1,
        "source_years": [
          2022
        ],
        "accidents_total": 7,
        "casualties_total": 8,
        "deaths_total": 0,
        "serious_injuries_total": 8,
        "max_risk_score": 39.0,
        "avg_risk_score": 39.0,
        "risk_level": "medium",
        "risk_level_ko": "주의",
        "high_member_count": 0,
        "center_lng": 126.47746699,
        "center_lat": 33.48749938
      }
    },
    {
      "type": "Feature",
      "geometry": {
        "type": "Point",
        "coordinates": [
          126.52701962,
          33.50323092
        ]
      },
      "properties": {
        "cluster_id": "ped_hotspot_cluster_0662",
        "display_name": "제주특별자치도 제주시 이도일동(KAL사거리 부근)",
        "representative_place_name": "제주특별자치도 제주시 이도일동(KAL사거리 부근)",
        "representative_district": "제주특별자치도 제주시5",
        "member_count": 1,
        "repeat_year_count": 1,
        "source_years": [
          2022
        ],
        "accidents_total": 7,
        "casualties_total": 8,
        "deaths_total": 0,
        "serious_injuries_total": 8,
        "max_risk_score": 39.0,
        "avg_risk_score": 39.0,
        "risk_level": "medium",
        "risk_level_ko": "주의",
        "high_member_count": 0,
        "center_lng": 126.52701962,
        "center_lat": 33.50323092
      }
    },
    {
      "type": "Feature",
      "geometry": {
        "type": "Point",
        "coordinates": [
          127.04188714,
          37.63096828
        ]
      },
      "properties": {
        "cluster_id": "ped_hotspot_cluster_0663",
        "display_name": "서울 도봉구 창동(초안교 부근)",
        "representative_place_name": "서울 도봉구 창동(초안교 부근)",
        "representative_district": "서울 도봉구6",
        "member_count": 1,
        "repeat_year_count": 1,
        "source_years": [
          2023
        ],
        "accidents_total": 7,
        "casualties_total": 8,
        "deaths_total": 0,
        "serious_injuries_total": 8,
        "max_risk_score": 39.0,
        "avg_risk_score": 39.0,
        "risk_level": "medium",
        "risk_level_ko": "주의",
        "high_member_count": 0,
        "center_lng": 127.04188714,
        "center_lat": 37.63096828
      }
    },
    {
      "type": "Feature",
      "geometry": {
        "type": "Point",
        "coordinates": [
          126.84341945,
          37.52189538
        ]
      },
      "properties": {
        "cluster_id": "ped_hotspot_cluster_0664",
        "display_name": "서울 양천구 신월동(해나어린이집 부근)",
        "representative_place_name": "서울 양천구 신월동(해나어린이집 부근)",
        "representative_district": "서울 양천구1",
        "member_count": 1,
        "repeat_year_count": 1,
        "source_years": [
          2023
        ],
        "accidents_total": 7,
        "casualties_total": 8,
        "deaths_total": 0,
        "serious_injuries_total": 8,
        "max_risk_score": 39.0,
        "avg_risk_score": 39.0,
        "risk_level": "medium",
        "risk_level_ko": "주의",
        "high_member_count": 0,
        "center_lng": 126.84341945,
        "center_lat": 37.52189538
      }
    },
    {
      "type": "Feature",
      "geometry": {
        "type": "Point",
        "coordinates": [
          129.08040203,
          35.18335406
        ]
      },
      "properties": {
        "cluster_id": "ped_hotspot_cluster_0665",
        "display_name": "부산 연제구 연산동(시티요양병원 부근)",
        "representative_place_name": "부산 연제구 연산동(시티요양병원 부근)",
        "representative_district": "부산 연제구3",
        "member_count": 1,
        "repeat_year_count": 1,
        "source_years": [
          2023
        ],
        "accidents_total": 7,
        "casualties_total": 8,
        "deaths_total": 0,
        "serious_injuries_total": 8,
        "max_risk_score": 39.0,
        "avg_risk_score": 39.0,
        "risk_level": "medium",
        "risk_level_ko": "주의",
        "high_member_count": 0,
        "center_lng": 129.08040203,
        "center_lat": 35.18335406
      }
    },
    {
      "type": "Feature",
      "geometry": {
        "type": "Point",
        "coordinates": [
          129.42651942,
          35.49235213
        ]
      },
      "properties": {
        "cluster_id": "ped_hotspot_cluster_0666",
        "display_name": "울산 동구 화정동(등대사거리 부근)",
        "representative_place_name": "울산 동구 화정동(등대사거리 부근)",
        "representative_district": "울산 동구2",
        "member_count": 2,
        "repeat_year_count": 2,
        "source_years": [
          2022,
          2023
        ],
        "accidents_total": 14,
        "casualties_total": 15,
        "deaths_total": 0,
        "serious_injuries_total": 15,
        "max_risk_score": 39.0,
        "avg_risk_score": 37.0,
        "risk_level": "medium",
        "risk_level_ko": "주의",
        "high_member_count": 0,
        "center_lng": 129.42651942,
        "center_lat": 35.49235213
      }
    },
    {
      "type": "Feature",
      "geometry": {
        "type": "Point",
        "coordinates": [
          126.95028055,
          37.39092258
        ]
      },
      "properties": {
        "cluster_id": "ped_hotspot_cluster_0667",
        "display_name": "경기 안양시 동안구 호계동(범계역사거리 부근)",
        "representative_place_name": "경기 안양시 동안구 호계동(범계역사거리 부근)",
        "representative_district": "경기 안양시 동안구1",
        "member_count": 3,
        "repeat_year_count": 3,
        "source_years": [
          2023,
          2024,
          2025
        ],
        "accidents_total": 21,
        "casualties_total": 22,
        "deaths_total": 0,
        "serious_injuries_total": 22,
        "max_risk_score": 39.0,
        "avg_risk_score": 36.33,
        "risk_level": "medium",
        "risk_level_ko": "주의",
        "high_member_count": 0,
        "center_lng": 126.95028055,
        "center_lat": 37.39092258
      }
    },
    {
      "type": "Feature",
      "geometry": {
        "type": "Point",
        "coordinates": [
          128.45516392,
          36.65594258
        ]
      },
      "properties": {
        "cluster_id": "ped_hotspot_cluster_0668",
        "display_name": "경북 예천군 예천읍 남본리(황승민치과의원 부근)",
        "representative_place_name": "경북 예천군 예천읍 남본리(황승민치과의원 부근)",
        "representative_district": "경북 예천군1",
        "member_count": 2,
        "repeat_year_count": 2,
        "source_years": [
          2023,
          2024
        ],
        "accidents_total": 14,
        "casualties_total": 15,
        "deaths_total": 0,
        "serious_injuries_total": 15,
        "max_risk_score": 39.0,
        "avg_risk_score": 37.0,
        "risk_level": "medium",
        "risk_level_ko": "주의",
        "high_member_count": 0,
        "center_lng": 128.45516392,
        "center_lat": 36.65594258
      }
    },
    {
      "type": "Feature",
      "geometry": {
        "type": "Point",
        "coordinates": [
          126.91278822,
          37.51116799
        ]
      },
      "properties": {
        "cluster_id": "ped_hotspot_cluster_0669",
        "display_name": "서울 영등포구 신길동(신길동홍어거리 부근)",
        "representative_place_name": "서울 영등포구 신길동(신길동홍어거리 부근)",
        "representative_district": "서울 영등포구3",
        "member_count": 2,
        "repeat_year_count": 2,
        "source_years": [
          2023,
          2024
        ],
        "accidents_total": 14,
        "casualties_total": 16,
        "deaths_total": 0,
        "serious_injuries_total": 15,
        "max_risk_score": 39.0,
        "avg_risk_score": 37.5,
        "risk_level": "medium",
        "risk_level_ko": "주의",
        "high_member_count": 0,
        "center_lng": 126.91278822,
        "center_lat": 37.51116799
      }
    },
    {
      "type": "Feature",
      "geometry": {
        "type": "Point",
        "coordinates": [
          129.05983732,
          35.1390516
        ]
      },
      "properties": {
        "cluster_id": "ped_hotspot_cluster_0670",
        "display_name": "부산 동구 범일동(다정온누리약국 부근)",
        "representative_place_name": "부산 동구 범일동(다정온누리약국 부근)",
        "representative_district": "부산 동구4",
        "member_count": 1,
        "repeat_year_count": 1,
        "source_years": [
          2024
        ],
        "accidents_total": 7,
        "casualties_total": 8,
        "deaths_total": 0,
        "serious_injuries_total": 8,
        "max_risk_score": 39.0,
        "avg_risk_score": 39.0,
        "risk_level": "medium",
        "risk_level_ko": "주의",
        "high_member_count": 0,
        "center_lng": 129.05983732,
        "center_lat": 35.1390516
      }
    },
    {
      "type": "Feature",
      "geometry": {
        "type": "Point",
        "coordinates": [
          127.14216833,
          37.44351478
        ]
      },
      "properties": {
        "cluster_id": "ped_hotspot_cluster_0671",
        "display_name": "경기 성남시 수정구 신흥동(숯골사거리 부근)",
        "representative_place_name": "경기 성남시 수정구 신흥동(숯골사거리 부근)",
        "representative_district": "경기 성남시 수정구4",
        "member_count": 2,
        "repeat_year_count": 2,
        "source_years": [
          2024,
          2025
        ],
        "accidents_total": 14,
        "casualties_total": 16,
        "deaths_total": 0,
        "serious_injuries_total": 16,
        "max_risk_score": 39.0,
        "avg_risk_score": 39.0,
        "risk_level": "medium",
        "risk_level_ko": "주의",
        "high_member_count": 0,
        "center_lng": 127.14216833,
        "center_lat": 37.44351478
      }
    },
    {
      "type": "Feature",
      "geometry": {
        "type": "Point",
        "coordinates": [
          126.83510968,
          37.65729009
        ]
      },
      "properties": {
        "cluster_id": "ped_hotspot_cluster_0672",
        "display_name": "경기 고양시 덕양구 주교동(맛있는고깃집 부근)",
        "representative_place_name": "경기 고양시 덕양구 주교동(맛있는고깃집 부근)",
        "representative_district": "경기 고양시 덕양구2",
        "member_count": 2,
        "repeat_year_count": 2,
        "source_years": [
          2023,
          2024
        ],
        "accidents_total": 14,
        "casualties_total": 15,
        "deaths_total": 0,
        "serious_injuries_total": 15,
        "max_risk_score": 39.0,
        "avg_risk_score": 37.0,
        "risk_level": "medium",
        "risk_level_ko": "주의",
        "high_member_count": 0,
        "center_lng": 126.83510968,
        "center_lat": 37.65729009
      }
    },
    {
      "type": "Feature",
      "geometry": {
        "type": "Point",
        "coordinates": [
          127.93162351,
          37.34707281
        ]
      },
      "properties": {
        "cluster_id": "ped_hotspot_cluster_0673",
        "display_name": "강원 원주시 단계동(D마트약국 부근)",
        "representative_place_name": "강원 원주시 단계동(D마트약국 부근)",
        "representative_district": "강원 원주시1",
        "member_count": 2,
        "repeat_year_count": 2,
        "source_years": [
          2024,
          2025
        ],
        "accidents_total": 14,
        "casualties_total": 15,
        "deaths_total": 0,
        "serious_injuries_total": 15,
        "max_risk_score": 39.0,
        "avg_risk_score": 37.0,
        "risk_level": "medium",
        "risk_level_ko": "주의",
        "high_member_count": 0,
        "center_lng": 127.93162351,
        "center_lat": 37.34707281
      }
    },
    {
      "type": "Feature",
      "geometry": {
        "type": "Point",
        "coordinates": [
          128.36868142,
          36.98189969
        ]
      },
      "properties": {
        "cluster_id": "ped_hotspot_cluster_0674",
        "display_name": "충북 단양군 단양읍(시장약국 부근)",
        "representative_place_name": "충북 단양군 단양읍(시장약국 부근)",
        "representative_district": "충북 단양군1",
        "member_count": 1,
        "repeat_year_count": 1,
        "source_years": [
          2024
        ],
        "accidents_total": 7,
        "casualties_total": 8,
        "deaths_total": 0,
        "serious_injuries_total": 8,
        "max_risk_score": 39.0,
        "avg_risk_score": 39.0,
        "risk_level": "medium",
        "risk_level_ko": "주의",
        "high_member_count": 0,
        "center_lng": 128.36868142,
        "center_lat": 36.98189969
      }
    },
    {
      "type": "Feature",
      "geometry": {
        "type": "Point",
        "coordinates": [
          127.01775788,
          37.57390619
        ]
      },
      "properties": {
        "cluster_id": "ped_hotspot_cluster_0675",
        "display_name": "서울 종로구 숭인동(동묘벼룩시장 부근)",
        "representative_place_name": "서울 종로구 숭인동(동묘벼룩시장 부근)",
        "representative_district": "서울 종로구6",
        "member_count": 1,
        "repeat_year_count": 1,
        "source_years": [
          2025
        ],
        "accidents_total": 7,
        "casualties_total": 8,
        "deaths_total": 0,
        "serious_injuries_total": 8,
        "max_risk_score": 39.0,
        "avg_risk_score": 39.0,
        "risk_level": "medium",
        "risk_level_ko": "주의",
        "high_member_count": 0,
        "center_lng": 127.01775788,
        "center_lat": 37.57390619
      }
    },
    {
      "type": "Feature",
      "geometry": {
        "type": "Point",
        "coordinates": [
          127.09584774,
          37.60718416
        ]
      },
      "properties": {
        "cluster_id": "ped_hotspot_cluster_0676",
        "display_name": "서울 중랑구 신내동(중랑구청사거리 부근)",
        "representative_place_name": "서울 중랑구 신내동(중랑구청사거리 부근)",
        "representative_district": "서울 중랑구7",
        "member_count": 1,
        "repeat_year_count": 1,
        "source_years": [
          2025
        ],
        "accidents_total": 7,
        "casualties_total": 8,
        "deaths_total": 0,
        "serious_injuries_total": 8,
        "max_risk_score": 39.0,
        "avg_risk_score": 39.0,
        "risk_level": "medium",
        "risk_level_ko": "주의",
        "high_member_count": 0,
        "center_lng": 127.09584774,
        "center_lat": 37.60718416
      }
    },
    {
      "type": "Feature",
      "geometry": {
        "type": "Point",
        "coordinates": [
          126.93356418,
          37.50152342
        ]
      },
      "properties": {
        "cluster_id": "ped_hotspot_cluster_0677",
        "display_name": "서울 동작구 상도동(아이세상어린이집 부근)",
        "representative_place_name": "서울 동작구 상도동(아이세상어린이집 부근)",
        "representative_district": "서울 동작구7",
        "member_count": 1,
        "repeat_year_count": 1,
        "source_years": [
          2025
        ],
        "accidents_total": 7,
        "casualties_total": 8,
        "deaths_total": 0,
        "serious_injuries_total": 8,
        "max_risk_score": 39.0,
        "avg_risk_score": 39.0,
        "risk_level": "medium",
        "risk_level_ko": "주의",
        "high_member_count": 0,
        "center_lng": 126.93356418,
        "center_lat": 37.50152342
      }
    },
    {
      "type": "Feature",
      "geometry": {
        "type": "Point",
        "coordinates": [
          127.02433928,
          37.50590782
        ]
      },
      "properties": {
        "cluster_id": "ped_hotspot_cluster_0678",
        "display_name": "서울 강남구 논현동(블루밍약국 부근)",
        "representative_place_name": "서울 강남구 논현동(블루밍약국 부근)",
        "representative_district": "서울 강남구3",
        "member_count": 1,
        "repeat_year_count": 1,
        "source_years": [
          2025
        ],
        "accidents_total": 7,
        "casualties_total": 8,
        "deaths_total": 0,
        "serious_injuries_total": 8,
        "max_risk_score": 39.0,
        "avg_risk_score": 39.0,
        "risk_level": "medium",
        "risk_level_ko": "주의",
        "high_member_count": 0,
        "center_lng": 127.02433928,
        "center_lat": 37.50590782
      }
    },
    {
      "type": "Feature",
      "geometry": {
        "type": "Point",
        "coordinates": [
          127.10044893,
          37.51309114
        ]
      },
      "properties": {
        "cluster_id": "ped_hotspot_cluster_0679",
        "display_name": "서울 송파구 신천동(잠실역사거리 부근)",
        "representative_place_name": "서울 송파구 신천동(잠실역사거리 부근)",
        "representative_district": "서울 송파구6",
        "member_count": 1,
        "repeat_year_count": 1,
        "source_years": [
          2025
        ],
        "accidents_total": 7,
        "casualties_total": 8,
        "deaths_total": 0,
        "serious_injuries_total": 8,
        "max_risk_score": 39.0,
        "avg_risk_score": 39.0,
        "risk_level": "medium",
        "risk_level_ko": "주의",
        "high_member_count": 0,
        "center_lng": 127.10044893,
        "center_lat": 37.51309114
      }
    },
    {
      "type": "Feature",
      "geometry": {
        "type": "Point",
        "coordinates": [
          129.08219548,
          35.20603642
        ]
      },
      "properties": {
        "cluster_id": "ped_hotspot_cluster_0680",
        "display_name": "부산 동래구 명륜동(상무초밥 부산동래점 부근)",
        "representative_place_name": "부산 동래구 명륜동(상무초밥 부산동래점 부근)",
        "representative_district": "부산 동래구2",
        "member_count": 1,
        "repeat_year_count": 1,
        "source_years": [
          2025
        ],
        "accidents_total": 7,
        "casualties_total": 8,
        "deaths_total": 0,
        "serious_injuries_total": 8,
        "max_risk_score": 39.0,
        "avg_risk_score": 39.0,
        "risk_level": "medium",
        "risk_level_ko": "주의",
        "high_member_count": 0,
        "center_lng": 129.08219548,
        "center_lat": 35.20603642
      }
    },
    {
      "type": "Feature",
      "geometry": {
        "type": "Point",
        "coordinates": [
          128.99327724,
          35.09689361
        ]
      },
      "properties": {
        "cluster_id": "ped_hotspot_cluster_0681",
        "display_name": "부산 사하구 괴정동(괴정동교차로 부근)",
        "representative_place_name": "부산 사하구 괴정동(괴정동교차로 부근)",
        "representative_district": "부산 사하구2",
        "member_count": 1,
        "repeat_year_count": 1,
        "source_years": [
          2025
        ],
        "accidents_total": 7,
        "casualties_total": 8,
        "deaths_total": 0,
        "serious_injuries_total": 8,
        "max_risk_score": 39.0,
        "avg_risk_score": 39.0,
        "risk_level": "medium",
        "risk_level_ko": "주의",
        "high_member_count": 0,
        "center_lng": 128.99327724,
        "center_lat": 35.09689361
      }
    },
    {
      "type": "Feature",
      "geometry": {
        "type": "Point",
        "coordinates": [
          129.07298652,
          35.18210002
        ]
      },
      "properties": {
        "cluster_id": "ped_hotspot_cluster_0682",
        "display_name": "부산 연제구 거제동(거제시장 부근)",
        "representative_place_name": "부산 연제구 거제동(거제시장 부근)",
        "representative_district": "부산 연제구2",
        "member_count": 1,
        "repeat_year_count": 1,
        "source_years": [
          2025
        ],
        "accidents_total": 7,
        "casualties_total": 8,
        "deaths_total": 0,
        "serious_injuries_total": 8,
        "max_risk_score": 39.0,
        "avg_risk_score": 39.0,
        "risk_level": "medium",
        "risk_level_ko": "주의",
        "high_member_count": 0,
        "center_lng": 129.07298652,
        "center_lat": 35.18210002
      }
    },
    {
      "type": "Feature",
      "geometry": {
        "type": "Point",
        "coordinates": [
          129.30683246,
          35.55665521
        ]
      },
      "properties": {
        "cluster_id": "ped_hotspot_cluster_0683",
        "display_name": "울산 중구 우정동(태화약국 부근)",
        "representative_place_name": "울산 중구 우정동(태화약국 부근)",
        "representative_district": "울산 중구2",
        "member_count": 2,
        "repeat_year_count": 2,
        "source_years": [
          2024,
          2025
        ],
        "accidents_total": 14,
        "casualties_total": 15,
        "deaths_total": 0,
        "serious_injuries_total": 15,
        "max_risk_score": 39.0,
        "avg_risk_score": 37.0,
        "risk_level": "medium",
        "risk_level_ko": "주의",
        "high_member_count": 0,
        "center_lng": 129.30683246,
        "center_lat": 35.55665521
      }
    },
    {
      "type": "Feature",
      "geometry": {
        "type": "Point",
        "coordinates": [
          127.13607679,
          37.4409264
        ]
      },
      "properties": {
        "cluster_id": "ped_hotspot_cluster_0684",
        "display_name": "경기 성남시 수정구 신흥동(아이원어린이집 부근)",
        "representative_place_name": "경기 성남시 수정구 신흥동(아이원어린이집 부근)",
        "representative_district": "경기 성남시 수정구4",
        "member_count": 1,
        "repeat_year_count": 1,
        "source_years": [
          2025
        ],
        "accidents_total": 7,
        "casualties_total": 8,
        "deaths_total": 0,
        "serious_injuries_total": 8,
        "max_risk_score": 39.0,
        "avg_risk_score": 39.0,
        "risk_level": "medium",
        "risk_level_ko": "주의",
        "high_member_count": 0,
        "center_lng": 127.13607679,
        "center_lat": 37.4409264
      }
    },
    {
      "type": "Feature",
      "geometry": {
        "type": "Point",
        "coordinates": [
          126.97697979,
          35.95939941
        ]
      },
      "properties": {
        "cluster_id": "ped_hotspot_cluster_0685",
        "display_name": "전북 익산시 영등동(영등2동주민센터 복지민원 부근)",
        "representative_place_name": "전북 익산시 영등동(영등2동주민센터 복지민원 부근)",
        "representative_district": "전북 익산시1",
        "member_count": 3,
        "repeat_year_count": 3,
        "source_years": [
          2023,
          2024,
          2025
        ],
        "accidents_total": 21,
        "casualties_total": 24,
        "deaths_total": 0,
        "serious_injuries_total": 22,
        "max_risk_score": 39.0,
        "avg_risk_score": 37.0,
        "risk_level": "medium",
        "risk_level_ko": "주의",
        "high_member_count": 0,
        "center_lng": 126.97697979,
        "center_lat": 35.95939941
      }
    },
    {
      "type": "Feature",
      "geometry": {
        "type": "Point",
        "coordinates": [
          126.41954525,
          34.81644687
        ]
      },
      "properties": {
        "cluster_id": "ped_hotspot_cluster_0686",
        "display_name": "전남 목포시 상동(공단삼거리 부근)",
        "representative_place_name": "전남 목포시 상동(공단삼거리 부근)",
        "representative_district": "전남 목포시1",
        "member_count": 1,
        "repeat_year_count": 1,
        "source_years": [
          2025
        ],
        "accidents_total": 7,
        "casualties_total": 8,
        "deaths_total": 0,
        "serious_injuries_total": 8,
        "max_risk_score": 39.0,
        "avg_risk_score": 39.0,
        "risk_level": "medium",
        "risk_level_ko": "주의",
        "high_member_count": 0,
        "center_lng": 126.41954525,
        "center_lat": 34.81644687
      }
    },
    {
      "type": "Feature",
      "geometry": {
        "type": "Point",
        "coordinates": [
          126.49071234,
          33.48611962
        ]
      },
      "properties": {
        "cluster_id": "ped_hotspot_cluster_0687",
        "display_name": "제주 제주시 연동(그랜드호텔사거리 부근)",
        "representative_place_name": "제주 제주시 연동(그랜드호텔사거리 부근)",
        "representative_district": "제주 제주시4",
        "member_count": 1,
        "repeat_year_count": 1,
        "source_years": [
          2025
        ],
        "accidents_total": 7,
        "casualties_total": 8,
        "deaths_total": 0,
        "serious_injuries_total": 8,
        "max_risk_score": 39.0,
        "avg_risk_score": 39.0,
        "risk_level": "medium",
        "risk_level_ko": "주의",
        "high_member_count": 0,
        "center_lng": 126.49071234,
        "center_lat": 33.48611962
      }
    },
    {
      "type": "Feature",
      "geometry": {
        "type": "Point",
        "coordinates": [
          128.5556829,
          35.86816818
        ]
      },
      "properties": {
        "cluster_id": "ped_hotspot_cluster_0688",
        "display_name": "대구광역시 서구 평리동(평리동162125 부근)",
        "representative_place_name": "대구광역시 서구 평리동(평리동162125 부근)",
        "representative_district": "대구광역시 서구1",
        "member_count": 1,
        "repeat_year_count": 1,
        "source_years": [
          2022
        ],
        "accidents_total": 7,
        "casualties_total": 10,
        "deaths_total": 0,
        "serious_injuries_total": 7,
        "max_risk_score": 38.0,
        "avg_risk_score": 38.0,
        "risk_level": "low",
        "risk_level_ko": "관심",
        "high_member_count": 0,
        "center_lng": 128.5556829,
        "center_lat": 35.86816818
      }
    },
    {
      "type": "Feature",
      "geometry": {
        "type": "Point",
        "coordinates": [
          129.06957517,
          35.170597
        ]
      },
      "properties": {
        "cluster_id": "ped_hotspot_cluster_0689",
        "display_name": "부산 부산진구 양정동(부산시민운동지원센터 부근)",
        "representative_place_name": "부산광역시 부산진구 양정동(부산시민운동지원센터 부근)",
        "representative_district": "부산광역시 부산진구13",
        "member_count": 2,
        "repeat_year_count": 2,
        "source_years": [
          2022,
          2025
        ],
        "accidents_total": 14,
        "casualties_total": 17,
        "deaths_total": 0,
        "serious_injuries_total": 14,
        "max_risk_score": 37.5,
        "avg_risk_score": 36.25,
        "risk_level": "low",
        "risk_level_ko": "관심",
        "high_member_count": 0,
        "center_lng": 129.06957517,
        "center_lat": 35.170597
      }
    },
    {
      "type": "Feature",
      "geometry": {
        "type": "Point",
        "coordinates": [
          127.06713869,
          37.5915026
        ]
      },
      "properties": {
        "cluster_id": "ped_hotspot_cluster_0690",
        "display_name": "서울 동대문구 휘경동(중랑교사거리 부근)",
        "representative_place_name": "서울특별시 동대문구 휘경동(중랑교사거리 부근)",
        "representative_district": "서울특별시 동대문구10",
        "member_count": 1,
        "repeat_year_count": 1,
        "source_years": [
          2022
        ],
        "accidents_total": 7,
        "casualties_total": 9,
        "deaths_total": 0,
        "serious_injuries_total": 7,
        "max_risk_score": 37.0,
        "avg_risk_score": 37.0,
        "risk_level": "low",
        "risk_level_ko": "관심",
        "high_member_count": 0,
        "center_lng": 127.06713869,
        "center_lat": 37.5915026
      }
    },
    {
      "type": "Feature",
      "geometry": {
        "type": "Point",
        "coordinates": [
          126.85154181,
          37.53084616
        ]
      },
      "properties": {
        "cluster_id": "ped_hotspot_cluster_0691",
        "display_name": "서울 강서구 화곡동(동면빌딩 부근)",
        "representative_place_name": "서울특별시 강서구 화곡동(동면빌딩 부근)",
        "representative_district": "서울특별시 강서구5",
        "member_count": 1,
        "repeat_year_count": 1,
        "source_years": [
          2022
        ],
        "accidents_total": 7,
        "casualties_total": 9,
        "deaths_total": 0,
        "serious_injuries_total": 7,
        "max_risk_score": 37.0,
        "avg_risk_score": 37.0,
        "risk_level": "low",
        "risk_level_ko": "관심",
        "high_member_count": 0,
        "center_lng": 126.85154181,
        "center_lat": 37.53084616
      }
    },
    {
      "type": "Feature",
      "geometry": {
        "type": "Point",
        "coordinates": [
          126.6458723,
          37.46337928
        ]
      },
      "properties": {
        "cluster_id": "ped_hotspot_cluster_0692",
        "display_name": "인천광역시 미추홀구 숭의동(장안사거리 부근)",
        "representative_place_name": "인천광역시 미추홀구 숭의동(장안사거리 부근)",
        "representative_district": "인천광역시 미추홀구4",
        "member_count": 1,
        "repeat_year_count": 1,
        "source_years": [
          2022
        ],
        "accidents_total": 7,
        "casualties_total": 9,
        "deaths_total": 0,
        "serious_injuries_total": 7,
        "max_risk_score": 37.0,
        "avg_risk_score": 37.0,
        "risk_level": "low",
        "risk_level_ko": "관심",
        "high_member_count": 0,
        "center_lng": 126.6458723,
        "center_lat": 37.46337928
      }
    },
    {
      "type": "Feature",
      "geometry": {
        "type": "Point",
        "coordinates": [
          127.03013315,
          37.49492152
        ]
      },
      "properties": {
        "cluster_id": "ped_hotspot_cluster_0693",
        "display_name": "서울 강남구 역삼동(비타바른이치과의원 부근)",
        "representative_place_name": "서울 강남구 역삼동(비타바른이치과의원 부근)",
        "representative_district": "서울 강남구3",
        "member_count": 1,
        "repeat_year_count": 1,
        "source_years": [
          2023
        ],
        "accidents_total": 7,
        "casualties_total": 9,
        "deaths_total": 0,
        "serious_injuries_total": 7,
        "max_risk_score": 37.0,
        "avg_risk_score": 37.0,
        "risk_level": "low",
        "risk_level_ko": "관심",
        "high_member_count": 0,
        "center_lng": 127.03013315,
        "center_lat": 37.49492152
      }
    },
    {
      "type": "Feature",
      "geometry": {
        "type": "Point",
        "coordinates": [
          129.10215374,
          35.13803775
        ]
      },
      "properties": {
        "cluster_id": "ped_hotspot_cluster_0694",
        "display_name": "부산 남구 대연동(대연지구대 부근)",
        "representative_place_name": "부산 남구 대연동(대연지구대 부근)",
        "representative_district": "부산 남구2",
        "member_count": 1,
        "repeat_year_count": 1,
        "source_years": [
          2023
        ],
        "accidents_total": 7,
        "casualties_total": 9,
        "deaths_total": 0,
        "serious_injuries_total": 7,
        "max_risk_score": 37.0,
        "avg_risk_score": 37.0,
        "risk_level": "low",
        "risk_level_ko": "관심",
        "high_member_count": 0,
        "center_lng": 129.10215374,
        "center_lat": 35.13803775
      }
    },
    {
      "type": "Feature",
      "geometry": {
        "type": "Point",
        "coordinates": [
          126.82138559,
          37.34301814
        ]
      },
      "properties": {
        "cluster_id": "ped_hotspot_cluster_0695",
        "display_name": "경기 안산시 단원구 와동(바른맘어린이집 부근)",
        "representative_place_name": "경기 안산시 단원구 와동(바른맘어린이집 부근)",
        "representative_district": "경기 안산시 단원구2",
        "member_count": 1,
        "repeat_year_count": 1,
        "source_years": [
          2023
        ],
        "accidents_total": 7,
        "casualties_total": 9,
        "deaths_total": 0,
        "serious_injuries_total": 7,
        "max_risk_score": 37.0,
        "avg_risk_score": 37.0,
        "risk_level": "low",
        "risk_level_ko": "관심",
        "high_member_count": 0,
        "center_lng": 126.82138559,
        "center_lat": 37.34301814
      }
    },
    {
      "type": "Feature",
      "geometry": {
        "type": "Point",
        "coordinates": [
          127.09743619,
          37.58985797
        ]
      },
      "properties": {
        "cluster_id": "ped_hotspot_cluster_0696",
        "display_name": "서울 중랑구 면목동(겸재삼거리 부근)",
        "representative_place_name": "서울 중랑구 면목동(겸재삼거리 부근)",
        "representative_district": "서울 중랑구10",
        "member_count": 1,
        "repeat_year_count": 1,
        "source_years": [
          2024
        ],
        "accidents_total": 7,
        "casualties_total": 9,
        "deaths_total": 0,
        "serious_injuries_total": 7,
        "max_risk_score": 37.0,
        "avg_risk_score": 37.0,
        "risk_level": "low",
        "risk_level_ko": "관심",
        "high_member_count": 0,
        "center_lng": 127.09743619,
        "center_lat": 37.58985797
      }
    },
    {
      "type": "Feature",
      "geometry": {
        "type": "Point",
        "coordinates": [
          127.05287676,
          37.49778002
        ]
      },
      "properties": {
        "cluster_id": "ped_hotspot_cluster_0697",
        "display_name": "서울 강남구 대치동(동명온누리약국 부근)",
        "representative_place_name": "서울 강남구 대치동(동명온누리약국 부근)",
        "representative_district": "서울 강남구4",
        "member_count": 2,
        "repeat_year_count": 2,
        "source_years": [
          2024,
          2025
        ],
        "accidents_total": 14,
        "casualties_total": 16,
        "deaths_total": 0,
        "serious_injuries_total": 14,
        "max_risk_score": 37.0,
        "avg_risk_score": 36.0,
        "risk_level": "low",
        "risk_level_ko": "관심",
        "high_member_count": 0,
        "center_lng": 127.05287676,
        "center_lat": 37.49778002
      }
    },
    {
      "type": "Feature",
      "geometry": {
        "type": "Point",
        "coordinates": [
          129.06343871,
          35.09576386
        ]
      },
      "properties": {
        "cluster_id": "ped_hotspot_cluster_0698",
        "display_name": "부산 영도구 청학동(신한기공사앞교차로 부근)",
        "representative_place_name": "부산광역시 영도구 청학동(신한기공사앞교차로 부근)",
        "representative_district": "부산광역시 영도구4",
        "member_count": 1,
        "repeat_year_count": 1,
        "source_years": [
          2022
        ],
        "accidents_total": 7,
        "casualties_total": 9,
        "deaths_total": 0,
        "serious_injuries_total": 7,
        "max_risk_score": 36.5,
        "avg_risk_score": 36.5,
        "risk_level": "low",
        "risk_level_ko": "관심",
        "high_member_count": 0,
        "center_lng": 129.06343871,
        "center_lat": 35.09576386
      }
    },
    {
      "type": "Feature",
      "geometry": {
        "type": "Point",
        "coordinates": [
          126.87919819,
          37.4619752
        ]
      },
      "properties": {
        "cluster_id": "ped_hotspot_cluster_0699",
        "display_name": "경기 광명시 하안동(하안사거리 부근)",
        "representative_place_name": "경기 광명시 하안동(하안사거리 부근)",
        "representative_district": "경기 광명시2",
        "member_count": 3,
        "repeat_year_count": 3,
        "source_years": [
          2023,
          2024,
          2025
        ],
        "accidents_total": 21,
        "casualties_total": 25,
        "deaths_total": 0,
        "serious_injuries_total": 21,
        "max_risk_score": 36.5,
        "avg_risk_score": 36.0,
        "risk_level": "low",
        "risk_level_ko": "관심",
        "high_member_count": 0,
        "center_lng": 126.87919819,
        "center_lat": 37.4619752
      }
    },
    {
      "type": "Feature",
      "geometry": {
        "type": "Point",
        "coordinates": [
          126.37630265,
          34.80465146
        ]
      },
      "properties": {
        "cluster_id": "ped_hotspot_cluster_0700",
        "display_name": "전남 목포시 산정동(미치과의원 부근)",
        "representative_place_name": "전남 목포시 산정동(미치과의원 부근)",
        "representative_district": "전남 목포시2",
        "member_count": 1,
        "repeat_year_count": 1,
        "source_years": [
          2023
        ],
        "accidents_total": 7,
        "casualties_total": 9,
        "deaths_total": 0,
        "serious_injuries_total": 7,
        "max_risk_score": 36.5,
        "avg_risk_score": 36.5,
        "risk_level": "low",
        "risk_level_ko": "관심",
        "high_member_count": 0,
        "center_lng": 126.37630265,
        "center_lat": 34.80465146
      }
    },
    {
      "type": "Feature",
      "geometry": {
        "type": "Point",
        "coordinates": [
          127.02959856,
          37.6169571
        ]
      },
      "properties": {
        "cluster_id": "ped_hotspot_cluster_0701",
        "display_name": "서울 강북구 미아동(삼양입구사거리 부근)",
        "representative_place_name": "서울특별시 강북구 미아동(삼양입구사거리 부근)",
        "representative_district": "서울특별시 강북구8",
        "member_count": 1,
        "repeat_year_count": 1,
        "source_years": [
          2022
        ],
        "accidents_total": 7,
        "casualties_total": 8,
        "deaths_total": 0,
        "serious_injuries_total": 7,
        "max_risk_score": 36.0,
        "avg_risk_score": 36.0,
        "risk_level": "low",
        "risk_level_ko": "관심",
        "high_member_count": 0,
        "center_lng": 127.02959856,
        "center_lat": 37.6169571
      }
    },
    {
      "type": "Feature",
      "geometry": {
        "type": "Point",
        "coordinates": [
          127.03273935,
          37.65825085
        ]
      },
      "properties": {
        "cluster_id": "ped_hotspot_cluster_0702",
        "display_name": "서울 도봉구 쌍문동(쌍문주택은행 부근)",
        "representative_place_name": "서울특별시 도봉구 쌍문동(쌍문주택은행 부근)",
        "representative_district": "서울특별시 도봉구4",
        "member_count": 1,
        "repeat_year_count": 1,
        "source_years": [
          2022
        ],
        "accidents_total": 7,
        "casualties_total": 8,
        "deaths_total": 0,
        "serious_injuries_total": 7,
        "max_risk_score": 36.0,
        "avg_risk_score": 36.0,
        "risk_level": "low",
        "risk_level_ko": "관심",
        "high_member_count": 0,
        "center_lng": 127.03273935,
        "center_lat": 37.65825085
      }
    },
    {
      "type": "Feature",
      "geometry": {
        "type": "Point",
        "coordinates": [
          127.05507707,
          37.67672444
        ]
      },
      "properties": {
        "cluster_id": "ped_hotspot_cluster_0703",
        "display_name": "서울 노원구 상계동(수락산역 부근)",
        "representative_place_name": "서울특별시 노원구 상계동(수락산역 부근)",
        "representative_district": "서울특별시 노원구4",
        "member_count": 1,
        "repeat_year_count": 1,
        "source_years": [
          2022
        ],
        "accidents_total": 7,
        "casualties_total": 8,
        "deaths_total": 0,
        "serious_injuries_total": 7,
        "max_risk_score": 36.0,
        "avg_risk_score": 36.0,
        "risk_level": "low",
        "risk_level_ko": "관심",
        "high_member_count": 0,
        "center_lng": 127.05507707,
        "center_lat": 37.67672444
      }
    },
    {
      "type": "Feature",
      "geometry": {
        "type": "Point",
        "coordinates": [
          126.92110863,
          37.55049651
        ]
      },
      "properties": {
        "cluster_id": "ped_hotspot_cluster_0704",
        "display_name": "서울 마포구 서교동(태성빌딩 부근)",
        "representative_place_name": "서울특별시 마포구 서교동(태성빌딩 부근)",
        "representative_district": "서울특별시 마포구3",
        "member_count": 1,
        "repeat_year_count": 1,
        "source_years": [
          2022
        ],
        "accidents_total": 7,
        "casualties_total": 8,
        "deaths_total": 0,
        "serious_injuries_total": 7,
        "max_risk_score": 36.0,
        "avg_risk_score": 36.0,
        "risk_level": "low",
        "risk_level_ko": "관심",
        "high_member_count": 0,
        "center_lng": 126.92110863,
        "center_lat": 37.55049651
      }
    },
    {
      "type": "Feature",
      "geometry": {
        "type": "Point",
        "coordinates": [
          126.81206408,
          37.5654146
        ]
      },
      "properties": {
        "cluster_id": "ped_hotspot_cluster_0705",
        "display_name": "서울 강서구 방화동(국제예식장 부근)",
        "representative_place_name": "서울특별시 강서구 방화동(국제예식장 부근)",
        "representative_district": "서울특별시 강서구6",
        "member_count": 1,
        "repeat_year_count": 1,
        "source_years": [
          2022
        ],
        "accidents_total": 7,
        "casualties_total": 8,
        "deaths_total": 0,
        "serious_injuries_total": 7,
        "max_risk_score": 36.0,
        "avg_risk_score": 36.0,
        "risk_level": "low",
        "risk_level_ko": "관심",
        "high_member_count": 0,
        "center_lng": 126.81206408,
        "center_lat": 37.5654146
      }
    },
    {
      "type": "Feature",
      "geometry": {
        "type": "Point",
        "coordinates": [
          126.88287234,
          37.49207566
        ]
      },
      "properties": {
        "cluster_id": "ped_hotspot_cluster_0706",
        "display_name": "서울 구로구 구로동(가마산고가차도남측 부근)",
        "representative_place_name": "서울특별시 구로구 구로동(가마산고가차도남측 부근)",
        "representative_district": "서울특별시 구로구4",
        "member_count": 1,
        "repeat_year_count": 1,
        "source_years": [
          2022
        ],
        "accidents_total": 7,
        "casualties_total": 8,
        "deaths_total": 0,
        "serious_injuries_total": 7,
        "max_risk_score": 36.0,
        "avg_risk_score": 36.0,
        "risk_level": "low",
        "risk_level_ko": "관심",
        "high_member_count": 0,
        "center_lng": 126.88287234,
        "center_lat": 37.49207566
      }
    },
    {
      "type": "Feature",
      "geometry": {
        "type": "Point",
        "coordinates": [
          126.85989827,
          37.50655532
        ]
      },
      "properties": {
        "cluster_id": "ped_hotspot_cluster_0707",
        "display_name": "서울 구로구 고척동(고척2파출소앞교차로 부근)",
        "representative_place_name": "서울특별시 구로구 고척동(고척2파출소앞교차로 부근)",
        "representative_district": "서울특별시 구로구5",
        "member_count": 1,
        "repeat_year_count": 1,
        "source_years": [
          2022
        ],
        "accidents_total": 7,
        "casualties_total": 8,
        "deaths_total": 0,
        "serious_injuries_total": 7,
        "max_risk_score": 36.0,
        "avg_risk_score": 36.0,
        "risk_level": "low",
        "risk_level_ko": "관심",
        "high_member_count": 0,
        "center_lng": 126.85989827,
        "center_lat": 37.50655532
      }
    },
    {
      "type": "Feature",
      "geometry": {
        "type": "Point",
        "coordinates": [
          126.89021729,
          37.47913428
        ]
      },
      "properties": {
        "cluster_id": "ped_hotspot_cluster_0708",
        "display_name": "서울 금천구 가산동(디지털단지오거리 부근)",
        "representative_place_name": "서울특별시 금천구 가산동(디지털단지오거리 부근)",
        "representative_district": "서울특별시 금천구8",
        "member_count": 1,
        "repeat_year_count": 1,
        "source_years": [
          2022
        ],
        "accidents_total": 7,
        "casualties_total": 8,
        "deaths_total": 0,
        "serious_injuries_total": 7,
        "max_risk_score": 36.0,
        "avg_risk_score": 36.0,
        "risk_level": "low",
        "risk_level_ko": "관심",
        "high_member_count": 0,
        "center_lng": 126.89021729,
        "center_lat": 37.47913428
      }
    },
    {
      "type": "Feature",
      "geometry": {
        "type": "Point",
        "coordinates": [
          126.90780629,
          37.51473712
        ]
      },
      "properties": {
        "cluster_id": "ped_hotspot_cluster_0709",
        "display_name": "서울 영등포구 영등포동(영등포역1번출구 부근)",
        "representative_place_name": "서울특별시 영등포구 영등포동(영등포역1번출구 부근)",
        "representative_district": "서울특별시 영등포구7",
        "member_count": 1,
        "repeat_year_count": 1,
        "source_years": [
          2022
        ],
        "accidents_total": 7,
        "casualties_total": 8,
        "deaths_total": 0,
        "serious_injuries_total": 7,
        "max_risk_score": 36.0,
        "avg_risk_score": 36.0,
        "risk_level": "low",
        "risk_level_ko": "관심",
        "high_member_count": 0,
        "center_lng": 126.90780629,
        "center_lat": 37.51473712
      }
    },
    {
      "type": "Feature",
      "geometry": {
        "type": "Point",
        "coordinates": [
          126.97777034,
          37.47739044
        ]
      },
      "properties": {
        "cluster_id": "ped_hotspot_cluster_0710",
        "display_name": "서울 동작구 사당동(신한은행사당지점 부근)",
        "representative_place_name": "서울특별시 동작구 사당동(신한은행사당지점 부근)",
        "representative_district": "서울특별시 동작구8",
        "member_count": 1,
        "repeat_year_count": 1,
        "source_years": [
          2022
        ],
        "accidents_total": 7,
        "casualties_total": 8,
        "deaths_total": 0,
        "serious_injuries_total": 7,
        "max_risk_score": 36.0,
        "avg_risk_score": 36.0,
        "risk_level": "low",
        "risk_level_ko": "관심",
        "high_member_count": 0,
        "center_lng": 126.97777034,
        "center_lat": 37.47739044
      }
    },
    {
      "type": "Feature",
      "geometry": {
        "type": "Point",
        "coordinates": [
          127.04863143,
          37.50490348
        ]
      },
      "properties": {
        "cluster_id": "ped_hotspot_cluster_0711",
        "display_name": "서울 강남구 대치동(선릉역사거리 부근)",
        "representative_place_name": "서울특별시 강남구 대치동(선릉역사거리 부근)",
        "representative_district": "서울특별시 강남구6",
        "member_count": 1,
        "repeat_year_count": 1,
        "source_years": [
          2022
        ],
        "accidents_total": 7,
        "casualties_total": 8,
        "deaths_total": 0,
        "serious_injuries_total": 7,
        "max_risk_score": 36.0,
        "avg_risk_score": 36.0,
        "risk_level": "low",
        "risk_level_ko": "관심",
        "high_member_count": 0,
        "center_lng": 127.04863143,
        "center_lat": 37.50490348
      }
    },
    {
      "type": "Feature",
      "geometry": {
        "type": "Point",
        "coordinates": [
          127.05269905,
          37.50582032
        ]
      },
      "properties": {
        "cluster_id": "ped_hotspot_cluster_0712",
        "display_name": "서울 강남구 삼성동(KTF타워 부근)",
        "representative_place_name": "서울특별시 강남구 삼성동(KTF타워 부근)",
        "representative_district": "서울특별시 강남구7",
        "member_count": 1,
        "repeat_year_count": 1,
        "source_years": [
          2022
        ],
        "accidents_total": 7,
        "casualties_total": 8,
        "deaths_total": 0,
        "serious_injuries_total": 7,
        "max_risk_score": 36.0,
        "avg_risk_score": 36.0,
        "risk_level": "low",
        "risk_level_ko": "관심",
        "high_member_count": 0,
        "center_lng": 127.05269905,
        "center_lat": 37.50582032
      }
    },
    {
      "type": "Feature",
      "geometry": {
        "type": "Point",
        "coordinates": [
          127.1385367,
          37.53712091
        ]
      },
      "properties": {
        "cluster_id": "ped_hotspot_cluster_0713",
        "display_name": "서울 강동구 길동(길동탑스위트앞 부근)",
        "representative_place_name": "서울특별시 강동구 길동(길동탑스위트앞 부근)",
        "representative_district": "서울특별시 강동구7",
        "member_count": 1,
        "repeat_year_count": 1,
        "source_years": [
          2022
        ],
        "accidents_total": 7,
        "casualties_total": 8,
        "deaths_total": 0,
        "serious_injuries_total": 7,
        "max_risk_score": 36.0,
        "avg_risk_score": 36.0,
        "risk_level": "low",
        "risk_level_ko": "관심",
        "high_member_count": 0,
        "center_lng": 127.1385367,
        "center_lat": 37.53712091
      }
    },
    {
      "type": "Feature",
      "geometry": {
        "type": "Point",
        "coordinates": [
          129.02601082,
          35.10039901
        ]
      },
      "properties": {
        "cluster_id": "ped_hotspot_cluster_0714",
        "display_name": "부산 중구 부평동2가(부평교차로 부근)",
        "representative_place_name": "부산광역시 중구 부평동2가(부평교차로 부근)",
        "representative_district": "부산광역시 중구4",
        "member_count": 2,
        "repeat_year_count": 2,
        "source_years": [
          2022,
          2025
        ],
        "accidents_total": 14,
        "casualties_total": 15,
        "deaths_total": 0,
        "serious_injuries_total": 14,
        "max_risk_score": 36.0,
        "avg_risk_score": 35.5,
        "risk_level": "low",
        "risk_level_ko": "관심",
        "high_member_count": 0,
        "center_lng": 129.02601082,
        "center_lat": 35.10039901
      }
    },
    {
      "type": "Feature",
      "geometry": {
        "type": "Point",
        "coordinates": [
          129.01109711,
          35.11283714
        ]
      },
      "properties": {
        "cluster_id": "ped_hotspot_cluster_0715",
        "display_name": "부산 서구 서대신동3가(서대신3동주민센터 부근)",
        "representative_place_name": "부산광역시 서구 서대신동3가(서대신3동주민센터 부근)",
        "representative_district": "부산광역시 서구4",
        "member_count": 1,
        "repeat_year_count": 1,
        "source_years": [
          2022
        ],
        "accidents_total": 7,
        "casualties_total": 8,
        "deaths_total": 0,
        "serious_injuries_total": 7,
        "max_risk_score": 36.0,
        "avg_risk_score": 36.0,
        "risk_level": "low",
        "risk_level_ko": "관심",
        "high_member_count": 0,
        "center_lng": 129.01109711,
        "center_lat": 35.11283714
      }
    },
    {
      "type": "Feature",
      "geometry": {
        "type": "Point",
        "coordinates": [
          129.06599379,
          35.13756567
        ]
      },
      "properties": {
        "cluster_id": "ped_hotspot_cluster_0716",
        "display_name": "부산 동구 범일동(범1교서측 부근)",
        "representative_place_name": "부산광역시 동구 범일동(범1교서측 부근)",
        "representative_district": "부산광역시 동구6",
        "member_count": 1,
        "repeat_year_count": 1,
        "source_years": [
          2022
        ],
        "accidents_total": 7,
        "casualties_total": 8,
        "deaths_total": 0,
        "serious_injuries_total": 7,
        "max_risk_score": 36.0,
        "avg_risk_score": 36.0,
        "risk_level": "low",
        "risk_level_ko": "관심",
        "high_member_count": 0,
        "center_lng": 129.06599379,
        "center_lat": 35.13756567
      }
    },
    {
      "type": "Feature",
      "geometry": {
        "type": "Point",
        "coordinates": [
          129.05433484,
          35.15935442
        ]
      },
      "properties": {
        "cluster_id": "ped_hotspot_cluster_0717",
        "display_name": "부산 부산진구 부전동(부전동앞교차로 부근)",
        "representative_place_name": "부산광역시 부산진구 부전동(부전동앞교차로 부근)",
        "representative_district": "부산광역시 부산진구14",
        "member_count": 1,
        "repeat_year_count": 1,
        "source_years": [
          2022
        ],
        "accidents_total": 7,
        "casualties_total": 8,
        "deaths_total": 0,
        "serious_injuries_total": 7,
        "max_risk_score": 36.0,
        "avg_risk_score": 36.0,
        "risk_level": "low",
        "risk_level_ko": "관심",
        "high_member_count": 0,
        "center_lng": 129.05433484,
        "center_lat": 35.15935442
      }
    },
    {
      "type": "Feature",
      "geometry": {
        "type": "Point",
        "coordinates": [
          129.06578438,
          35.16101017
        ]
      },
      "properties": {
        "cluster_id": "ped_hotspot_cluster_0718",
        "display_name": "부산 부산진구 전포동(전포2동행정복지센터 부근)",
        "representative_place_name": "부산광역시 부산진구 전포동(전포2동행정복지센터 부근)",
        "representative_district": "부산광역시 부산진구16",
        "member_count": 1,
        "repeat_year_count": 1,
        "source_years": [
          2022
        ],
        "accidents_total": 7,
        "casualties_total": 8,
        "deaths_total": 0,
        "serious_injuries_total": 7,
        "max_risk_score": 36.0,
        "avg_risk_score": 36.0,
        "risk_level": "low",
        "risk_level_ko": "관심",
        "high_member_count": 0,
        "center_lng": 129.06578438,
        "center_lat": 35.16101017
      }
    },
    {
      "type": "Feature",
      "geometry": {
        "type": "Point",
        "coordinates": [
          129.09060263,
          35.24692899
        ]
      },
      "properties": {
        "cluster_id": "ped_hotspot_cluster_0719",
        "display_name": "부산 금정구 구서동(구서역1번출구 부근)",
        "representative_place_name": "부산광역시 금정구 구서동(구서역1번출구 부근)",
        "representative_district": "부산광역시 금정구5",
        "member_count": 2,
        "repeat_year_count": 2,
        "source_years": [
          2022,
          2023
        ],
        "accidents_total": 14,
        "casualties_total": 16,
        "deaths_total": 0,
        "serious_injuries_total": 14,
        "max_risk_score": 36.0,
        "avg_risk_score": 36.0,
        "risk_level": "low",
        "risk_level_ko": "관심",
        "high_member_count": 0,
        "center_lng": 129.09060263,
        "center_lat": 35.24692899
      }
    },
    {
      "type": "Feature",
      "geometry": {
        "type": "Point",
        "coordinates": [
          129.06746684,
          35.1914626
        ]
      },
      "properties": {
        "cluster_id": "ped_hotspot_cluster_0720",
        "display_name": "부산 연제구 거제동(거성사거리 부근)",
        "representative_place_name": "부산광역시 연제구 거제동(거성사거리 부근)",
        "representative_district": "부산광역시 연제구5",
        "member_count": 1,
        "repeat_year_count": 1,
        "source_years": [
          2022
        ],
        "accidents_total": 7,
        "casualties_total": 8,
        "deaths_total": 0,
        "serious_injuries_total": 7,
        "max_risk_score": 36.0,
        "avg_risk_score": 36.0,
        "risk_level": "low",
        "risk_level_ko": "관심",
        "high_member_count": 0,
        "center_lng": 129.06746684,
        "center_lat": 35.1914626
      }
    },
    {
      "type": "Feature",
      "geometry": {
        "type": "Point",
        "coordinates": [
          128.57271944,
          35.85016625
        ]
      },
      "properties": {
        "cluster_id": "ped_hotspot_cluster_0721",
        "display_name": "대구광역시 남구 대명동(성당시장네거리 부근)",
        "representative_place_name": "대구광역시 남구 대명동(성당시장네거리 부근)",
        "representative_district": "대구광역시 남구2",
        "member_count": 1,
        "repeat_year_count": 1,
        "source_years": [
          2022
        ],
        "accidents_total": 7,
        "casualties_total": 8,
        "deaths_total": 0,
        "serious_injuries_total": 7,
        "max_risk_score": 36.0,
        "avg_risk_score": 36.0,
        "risk_level": "low",
        "risk_level_ko": "관심",
        "high_member_count": 0,
        "center_lng": 128.57271944,
        "center_lat": 35.85016625
      }
    },
    {
      "type": "Feature",
      "geometry": {
        "type": "Point",
        "coordinates": [
          128.58066725,
          35.88092852
        ]
      },
      "properties": {
        "cluster_id": "ped_hotspot_cluster_0722",
        "display_name": "대구광역시 북구 고성동2가(달성초등네거리 부근)",
        "representative_place_name": "대구광역시 북구 고성동2가(달성초등네거리 부근)",
        "representative_district": "대구광역시 북구3",
        "member_count": 1,
        "repeat_year_count": 1,
        "source_years": [
          2022
        ],
        "accidents_total": 7,
        "casualties_total": 8,
        "deaths_total": 0,
        "serious_injuries_total": 7,
        "max_risk_score": 36.0,
        "avg_risk_score": 36.0,
        "risk_level": "low",
        "risk_level_ko": "관심",
        "high_member_count": 0,
        "center_lng": 128.58066725,
        "center_lat": 35.88092852
      }
    },
    {
      "type": "Feature",
      "geometry": {
        "type": "Point",
        "coordinates": [
          128.60098506,
          35.87546327
        ]
      },
      "properties": {
        "cluster_id": "ped_hotspot_cluster_0723",
        "display_name": "대구광역시 북구 칠성동1가(대성시장교차로 부근)",
        "representative_place_name": "대구광역시 북구 칠성동1가(대성시장교차로 부근)",
        "representative_district": "대구광역시 북구4",
        "member_count": 2,
        "repeat_year_count": 2,
        "source_years": [
          2022,
          2023
        ],
        "accidents_total": 14,
        "casualties_total": 16,
        "deaths_total": 0,
        "serious_injuries_total": 14,
        "max_risk_score": 36.0,
        "avg_risk_score": 36.0,
        "risk_level": "low",
        "risk_level_ko": "관심",
        "high_member_count": 0,
        "center_lng": 128.60098506,
        "center_lat": 35.87546327
      }
    },
    {
      "type": "Feature",
      "geometry": {
        "type": "Point",
        "coordinates": [
          129.33491445,
          35.53750077
        ]
      },
      "properties": {
        "cluster_id": "ped_hotspot_cluster_0724",
        "display_name": "울산광역시 남구 달동(인스타카페 부근)",
        "representative_place_name": "울산광역시 남구 달동(인스타카페 부근)",
        "representative_district": "울산광역시 남구2",
        "member_count": 1,
        "repeat_year_count": 1,
        "source_years": [
          2022
        ],
        "accidents_total": 7,
        "casualties_total": 8,
        "deaths_total": 0,
        "serious_injuries_total": 7,
        "max_risk_score": 36.0,
        "avg_risk_score": 36.0,
        "risk_level": "low",
        "risk_level_ko": "관심",
        "high_member_count": 0,
        "center_lng": 129.33491445,
        "center_lat": 35.53750077
      }
    },
    {
      "type": "Feature",
      "geometry": {
        "type": "Point",
        "coordinates": [
          127.01425148,
          37.28989087
        ]
      },
      "properties": {
        "cluster_id": "ped_hotspot_cluster_0725",
        "display_name": "경기 수원시 장안구 영화동(장안문로터리 부근)",
        "representative_place_name": "경기도 수원시 장안구 영화동(장안문로터리 부근)",
        "representative_district": "경기도 수원시 장안구2",
        "member_count": 2,
        "repeat_year_count": 2,
        "source_years": [
          2022,
          2023
        ],
        "accidents_total": 14,
        "casualties_total": 15,
        "deaths_total": 0,
        "serious_injuries_total": 14,
        "max_risk_score": 36.0,
        "avg_risk_score": 35.5,
        "risk_level": "low",
        "risk_level_ko": "관심",
        "high_member_count": 0,
        "center_lng": 127.01425148,
        "center_lat": 37.28989087
      }
    },
    {
      "type": "Feature",
      "geometry": {
        "type": "Point",
        "coordinates": [
          126.9183813,
          37.3989535
        ]
      },
      "properties": {
        "cluster_id": "ped_hotspot_cluster_0726",
        "display_name": "경기 안양시 만안구 안양동(삼덕제지삼거리 부근)",
        "representative_place_name": "경기도 안양시 만안구 안양동(삼덕제지삼거리 부근)",
        "representative_district": "경기도 안양시 만안구1",
        "member_count": 2,
        "repeat_year_count": 2,
        "source_years": [
          2022,
          2024
        ],
        "accidents_total": 14,
        "casualties_total": 15,
        "deaths_total": 0,
        "serious_injuries_total": 14,
        "max_risk_score": 36.0,
        "avg_risk_score": 35.5,
        "risk_level": "low",
        "risk_level_ko": "관심",
        "high_member_count": 0,
        "center_lng": 126.9183813,
        "center_lat": 37.3989535
      }
    },
    {
      "type": "Feature",
      "geometry": {
        "type": "Point",
        "coordinates": [
          126.78732622,
          37.49277539
        ]
      },
      "properties": {
        "cluster_id": "ped_hotspot_cluster_0727",
        "display_name": "경기 부천시 원미동(아이비미용실 부근)",
        "representative_place_name": "경기도 부천시 원미동(아이비미용실 부근)",
        "representative_district": "경기도 부천시11",
        "member_count": 2,
        "repeat_year_count": 2,
        "source_years": [
          2022,
          2023
        ],
        "accidents_total": 14,
        "casualties_total": 15,
        "deaths_total": 0,
        "serious_injuries_total": 14,
        "max_risk_score": 36.0,
        "avg_risk_score": 35.5,
        "risk_level": "low",
        "risk_level_ko": "관심",
        "high_member_count": 0,
        "center_lng": 126.78732622,
        "center_lat": 37.49277539
      }
    },
    {
      "type": "Feature",
      "geometry": {
        "type": "Point",
        "coordinates": [
          126.78358173,
          37.44158028
        ]
      },
      "properties": {
        "cluster_id": "ped_hotspot_cluster_0728",
        "display_name": "경기 시흥시 신천동(신천육교삼거리 부근)",
        "representative_place_name": "경기도 시흥시 신천동(신천육교삼거리 부근)",
        "representative_district": "경기도 시흥시4",
        "member_count": 1,
        "repeat_year_count": 1,
        "source_years": [
          2022
        ],
        "accidents_total": 7,
        "casualties_total": 8,
        "deaths_total": 0,
        "serious_injuries_total": 7,
        "max_risk_score": 36.0,
        "avg_risk_score": 36.0,
        "risk_level": "low",
        "risk_level_ko": "관심",
        "high_member_count": 0,
        "center_lng": 126.78358173,
        "center_lat": 37.44158028
      }
    },
    {
      "type": "Feature",
      "geometry": {
        "type": "Point",
        "coordinates": [
          126.90819986,
          37.13213503
        ]
      },
      "properties": {
        "cluster_id": "ped_hotspot_cluster_0729",
        "display_name": "경기 화성시 향남읍(발안지구대앞교차로 부근)",
        "representative_place_name": "경기도 화성시 향남읍(발안지구대앞교차로 부근)",
        "representative_district": "경기도 화성시1",
        "member_count": 3,
        "repeat_year_count": 3,
        "source_years": [
          2022,
          2023,
          2025
        ],
        "accidents_total": 21,
        "casualties_total": 23,
        "deaths_total": 0,
        "serious_injuries_total": 21,
        "max_risk_score": 36.0,
        "avg_risk_score": 35.67,
        "risk_level": "low",
        "risk_level_ko": "관심",
        "high_member_count": 0,
        "center_lng": 126.90819986,
        "center_lat": 37.13213503
      }
    },
    {
      "type": "Feature",
      "geometry": {
        "type": "Point",
        "coordinates": [
          127.7320494,
          37.88175521
        ]
      },
      "properties": {
        "cluster_id": "ped_hotspot_cluster_0730",
        "display_name": "강원도 춘천시 옥천동(춘천연극제 부근)",
        "representative_place_name": "강원도 춘천시 옥천동(춘천연극제 부근)",
        "representative_district": "강원도 춘천시3",
        "member_count": 1,
        "repeat_year_count": 1,
        "source_years": [
          2022
        ],
        "accidents_total": 7,
        "casualties_total": 8,
        "deaths_total": 0,
        "serious_injuries_total": 7,
        "max_risk_score": 36.0,
        "avg_risk_score": 36.0,
        "risk_level": "low",
        "risk_level_ko": "관심",
        "high_member_count": 0,
        "center_lng": 127.7320494,
        "center_lat": 37.88175521
      }
    },
    {
      "type": "Feature",
      "geometry": {
        "type": "Point",
        "coordinates": [
          127.1335768,
          36.83328492
        ]
      },
      "properties": {
        "cluster_id": "ped_hotspot_cluster_0731",
        "display_name": "충청남도 천안시 서북구 두정동(대전지방고용노동청천 부근)",
        "representative_place_name": "충청남도 천안시 서북구 두정동(대전지방고용노동청천 부근)",
        "representative_district": "충청남도 천안시 서북구2",
        "member_count": 1,
        "repeat_year_count": 1,
        "source_years": [
          2022
        ],
        "accidents_total": 7,
        "casualties_total": 8,
        "deaths_total": 0,
        "serious_injuries_total": 7,
        "max_risk_score": 36.0,
        "avg_risk_score": 36.0,
        "risk_level": "low",
        "risk_level_ko": "관심",
        "high_member_count": 0,
        "center_lng": 127.1335768,
        "center_lat": 36.83328492
      }
    },
    {
      "type": "Feature",
      "geometry": {
        "type": "Point",
        "coordinates": [
          126.66666002,
          36.60069653
        ]
      },
      "properties": {
        "cluster_id": "ped_hotspot_cluster_0732",
        "display_name": "충청남도 홍성군 홍성읍(오관교 부근)",
        "representative_place_name": "충청남도 홍성군 홍성읍(오관교 부근)",
        "representative_district": "충청남도 홍성군1",
        "member_count": 1,
        "repeat_year_count": 1,
        "source_years": [
          2022
        ],
        "accidents_total": 7,
        "casualties_total": 8,
        "deaths_total": 0,
        "serious_injuries_total": 7,
        "max_risk_score": 36.0,
        "avg_risk_score": 36.0,
        "risk_level": "low",
        "risk_level_ko": "관심",
        "high_member_count": 0,
        "center_lng": 126.66666002,
        "center_lat": 36.60069653
      }
    },
    {
      "type": "Feature",
      "geometry": {
        "type": "Point",
        "coordinates": [
          127.34649791,
          34.84315954
        ]
      },
      "properties": {
        "cluster_id": "ped_hotspot_cluster_0733",
        "display_name": "전남 보성군 벌교읍(역전삼거리 부근)",
        "representative_place_name": "전라남도 보성군 벌교읍(역전삼거리 부근)",
        "representative_district": "전라남도 보성군1",
        "member_count": 1,
        "repeat_year_count": 1,
        "source_years": [
          2022
        ],
        "accidents_total": 7,
        "casualties_total": 8,
        "deaths_total": 0,
        "serious_injuries_total": 7,
        "max_risk_score": 36.0,
        "avg_risk_score": 36.0,
        "risk_level": "low",
        "risk_level_ko": "관심",
        "high_member_count": 0,
        "center_lng": 127.34649791,
        "center_lat": 34.84315954
      }
    },
    {
      "type": "Feature",
      "geometry": {
        "type": "Point",
        "coordinates": [
          128.33066259,
          36.1272416
        ]
      },
      "properties": {
        "cluster_id": "ped_hotspot_cluster_0734",
        "display_name": "경상북도 구미시 원평동(원평동863 부근)",
        "representative_place_name": "경상북도 구미시 원평동(원평동863 부근)",
        "representative_district": "경상북도 구미시1",
        "member_count": 1,
        "repeat_year_count": 1,
        "source_years": [
          2022
        ],
        "accidents_total": 7,
        "casualties_total": 8,
        "deaths_total": 0,
        "serious_injuries_total": 7,
        "max_risk_score": 36.0,
        "avg_risk_score": 36.0,
        "risk_level": "low",
        "risk_level_ko": "관심",
        "high_member_count": 0,
        "center_lng": 128.33066259,
        "center_lat": 36.1272416
      }
    },
    {
      "type": "Feature",
      "geometry": {
        "type": "Point",
        "coordinates": [
          128.58349579,
          35.23769591
        ]
      },
      "properties": {
        "cluster_id": "ped_hotspot_cluster_0735",
        "display_name": "경상남도 창원시 마산회원구 합성동(국민은행앞교차로 부근)",
        "representative_place_name": "경상남도 창원시 마산회원구 합성동(국민은행앞교차로 부근)",
        "representative_district": "경상남도 창원시 마산회원구2",
        "member_count": 1,
        "repeat_year_count": 1,
        "source_years": [
          2022
        ],
        "accidents_total": 7,
        "casualties_total": 8,
        "deaths_total": 0,
        "serious_injuries_total": 7,
        "max_risk_score": 36.0,
        "avg_risk_score": 36.0,
        "risk_level": "low",
        "risk_level_ko": "관심",
        "high_member_count": 0,
        "center_lng": 128.58349579,
        "center_lat": 35.23769591
      }
    },
    {
      "type": "Feature",
      "geometry": {
        "type": "Point",
        "coordinates": [
          128.4207885,
          34.84193535
        ]
      },
      "properties": {
        "cluster_id": "ped_hotspot_cluster_0736",
        "display_name": "경상남도 통영시 서호동(속성변화점 부근)",
        "representative_place_name": "경상남도 통영시 서호동(속성변화점 부근)",
        "representative_district": "경상남도 통영시5",
        "member_count": 1,
        "repeat_year_count": 1,
        "source_years": [
          2022
        ],
        "accidents_total": 7,
        "casualties_total": 8,
        "deaths_total": 0,
        "serious_injuries_total": 7,
        "max_risk_score": 36.0,
        "avg_risk_score": 36.0,
        "risk_level": "low",
        "risk_level_ko": "관심",
        "high_member_count": 0,
        "center_lng": 128.4207885,
        "center_lat": 34.84193535
      }
    },
    {
      "type": "Feature",
      "geometry": {
        "type": "Point",
        "coordinates": [
          126.51976057,
          33.49776221
        ]
      },
      "properties": {
        "cluster_id": "ped_hotspot_cluster_0737",
        "display_name": "제주특별자치도 제주시 오라일동(삼오교 부근)",
        "representative_place_name": "제주특별자치도 제주시 오라일동(삼오교 부근)",
        "representative_district": "제주특별자치도 제주시6",
        "member_count": 1,
        "repeat_year_count": 1,
        "source_years": [
          2022
        ],
        "accidents_total": 7,
        "casualties_total": 8,
        "deaths_total": 0,
        "serious_injuries_total": 7,
        "max_risk_score": 36.0,
        "avg_risk_score": 36.0,
        "risk_level": "low",
        "risk_level_ko": "관심",
        "high_member_count": 0,
        "center_lng": 126.51976057,
        "center_lat": 33.49776221
      }
    },
    {
      "type": "Feature",
      "geometry": {
        "type": "Point",
        "coordinates": [
          127.01839184,
          37.62452058
        ]
      },
      "properties": {
        "cluster_id": "ped_hotspot_cluster_0738",
        "display_name": "서울 강북구 미아동(삼양시장교차로 부근)",
        "representative_place_name": "서울 강북구 미아동(삼양시장교차로 부근)",
        "representative_district": "서울 강북구1",
        "member_count": 3,
        "repeat_year_count": 3,
        "source_years": [
          2023,
          2024,
          2025
        ],
        "accidents_total": 21,
        "casualties_total": 23,
        "deaths_total": 0,
        "serious_injuries_total": 21,
        "max_risk_score": 36.0,
        "avg_risk_score": 35.67,
        "risk_level": "low",
        "risk_level_ko": "관심",
        "high_member_count": 0,
        "center_lng": 127.01839184,
        "center_lat": 37.62452058
      }
    },
    {
      "type": "Feature",
      "geometry": {
        "type": "Point",
        "coordinates": [
          127.04346373,
          37.66491232
        ]
      },
      "properties": {
        "cluster_id": "ped_hotspot_cluster_0739",
        "display_name": "서울 도봉구 방학동(도봉소방서 부근)",
        "representative_place_name": "서울 도봉구 방학동(도봉소방서 부근)",
        "representative_district": "서울 도봉구3",
        "member_count": 2,
        "repeat_year_count": 2,
        "source_years": [
          2023,
          2024
        ],
        "accidents_total": 14,
        "casualties_total": 16,
        "deaths_total": 0,
        "serious_injuries_total": 14,
        "max_risk_score": 36.0,
        "avg_risk_score": 36.0,
        "risk_level": "low",
        "risk_level_ko": "관심",
        "high_member_count": 0,
        "center_lng": 127.04346373,
        "center_lat": 37.66491232
      }
    },
    {
      "type": "Feature",
      "geometry": {
        "type": "Point",
        "coordinates": [
          129.02514841,
          35.10338307
        ]
      },
      "properties": {
        "cluster_id": "ped_hotspot_cluster_0740",
        "display_name": "부산 중구 보수동2가(보수사거리 부근)",
        "representative_place_name": "부산 중구 보수동2가(보수사거리 부근)",
        "representative_district": "부산 중구5",
        "member_count": 1,
        "repeat_year_count": 1,
        "source_years": [
          2023
        ],
        "accidents_total": 7,
        "casualties_total": 8,
        "deaths_total": 0,
        "serious_injuries_total": 7,
        "max_risk_score": 36.0,
        "avg_risk_score": 36.0,
        "risk_level": "low",
        "risk_level_ko": "관심",
        "high_member_count": 0,
        "center_lng": 129.02514841,
        "center_lat": 35.10338307
      }
    },
    {
      "type": "Feature",
      "geometry": {
        "type": "Point",
        "coordinates": [
          129.03946789,
          35.11960393
        ]
      },
      "properties": {
        "cluster_id": "ped_hotspot_cluster_0741",
        "display_name": "부산 동구 초량동(초량박이비인후과의원 부근)",
        "representative_place_name": "부산 동구 초량동(초량박이비인후과의원 부근)",
        "representative_district": "부산 동구7",
        "member_count": 2,
        "repeat_year_count": 2,
        "source_years": [
          2022,
          2023
        ],
        "accidents_total": 14,
        "casualties_total": 15,
        "deaths_total": 0,
        "serious_injuries_total": 14,
        "max_risk_score": 36.0,
        "avg_risk_score": 35.5,
        "risk_level": "low",
        "risk_level_ko": "관심",
        "high_member_count": 0,
        "center_lng": 129.03946789,
        "center_lat": 35.11960393
      }
    },
    {
      "type": "Feature",
      "geometry": {
        "type": "Point",
        "coordinates": [
          128.64119903,
          35.88563821
        ]
      },
      "properties": {
        "cluster_id": "ped_hotspot_cluster_0742",
        "display_name": "대구 동구 효목1동(아양아파트 부근)",
        "representative_place_name": "대구 동구 효목1동(아양아파트 부근)",
        "representative_district": "대구 동구2",
        "member_count": 1,
        "repeat_year_count": 1,
        "source_years": [
          2023
        ],
        "accidents_total": 7,
        "casualties_total": 8,
        "deaths_total": 0,
        "serious_injuries_total": 7,
        "max_risk_score": 36.0,
        "avg_risk_score": 36.0,
        "risk_level": "low",
        "risk_level_ko": "관심",
        "high_member_count": 0,
        "center_lng": 128.64119903,
        "center_lat": 35.88563821
      }
    },
    {
      "type": "Feature",
      "geometry": {
        "type": "Point",
        "coordinates": [
          126.67232895,
          37.54412045
        ]
      },
      "properties": {
        "cluster_id": "ped_hotspot_cluster_0743",
        "display_name": "인천 서구 심곡동(제스트빌오피스텔 부근)",
        "representative_place_name": "인천 서구 심곡동(제스트빌오피스텔 부근)",
        "representative_district": "인천 서구1",
        "member_count": 1,
        "repeat_year_count": 1,
        "source_years": [
          2023
        ],
        "accidents_total": 7,
        "casualties_total": 8,
        "deaths_total": 0,
        "serious_injuries_total": 7,
        "max_risk_score": 36.0,
        "avg_risk_score": 36.0,
        "risk_level": "low",
        "risk_level_ko": "관심",
        "high_member_count": 0,
        "center_lng": 126.67232895,
        "center_lat": 37.54412045
      }
    },
    {
      "type": "Feature",
      "geometry": {
        "type": "Point",
        "coordinates": [
          126.77354318,
          37.65813296
        ]
      },
      "properties": {
        "cluster_id": "ped_hotspot_cluster_0744",
        "display_name": "경기 고양시 일산동구 마두동(일산동구청사거리 부근)",
        "representative_place_name": "경기 고양시 일산동구 마두동(일산동구청사거리 부근)",
        "representative_district": "경기 고양시 일산동구2",
        "member_count": 2,
        "repeat_year_count": 2,
        "source_years": [
          2022,
          2023
        ],
        "accidents_total": 14,
        "casualties_total": 15,
        "deaths_total": 0,
        "serious_injuries_total": 14,
        "max_risk_score": 36.0,
        "avg_risk_score": 35.5,
        "risk_level": "low",
        "risk_level_ko": "관심",
        "high_member_count": 0,
        "center_lng": 126.77354318,
        "center_lat": 37.65813296
      }
    },
    {
      "type": "Feature",
      "geometry": {
        "type": "Point",
        "coordinates": [
          126.91878182,
          37.95468937
        ]
      },
      "properties": {
        "cluster_id": "ped_hotspot_cluster_0745",
        "display_name": "경기 파주시 적성면 마지리(굿모닝치과 부근)",
        "representative_place_name": "경기 파주시 적성면 마지리(굿모닝치과 부근)",
        "representative_district": "경기 파주시4",
        "member_count": 1,
        "repeat_year_count": 1,
        "source_years": [
          2023
        ],
        "accidents_total": 7,
        "casualties_total": 8,
        "deaths_total": 0,
        "serious_injuries_total": 7,
        "max_risk_score": 36.0,
        "avg_risk_score": 36.0,
        "risk_level": "low",
        "risk_level_ko": "관심",
        "high_member_count": 0,
        "center_lng": 126.91878182,
        "center_lat": 37.95468937
      }
    },
    {
      "type": "Feature",
      "geometry": {
        "type": "Point",
        "coordinates": [
          127.26278558,
          37.00867058
        ]
      },
      "properties": {
        "cluster_id": "ped_hotspot_cluster_0746",
        "display_name": "경기 안성시 석정동(동화나라어린이집 부근)",
        "representative_place_name": "경기 안성시 석정동(동화나라어린이집 부근)",
        "representative_district": "경기 안성시3",
        "member_count": 2,
        "repeat_year_count": 2,
        "source_years": [
          2023,
          2024
        ],
        "accidents_total": 14,
        "casualties_total": 15,
        "deaths_total": 0,
        "serious_injuries_total": 14,
        "max_risk_score": 36.0,
        "avg_risk_score": 35.5,
        "risk_level": "low",
        "risk_level_ko": "관심",
        "high_member_count": 0,
        "center_lng": 127.26278558,
        "center_lat": 37.00867058
      }
    },
    {
      "type": "Feature",
      "geometry": {
        "type": "Point",
        "coordinates": [
          128.42614109,
          34.85750303
        ]
      },
      "properties": {
        "cluster_id": "ped_hotspot_cluster_0747",
        "display_name": "경남 통영시 북신동(북신동행정복지센터 부근)",
        "representative_place_name": "경남 통영시 북신동(북신동행정복지센터 부근)",
        "representative_district": "경남 통영시6",
        "member_count": 1,
        "repeat_year_count": 1,
        "source_years": [
          2023
        ],
        "accidents_total": 7,
        "casualties_total": 8,
        "deaths_total": 0,
        "serious_injuries_total": 7,
        "max_risk_score": 36.0,
        "avg_risk_score": 36.0,
        "risk_level": "low",
        "risk_level_ko": "관심",
        "high_member_count": 0,
        "center_lng": 128.42614109,
        "center_lat": 34.85750303
      }
    },
    {
      "type": "Feature",
      "geometry": {
        "type": "Point",
        "coordinates": [
          128.62488696,
          34.88352216
        ]
      },
      "properties": {
        "cluster_id": "ped_hotspot_cluster_0748",
        "display_name": "경남 거제시 고현동(밝은세상안경 부근)",
        "representative_place_name": "경남 거제시 고현동(밝은세상안경 부근)",
        "representative_district": "경남 거제시1",
        "member_count": 2,
        "repeat_year_count": 2,
        "source_years": [
          2023,
          2024
        ],
        "accidents_total": 14,
        "casualties_total": 15,
        "deaths_total": 0,
        "serious_injuries_total": 14,
        "max_risk_score": 36.0,
        "avg_risk_score": 35.5,
        "risk_level": "low",
        "risk_level_ko": "관심",
        "high_member_count": 0,
        "center_lng": 128.62488696,
        "center_lat": 34.88352216
      }
    },
    {
      "type": "Feature",
      "geometry": {
        "type": "Point",
        "coordinates": [
          127.00573555,
          37.5884626
        ]
      },
      "properties": {
        "cluster_id": "ped_hotspot_cluster_0749",
        "display_name": "서울 성북구 성북동1가(한성대입구역교차로 부근)",
        "representative_place_name": "서울 성북구 성북동1가(한성대입구역교차로 부근)",
        "representative_district": "서울 성북구4",
        "member_count": 2,
        "repeat_year_count": 2,
        "source_years": [
          2023,
          2024
        ],
        "accidents_total": 14,
        "casualties_total": 15,
        "deaths_total": 0,
        "serious_injuries_total": 14,
        "max_risk_score": 36.0,
        "avg_risk_score": 35.5,
        "risk_level": "low",
        "risk_level_ko": "관심",
        "high_member_count": 0,
        "center_lng": 127.00573555,
        "center_lat": 37.5884626
      }
    },
    {
      "type": "Feature",
      "geometry": {
        "type": "Point",
        "coordinates": [
          126.86367958,
          37.54783811
        ]
      },
      "properties": {
        "cluster_id": "ped_hotspot_cluster_0750",
        "display_name": "서울 양천구 목동(목동깨비시장 부근)",
        "representative_place_name": "서울 양천구 목동(목동깨비시장 부근)",
        "representative_district": "서울 양천구3",
        "member_count": 4,
        "repeat_year_count": 4,
        "source_years": [
          2022,
          2023,
          2024,
          2025
        ],
        "accidents_total": 28,
        "casualties_total": 29,
        "deaths_total": 0,
        "serious_injuries_total": 28,
        "max_risk_score": 36.0,
        "avg_risk_score": 35.25,
        "risk_level": "low",
        "risk_level_ko": "관심",
        "high_member_count": 0,
        "center_lng": 126.86367958,
        "center_lat": 37.54783811
      }
    },
    {
      "type": "Feature",
      "geometry": {
        "type": "Point",
        "coordinates": [
          129.06557055,
          35.15500823
        ]
      },
      "properties": {
        "cluster_id": "ped_hotspot_cluster_0751",
        "display_name": "부산 부산진구 전포동(전포동부산은행앞사거리 부근)",
        "representative_place_name": "부산 부산진구 전포동(전포동부산은행앞사거리 부근)",
        "representative_district": "부산 부산진구16",
        "member_count": 1,
        "repeat_year_count": 1,
        "source_years": [
          2024
        ],
        "accidents_total": 7,
        "casualties_total": 8,
        "deaths_total": 0,
        "serious_injuries_total": 7,
        "max_risk_score": 36.0,
        "avg_risk_score": 36.0,
        "risk_level": "low",
        "risk_level_ko": "관심",
        "high_member_count": 0,
        "center_lng": 129.06557055,
        "center_lat": 35.15500823
      }
    },
    {
      "type": "Feature",
      "geometry": {
        "type": "Point",
        "coordinates": [
          129.11452174,
          35.16477244
        ]
      },
      "properties": {
        "cluster_id": "ped_hotspot_cluster_0752",
        "display_name": "부산 수영구 광안동(수영건강약국 부근)",
        "representative_place_name": "부산 수영구 광안동(수영건강약국 부근)",
        "representative_district": "부산 수영구6",
        "member_count": 1,
        "repeat_year_count": 1,
        "source_years": [
          2024
        ],
        "accidents_total": 7,
        "casualties_total": 8,
        "deaths_total": 0,
        "serious_injuries_total": 7,
        "max_risk_score": 36.0,
        "avg_risk_score": 36.0,
        "risk_level": "low",
        "risk_level_ko": "관심",
        "high_member_count": 0,
        "center_lng": 129.11452174,
        "center_lat": 35.16477244
      }
    },
    {
      "type": "Feature",
      "geometry": {
        "type": "Point",
        "coordinates": [
          128.6701148,
          35.8798366
        ]
      },
      "properties": {
        "cluster_id": "ped_hotspot_cluster_0753",
        "display_name": "대구 동구 방촌동(방촌역 대구1호선 부근)",
        "representative_place_name": "대구 동구 방촌동(방촌역 대구1호선 부근)",
        "representative_district": "대구 동구2",
        "member_count": 2,
        "repeat_year_count": 2,
        "source_years": [
          2024,
          2025
        ],
        "accidents_total": 14,
        "casualties_total": 15,
        "deaths_total": 0,
        "serious_injuries_total": 14,
        "max_risk_score": 36.0,
        "avg_risk_score": 35.5,
        "risk_level": "low",
        "risk_level_ko": "관심",
        "high_member_count": 0,
        "center_lng": 128.6701148,
        "center_lat": 35.8798366
      }
    },
    {
      "type": "Feature",
      "geometry": {
        "type": "Point",
        "coordinates": [
          128.57084458,
          35.87937713
        ]
      },
      "properties": {
        "cluster_id": "ped_hotspot_cluster_0754",
        "display_name": "대구 서구 비산동(북비산네거리 부근)",
        "representative_place_name": "대구 서구 비산동(북비산네거리 부근)",
        "representative_district": "대구 서구1",
        "member_count": 2,
        "repeat_year_count": 2,
        "source_years": [
          2024,
          2025
        ],
        "accidents_total": 14,
        "casualties_total": 15,
        "deaths_total": 0,
        "serious_injuries_total": 14,
        "max_risk_score": 36.0,
        "avg_risk_score": 35.5,
        "risk_level": "low",
        "risk_level_ko": "관심",
        "high_member_count": 0,
        "center_lng": 128.57084458,
        "center_lat": 35.87937713
      }
    },
    {
      "type": "Feature",
      "geometry": {
        "type": "Point",
        "coordinates": [
          128.6937545,
          34.89408584
        ]
      },
      "properties": {
        "cluster_id": "ped_hotspot_cluster_0755",
        "display_name": "경남 거제시 옥포동(자성어린이집 부근)",
        "representative_place_name": "경남 거제시 옥포동(자성어린이집 부근)",
        "representative_district": "경남 거제시3",
        "member_count": 2,
        "repeat_year_count": 2,
        "source_years": [
          2023,
          2024
        ],
        "accidents_total": 14,
        "casualties_total": 15,
        "deaths_total": 0,
        "serious_injuries_total": 14,
        "max_risk_score": 36.0,
        "avg_risk_score": 35.5,
        "risk_level": "low",
        "risk_level_ko": "관심",
        "high_member_count": 0,
        "center_lng": 128.6937545,
        "center_lat": 34.89408584
      }
    },
    {
      "type": "Feature",
      "geometry": {
        "type": "Point",
        "coordinates": [
          126.91472903,
          37.58453587
        ]
      },
      "properties": {
        "cluster_id": "ped_hotspot_cluster_0756",
        "display_name": "서울 서대문구 북가좌동(은현교회 부근)",
        "representative_place_name": "서울특별시 서대문구 북가좌동(은현교회 부근)",
        "representative_district": "서울특별시 서대문구6",
        "member_count": 1,
        "repeat_year_count": 1,
        "source_years": [
          2022
        ],
        "accidents_total": 7,
        "casualties_total": 8,
        "deaths_total": 0,
        "serious_injuries_total": 7,
        "max_risk_score": 35.5,
        "avg_risk_score": 35.5,
        "risk_level": "low",
        "risk_level_ko": "관심",
        "high_member_count": 0,
        "center_lng": 126.91472903,
        "center_lat": 37.58453587
      }
    },
    {
      "type": "Feature",
      "geometry": {
        "type": "Point",
        "coordinates": [
          126.77281553,
          37.75860335
        ]
      },
      "properties": {
        "cluster_id": "ped_hotspot_cluster_0757",
        "display_name": "경기 파주시 금촌동(교촌치킨앞 부근)",
        "representative_place_name": "경기도 파주시 금촌동(교촌치킨앞 부근)",
        "representative_district": "경기도 파주시3",
        "member_count": 1,
        "repeat_year_count": 1,
        "source_years": [
          2022
        ],
        "accidents_total": 7,
        "casualties_total": 8,
        "deaths_total": 0,
        "serious_injuries_total": 7,
        "max_risk_score": 35.5,
        "avg_risk_score": 35.5,
        "risk_level": "low",
        "risk_level_ko": "관심",
        "high_member_count": 0,
        "center_lng": 126.77281553,
        "center_lat": 37.75860335
      }
    },
    {
      "type": "Feature",
      "geometry": {
        "type": "Point",
        "coordinates": [
          126.62861707,
          37.64481396
        ]
      },
      "properties": {
        "cluster_id": "ped_hotspot_cluster_0758",
        "display_name": "경기 김포시 구래동(구래역사거리 부근)",
        "representative_place_name": "경기도 김포시 구래동(구래역사거리 부근)",
        "representative_district": "경기도 김포시3",
        "member_count": 2,
        "repeat_year_count": 2,
        "source_years": [
          2022,
          2023
        ],
        "accidents_total": 14,
        "casualties_total": 15,
        "deaths_total": 0,
        "serious_injuries_total": 14,
        "max_risk_score": 35.5,
        "avg_risk_score": 35.25,
        "risk_level": "low",
        "risk_level_ko": "관심",
        "high_member_count": 0,
        "center_lng": 126.62861707,
        "center_lat": 37.64481396
      }
    },
    {
      "type": "Feature",
      "geometry": {
        "type": "Point",
        "coordinates": [
          127.14485081,
          37.82773025
        ]
      },
      "properties": {
        "cluster_id": "ped_hotspot_cluster_0759",
        "display_name": "경기 포천시 소흘읍(시카고피자 부근)",
        "representative_place_name": "경기도 포천시 소흘읍(시카고피자 부근)",
        "representative_district": "경기도 포천시2",
        "member_count": 1,
        "repeat_year_count": 1,
        "source_years": [
          2022
        ],
        "accidents_total": 7,
        "casualties_total": 8,
        "deaths_total": 0,
        "serious_injuries_total": 7,
        "max_risk_score": 35.5,
        "avg_risk_score": 35.5,
        "risk_level": "low",
        "risk_level_ko": "관심",
        "high_member_count": 0,
        "center_lng": 127.14485081,
        "center_lat": 37.82773025
      }
    },
    {
      "type": "Feature",
      "geometry": {
        "type": "Point",
        "coordinates": [
          126.98652453,
          37.57022428
        ]
      },
      "properties": {
        "cluster_id": "ped_hotspot_cluster_0760",
        "display_name": "서울 종로구 종로2가(로앤산부인과의원 종로점 부근)",
        "representative_place_name": "서울 종로구 종로2가(로앤산부인과의원 종로점 부근)",
        "representative_district": "서울 종로구2",
        "member_count": 1,
        "repeat_year_count": 1,
        "source_years": [
          2023
        ],
        "accidents_total": 7,
        "casualties_total": 8,
        "deaths_total": 0,
        "serious_injuries_total": 7,
        "max_risk_score": 35.5,
        "avg_risk_score": 35.5,
        "risk_level": "low",
        "risk_level_ko": "관심",
        "high_member_count": 0,
        "center_lng": 126.98652453,
        "center_lat": 37.57022428
      }
    },
    {
      "type": "Feature",
      "geometry": {
        "type": "Point",
        "coordinates": [
          126.91214582,
          37.57034359
        ]
      },
      "properties": {
        "cluster_id": "ped_hotspot_cluster_0761",
        "display_name": "서울 서대문구 남가좌동(가좌삼거리 부근)",
        "representative_place_name": "서울 서대문구 남가좌동(가좌삼거리 부근)",
        "representative_district": "서울 서대문구3",
        "member_count": 1,
        "repeat_year_count": 1,
        "source_years": [
          2023
        ],
        "accidents_total": 7,
        "casualties_total": 8,
        "deaths_total": 0,
        "serious_injuries_total": 7,
        "max_risk_score": 35.5,
        "avg_risk_score": 35.5,
        "risk_level": "low",
        "risk_level_ko": "관심",
        "high_member_count": 0,
        "center_lng": 126.91214582,
        "center_lat": 37.57034359
      }
    },
    {
      "type": "Feature",
      "geometry": {
        "type": "Point",
        "coordinates": [
          126.91623125,
          37.47742364
        ]
      },
      "properties": {
        "cluster_id": "ped_hotspot_cluster_0762",
        "display_name": "서울 관악구 신림동(난곡우체국앞교차로 부근)",
        "representative_place_name": "서울 관악구 신림동(난곡우체국앞교차로 부근)",
        "representative_district": "서울 관악구1",
        "member_count": 1,
        "repeat_year_count": 1,
        "source_years": [
          2023
        ],
        "accidents_total": 7,
        "casualties_total": 8,
        "deaths_total": 0,
        "serious_injuries_total": 7,
        "max_risk_score": 35.5,
        "avg_risk_score": 35.5,
        "risk_level": "low",
        "risk_level_ko": "관심",
        "high_member_count": 0,
        "center_lng": 126.91623125,
        "center_lat": 37.47742364
      }
    },
    {
      "type": "Feature",
      "geometry": {
        "type": "Point",
        "coordinates": [
          129.32072774,
          35.55493928
        ]
      },
      "properties": {
        "cluster_id": "ped_hotspot_cluster_0763",
        "display_name": "울산 중구 성남동(성남치안센터 부근)",
        "representative_place_name": "울산 중구 성남동(성남치안센터 부근)",
        "representative_district": "울산 중구1",
        "member_count": 2,
        "repeat_year_count": 2,
        "source_years": [
          2023,
          2024
        ],
        "accidents_total": 14,
        "casualties_total": 15,
        "deaths_total": 0,
        "serious_injuries_total": 14,
        "max_risk_score": 35.5,
        "avg_risk_score": 35.25,
        "risk_level": "low",
        "risk_level_ko": "관심",
        "high_member_count": 0,
        "center_lng": 129.32072774,
        "center_lat": 35.55493928
      }
    },
    {
      "type": "Feature",
      "geometry": {
        "type": "Point",
        "coordinates": [
          126.86332383,
          37.476552
        ]
      },
      "properties": {
        "cluster_id": "ped_hotspot_cluster_0764",
        "display_name": "경기 광명시 철산동(시청사거리 부근)",
        "representative_place_name": "경기 광명시 철산동(시청사거리 부근)",
        "representative_district": "경기 광명시1",
        "member_count": 2,
        "repeat_year_count": 2,
        "source_years": [
          2022,
          2023
        ],
        "accidents_total": 14,
        "casualties_total": 15,
        "deaths_total": 0,
        "serious_injuries_total": 14,
        "max_risk_score": 35.5,
        "avg_risk_score": 35.25,
        "risk_level": "low",
        "risk_level_ko": "관심",
        "high_member_count": 0,
        "center_lng": 126.86332383,
        "center_lat": 37.476552
      }
    },
    {
      "type": "Feature",
      "geometry": {
        "type": "Point",
        "coordinates": [
          128.68257108,
          35.22118276
        ]
      },
      "properties": {
        "cluster_id": "ped_hotspot_cluster_0765",
        "display_name": "경남 창원시 성산구 상남동(고인돌사거리 부근)",
        "representative_place_name": "경남 창원시 성산구 상남동(고인돌사거리 부근)",
        "representative_district": "경남 창원시 성산구2",
        "member_count": 3,
        "repeat_year_count": 3,
        "source_years": [
          2023,
          2024,
          2025
        ],
        "accidents_total": 21,
        "casualties_total": 22,
        "deaths_total": 0,
        "serious_injuries_total": 21,
        "max_risk_score": 35.5,
        "avg_risk_score": 35.17,
        "risk_level": "low",
        "risk_level_ko": "관심",
        "high_member_count": 0,
        "center_lng": 128.68257108,
        "center_lat": 35.22118276
      }
    },
    {
      "type": "Feature",
      "geometry": {
        "type": "Point",
        "coordinates": [
          128.42860633,
          34.85350217
        ]
      },
      "properties": {
        "cluster_id": "ped_hotspot_cluster_0766",
        "display_name": "경남 통영시 북신동(북신사거리 부근)",
        "representative_place_name": "경남 통영시 북신동(북신사거리 부근)",
        "representative_district": "경남 통영시5",
        "member_count": 2,
        "repeat_year_count": 2,
        "source_years": [
          2023,
          2024
        ],
        "accidents_total": 14,
        "casualties_total": 16,
        "deaths_total": 0,
        "serious_injuries_total": 14,
        "max_risk_score": 35.5,
        "avg_risk_score": 35.5,
        "risk_level": "low",
        "risk_level_ko": "관심",
        "high_member_count": 0,
        "center_lng": 128.42860633,
        "center_lat": 34.85350217
      }
    },
    {
      "type": "Feature",
      "geometry": {
        "type": "Point",
        "coordinates": [
          127.03802652,
          37.57336532
        ]
      },
      "properties": {
        "cluster_id": "ped_hotspot_cluster_0767",
        "display_name": "서울 동대문구 용두동(서울시설공단 부근)",
        "representative_place_name": "서울특별시 동대문구 용두동(서울시설공단 부근)",
        "representative_district": "서울특별시 동대문구12",
        "member_count": 1,
        "repeat_year_count": 1,
        "source_years": [
          2022
        ],
        "accidents_total": 7,
        "casualties_total": 7,
        "deaths_total": 0,
        "serious_injuries_total": 7,
        "max_risk_score": 35.0,
        "avg_risk_score": 35.0,
        "risk_level": "low",
        "risk_level_ko": "관심",
        "high_member_count": 0,
        "center_lng": 127.03802652,
        "center_lat": 37.57336532
      }
    },
    {
      "type": "Feature",
      "geometry": {
        "type": "Point",
        "coordinates": [
          127.03991543,
          37.58249774
        ]
      },
      "properties": {
        "cluster_id": "ped_hotspot_cluster_0768",
        "display_name": "서울 동대문구 제기동(식당재료유통할인 부근)",
        "representative_place_name": "서울특별시 동대문구 제기동(식당재료유통할인 부근)",
        "representative_district": "서울특별시 동대문구15",
        "member_count": 2,
        "repeat_year_count": 2,
        "source_years": [
          2022,
          2023
        ],
        "accidents_total": 14,
        "casualties_total": 14,
        "deaths_total": 0,
        "serious_injuries_total": 14,
        "max_risk_score": 35.0,
        "avg_risk_score": 35.0,
        "risk_level": "low",
        "risk_level_ko": "관심",
        "high_member_count": 0,
        "center_lng": 127.03991543,
        "center_lat": 37.58249774
      }
    },
    {
      "type": "Feature",
      "geometry": {
        "type": "Point",
        "coordinates": [
          127.05004971,
          37.5701669
        ]
      },
      "properties": {
        "cluster_id": "ped_hotspot_cluster_0769",
        "display_name": "서울 동대문구 답십리동(신답고가차도남측 부근)",
        "representative_place_name": "서울특별시 동대문구 답십리동(신답고가차도남측 부근)",
        "representative_district": "서울특별시 동대문구16",
        "member_count": 1,
        "repeat_year_count": 1,
        "source_years": [
          2022
        ],
        "accidents_total": 7,
        "casualties_total": 7,
        "deaths_total": 0,
        "serious_injuries_total": 7,
        "max_risk_score": 35.0,
        "avg_risk_score": 35.0,
        "risk_level": "low",
        "risk_level_ko": "관심",
        "high_member_count": 0,
        "center_lng": 127.05004971,
        "center_lat": 37.5701669
      }
    },
    {
      "type": "Feature",
      "geometry": {
        "type": "Point",
        "coordinates": [
          127.05876949,
          37.58930838
        ]
      },
      "properties": {
        "cluster_id": "ped_hotspot_cluster_0770",
        "display_name": "서울 동대문구 휘경동(백합빌딩 부근)",
        "representative_place_name": "서울특별시 동대문구 휘경동(백합빌딩 부근)",
        "representative_district": "서울특별시 동대문구17",
        "member_count": 1,
        "repeat_year_count": 1,
        "source_years": [
          2022
        ],
        "accidents_total": 7,
        "casualties_total": 7,
        "deaths_total": 0,
        "serious_injuries_total": 7,
        "max_risk_score": 35.0,
        "avg_risk_score": 35.0,
        "risk_level": "low",
        "risk_level_ko": "관심",
        "high_member_count": 0,
        "center_lng": 127.05876949,
        "center_lat": 37.58930838
      }
    },
    {
      "type": "Feature",
      "geometry": {
        "type": "Point",
        "coordinates": [
          127.07894824,
          37.58631751
        ]
      },
      "properties": {
        "cluster_id": "ped_hotspot_cluster_0771",
        "display_name": "서울 중랑구 면목동(면목2동사거리 부근)",
        "representative_place_name": "서울특별시 중랑구 면목동(면목2동사거리 부근)",
        "representative_district": "서울특별시 중랑구5",
        "member_count": 1,
        "repeat_year_count": 1,
        "source_years": [
          2022
        ],
        "accidents_total": 7,
        "casualties_total": 7,
        "deaths_total": 0,
        "serious_injuries_total": 7,
        "max_risk_score": 35.0,
        "avg_risk_score": 35.0,
        "risk_level": "low",
        "risk_level_ko": "관심",
        "high_member_count": 0,
        "center_lng": 127.07894824,
        "center_lat": 37.58631751
      }
    },
    {
      "type": "Feature",
      "geometry": {
        "type": "Point",
        "coordinates": [
          127.07565221,
          37.59380266
        ]
      },
      "properties": {
        "cluster_id": "ped_hotspot_cluster_0772",
        "display_name": "서울 중랑구 상봉동(우리은행중랑교지점 부근)",
        "representative_place_name": "서울특별시 중랑구 상봉동(우리은행중랑교지점 부근)",
        "representative_district": "서울특별시 중랑구6",
        "member_count": 2,
        "repeat_year_count": 2,
        "source_years": [
          2022,
          2025
        ],
        "accidents_total": 14,
        "casualties_total": 14,
        "deaths_total": 0,
        "serious_injuries_total": 14,
        "max_risk_score": 35.0,
        "avg_risk_score": 35.0,
        "risk_level": "low",
        "risk_level_ko": "관심",
        "high_member_count": 0,
        "center_lng": 127.07565221,
        "center_lat": 37.59380266
      }
    },
    {
      "type": "Feature",
      "geometry": {
        "type": "Point",
        "coordinates": [
          127.07325219,
          37.59206567
        ]
      },
      "properties": {
        "cluster_id": "ped_hotspot_cluster_0773",
        "display_name": "서울 중랑구 면목동(서울시체육회앞교차로 부근)",
        "representative_place_name": "서울특별시 중랑구 면목동(서울시체육회앞교차로 부근)",
        "representative_district": "서울특별시 중랑구8",
        "member_count": 1,
        "repeat_year_count": 1,
        "source_years": [
          2022
        ],
        "accidents_total": 7,
        "casualties_total": 7,
        "deaths_total": 0,
        "serious_injuries_total": 7,
        "max_risk_score": 35.0,
        "avg_risk_score": 35.0,
        "risk_level": "low",
        "risk_level_ko": "관심",
        "high_member_count": 0,
        "center_lng": 127.07325219,
        "center_lat": 37.59206567
      }
    },
    {
      "type": "Feature",
      "geometry": {
        "type": "Point",
        "coordinates": [
          127.09066928,
          37.59699463
        ]
      },
      "properties": {
        "cluster_id": "ped_hotspot_cluster_0774",
        "display_name": "서울 중랑구 상봉동(한일써너스빌103동 부근)",
        "representative_place_name": "서울특별시 중랑구 상봉동(한일써너스빌103동 부근)",
        "representative_district": "서울특별시 중랑구9",
        "member_count": 1,
        "repeat_year_count": 1,
        "source_years": [
          2022
        ],
        "accidents_total": 7,
        "casualties_total": 7,
        "deaths_total": 0,
        "serious_injuries_total": 7,
        "max_risk_score": 35.0,
        "avg_risk_score": 35.0,
        "risk_level": "low",
        "risk_level_ko": "관심",
        "high_member_count": 0,
        "center_lng": 127.09066928,
        "center_lat": 37.59699463
      }
    },
    {
      "type": "Feature",
      "geometry": {
        "type": "Point",
        "coordinates": [
          127.07674206,
          37.61587373
        ]
      },
      "properties": {
        "cluster_id": "ped_hotspot_cluster_0775",
        "display_name": "서울 중랑구 묵동(극동늘푸른아파트 부근)",
        "representative_place_name": "서울특별시 중랑구 묵동(극동늘푸른아파트 부근)",
        "representative_district": "서울특별시 중랑구10",
        "member_count": 1,
        "repeat_year_count": 1,
        "source_years": [
          2022
        ],
        "accidents_total": 7,
        "casualties_total": 7,
        "deaths_total": 0,
        "serious_injuries_total": 7,
        "max_risk_score": 35.0,
        "avg_risk_score": 35.0,
        "risk_level": "low",
        "risk_level_ko": "관심",
        "high_member_count": 0,
        "center_lng": 127.07674206,
        "center_lat": 37.61587373
      }
    },
    {
      "type": "Feature",
      "geometry": {
        "type": "Point",
        "coordinates": [
          127.03195059,
          37.60326605
        ]
      },
      "properties": {
        "cluster_id": "ped_hotspot_cluster_0776",
        "display_name": "서울 성북구 종암동(종암사거리 부근)",
        "representative_place_name": "서울특별시 성북구 종암동(종암사거리 부근)",
        "representative_district": "서울특별시 성북구3",
        "member_count": 1,
        "repeat_year_count": 1,
        "source_years": [
          2022
        ],
        "accidents_total": 7,
        "casualties_total": 7,
        "deaths_total": 0,
        "serious_injuries_total": 7,
        "max_risk_score": 35.0,
        "avg_risk_score": 35.0,
        "risk_level": "low",
        "risk_level_ko": "관심",
        "high_member_count": 0,
        "center_lng": 127.03195059,
        "center_lat": 37.60326605
      }
    },
    {
      "type": "Feature",
      "geometry": {
        "type": "Point",
        "coordinates": [
          127.03829914,
          37.60256998
        ]
      },
      "properties": {
        "cluster_id": "ped_hotspot_cluster_0777",
        "display_name": "서울 성북구 하월곡동(성북트리즘빌딩앞교차 부근)",
        "representative_place_name": "서울특별시 성북구 하월곡동(성북트리즘빌딩앞교차 부근)",
        "representative_district": "서울특별시 성북구4",
        "member_count": 1,
        "repeat_year_count": 1,
        "source_years": [
          2022
        ],
        "accidents_total": 7,
        "casualties_total": 7,
        "deaths_total": 0,
        "serious_injuries_total": 7,
        "max_risk_score": 35.0,
        "avg_risk_score": 35.0,
        "risk_level": "low",
        "risk_level_ko": "관심",
        "high_member_count": 0,
        "center_lng": 127.03829914,
        "center_lat": 37.60256998
      }
    },
    {
      "type": "Feature",
      "geometry": {
        "type": "Point",
        "coordinates": [
          127.02108426,
          37.60178031
        ]
      },
      "properties": {
        "cluster_id": "ped_hotspot_cluster_0778",
        "display_name": "서울 성북구 정릉동(미진미싱 부근)",
        "representative_place_name": "서울특별시 성북구 정릉동(미진미싱 부근)",
        "representative_district": "서울특별시 성북구5",
        "member_count": 1,
        "repeat_year_count": 1,
        "source_years": [
          2022
        ],
        "accidents_total": 7,
        "casualties_total": 7,
        "deaths_total": 0,
        "serious_injuries_total": 7,
        "max_risk_score": 35.0,
        "avg_risk_score": 35.0,
        "risk_level": "low",
        "risk_level_ko": "관심",
        "high_member_count": 0,
        "center_lng": 127.02108426,
        "center_lat": 37.60178031
      }
    },
    {
      "type": "Feature",
      "geometry": {
        "type": "Point",
        "coordinates": [
          127.04688157,
          37.60710996
        ]
      },
      "properties": {
        "cluster_id": "ped_hotspot_cluster_0779",
        "display_name": "서울 성북구 상월곡동(부동산 부근)",
        "representative_place_name": "서울특별시 성북구 상월곡동(부동산 부근)",
        "representative_district": "서울특별시 성북구6",
        "member_count": 1,
        "repeat_year_count": 1,
        "source_years": [
          2022
        ],
        "accidents_total": 7,
        "casualties_total": 7,
        "deaths_total": 0,
        "serious_injuries_total": 7,
        "max_risk_score": 35.0,
        "avg_risk_score": 35.0,
        "risk_level": "low",
        "risk_level_ko": "관심",
        "high_member_count": 0,
        "center_lng": 127.04688157,
        "center_lat": 37.60710996
      }
    },
    {
      "type": "Feature",
      "geometry": {
        "type": "Point",
        "coordinates": [
          127.03383273,
          37.59893579
        ]
      },
      "properties": {
        "cluster_id": "ped_hotspot_cluster_0780",
        "display_name": "서울 성북구 종암동(속성변화점 부근)",
        "representative_place_name": "서울특별시 성북구 종암동(속성변화점 부근)",
        "representative_district": "서울특별시 성북구7",
        "member_count": 2,
        "repeat_year_count": 2,
        "source_years": [
          2022,
          2025
        ],
        "accidents_total": 14,
        "casualties_total": 14,
        "deaths_total": 0,
        "serious_injuries_total": 14,
        "max_risk_score": 35.0,
        "avg_risk_score": 35.0,
        "risk_level": "low",
        "risk_level_ko": "관심",
        "high_member_count": 0,
        "center_lng": 127.03383273,
        "center_lat": 37.59893579
      }
    },
    {
      "type": "Feature",
      "geometry": {
        "type": "Point",
        "coordinates": [
          127.01696555,
          37.64304488
        ]
      },
      "properties": {
        "cluster_id": "ped_hotspot_cluster_0781",
        "display_name": "서울 강북구 수유동(국민마트 부근)",
        "representative_place_name": "서울특별시 강북구 수유동(국민마트 부근)",
        "representative_district": "서울특별시 강북구9",
        "member_count": 1,
        "repeat_year_count": 1,
        "source_years": [
          2022
        ],
        "accidents_total": 7,
        "casualties_total": 7,
        "deaths_total": 0,
        "serious_injuries_total": 7,
        "max_risk_score": 35.0,
        "avg_risk_score": 35.0,
        "risk_level": "low",
        "risk_level_ko": "관심",
        "high_member_count": 0,
        "center_lng": 127.01696555,
        "center_lat": 37.64304488
      }
    },
    {
      "type": "Feature",
      "geometry": {
        "type": "Point",
        "coordinates": [
          127.0490953,
          37.65326703
        ]
      },
      "properties": {
        "cluster_id": "ped_hotspot_cluster_0782",
        "display_name": "서울 도봉구 창동(도봉구보건소 부근)",
        "representative_place_name": "서울특별시 도봉구 창동(도봉구보건소 부근)",
        "representative_district": "서울특별시 도봉구5",
        "member_count": 1,
        "repeat_year_count": 1,
        "source_years": [
          2022
        ],
        "accidents_total": 7,
        "casualties_total": 7,
        "deaths_total": 0,
        "serious_injuries_total": 7,
        "max_risk_score": 35.0,
        "avg_risk_score": 35.0,
        "risk_level": "low",
        "risk_level_ko": "관심",
        "high_member_count": 0,
        "center_lng": 127.0490953,
        "center_lat": 37.65326703
      }
    },
    {
      "type": "Feature",
      "geometry": {
        "type": "Point",
        "coordinates": [
          127.03259736,
          37.64473025
        ]
      },
      "properties": {
        "cluster_id": "ped_hotspot_cluster_0783",
        "display_name": "서울 도봉구 쌍문동(성북택시 부근)",
        "representative_place_name": "서울특별시 도봉구 쌍문동(성북택시 부근)",
        "representative_district": "서울특별시 도봉구6",
        "member_count": 1,
        "repeat_year_count": 1,
        "source_years": [
          2022
        ],
        "accidents_total": 7,
        "casualties_total": 7,
        "deaths_total": 0,
        "serious_injuries_total": 7,
        "max_risk_score": 35.0,
        "avg_risk_score": 35.0,
        "risk_level": "low",
        "risk_level_ko": "관심",
        "high_member_count": 0,
        "center_lng": 127.03259736,
        "center_lat": 37.64473025
      }
    },
    {
      "type": "Feature",
      "geometry": {
        "type": "Point",
        "coordinates": [
          127.08164798,
          37.67051234
        ]
      },
      "properties": {
        "cluster_id": "ped_hotspot_cluster_0784",
        "display_name": "서울 노원구 상계동(기업은행 부근)",
        "representative_place_name": "서울특별시 노원구 상계동(기업은행 부근)",
        "representative_district": "서울특별시 노원구5",
        "member_count": 1,
        "repeat_year_count": 1,
        "source_years": [
          2022
        ],
        "accidents_total": 7,
        "casualties_total": 7,
        "deaths_total": 0,
        "serious_injuries_total": 7,
        "max_risk_score": 35.0,
        "avg_risk_score": 35.0,
        "risk_level": "low",
        "risk_level_ko": "관심",
        "high_member_count": 0,
        "center_lng": 127.08164798,
        "center_lat": 37.67051234
      }
    },
    {
      "type": "Feature",
      "geometry": {
        "type": "Point",
        "coordinates": [
          126.9171396,
          37.58768402
        ]
      },
      "properties": {
        "cluster_id": "ped_hotspot_cluster_0785",
        "display_name": "서울 은평구 응암동(파리바게뜨 부근)",
        "representative_place_name": "서울특별시 은평구 응암동(파리바게뜨 부근)",
        "representative_district": "서울특별시 은평구7",
        "member_count": 2,
        "repeat_year_count": 2,
        "source_years": [
          2022,
          2023
        ],
        "accidents_total": 14,
        "casualties_total": 14,
        "deaths_total": 0,
        "serious_injuries_total": 14,
        "max_risk_score": 35.0,
        "avg_risk_score": 35.0,
        "risk_level": "low",
        "risk_level_ko": "관심",
        "high_member_count": 0,
        "center_lng": 126.9171396,
        "center_lat": 37.58768402
      }
    },
    {
      "type": "Feature",
      "geometry": {
        "type": "Point",
        "coordinates": [
          126.91014895,
          37.60589285
        ]
      },
      "properties": {
        "cluster_id": "ped_hotspot_cluster_0786",
        "display_name": "서울 은평구 역촌동(서북병원사거리 부근)",
        "representative_place_name": "서울특별시 은평구 역촌동(서북병원사거리 부근)",
        "representative_district": "서울특별시 은평구8",
        "member_count": 2,
        "repeat_year_count": 2,
        "source_years": [
          2022,
          2023
        ],
        "accidents_total": 14,
        "casualties_total": 14,
        "deaths_total": 0,
        "serious_injuries_total": 14,
        "max_risk_score": 35.0,
        "avg_risk_score": 35.0,
        "risk_level": "low",
        "risk_level_ko": "관심",
        "high_member_count": 0,
        "center_lng": 126.91014895,
        "center_lat": 37.60589285
      }
    },
    {
      "type": "Feature",
      "geometry": {
        "type": "Point",
        "coordinates": [
          126.9439293,
          37.55691563
        ]
      },
      "properties": {
        "cluster_id": "ped_hotspot_cluster_0787",
        "display_name": "서울 서대문구 대현동(신촌기차역입구교차로 부근)",
        "representative_place_name": "서울특별시 서대문구 대현동(신촌기차역입구교차로 부근)",
        "representative_district": "서울특별시 서대문구7",
        "member_count": 1,
        "repeat_year_count": 1,
        "source_years": [
          2022
        ],
        "accidents_total": 7,
        "casualties_total": 7,
        "deaths_total": 0,
        "serious_injuries_total": 7,
        "max_risk_score": 35.0,
        "avg_risk_score": 35.0,
        "risk_level": "low",
        "risk_level_ko": "관심",
        "high_member_count": 0,
        "center_lng": 126.9439293,
        "center_lat": 37.55691563
      }
    },
    {
      "type": "Feature",
      "geometry": {
        "type": "Point",
        "coordinates": [
          126.82863707,
          37.53558543
        ]
      },
      "properties": {
        "cluster_id": "ped_hotspot_cluster_0788",
        "display_name": "서울 양천구 신월동(신월사거리 부근)",
        "representative_place_name": "서울특별시 양천구 신월동(신월사거리 부근)",
        "representative_district": "서울특별시 양천구6",
        "member_count": 1,
        "repeat_year_count": 1,
        "source_years": [
          2022
        ],
        "accidents_total": 7,
        "casualties_total": 7,
        "deaths_total": 0,
        "serious_injuries_total": 7,
        "max_risk_score": 35.0,
        "avg_risk_score": 35.0,
        "risk_level": "low",
        "risk_level_ko": "관심",
        "high_member_count": 0,
        "center_lng": 126.82863707,
        "center_lat": 37.53558543
      }
    },
    {
      "type": "Feature",
      "geometry": {
        "type": "Point",
        "coordinates": [
          126.85860492,
          37.52547664
        ]
      },
      "properties": {
        "cluster_id": "ped_hotspot_cluster_0789",
        "display_name": "서울 양천구 신정동(영등포여상사거리 부근)",
        "representative_place_name": "서울특별시 양천구 신정동(영등포여상사거리 부근)",
        "representative_district": "서울특별시 양천구7",
        "member_count": 1,
        "repeat_year_count": 1,
        "source_years": [
          2022
        ],
        "accidents_total": 7,
        "casualties_total": 7,
        "deaths_total": 0,
        "serious_injuries_total": 7,
        "max_risk_score": 35.0,
        "avg_risk_score": 35.0,
        "risk_level": "low",
        "risk_level_ko": "관심",
        "high_member_count": 0,
        "center_lng": 126.85860492,
        "center_lat": 37.52547664
      }
    },
    {
      "type": "Feature",
      "geometry": {
        "type": "Point",
        "coordinates": [
          126.8621032,
          37.525769
        ]
      },
      "properties": {
        "cluster_id": "ped_hotspot_cluster_0790",
        "display_name": "서울 양천구 신정동(이화빌딩 부근)",
        "representative_place_name": "서울특별시 양천구 신정동(이화빌딩 부근)",
        "representative_district": "서울특별시 양천구10",
        "member_count": 3,
        "repeat_year_count": 3,
        "source_years": [
          2022,
          2024,
          2025
        ],
        "accidents_total": 21,
        "casualties_total": 21,
        "deaths_total": 0,
        "serious_injuries_total": 21,
        "max_risk_score": 35.0,
        "avg_risk_score": 35.0,
        "risk_level": "low",
        "risk_level_ko": "관심",
        "high_member_count": 0,
        "center_lng": 126.8621032,
        "center_lat": 37.525769
      }
    },
    {
      "type": "Feature",
      "geometry": {
        "type": "Point",
        "coordinates": [
          126.86374779,
          37.53289551
        ]
      },
      "properties": {
        "cluster_id": "ped_hotspot_cluster_0791",
        "display_name": "서울 강서구 화곡동(목동사거리 부근)",
        "representative_place_name": "서울특별시 강서구 화곡동(목동사거리 부근)",
        "representative_district": "서울특별시 강서구7",
        "member_count": 1,
        "repeat_year_count": 1,
        "source_years": [
          2022
        ],
        "accidents_total": 7,
        "casualties_total": 7,
        "deaths_total": 0,
        "serious_injuries_total": 7,
        "max_risk_score": 35.0,
        "avg_risk_score": 35.0,
        "risk_level": "low",
        "risk_level_ko": "관심",
        "high_member_count": 0,
        "center_lng": 126.86374779,
        "center_lat": 37.53289551
      }
    },
    {
      "type": "Feature",
      "geometry": {
        "type": "Point",
        "coordinates": [
          126.85157459,
          37.5531997
        ]
      },
      "properties": {
        "cluster_id": "ped_hotspot_cluster_0792",
        "display_name": "서울 강서구 화곡동(신라빌딩 부근)",
        "representative_place_name": "서울특별시 강서구 화곡동(신라빌딩 부근)",
        "representative_district": "서울특별시 강서구8",
        "member_count": 1,
        "repeat_year_count": 1,
        "source_years": [
          2022
        ],
        "accidents_total": 7,
        "casualties_total": 7,
        "deaths_total": 0,
        "serious_injuries_total": 7,
        "max_risk_score": 35.0,
        "avg_risk_score": 35.0,
        "risk_level": "low",
        "risk_level_ko": "관심",
        "high_member_count": 0,
        "center_lng": 126.85157459,
        "center_lat": 37.5531997
      }
    },
    {
      "type": "Feature",
      "geometry": {
        "type": "Point",
        "coordinates": [
          126.88725469,
          37.48182302
        ]
      },
      "properties": {
        "cluster_id": "ped_hotspot_cluster_0793",
        "display_name": "서울 구로구 가리봉동(현대자동차AS센타 부근)",
        "representative_place_name": "서울특별시 구로구 가리봉동(현대자동차AS센타 부근)",
        "representative_district": "서울특별시 구로구6",
        "member_count": 1,
        "repeat_year_count": 1,
        "source_years": [
          2022
        ],
        "accidents_total": 7,
        "casualties_total": 7,
        "deaths_total": 0,
        "serious_injuries_total": 7,
        "max_risk_score": 35.0,
        "avg_risk_score": 35.0,
        "risk_level": "low",
        "risk_level_ko": "관심",
        "high_member_count": 0,
        "center_lng": 126.88725469,
        "center_lat": 37.48182302
      }
    },
    {
      "type": "Feature",
      "geometry": {
        "type": "Point",
        "coordinates": [
          126.8844279,
          37.49020644
        ]
      },
      "properties": {
        "cluster_id": "ped_hotspot_cluster_0794",
        "display_name": "서울 구로구 구로동(구로정형외과앞교차로 부근)",
        "representative_place_name": "서울특별시 구로구 구로동(구로정형외과앞교차로 부근)",
        "representative_district": "서울특별시 구로구8",
        "member_count": 3,
        "repeat_year_count": 3,
        "source_years": [
          2022,
          2023,
          2024
        ],
        "accidents_total": 21,
        "casualties_total": 21,
        "deaths_total": 0,
        "serious_injuries_total": 21,
        "max_risk_score": 35.0,
        "avg_risk_score": 35.0,
        "risk_level": "low",
        "risk_level_ko": "관심",
        "high_member_count": 0,
        "center_lng": 126.8844279,
        "center_lat": 37.49020644
      }
    },
    {
      "type": "Feature",
      "geometry": {
        "type": "Point",
        "coordinates": [
          126.89879428,
          37.47358732
        ]
      },
      "properties": {
        "cluster_id": "ped_hotspot_cluster_0795",
        "display_name": "서울 금천구 독산동(우리은행독산동점입구 부근)",
        "representative_place_name": "서울특별시 금천구 독산동(우리은행독산동점입구 부근)",
        "representative_district": "서울특별시 금천구9",
        "member_count": 2,
        "repeat_year_count": 2,
        "source_years": [
          2022,
          2025
        ],
        "accidents_total": 14,
        "casualties_total": 14,
        "deaths_total": 0,
        "serious_injuries_total": 14,
        "max_risk_score": 35.0,
        "avg_risk_score": 35.0,
        "risk_level": "low",
        "risk_level_ko": "관심",
        "high_member_count": 0,
        "center_lng": 126.89879428,
        "center_lat": 37.47358732
      }
    },
    {
      "type": "Feature",
      "geometry": {
        "type": "Point",
        "coordinates": [
          126.91103826,
          37.50664111
        ]
      },
      "properties": {
        "cluster_id": "ped_hotspot_cluster_0796",
        "display_name": "서울 영등포구 신길동(사러가시장앞교차로 부근)",
        "representative_place_name": "서울특별시 영등포구 신길동(사러가시장앞교차로 부근)",
        "representative_district": "서울특별시 영등포구8",
        "member_count": 1,
        "repeat_year_count": 1,
        "source_years": [
          2022
        ],
        "accidents_total": 7,
        "casualties_total": 7,
        "deaths_total": 0,
        "serious_injuries_total": 7,
        "max_risk_score": 35.0,
        "avg_risk_score": 35.0,
        "risk_level": "low",
        "risk_level_ko": "관심",
        "high_member_count": 0,
        "center_lng": 126.91103826,
        "center_lat": 37.50664111
      }
    },
    {
      "type": "Feature",
      "geometry": {
        "type": "Point",
        "coordinates": [
          126.90756289,
          37.51689914
        ]
      },
      "properties": {
        "cluster_id": "ped_hotspot_cluster_0797",
        "display_name": "서울 영등포구 영등포동3가(영등포역앞교차로 부근)",
        "representative_place_name": "서울특별시 영등포구 영등포동3가(영등포역앞교차로 부근)",
        "representative_district": "서울특별시 영등포구10",
        "member_count": 1,
        "repeat_year_count": 1,
        "source_years": [
          2022
        ],
        "accidents_total": 7,
        "casualties_total": 7,
        "deaths_total": 0,
        "serious_injuries_total": 7,
        "max_risk_score": 35.0,
        "avg_risk_score": 35.0,
        "risk_level": "low",
        "risk_level_ko": "관심",
        "high_member_count": 0,
        "center_lng": 126.90756289,
        "center_lat": 37.51689914
      }
    },
    {
      "type": "Feature",
      "geometry": {
        "type": "Point",
        "coordinates": [
          126.92191768,
          37.50435133
        ]
      },
      "properties": {
        "cluster_id": "ped_hotspot_cluster_0798",
        "display_name": "서울 동작구 대방동(해군회관앞교차로 부근)",
        "representative_place_name": "서울특별시 동작구 대방동(해군회관앞교차로 부근)",
        "representative_district": "서울특별시 동작구9",
        "member_count": 1,
        "repeat_year_count": 1,
        "source_years": [
          2022
        ],
        "accidents_total": 7,
        "casualties_total": 7,
        "deaths_total": 0,
        "serious_injuries_total": 7,
        "max_risk_score": 35.0,
        "avg_risk_score": 35.0,
        "risk_level": "low",
        "risk_level_ko": "관심",
        "high_member_count": 0,
        "center_lng": 126.92191768,
        "center_lat": 37.50435133
      }
    },
    {
      "type": "Feature",
      "geometry": {
        "type": "Point",
        "coordinates": [
          126.92382759,
          37.49138115
        ]
      },
      "properties": {
        "cluster_id": "ped_hotspot_cluster_0799",
        "display_name": "서울 동작구 신대방동(우성차밍빌 부근)",
        "representative_place_name": "서울특별시 동작구 신대방동(우성차밍빌 부근)",
        "representative_district": "서울특별시 동작구10",
        "member_count": 1,
        "repeat_year_count": 1,
        "source_years": [
          2022
        ],
        "accidents_total": 7,
        "casualties_total": 7,
        "deaths_total": 0,
        "serious_injuries_total": 7,
        "max_risk_score": 35.0,
        "avg_risk_score": 35.0,
        "risk_level": "low",
        "risk_level_ko": "관심",
        "high_member_count": 0,
        "center_lng": 126.92382759,
        "center_lat": 37.49138115
      }
    },
    {
      "type": "Feature",
      "geometry": {
        "type": "Point",
        "coordinates": [
          126.96835249,
          37.48609839
        ]
      },
      "properties": {
        "cluster_id": "ped_hotspot_cluster_0800",
        "display_name": "서울 동작구 사당동(남성역앞교차로 부근)",
        "representative_place_name": "서울특별시 동작구 사당동(남성역앞교차로 부근)",
        "representative_district": "서울특별시 동작구11",
        "member_count": 2,
        "repeat_year_count": 2,
        "source_years": [
          2022,
          2023
        ],
        "accidents_total": 14,
        "casualties_total": 14,
        "deaths_total": 0,
        "serious_injuries_total": 14,
        "max_risk_score": 35.0,
        "avg_risk_score": 35.0,
        "risk_level": "low",
        "risk_level_ko": "관심",
        "high_member_count": 0,
        "center_lng": 126.96835249,
        "center_lat": 37.48609839
      }
    },
    {
      "type": "Feature",
      "geometry": {
        "type": "Point",
        "coordinates": [
          126.96215924,
          37.47786123
        ]
      },
      "properties": {
        "cluster_id": "ped_hotspot_cluster_0801",
        "display_name": "서울 관악구 봉천동(낙성대역앞교차로 부근)",
        "representative_place_name": "서울특별시 관악구 봉천동(낙성대역앞교차로 부근)",
        "representative_district": "서울특별시 관악구9",
        "member_count": 1,
        "repeat_year_count": 1,
        "source_years": [
          2022
        ],
        "accidents_total": 7,
        "casualties_total": 7,
        "deaths_total": 0,
        "serious_injuries_total": 7,
        "max_risk_score": 35.0,
        "avg_risk_score": 35.0,
        "risk_level": "low",
        "risk_level_ko": "관심",
        "high_member_count": 0,
        "center_lng": 126.96215924,
        "center_lat": 37.47786123
      }
    },
    {
      "type": "Feature",
      "geometry": {
        "type": "Point",
        "coordinates": [
          126.94642411,
          37.48140743
        ]
      },
      "properties": {
        "cluster_id": "ped_hotspot_cluster_0802",
        "display_name": "서울 관악구 봉천동(봉천본동농협앞 부근)",
        "representative_place_name": "서울특별시 관악구 봉천동(봉천본동농협앞 부근)",
        "representative_district": "서울특별시 관악구12",
        "member_count": 2,
        "repeat_year_count": 2,
        "source_years": [
          2022,
          2023
        ],
        "accidents_total": 14,
        "casualties_total": 14,
        "deaths_total": 0,
        "serious_injuries_total": 14,
        "max_risk_score": 35.0,
        "avg_risk_score": 35.0,
        "risk_level": "low",
        "risk_level_ko": "관심",
        "high_member_count": 0,
        "center_lng": 126.94642411,
        "center_lat": 37.48140743
      }
    },
    {
      "type": "Feature",
      "geometry": {
        "type": "Point",
        "coordinates": [
          127.03207494,
          37.51096829
        ]
      },
      "properties": {
        "cluster_id": "ped_hotspot_cluster_0803",
        "display_name": "서울 강남구 논현동(옥타곤 부근)",
        "representative_place_name": "서울특별시 강남구 논현동(옥타곤 부근)",
        "representative_district": "서울특별시 강남구8",
        "member_count": 1,
        "repeat_year_count": 1,
        "source_years": [
          2022
        ],
        "accidents_total": 7,
        "casualties_total": 7,
        "deaths_total": 0,
        "serious_injuries_total": 7,
        "max_risk_score": 35.0,
        "avg_risk_score": 35.0,
        "risk_level": "low",
        "risk_level_ko": "관심",
        "high_member_count": 0,
        "center_lng": 127.03207494,
        "center_lat": 37.51096829
      }
    },
    {
      "type": "Feature",
      "geometry": {
        "type": "Point",
        "coordinates": [
          127.02881968,
          37.49646376
        ]
      },
      "properties": {
        "cluster_id": "ped_hotspot_cluster_0804",
        "display_name": "서울 강남구 역삼동(준빌딩 부근)",
        "representative_place_name": "서울특별시 강남구 역삼동(준빌딩 부근)",
        "representative_district": "서울특별시 강남구9",
        "member_count": 2,
        "repeat_year_count": 2,
        "source_years": [
          2022,
          2023
        ],
        "accidents_total": 14,
        "casualties_total": 14,
        "deaths_total": 0,
        "serious_injuries_total": 14,
        "max_risk_score": 35.0,
        "avg_risk_score": 35.0,
        "risk_level": "low",
        "risk_level_ko": "관심",
        "high_member_count": 0,
        "center_lng": 127.02881968,
        "center_lat": 37.49646376
      }
    },
    {
      "type": "Feature",
      "geometry": {
        "type": "Point",
        "coordinates": [
          127.04784386,
          37.52292762
        ]
      },
      "properties": {
        "cluster_id": "ped_hotspot_cluster_0805",
        "display_name": "서울 강남구 청담동(청담사거리 부근)",
        "representative_place_name": "서울특별시 강남구 청담동(청담사거리 부근)",
        "representative_district": "서울특별시 강남구10",
        "member_count": 1,
        "repeat_year_count": 1,
        "source_years": [
          2022
        ],
        "accidents_total": 7,
        "casualties_total": 7,
        "deaths_total": 0,
        "serious_injuries_total": 7,
        "max_risk_score": 35.0,
        "avg_risk_score": 35.0,
        "risk_level": "low",
        "risk_level_ko": "관심",
        "high_member_count": 0,
        "center_lng": 127.04784386,
        "center_lat": 37.52292762
      }
    },
    {
      "type": "Feature",
      "geometry": {
        "type": "Point",
        "coordinates": [
          127.11708355,
          37.49188148
        ]
      },
      "properties": {
        "cluster_id": "ped_hotspot_cluster_0806",
        "display_name": "서울 송파구 문정동(GS마트입구 부근)",
        "representative_place_name": "서울특별시 송파구 문정동(GS마트입구 부근)",
        "representative_district": "서울특별시 송파구3",
        "member_count": 2,
        "repeat_year_count": 2,
        "source_years": [
          2022,
          2023
        ],
        "accidents_total": 14,
        "casualties_total": 14,
        "deaths_total": 0,
        "serious_injuries_total": 14,
        "max_risk_score": 35.0,
        "avg_risk_score": 35.0,
        "risk_level": "low",
        "risk_level_ko": "관심",
        "high_member_count": 0,
        "center_lng": 127.11708355,
        "center_lat": 37.49188148
      }
    },
    {
      "type": "Feature",
      "geometry": {
        "type": "Point",
        "coordinates": [
          127.10816252,
          37.50133024
        ]
      },
      "properties": {
        "cluster_id": "ped_hotspot_cluster_0807",
        "display_name": "서울 송파구 석촌동(송파사거리 부근)",
        "representative_place_name": "서울특별시 송파구 석촌동(송파사거리 부근)",
        "representative_district": "서울특별시 송파구4",
        "member_count": 1,
        "repeat_year_count": 1,
        "source_years": [
          2022
        ],
        "accidents_total": 7,
        "casualties_total": 7,
        "deaths_total": 0,
        "serious_injuries_total": 7,
        "max_risk_score": 35.0,
        "avg_risk_score": 35.0,
        "risk_level": "low",
        "risk_level_ko": "관심",
        "high_member_count": 0,
        "center_lng": 127.10816252,
        "center_lat": 37.50133024
      }
    },
    {
      "type": "Feature",
      "geometry": {
        "type": "Point",
        "coordinates": [
          127.14392604,
          37.54633111
        ]
      },
      "properties": {
        "cluster_id": "ped_hotspot_cluster_0808",
        "display_name": "서울 강동구 명일동(굽은다리역교차로 부근)",
        "representative_place_name": "서울특별시 강동구 명일동(굽은다리역교차로 부근)",
        "representative_district": "서울특별시 강동구10",
        "member_count": 1,
        "repeat_year_count": 1,
        "source_years": [
          2022
        ],
        "accidents_total": 7,
        "casualties_total": 7,
        "deaths_total": 0,
        "serious_injuries_total": 7,
        "max_risk_score": 35.0,
        "avg_risk_score": 35.0,
        "risk_level": "low",
        "risk_level_ko": "관심",
        "high_member_count": 0,
        "center_lng": 127.14392604,
        "center_lat": 37.54633111
      }
    },
    {
      "type": "Feature",
      "geometry": {
        "type": "Point",
        "coordinates": [
          127.14262182,
          37.53497009
        ]
      },
      "properties": {
        "cluster_id": "ped_hotspot_cluster_0809",
        "display_name": "서울 강동구 둔촌동(길동사거리앞교차로 부근)",
        "representative_place_name": "서울특별시 강동구 둔촌동(길동사거리앞교차로 부근)",
        "representative_district": "서울특별시 강동구11",
        "member_count": 1,
        "repeat_year_count": 1,
        "source_years": [
          2022
        ],
        "accidents_total": 7,
        "casualties_total": 7,
        "deaths_total": 0,
        "serious_injuries_total": 7,
        "max_risk_score": 35.0,
        "avg_risk_score": 35.0,
        "risk_level": "low",
        "risk_level_ko": "관심",
        "high_member_count": 0,
        "center_lng": 127.14262182,
        "center_lat": 37.53497009
      }
    },
    {
      "type": "Feature",
      "geometry": {
        "type": "Point",
        "coordinates": [
          127.12880427,
          37.53673017
        ]
      },
      "properties": {
        "cluster_id": "ped_hotspot_cluster_0810",
        "display_name": "서울 강동구 천호동(산경빌딩 부근)",
        "representative_place_name": "서울특별시 강동구 천호동(산경빌딩 부근)",
        "representative_district": "서울특별시 강동구12",
        "member_count": 1,
        "repeat_year_count": 1,
        "source_years": [
          2022
        ],
        "accidents_total": 7,
        "casualties_total": 7,
        "deaths_total": 0,
        "serious_injuries_total": 7,
        "max_risk_score": 35.0,
        "avg_risk_score": 35.0,
        "risk_level": "low",
        "risk_level_ko": "관심",
        "high_member_count": 0,
        "center_lng": 127.12880427,
        "center_lat": 37.53673017
      }
    },
    {
      "type": "Feature",
      "geometry": {
        "type": "Point",
        "coordinates": [
          129.04912381,
          35.17402722
        ]
      },
      "properties": {
        "cluster_id": "ped_hotspot_cluster_0811",
        "display_name": "부산 부산진구 초읍동(초읍동33263 부근)",
        "representative_place_name": "부산광역시 부산진구 초읍동(초읍동33263 부근)",
        "representative_district": "부산광역시 부산진구17",
        "member_count": 1,
        "repeat_year_count": 1,
        "source_years": [
          2022
        ],
        "accidents_total": 7,
        "casualties_total": 7,
        "deaths_total": 0,
        "serious_injuries_total": 7,
        "max_risk_score": 35.0,
        "avg_risk_score": 35.0,
        "risk_level": "low",
        "risk_level_ko": "관심",
        "high_member_count": 0,
        "center_lng": 129.04912381,
        "center_lat": 35.17402722
      }
    },
    {
      "type": "Feature",
      "geometry": {
        "type": "Point",
        "coordinates": [
          129.03867481,
          35.16756967
        ]
      },
      "properties": {
        "cluster_id": "ped_hotspot_cluster_0812",
        "display_name": "부산 부산진구 당감동(당감안식일교회 부근)",
        "representative_place_name": "부산광역시 부산진구 당감동(당감안식일교회 부근)",
        "representative_district": "부산광역시 부산진구19",
        "member_count": 2,
        "repeat_year_count": 2,
        "source_years": [
          2022,
          2025
        ],
        "accidents_total": 14,
        "casualties_total": 14,
        "deaths_total": 0,
        "serious_injuries_total": 14,
        "max_risk_score": 35.0,
        "avg_risk_score": 35.0,
        "risk_level": "low",
        "risk_level_ko": "관심",
        "high_member_count": 0,
        "center_lng": 129.03867481,
        "center_lat": 35.16756967
      }
    },
    {
      "type": "Feature",
      "geometry": {
        "type": "Point",
        "coordinates": [
          129.02074939,
          35.14805978
        ]
      },
      "properties": {
        "cluster_id": "ped_hotspot_cluster_0813",
        "display_name": "부산 부산진구 개금동(행복어린이집 부근)",
        "representative_place_name": "부산광역시 부산진구 개금동(행복어린이집 부근)",
        "representative_district": "부산광역시 부산진구20",
        "member_count": 1,
        "repeat_year_count": 1,
        "source_years": [
          2022
        ],
        "accidents_total": 7,
        "casualties_total": 7,
        "deaths_total": 0,
        "serious_injuries_total": 7,
        "max_risk_score": 35.0,
        "avg_risk_score": 35.0,
        "risk_level": "low",
        "risk_level_ko": "관심",
        "high_member_count": 0,
        "center_lng": 129.02074939,
        "center_lat": 35.14805978
      }
    },
    {
      "type": "Feature",
      "geometry": {
        "type": "Point",
        "coordinates": [
          129.06729778,
          35.20552976
        ]
      },
      "properties": {
        "cluster_id": "ped_hotspot_cluster_0814",
        "display_name": "부산 동래구 사직동(미남역 부근)",
        "representative_place_name": "부산광역시 동래구 사직동(미남역 부근)",
        "representative_district": "부산광역시 동래구6",
        "member_count": 1,
        "repeat_year_count": 1,
        "source_years": [
          2022
        ],
        "accidents_total": 7,
        "casualties_total": 7,
        "deaths_total": 0,
        "serious_injuries_total": 7,
        "max_risk_score": 35.0,
        "avg_risk_score": 35.0,
        "risk_level": "low",
        "risk_level_ko": "관심",
        "high_member_count": 0,
        "center_lng": 129.06729778,
        "center_lat": 35.20552976
      }
    },
    {
      "type": "Feature",
      "geometry": {
        "type": "Point",
        "coordinates": [
          129.0647987,
          35.20123441
        ]
      },
      "properties": {
        "cluster_id": "ped_hotspot_cluster_0815",
        "display_name": "부산 동래구 사직동(사직삼거리 부근)",
        "representative_place_name": "부산광역시 동래구 사직동(사직삼거리 부근)",
        "representative_district": "부산광역시 동래구7",
        "member_count": 1,
        "repeat_year_count": 1,
        "source_years": [
          2022
        ],
        "accidents_total": 7,
        "casualties_total": 7,
        "deaths_total": 0,
        "serious_injuries_total": 7,
        "max_risk_score": 35.0,
        "avg_risk_score": 35.0,
        "risk_level": "low",
        "risk_level_ko": "관심",
        "high_member_count": 0,
        "center_lng": 129.0647987,
        "center_lat": 35.20123441
      }
    },
    {
      "type": "Feature",
      "geometry": {
        "type": "Point",
        "coordinates": [
          129.09798032,
          35.20170257
        ]
      },
      "properties": {
        "cluster_id": "ped_hotspot_cluster_0816",
        "display_name": "부산 동래구 안락동(대원정사 부근)",
        "representative_place_name": "부산광역시 동래구 안락동(대원정사 부근)",
        "representative_district": "부산광역시 동래구8",
        "member_count": 1,
        "repeat_year_count": 1,
        "source_years": [
          2022
        ],
        "accidents_total": 7,
        "casualties_total": 7,
        "deaths_total": 0,
        "serious_injuries_total": 7,
        "max_risk_score": 35.0,
        "avg_risk_score": 35.0,
        "risk_level": "low",
        "risk_level_ko": "관심",
        "high_member_count": 0,
        "center_lng": 129.09798032,
        "center_lat": 35.20170257
      }
    },
    {
      "type": "Feature",
      "geometry": {
        "type": "Point",
        "coordinates": [
          129.08226914,
          35.21849831
        ]
      },
      "properties": {
        "cluster_id": "ped_hotspot_cluster_0817",
        "display_name": "부산 동래구 온천동(온천장교차로 부근)",
        "representative_place_name": "부산광역시 동래구 온천동(온천장교차로 부근)",
        "representative_district": "부산광역시 동래구9",
        "member_count": 1,
        "repeat_year_count": 1,
        "source_years": [
          2022
        ],
        "accidents_total": 7,
        "casualties_total": 7,
        "deaths_total": 0,
        "serious_injuries_total": 7,
        "max_risk_score": 35.0,
        "avg_risk_score": 35.0,
        "risk_level": "low",
        "risk_level_ko": "관심",
        "high_member_count": 0,
        "center_lng": 129.08226914,
        "center_lat": 35.21849831
      }
    },
    {
      "type": "Feature",
      "geometry": {
        "type": "Point",
        "coordinates": [
          129.08335882,
          35.20389398
        ]
      },
      "properties": {
        "cluster_id": "ped_hotspot_cluster_0818",
        "display_name": "부산 동래구 명륜동(한국외식업중앙회부산 부근)",
        "representative_place_name": "부산광역시 동래구 명륜동(한국외식업중앙회부산 부근)",
        "representative_district": "부산광역시 동래구10",
        "member_count": 2,
        "repeat_year_count": 2,
        "source_years": [
          2022,
          2025
        ],
        "accidents_total": 14,
        "casualties_total": 14,
        "deaths_total": 0,
        "serious_injuries_total": 14,
        "max_risk_score": 35.0,
        "avg_risk_score": 35.0,
        "risk_level": "low",
        "risk_level_ko": "관심",
        "high_member_count": 0,
        "center_lng": 129.08335882,
        "center_lat": 35.20389398
      }
    },
    {
      "type": "Feature",
      "geometry": {
        "type": "Point",
        "coordinates": [
          129.09081361,
          35.13832425
        ]
      },
      "properties": {
        "cluster_id": "ped_hotspot_cluster_0819",
        "display_name": "부산 남구 대연동(천룡암 부근)",
        "representative_place_name": "부산광역시 남구 대연동(천룡암 부근)",
        "representative_district": "부산광역시 남구7",
        "member_count": 1,
        "repeat_year_count": 1,
        "source_years": [
          2022
        ],
        "accidents_total": 7,
        "casualties_total": 7,
        "deaths_total": 0,
        "serious_injuries_total": 7,
        "max_risk_score": 35.0,
        "avg_risk_score": 35.0,
        "risk_level": "low",
        "risk_level_ko": "관심",
        "high_member_count": 0,
        "center_lng": 129.09081361,
        "center_lat": 35.13832425
      }
    },
    {
      "type": "Feature",
      "geometry": {
        "type": "Point",
        "coordinates": [
          129.09160722,
          35.13398612
        ]
      },
      "properties": {
        "cluster_id": "ped_hotspot_cluster_0820",
        "display_name": "부산 남구 대연동(대연사거리 부근)",
        "representative_place_name": "부산광역시 남구 대연동(대연사거리 부근)",
        "representative_district": "부산광역시 남구8",
        "member_count": 1,
        "repeat_year_count": 1,
        "source_years": [
          2022
        ],
        "accidents_total": 7,
        "casualties_total": 7,
        "deaths_total": 0,
        "serious_injuries_total": 7,
        "max_risk_score": 35.0,
        "avg_risk_score": 35.0,
        "risk_level": "low",
        "risk_level_ko": "관심",
        "high_member_count": 0,
        "center_lng": 129.09160722,
        "center_lat": 35.13398612
      }
    },
    {
      "type": "Feature",
      "geometry": {
        "type": "Point",
        "coordinates": [
          129.12580155,
          35.18672634
        ]
      },
      "properties": {
        "cluster_id": "ped_hotspot_cluster_0821",
        "display_name": "부산 해운대구 재송동(엘벧엘교회 부근)",
        "representative_place_name": "부산광역시 해운대구 재송동(엘벧엘교회 부근)",
        "representative_district": "부산광역시 해운대구4",
        "member_count": 1,
        "repeat_year_count": 1,
        "source_years": [
          2022
        ],
        "accidents_total": 7,
        "casualties_total": 7,
        "deaths_total": 0,
        "serious_injuries_total": 7,
        "max_risk_score": 35.0,
        "avg_risk_score": 35.0,
        "risk_level": "low",
        "risk_level_ko": "관심",
        "high_member_count": 0,
        "center_lng": 129.12580155,
        "center_lat": 35.18672634
      }
    },
    {
      "type": "Feature",
      "geometry": {
        "type": "Point",
        "coordinates": [
          128.99058372,
          35.0994861
        ]
      },
      "properties": {
        "cluster_id": "ped_hotspot_cluster_0822",
        "display_name": "부산 사하구 괴정동(해법쎈수학 부근)",
        "representative_place_name": "부산광역시 사하구 괴정동(해법쎈수학 부근)",
        "representative_district": "부산광역시 사하구6",
        "member_count": 3,
        "repeat_year_count": 3,
        "source_years": [
          2022,
          2023,
          2025
        ],
        "accidents_total": 21,
        "casualties_total": 21,
        "deaths_total": 0,
        "serious_injuries_total": 21,
        "max_risk_score": 35.0,
        "avg_risk_score": 35.0,
        "risk_level": "low",
        "risk_level_ko": "관심",
        "high_member_count": 0,
        "center_lng": 128.99058372,
        "center_lat": 35.0994861
      }
    },
    {
      "type": "Feature",
      "geometry": {
        "type": "Point",
        "coordinates": [
          128.99574103,
          35.1011262
        ]
      },
      "properties": {
        "cluster_id": "ped_hotspot_cluster_0823",
        "display_name": "부산 사하구 괴정동(괴정3치안센터 부근)",
        "representative_place_name": "부산광역시 사하구 괴정동(괴정3치안센터 부근)",
        "representative_district": "부산광역시 사하구7",
        "member_count": 1,
        "repeat_year_count": 1,
        "source_years": [
          2022
        ],
        "accidents_total": 7,
        "casualties_total": 7,
        "deaths_total": 0,
        "serious_injuries_total": 7,
        "max_risk_score": 35.0,
        "avg_risk_score": 35.0,
        "risk_level": "low",
        "risk_level_ko": "관심",
        "high_member_count": 0,
        "center_lng": 128.99574103,
        "center_lat": 35.1011262
      }
    },
    {
      "type": "Feature",
      "geometry": {
        "type": "Point",
        "coordinates": [
          128.99817719,
          35.10235838
        ]
      },
      "properties": {
        "cluster_id": "ped_hotspot_cluster_0824",
        "display_name": "부산 사하구 괴정동(산정현교회 부근)",
        "representative_place_name": "부산광역시 사하구 괴정동(산정현교회 부근)",
        "representative_district": "부산광역시 사하구8",
        "member_count": 1,
        "repeat_year_count": 1,
        "source_years": [
          2022
        ],
        "accidents_total": 7,
        "casualties_total": 7,
        "deaths_total": 0,
        "serious_injuries_total": 7,
        "max_risk_score": 35.0,
        "avg_risk_score": 35.0,
        "risk_level": "low",
        "risk_level_ko": "관심",
        "high_member_count": 0,
        "center_lng": 128.99817719,
        "center_lat": 35.10235838
      }
    },
    {
      "type": "Feature",
      "geometry": {
        "type": "Point",
        "coordinates": [
          129.11317106,
          35.15706247
        ]
      },
      "properties": {
        "cluster_id": "ped_hotspot_cluster_0825",
        "display_name": "부산 수영구 광안동(장대골삼거리 부근)",
        "representative_place_name": "부산광역시 수영구 광안동(장대골삼거리 부근)",
        "representative_district": "부산광역시 수영구6",
        "member_count": 2,
        "repeat_year_count": 2,
        "source_years": [
          2022,
          2023
        ],
        "accidents_total": 14,
        "casualties_total": 14,
        "deaths_total": 0,
        "serious_injuries_total": 14,
        "max_risk_score": 35.0,
        "avg_risk_score": 35.0,
        "risk_level": "low",
        "risk_level_ko": "관심",
        "high_member_count": 0,
        "center_lng": 129.11317106,
        "center_lat": 35.15706247
      }
    },
    {
      "type": "Feature",
      "geometry": {
        "type": "Point",
        "coordinates": [
          129.21722139,
          35.24118166
        ]
      },
      "properties": {
        "cluster_id": "ped_hotspot_cluster_0826",
        "display_name": "부산 기장군 기장읍(청강리7781 부근)",
        "representative_place_name": "부산광역시 기장군 기장읍(청강리7781 부근)",
        "representative_district": "부산광역시 기장군2",
        "member_count": 1,
        "repeat_year_count": 1,
        "source_years": [
          2022
        ],
        "accidents_total": 7,
        "casualties_total": 7,
        "deaths_total": 0,
        "serious_injuries_total": 7,
        "max_risk_score": 35.0,
        "avg_risk_score": 35.0,
        "risk_level": "low",
        "risk_level_ko": "관심",
        "high_member_count": 0,
        "center_lng": 129.21722139,
        "center_lat": 35.24118166
      }
    },
    {
      "type": "Feature",
      "geometry": {
        "type": "Point",
        "coordinates": [
          128.57897468,
          35.87048561
        ]
      },
      "properties": {
        "cluster_id": "ped_hotspot_cluster_0827",
        "display_name": "대구광역시 중구 대신동(큰장네거리 부근)",
        "representative_place_name": "대구광역시 중구 대신동(큰장네거리 부근)",
        "representative_district": "대구광역시 중구3",
        "member_count": 1,
        "repeat_year_count": 1,
        "source_years": [
          2022
        ],
        "accidents_total": 7,
        "casualties_total": 7,
        "deaths_total": 0,
        "serious_injuries_total": 7,
        "max_risk_score": 35.0,
        "avg_risk_score": 35.0,
        "risk_level": "low",
        "risk_level_ko": "관심",
        "high_member_count": 0,
        "center_lng": 128.57897468,
        "center_lat": 35.87048561
      }
    },
    {
      "type": "Feature",
      "geometry": {
        "type": "Point",
        "coordinates": [
          128.57386292,
          35.88567767
        ]
      },
      "properties": {
        "cluster_id": "ped_hotspot_cluster_0828",
        "display_name": "대구광역시 서구 비산동(원대네거리 부근)",
        "representative_place_name": "대구광역시 서구 비산동(원대네거리 부근)",
        "representative_district": "대구광역시 서구2",
        "member_count": 1,
        "repeat_year_count": 1,
        "source_years": [
          2022
        ],
        "accidents_total": 7,
        "casualties_total": 7,
        "deaths_total": 0,
        "serious_injuries_total": 7,
        "max_risk_score": 35.0,
        "avg_risk_score": 35.0,
        "risk_level": "low",
        "risk_level_ko": "관심",
        "high_member_count": 0,
        "center_lng": 128.57386292,
        "center_lat": 35.88567767
      }
    },
    {
      "type": "Feature",
      "geometry": {
        "type": "Point",
        "coordinates": [
          128.63260709,
          35.82527443
        ]
      },
      "properties": {
        "cluster_id": "ped_hotspot_cluster_0829",
        "display_name": "대구광역시 수성구 지산동(지산네거리 부근)",
        "representative_place_name": "대구광역시 수성구 지산동(지산네거리 부근)",
        "representative_district": "대구광역시 수성구2",
        "member_count": 1,
        "repeat_year_count": 1,
        "source_years": [
          2022
        ],
        "accidents_total": 7,
        "casualties_total": 7,
        "deaths_total": 0,
        "serious_injuries_total": 7,
        "max_risk_score": 35.0,
        "avg_risk_score": 35.0,
        "risk_level": "low",
        "risk_level_ko": "관심",
        "high_member_count": 0,
        "center_lng": 128.63260709,
        "center_lat": 35.82527443
      }
    },
    {
      "type": "Feature",
      "geometry": {
        "type": "Point",
        "coordinates": [
          128.55149756,
          35.80892888
        ]
      },
      "properties": {
        "cluster_id": "ped_hotspot_cluster_0830",
        "display_name": "대구광역시 달서구 상인동(은행아파트앞교차로 부근)",
        "representative_place_name": "대구광역시 달서구 상인동(은행아파트앞교차로 부근)",
        "representative_district": "대구광역시 달서구4",
        "member_count": 2,
        "repeat_year_count": 2,
        "source_years": [
          2022,
          2023
        ],
        "accidents_total": 14,
        "casualties_total": 14,
        "deaths_total": 0,
        "serious_injuries_total": 14,
        "max_risk_score": 35.0,
        "avg_risk_score": 35.0,
        "risk_level": "low",
        "risk_level_ko": "관심",
        "high_member_count": 0,
        "center_lng": 128.55149756,
        "center_lat": 35.80892888
      }
    },
    {
      "type": "Feature",
      "geometry": {
        "type": "Point",
        "coordinates": [
          128.5559385,
          35.8373323
        ]
      },
      "properties": {
        "cluster_id": "ped_hotspot_cluster_0831",
        "display_name": "대구광역시 달서구 송현동(성당네거리 부근)",
        "representative_place_name": "대구광역시 달서구 송현동(성당네거리 부근)",
        "representative_district": "대구광역시 달서구5",
        "member_count": 1,
        "repeat_year_count": 1,
        "source_years": [
          2022
        ],
        "accidents_total": 7,
        "casualties_total": 7,
        "deaths_total": 0,
        "serious_injuries_total": 7,
        "max_risk_score": 35.0,
        "avg_risk_score": 35.0,
        "risk_level": "low",
        "risk_level_ko": "관심",
        "high_member_count": 0,
        "center_lng": 128.5559385,
        "center_lat": 35.8373323
      }
    },
    {
      "type": "Feature",
      "geometry": {
        "type": "Point",
        "coordinates": [
          128.49801537,
          35.85382445
        ]
      },
      "properties": {
        "cluster_id": "ped_hotspot_cluster_0832",
        "display_name": "대구광역시 달서구 신당동(난나유치원 부근)",
        "representative_place_name": "대구광역시 달서구 신당동(난나유치원 부근)",
        "representative_district": "대구광역시 달서구6",
        "member_count": 2,
        "repeat_year_count": 2,
        "source_years": [
          2022,
          2023
        ],
        "accidents_total": 14,
        "casualties_total": 14,
        "deaths_total": 0,
        "serious_injuries_total": 14,
        "max_risk_score": 35.0,
        "avg_risk_score": 35.0,
        "risk_level": "low",
        "risk_level_ko": "관심",
        "high_member_count": 0,
        "center_lng": 128.49801537,
        "center_lat": 35.85382445
      }
    },
    {
      "type": "Feature",
      "geometry": {
        "type": "Point",
        "coordinates": [
          126.73094772,
          37.50344264
        ]
      },
      "properties": {
        "cluster_id": "ped_hotspot_cluster_0833",
        "display_name": "인천광역시 부평구 부평동(수협은행부평지점 부근)",
        "representative_place_name": "인천광역시 부평구 부평동(수협은행부평지점 부근)",
        "representative_district": "인천광역시 부평구1",
        "member_count": 1,
        "repeat_year_count": 1,
        "source_years": [
          2022
        ],
        "accidents_total": 7,
        "casualties_total": 7,
        "deaths_total": 0,
        "serious_injuries_total": 7,
        "max_risk_score": 35.0,
        "avg_risk_score": 35.0,
        "risk_level": "low",
        "risk_level_ko": "관심",
        "high_member_count": 0,
        "center_lng": 126.73094772,
        "center_lat": 37.50344264
      }
    },
    {
      "type": "Feature",
      "geometry": {
        "type": "Point",
        "coordinates": [
          126.72539163,
          37.53747707
        ]
      },
      "properties": {
        "cluster_id": "ped_hotspot_cluster_0834",
        "display_name": "인천광역시 계양구 계산동(부킹노래주점 부근)",
        "representative_place_name": "인천광역시 계양구 계산동(부킹노래주점 부근)",
        "representative_district": "인천광역시 계양구5",
        "member_count": 1,
        "repeat_year_count": 1,
        "source_years": [
          2022
        ],
        "accidents_total": 7,
        "casualties_total": 7,
        "deaths_total": 0,
        "serious_injuries_total": 7,
        "max_risk_score": 35.0,
        "avg_risk_score": 35.0,
        "risk_level": "low",
        "risk_level_ko": "관심",
        "high_member_count": 0,
        "center_lng": 126.72539163,
        "center_lat": 37.53747707
      }
    },
    {
      "type": "Feature",
      "geometry": {
        "type": "Point",
        "coordinates": [
          126.71085659,
          37.53252711
        ]
      },
      "properties": {
        "cluster_id": "ped_hotspot_cluster_0835",
        "display_name": "인천광역시 계양구 효성동(BRUNJ 부근)",
        "representative_place_name": "인천광역시 계양구 효성동(BRUNJ 부근)",
        "representative_district": "인천광역시 계양구6",
        "member_count": 2,
        "repeat_year_count": 2,
        "source_years": [
          2022,
          2023
        ],
        "accidents_total": 14,
        "casualties_total": 14,
        "deaths_total": 0,
        "serious_injuries_total": 14,
        "max_risk_score": 35.0,
        "avg_risk_score": 35.0,
        "risk_level": "low",
        "risk_level_ko": "관심",
        "high_member_count": 0,
        "center_lng": 126.71085659,
        "center_lat": 37.53252711
      }
    },
    {
      "type": "Feature",
      "geometry": {
        "type": "Point",
        "coordinates": [
          126.88300752,
          35.15729576
        ]
      },
      "properties": {
        "cluster_id": "ped_hotspot_cluster_0836",
        "display_name": "광주광역시 서구 화정동(교직원공제회앞교차로 부근)",
        "representative_place_name": "광주광역시 서구 화정동(교직원공제회앞교차로 부근)",
        "representative_district": "광주광역시 서구1",
        "member_count": 1,
        "repeat_year_count": 1,
        "source_years": [
          2022
        ],
        "accidents_total": 7,
        "casualties_total": 7,
        "deaths_total": 0,
        "serious_injuries_total": 7,
        "max_risk_score": 35.0,
        "avg_risk_score": 35.0,
        "risk_level": "low",
        "risk_level_ko": "관심",
        "high_member_count": 0,
        "center_lng": 126.88300752,
        "center_lat": 35.15729576
      }
    },
    {
      "type": "Feature",
      "geometry": {
        "type": "Point",
        "coordinates": [
          126.8745104,
          35.21178491
        ]
      },
      "properties": {
        "cluster_id": "ped_hotspot_cluster_0837",
        "display_name": "광주광역시 북구 양산동(북광주농협용두동지점 부근)",
        "representative_place_name": "광주광역시 북구 양산동(북광주농협용두동지점 부근)",
        "representative_district": "광주광역시 북구2",
        "member_count": 2,
        "repeat_year_count": 2,
        "source_years": [
          2022,
          2024
        ],
        "accidents_total": 14,
        "casualties_total": 14,
        "deaths_total": 0,
        "serious_injuries_total": 14,
        "max_risk_score": 35.0,
        "avg_risk_score": 35.0,
        "risk_level": "low",
        "risk_level_ko": "관심",
        "high_member_count": 0,
        "center_lng": 126.8745104,
        "center_lat": 35.21178491
      }
    },
    {
      "type": "Feature",
      "geometry": {
        "type": "Point",
        "coordinates": [
          127.38416228,
          36.3150299
        ]
      },
      "properties": {
        "cluster_id": "ped_hotspot_cluster_0838",
        "display_name": "대전광역시 서구 도마동(유등교 부근)",
        "representative_place_name": "대전광역시 서구 도마동(유등교 부근)",
        "representative_district": "대전광역시 서구4",
        "member_count": 2,
        "repeat_year_count": 2,
        "source_years": [
          2022,
          2023
        ],
        "accidents_total": 14,
        "casualties_total": 14,
        "deaths_total": 0,
        "serious_injuries_total": 14,
        "max_risk_score": 35.0,
        "avg_risk_score": 35.0,
        "risk_level": "low",
        "risk_level_ko": "관심",
        "high_member_count": 0,
        "center_lng": 127.38416228,
        "center_lat": 36.3150299
      }
    },
    {
      "type": "Feature",
      "geometry": {
        "type": "Point",
        "coordinates": [
          127.45503879,
          36.35514217
        ]
      },
      "properties": {
        "cluster_id": "ped_hotspot_cluster_0839",
        "display_name": "대전광역시 대덕구 비래동(예수사랑교회 부근)",
        "representative_place_name": "대전광역시 대덕구 비래동(예수사랑교회 부근)",
        "representative_district": "대전광역시 대덕구1",
        "member_count": 1,
        "repeat_year_count": 1,
        "source_years": [
          2022
        ],
        "accidents_total": 7,
        "casualties_total": 7,
        "deaths_total": 0,
        "serious_injuries_total": 7,
        "max_risk_score": 35.0,
        "avg_risk_score": 35.0,
        "risk_level": "low",
        "risk_level_ko": "관심",
        "high_member_count": 0,
        "center_lng": 127.45503879,
        "center_lat": 36.35514217
      }
    },
    {
      "type": "Feature",
      "geometry": {
        "type": "Point",
        "coordinates": [
          129.30964009,
          35.54365438
        ]
      },
      "properties": {
        "cluster_id": "ped_hotspot_cluster_0840",
        "display_name": "울산광역시 남구 신정동(신정동517 부근)",
        "representative_place_name": "울산광역시 남구 신정동(신정동517 부근)",
        "representative_district": "울산광역시 남구3",
        "member_count": 2,
        "repeat_year_count": 2,
        "source_years": [
          2022,
          2023
        ],
        "accidents_total": 14,
        "casualties_total": 14,
        "deaths_total": 0,
        "serious_injuries_total": 14,
        "max_risk_score": 35.0,
        "avg_risk_score": 35.0,
        "risk_level": "low",
        "risk_level_ko": "관심",
        "high_member_count": 0,
        "center_lng": 129.30964009,
        "center_lat": 35.54365438
      }
    },
    {
      "type": "Feature",
      "geometry": {
        "type": "Point",
        "coordinates": [
          129.33115456,
          35.53779459
        ]
      },
      "properties": {
        "cluster_id": "ped_hotspot_cluster_0841",
        "display_name": "울산광역시 남구 달동(목화예식장교차로 부근)",
        "representative_place_name": "울산광역시 남구 달동(목화예식장교차로 부근)",
        "representative_district": "울산광역시 남구4",
        "member_count": 2,
        "repeat_year_count": 2,
        "source_years": [
          2022,
          2025
        ],
        "accidents_total": 14,
        "casualties_total": 14,
        "deaths_total": 0,
        "serious_injuries_total": 14,
        "max_risk_score": 35.0,
        "avg_risk_score": 35.0,
        "risk_level": "low",
        "risk_level_ko": "관심",
        "high_member_count": 0,
        "center_lng": 129.33115456,
        "center_lat": 35.53779459
      }
    },
    {
      "type": "Feature",
      "geometry": {
        "type": "Point",
        "coordinates": [
          129.26303756,
          35.54921127
        ]
      },
      "properties": {
        "cluster_id": "ped_hotspot_cluster_0842",
        "display_name": "울산광역시 남구 무거동(무거동861 부근)",
        "representative_place_name": "울산광역시 남구 무거동(무거동861 부근)",
        "representative_district": "울산광역시 남구6",
        "member_count": 1,
        "repeat_year_count": 1,
        "source_years": [
          2022
        ],
        "accidents_total": 7,
        "casualties_total": 7,
        "deaths_total": 0,
        "serious_injuries_total": 7,
        "max_risk_score": 35.0,
        "avg_risk_score": 35.0,
        "risk_level": "low",
        "risk_level_ko": "관심",
        "high_member_count": 0,
        "center_lng": 129.26303756,
        "center_lat": 35.54921127
      }
    },
    {
      "type": "Feature",
      "geometry": {
        "type": "Point",
        "coordinates": [
          127.2984236,
          36.60015008
        ]
      },
      "properties": {
        "cluster_id": "ped_hotspot_cluster_0843",
        "display_name": "세종특별자치시  조치원읍(역전교차로 부근)",
        "representative_place_name": "세종특별자치시  조치원읍(역전교차로 부근)",
        "representative_district": "세종특별자치시 1",
        "member_count": 3,
        "repeat_year_count": 3,
        "source_years": [
          2022,
          2024,
          2025
        ],
        "accidents_total": 21,
        "casualties_total": 21,
        "deaths_total": 0,
        "serious_injuries_total": 21,
        "max_risk_score": 35.0,
        "avg_risk_score": 35.0,
        "risk_level": "low",
        "risk_level_ko": "관심",
        "high_member_count": 0,
        "center_lng": 127.2984236,
        "center_lat": 36.60015008
      }
    },
    {
      "type": "Feature",
      "geometry": {
        "type": "Point",
        "coordinates": [
          127.0291489,
          37.29174258
        ]
      },
      "properties": {
        "cluster_id": "ped_hotspot_cluster_0844",
        "display_name": "경기 수원시 장안구 연무동(퉁소바위사거리 부근)",
        "representative_place_name": "경기도 수원시 장안구 연무동(퉁소바위사거리 부근)",
        "representative_district": "경기도 수원시 장안구3",
        "member_count": 1,
        "repeat_year_count": 1,
        "source_years": [
          2022
        ],
        "accidents_total": 7,
        "casualties_total": 7,
        "deaths_total": 0,
        "serious_injuries_total": 7,
        "max_risk_score": 35.0,
        "avg_risk_score": 35.0,
        "risk_level": "low",
        "risk_level_ko": "관심",
        "high_member_count": 0,
        "center_lng": 127.0291489,
        "center_lat": 37.29174258
      }
    },
    {
      "type": "Feature",
      "geometry": {
        "type": "Point",
        "coordinates": [
          127.00960706,
          37.25956332
        ]
      },
      "properties": {
        "cluster_id": "ped_hotspot_cluster_0845",
        "display_name": "경기 수원시 권선구 세류동(유천교 부근)",
        "representative_place_name": "경기도 수원시 권선구 세류동(유천교 부근)",
        "representative_district": "경기도 수원시 권선구1",
        "member_count": 2,
        "repeat_year_count": 2,
        "source_years": [
          2022,
          2023
        ],
        "accidents_total": 14,
        "casualties_total": 14,
        "deaths_total": 0,
        "serious_injuries_total": 14,
        "max_risk_score": 35.0,
        "avg_risk_score": 35.0,
        "risk_level": "low",
        "risk_level_ko": "관심",
        "high_member_count": 0,
        "center_lng": 127.00960706,
        "center_lat": 37.25956332
      }
    },
    {
      "type": "Feature",
      "geometry": {
        "type": "Point",
        "coordinates": [
          127.10985601,
          37.34954471
        ]
      },
      "properties": {
        "cluster_id": "ped_hotspot_cluster_0846",
        "display_name": "경기 성남시 분당구 구미동(성남고용복자플러스센 부근)",
        "representative_place_name": "경기도 성남시 분당구 구미동(성남고용복자플러스센 부근)",
        "representative_district": "경기도 성남시 분당구4",
        "member_count": 1,
        "repeat_year_count": 1,
        "source_years": [
          2022
        ],
        "accidents_total": 7,
        "casualties_total": 7,
        "deaths_total": 0,
        "serious_injuries_total": 7,
        "max_risk_score": 35.0,
        "avg_risk_score": 35.0,
        "risk_level": "low",
        "risk_level_ko": "관심",
        "high_member_count": 0,
        "center_lng": 127.10985601,
        "center_lat": 37.34954471
      }
    },
    {
      "type": "Feature",
      "geometry": {
        "type": "Point",
        "coordinates": [
          126.92049498,
          37.39989925
        ]
      },
      "properties": {
        "cluster_id": "ped_hotspot_cluster_0847",
        "display_name": "경기 안양시 만안구 안양동(중앙사거리 부근)",
        "representative_place_name": "경기도 안양시 만안구 안양동(중앙사거리 부근)",
        "representative_district": "경기도 안양시 만안구2",
        "member_count": 2,
        "repeat_year_count": 2,
        "source_years": [
          2022,
          2023
        ],
        "accidents_total": 14,
        "casualties_total": 14,
        "deaths_total": 0,
        "serious_injuries_total": 14,
        "max_risk_score": 35.0,
        "avg_risk_score": 35.0,
        "risk_level": "low",
        "risk_level_ko": "관심",
        "high_member_count": 0,
        "center_lng": 126.92049498,
        "center_lat": 37.39989925
      }
    },
    {
      "type": "Feature",
      "geometry": {
        "type": "Point",
        "coordinates": [
          126.95743358,
          37.40440091
        ]
      },
      "properties": {
        "cluster_id": "ped_hotspot_cluster_0848",
        "display_name": "경기 안양시 동안구 관양동(현대아파트입구삼거리 부근)",
        "representative_place_name": "경기도 안양시 동안구 관양동(현대아파트입구삼거리 부근)",
        "representative_district": "경기도 안양시 동안구2",
        "member_count": 2,
        "repeat_year_count": 2,
        "source_years": [
          2022,
          2023
        ],
        "accidents_total": 14,
        "casualties_total": 14,
        "deaths_total": 0,
        "serious_injuries_total": 14,
        "max_risk_score": 35.0,
        "avg_risk_score": 35.0,
        "risk_level": "low",
        "risk_level_ko": "관심",
        "high_member_count": 0,
        "center_lng": 126.95743358,
        "center_lat": 37.40440091
      }
    },
    {
      "type": "Feature",
      "geometry": {
        "type": "Point",
        "coordinates": [
          126.78160263,
          37.48303055
        ]
      },
      "properties": {
        "cluster_id": "ped_hotspot_cluster_0849",
        "display_name": "경기 부천시 심곡본동(부천역남부삼거리 부근)",
        "representative_place_name": "경기도 부천시 심곡본동(부천역남부삼거리 부근)",
        "representative_district": "경기도 부천시13",
        "member_count": 1,
        "repeat_year_count": 1,
        "source_years": [
          2022
        ],
        "accidents_total": 7,
        "casualties_total": 7,
        "deaths_total": 0,
        "serious_injuries_total": 7,
        "max_risk_score": 35.0,
        "avg_risk_score": 35.0,
        "risk_level": "low",
        "risk_level_ko": "관심",
        "high_member_count": 0,
        "center_lng": 126.78160263,
        "center_lat": 37.48303055
      }
    },
    {
      "type": "Feature",
      "geometry": {
        "type": "Point",
        "coordinates": [
          126.78943267,
          37.48539662
        ]
      },
      "properties": {
        "cluster_id": "ped_hotspot_cluster_0850",
        "display_name": "경기 부천시 심곡동(소명사거리 부근)",
        "representative_place_name": "경기도 부천시 심곡동(소명사거리 부근)",
        "representative_district": "경기도 부천시14",
        "member_count": 2,
        "repeat_year_count": 2,
        "source_years": [
          2022,
          2023
        ],
        "accidents_total": 14,
        "casualties_total": 14,
        "deaths_total": 0,
        "serious_injuries_total": 14,
        "max_risk_score": 35.0,
        "avg_risk_score": 35.0,
        "risk_level": "low",
        "risk_level_ko": "관심",
        "high_member_count": 0,
        "center_lng": 126.78943267,
        "center_lat": 37.48539662
      }
    },
    {
      "type": "Feature",
      "geometry": {
        "type": "Point",
        "coordinates": [
          126.77617034,
          37.48335793
        ]
      },
      "properties": {
        "cluster_id": "ped_hotspot_cluster_0851",
        "display_name": "경기 부천시 심곡본동(심곡고가사거리 부근)",
        "representative_place_name": "경기도 부천시 심곡본동(심곡고가사거리 부근)",
        "representative_district": "경기도 부천시15",
        "member_count": 1,
        "repeat_year_count": 1,
        "source_years": [
          2022
        ],
        "accidents_total": 7,
        "casualties_total": 7,
        "deaths_total": 0,
        "serious_injuries_total": 7,
        "max_risk_score": 35.0,
        "avg_risk_score": 35.0,
        "risk_level": "low",
        "risk_level_ko": "관심",
        "high_member_count": 0,
        "center_lng": 126.77617034,
        "center_lat": 37.48335793
      }
    },
    {
      "type": "Feature",
      "geometry": {
        "type": "Point",
        "coordinates": [
          127.08310794,
          36.99898529
        ]
      },
      "properties": {
        "cluster_id": "ped_hotspot_cluster_0852",
        "display_name": "경기 평택시 세교동(통복1교 부근)",
        "representative_place_name": "경기도 평택시 세교동(통복1교 부근)",
        "representative_district": "경기도 평택시6",
        "member_count": 1,
        "repeat_year_count": 1,
        "source_years": [
          2022
        ],
        "accidents_total": 7,
        "casualties_total": 7,
        "deaths_total": 0,
        "serious_injuries_total": 7,
        "max_risk_score": 35.0,
        "avg_risk_score": 35.0,
        "risk_level": "low",
        "risk_level_ko": "관심",
        "high_member_count": 0,
        "center_lng": 127.08310794,
        "center_lat": 36.99898529
      }
    },
    {
      "type": "Feature",
      "geometry": {
        "type": "Point",
        "coordinates": [
          127.06404203,
          37.07067066
        ]
      },
      "properties": {
        "cluster_id": "ped_hotspot_cluster_0853",
        "display_name": "경기 평택시 서정동(서정동9111 부근)",
        "representative_place_name": "경기도 평택시 서정동(서정동9111 부근)",
        "representative_district": "경기도 평택시8",
        "member_count": 1,
        "repeat_year_count": 1,
        "source_years": [
          2022
        ],
        "accidents_total": 7,
        "casualties_total": 7,
        "deaths_total": 0,
        "serious_injuries_total": 7,
        "max_risk_score": 35.0,
        "avg_risk_score": 35.0,
        "risk_level": "low",
        "risk_level_ko": "관심",
        "high_member_count": 0,
        "center_lng": 127.06404203,
        "center_lat": 37.07067066
      }
    },
    {
      "type": "Feature",
      "geometry": {
        "type": "Point",
        "coordinates": [
          127.05770277,
          37.07749802
        ]
      },
      "properties": {
        "cluster_id": "ped_hotspot_cluster_0854",
        "display_name": "경기 평택시 지산동(송탄터미널사거리 부근)",
        "representative_place_name": "경기도 평택시 지산동(송탄터미널사거리 부근)",
        "representative_district": "경기도 평택시9",
        "member_count": 1,
        "repeat_year_count": 1,
        "source_years": [
          2022
        ],
        "accidents_total": 7,
        "casualties_total": 7,
        "deaths_total": 0,
        "serious_injuries_total": 7,
        "max_risk_score": 35.0,
        "avg_risk_score": 35.0,
        "risk_level": "low",
        "risk_level_ko": "관심",
        "high_member_count": 0,
        "center_lng": 127.05770277,
        "center_lat": 37.07749802
      }
    },
    {
      "type": "Feature",
      "geometry": {
        "type": "Point",
        "coordinates": [
          127.05191499,
          37.90023872
        ]
      },
      "properties": {
        "cluster_id": "ped_hotspot_cluster_0855",
        "display_name": "경기 동두천시 생연동(큰시장사거리 부근)",
        "representative_place_name": "경기도 동두천시 생연동(큰시장사거리 부근)",
        "representative_district": "경기도 동두천시1",
        "member_count": 1,
        "repeat_year_count": 1,
        "source_years": [
          2022
        ],
        "accidents_total": 7,
        "casualties_total": 7,
        "deaths_total": 0,
        "serious_injuries_total": 7,
        "max_risk_score": 35.0,
        "avg_risk_score": 35.0,
        "risk_level": "low",
        "risk_level_ko": "관심",
        "high_member_count": 0,
        "center_lng": 127.05191499,
        "center_lat": 37.90023872
      }
    },
    {
      "type": "Feature",
      "geometry": {
        "type": "Point",
        "coordinates": [
          126.80761871,
          37.3355426
        ]
      },
      "properties": {
        "cluster_id": "ped_hotspot_cluster_0856",
        "display_name": "경기 안산시 단원구 선부동(차량등록사업소동사거 부근)",
        "representative_place_name": "경기도 안산시 단원구 선부동(차량등록사업소동사거 부근)",
        "representative_district": "경기도 안산시 단원구1",
        "member_count": 1,
        "repeat_year_count": 1,
        "source_years": [
          2022
        ],
        "accidents_total": 7,
        "casualties_total": 7,
        "deaths_total": 0,
        "serious_injuries_total": 7,
        "max_risk_score": 35.0,
        "avg_risk_score": 35.0,
        "risk_level": "low",
        "risk_level_ko": "관심",
        "high_member_count": 0,
        "center_lng": 126.80761871,
        "center_lat": 37.3355426
      }
    },
    {
      "type": "Feature",
      "geometry": {
        "type": "Point",
        "coordinates": [
          126.79008081,
          37.32786712
        ]
      },
      "properties": {
        "cluster_id": "ped_hotspot_cluster_0857",
        "display_name": "경기 안산시 단원구 원곡동(안산역지하차도 부근)",
        "representative_place_name": "경기도 안산시 단원구 원곡동(안산역지하차도 부근)",
        "representative_district": "경기도 안산시 단원구2",
        "member_count": 1,
        "repeat_year_count": 1,
        "source_years": [
          2022
        ],
        "accidents_total": 7,
        "casualties_total": 7,
        "deaths_total": 0,
        "serious_injuries_total": 7,
        "max_risk_score": 35.0,
        "avg_risk_score": 35.0,
        "risk_level": "low",
        "risk_level_ko": "관심",
        "high_member_count": 0,
        "center_lng": 126.79008081,
        "center_lat": 37.32786712
      }
    },
    {
      "type": "Feature",
      "geometry": {
        "type": "Point",
        "coordinates": [
          126.82994968,
          37.31241565
        ]
      },
      "properties": {
        "cluster_id": "ped_hotspot_cluster_0858",
        "display_name": "경기 안산시 단원구 고잔동(25시광장사거리 부근)",
        "representative_place_name": "경기도 안산시 단원구 고잔동(25시광장사거리 부근)",
        "representative_district": "경기도 안산시 단원구3",
        "member_count": 1,
        "repeat_year_count": 1,
        "source_years": [
          2022
        ],
        "accidents_total": 7,
        "casualties_total": 7,
        "deaths_total": 0,
        "serious_injuries_total": 7,
        "max_risk_score": 35.0,
        "avg_risk_score": 35.0,
        "risk_level": "low",
        "risk_level_ko": "관심",
        "high_member_count": 0,
        "center_lng": 126.82994968,
        "center_lat": 37.31241565
      }
    },
    {
      "type": "Feature",
      "geometry": {
        "type": "Point",
        "coordinates": [
          126.8119032,
          37.33610842
        ]
      },
      "properties": {
        "cluster_id": "ped_hotspot_cluster_0859",
        "display_name": "경기 안산시 단원구 선부동(카페네스카페안산선부 부근)",
        "representative_place_name": "경기도 안산시 단원구 선부동(카페네스카페안산선부 부근)",
        "representative_district": "경기도 안산시 단원구4",
        "member_count": 1,
        "repeat_year_count": 1,
        "source_years": [
          2022
        ],
        "accidents_total": 7,
        "casualties_total": 7,
        "deaths_total": 0,
        "serious_injuries_total": 7,
        "max_risk_score": 35.0,
        "avg_risk_score": 35.0,
        "risk_level": "low",
        "risk_level_ko": "관심",
        "high_member_count": 0,
        "center_lng": 126.8119032,
        "center_lat": 37.33610842
      }
    },
    {
      "type": "Feature",
      "geometry": {
        "type": "Point",
        "coordinates": [
          126.8327713,
          37.63042963
        ]
      },
      "properties": {
        "cluster_id": "ped_hotspot_cluster_0860",
        "display_name": "경기 고양시 덕양구 화정동(백양중학교앞교차로 부근)",
        "representative_place_name": "경기도 고양시 덕양구 화정동(백양중학교앞교차로 부근)",
        "representative_district": "경기도 고양시 덕양구4",
        "member_count": 1,
        "repeat_year_count": 1,
        "source_years": [
          2022
        ],
        "accidents_total": 7,
        "casualties_total": 7,
        "deaths_total": 0,
        "serious_injuries_total": 7,
        "max_risk_score": 35.0,
        "avg_risk_score": 35.0,
        "risk_level": "low",
        "risk_level_ko": "관심",
        "high_member_count": 0,
        "center_lng": 126.8327713,
        "center_lat": 37.63042963
      }
    },
    {
      "type": "Feature",
      "geometry": {
        "type": "Point",
        "coordinates": [
          126.78773677,
          37.64291209
        ]
      },
      "properties": {
        "cluster_id": "ped_hotspot_cluster_0861",
        "display_name": "경기 고양시 일산동구 백석동(백석역사거리 부근)",
        "representative_place_name": "경기도 고양시 일산동구 백석동(백석역사거리 부근)",
        "representative_district": "경기도 고양시 일산동구3",
        "member_count": 2,
        "repeat_year_count": 2,
        "source_years": [
          2022,
          2024
        ],
        "accidents_total": 14,
        "casualties_total": 14,
        "deaths_total": 0,
        "serious_injuries_total": 14,
        "max_risk_score": 35.0,
        "avg_risk_score": 35.0,
        "risk_level": "low",
        "risk_level_ko": "관심",
        "high_member_count": 0,
        "center_lng": 126.78773677,
        "center_lat": 37.64291209
      }
    },
    {
      "type": "Feature",
      "geometry": {
        "type": "Point",
        "coordinates": [
          127.1366606,
          37.59714517
        ]
      },
      "properties": {
        "cluster_id": "ped_hotspot_cluster_0862",
        "display_name": "경기 구리시 교문동(세무서사거리 부근)",
        "representative_place_name": "경기도 구리시 교문동(세무서사거리 부근)",
        "representative_district": "경기도 구리시3",
        "member_count": 1,
        "repeat_year_count": 1,
        "source_years": [
          2022
        ],
        "accidents_total": 7,
        "casualties_total": 7,
        "deaths_total": 0,
        "serious_injuries_total": 7,
        "max_risk_score": 35.0,
        "avg_risk_score": 35.0,
        "risk_level": "low",
        "risk_level_ko": "관심",
        "high_member_count": 0,
        "center_lng": 127.1366606,
        "center_lat": 37.59714517
      }
    },
    {
      "type": "Feature",
      "geometry": {
        "type": "Point",
        "coordinates": [
          127.14006066,
          37.59240097
        ]
      },
      "properties": {
        "cluster_id": "ped_hotspot_cluster_0863",
        "display_name": "경기 구리시 수택동(수택동439 부근)",
        "representative_place_name": "경기도 구리시 수택동(수택동439 부근)",
        "representative_district": "경기도 구리시4",
        "member_count": 2,
        "repeat_year_count": 2,
        "source_years": [
          2022,
          2024
        ],
        "accidents_total": 14,
        "casualties_total": 14,
        "deaths_total": 0,
        "serious_injuries_total": 14,
        "max_risk_score": 35.0,
        "avg_risk_score": 35.0,
        "risk_level": "low",
        "risk_level_ko": "관심",
        "high_member_count": 0,
        "center_lng": 127.14006066,
        "center_lat": 37.59240097
      }
    },
    {
      "type": "Feature",
      "geometry": {
        "type": "Point",
        "coordinates": [
          127.15633561,
          37.60495569
        ]
      },
      "properties": {
        "cluster_id": "ped_hotspot_cluster_0864",
        "display_name": "경기 남양주시 다산동(남양주IC 부근)",
        "representative_place_name": "경기도 남양주시 다산동(남양주IC 부근)",
        "representative_district": "경기도 남양주시5",
        "member_count": 1,
        "repeat_year_count": 1,
        "source_years": [
          2022
        ],
        "accidents_total": 7,
        "casualties_total": 7,
        "deaths_total": 0,
        "serious_injuries_total": 7,
        "max_risk_score": 35.0,
        "avg_risk_score": 35.0,
        "risk_level": "low",
        "risk_level_ko": "관심",
        "high_member_count": 0,
        "center_lng": 127.15633561,
        "center_lat": 37.60495569
      }
    },
    {
      "type": "Feature",
      "geometry": {
        "type": "Point",
        "coordinates": [
          126.80656183,
          37.74330419
        ]
      },
      "properties": {
        "cluster_id": "ped_hotspot_cluster_0865",
        "display_name": "경기 파주시 문산읍(아름다운교회 부근)",
        "representative_place_name": "경기도 파주시 문산읍(아름다운교회 부근)",
        "representative_district": "경기도 파주시4",
        "member_count": 1,
        "repeat_year_count": 1,
        "source_years": [
          2022
        ],
        "accidents_total": 7,
        "casualties_total": 7,
        "deaths_total": 0,
        "serious_injuries_total": 7,
        "max_risk_score": 35.0,
        "avg_risk_score": 35.0,
        "risk_level": "low",
        "risk_level_ko": "관심",
        "high_member_count": 0,
        "center_lng": 126.80656183,
        "center_lat": 37.74330419
      }
    },
    {
      "type": "Feature",
      "geometry": {
        "type": "Point",
        "coordinates": [
          127.43757471,
          37.27896139
        ]
      },
      "properties": {
        "cluster_id": "ped_hotspot_cluster_0866",
        "display_name": "경기 이천시 관고동(브레드마을 부근)",
        "representative_place_name": "경기도 이천시 관고동(브레드마을 부근)",
        "representative_district": "경기도 이천시1",
        "member_count": 1,
        "repeat_year_count": 1,
        "source_years": [
          2022
        ],
        "accidents_total": 7,
        "casualties_total": 7,
        "deaths_total": 0,
        "serious_injuries_total": 7,
        "max_risk_score": 35.0,
        "avg_risk_score": 35.0,
        "risk_level": "low",
        "risk_level_ko": "관심",
        "high_member_count": 0,
        "center_lng": 127.43757471,
        "center_lat": 37.27896139
      }
    },
    {
      "type": "Feature",
      "geometry": {
        "type": "Point",
        "coordinates": [
          127.26808042,
          37.00590718
        ]
      },
      "properties": {
        "cluster_id": "ped_hotspot_cluster_0867",
        "display_name": "경기 안성시 인지동(안성인삼농협중부지점 부근)",
        "representative_place_name": "경기도 안성시 인지동(안성인삼농협중부지점 부근)",
        "representative_district": "경기도 안성시2",
        "member_count": 2,
        "repeat_year_count": 2,
        "source_years": [
          2022,
          2023
        ],
        "accidents_total": 14,
        "casualties_total": 14,
        "deaths_total": 0,
        "serious_injuries_total": 14,
        "max_risk_score": 35.0,
        "avg_risk_score": 35.0,
        "risk_level": "low",
        "risk_level_ko": "관심",
        "high_member_count": 0,
        "center_lng": 127.26808042,
        "center_lat": 37.00590718
      }
    },
    {
      "type": "Feature",
      "geometry": {
        "type": "Point",
        "coordinates": [
          126.70996021,
          37.62678696
        ]
      },
      "properties": {
        "cluster_id": "ped_hotspot_cluster_0868",
        "display_name": "경기 김포시 북변동(농협하나로마트앞 부근)",
        "representative_place_name": "경기도 김포시 북변동(농협하나로마트앞 부근)",
        "representative_district": "경기도 김포시4",
        "member_count": 1,
        "repeat_year_count": 1,
        "source_years": [
          2022
        ],
        "accidents_total": 7,
        "casualties_total": 7,
        "deaths_total": 0,
        "serious_injuries_total": 7,
        "max_risk_score": 35.0,
        "avg_risk_score": 35.0,
        "risk_level": "low",
        "risk_level_ko": "관심",
        "high_member_count": 0,
        "center_lng": 126.70996021,
        "center_lat": 37.62678696
      }
    },
    {
      "type": "Feature",
      "geometry": {
        "type": "Point",
        "coordinates": [
          126.59857079,
          37.69178443
        ]
      },
      "properties": {
        "cluster_id": "ped_hotspot_cluster_0869",
        "display_name": "경기 김포시 통진읍(마송사거리 부근)",
        "representative_place_name": "경기도 김포시 통진읍(마송사거리 부근)",
        "representative_district": "경기도 김포시5",
        "member_count": 1,
        "repeat_year_count": 1,
        "source_years": [
          2022
        ],
        "accidents_total": 7,
        "casualties_total": 7,
        "deaths_total": 0,
        "serious_injuries_total": 7,
        "max_risk_score": 35.0,
        "avg_risk_score": 35.0,
        "risk_level": "low",
        "risk_level_ko": "관심",
        "high_member_count": 0,
        "center_lng": 126.59857079,
        "center_lat": 37.69178443
      }
    },
    {
      "type": "Feature",
      "geometry": {
        "type": "Point",
        "coordinates": [
          126.81823783,
          37.20959075
        ]
      },
      "properties": {
        "cluster_id": "ped_hotspot_cluster_0870",
        "display_name": "경기 화성시 남양읍(동부한농종묘농약사 부근)",
        "representative_place_name": "경기도 화성시 남양읍(동부한농종묘농약사 부근)",
        "representative_district": "경기도 화성시2",
        "member_count": 1,
        "repeat_year_count": 1,
        "source_years": [
          2022
        ],
        "accidents_total": 7,
        "casualties_total": 7,
        "deaths_total": 0,
        "serious_injuries_total": 7,
        "max_risk_score": 35.0,
        "avg_risk_score": 35.0,
        "risk_level": "low",
        "risk_level_ko": "관심",
        "high_member_count": 0,
        "center_lng": 126.81823783,
        "center_lat": 37.20959075
      }
    },
    {
      "type": "Feature",
      "geometry": {
        "type": "Point",
        "coordinates": [
          127.03504051,
          37.20755756
        ]
      },
      "properties": {
        "cluster_id": "ped_hotspot_cluster_0871",
        "display_name": "경기 화성시 진안동(속성변화점 부근)",
        "representative_place_name": "경기도 화성시 진안동(속성변화점 부근)",
        "representative_district": "경기도 화성시3",
        "member_count": 2,
        "repeat_year_count": 2,
        "source_years": [
          2022,
          2025
        ],
        "accidents_total": 14,
        "casualties_total": 14,
        "deaths_total": 0,
        "serious_injuries_total": 14,
        "max_risk_score": 35.0,
        "avg_risk_score": 35.0,
        "risk_level": "low",
        "risk_level_ko": "관심",
        "high_member_count": 0,
        "center_lng": 127.03504051,
        "center_lat": 37.20755756
      }
    },
    {
      "type": "Feature",
      "geometry": {
        "type": "Point",
        "coordinates": [
          127.14862837,
          36.81006731
        ]
      },
      "properties": {
        "cluster_id": "ped_hotspot_cluster_0872",
        "display_name": "충청남도 천안시 동남구 대흥동(천안역앞교차로 부근)",
        "representative_place_name": "충청남도 천안시 동남구 대흥동(천안역앞교차로 부근)",
        "representative_district": "충청남도 천안시 동남구4",
        "member_count": 2,
        "repeat_year_count": 2,
        "source_years": [
          2022,
          2025
        ],
        "accidents_total": 14,
        "casualties_total": 14,
        "deaths_total": 0,
        "serious_injuries_total": 14,
        "max_risk_score": 35.0,
        "avg_risk_score": 35.0,
        "risk_level": "low",
        "risk_level_ko": "관심",
        "high_member_count": 0,
        "center_lng": 127.14862837,
        "center_lat": 36.81006731
      }
    },
    {
      "type": "Feature",
      "geometry": {
        "type": "Point",
        "coordinates": [
          126.45964326,
          36.78026
        ]
      },
      "properties": {
        "cluster_id": "ped_hotspot_cluster_0873",
        "display_name": "충청남도 서산시 동문동(삼일상가사거리 부근)",
        "representative_place_name": "충청남도 서산시 동문동(삼일상가사거리 부근)",
        "representative_district": "충청남도 서산시6",
        "member_count": 1,
        "repeat_year_count": 1,
        "source_years": [
          2022
        ],
        "accidents_total": 7,
        "casualties_total": 7,
        "deaths_total": 0,
        "serious_injuries_total": 7,
        "max_risk_score": 35.0,
        "avg_risk_score": 35.0,
        "risk_level": "low",
        "risk_level_ko": "관심",
        "high_member_count": 0,
        "center_lng": 126.45964326,
        "center_lat": 36.78026
      }
    },
    {
      "type": "Feature",
      "geometry": {
        "type": "Point",
        "coordinates": [
          126.62871485,
          36.89174342
        ]
      },
      "properties": {
        "cluster_id": "ped_hotspot_cluster_0874",
        "display_name": "충청남도 당진시 읍내동(당진시장오거리 부근)",
        "representative_place_name": "충청남도 당진시 읍내동(당진시장오거리 부근)",
        "representative_district": "충청남도 당진시4",
        "member_count": 4,
        "repeat_year_count": 4,
        "source_years": [
          2022,
          2023,
          2024,
          2025
        ],
        "accidents_total": 28,
        "casualties_total": 28,
        "deaths_total": 0,
        "serious_injuries_total": 28,
        "max_risk_score": 35.0,
        "avg_risk_score": 35.0,
        "risk_level": "low",
        "risk_level_ko": "관심",
        "high_member_count": 0,
        "center_lng": 126.62871485,
        "center_lat": 36.89174342
      }
    },
    {
      "type": "Feature",
      "geometry": {
        "type": "Point",
        "coordinates": [
          126.2962218,
          36.75383915
        ]
      },
      "properties": {
        "cluster_id": "ped_hotspot_cluster_0875",
        "display_name": "충청남도 태안군 태안읍(동문리842 부근)",
        "representative_place_name": "충청남도 태안군 태안읍(동문리842 부근)",
        "representative_district": "충청남도 태안군2",
        "member_count": 1,
        "repeat_year_count": 1,
        "source_years": [
          2022
        ],
        "accidents_total": 7,
        "casualties_total": 7,
        "deaths_total": 0,
        "serious_injuries_total": 7,
        "max_risk_score": 35.0,
        "avg_risk_score": 35.0,
        "risk_level": "low",
        "risk_level_ko": "관심",
        "high_member_count": 0,
        "center_lng": 126.2962218,
        "center_lat": 36.75383915
      }
    },
    {
      "type": "Feature",
      "geometry": {
        "type": "Point",
        "coordinates": [
          127.14540924,
          35.81241642
        ]
      },
      "properties": {
        "cluster_id": "ped_hotspot_cluster_0876",
        "display_name": "전라북도 전주시 완산구 전동3가(매곡교 부근)",
        "representative_place_name": "전라북도 전주시 완산구 전동3가(매곡교 부근)",
        "representative_district": "전라북도 전주시 완산구5",
        "member_count": 1,
        "repeat_year_count": 1,
        "source_years": [
          2022
        ],
        "accidents_total": 7,
        "casualties_total": 7,
        "deaths_total": 0,
        "serious_injuries_total": 7,
        "max_risk_score": 35.0,
        "avg_risk_score": 35.0,
        "risk_level": "low",
        "risk_level_ko": "관심",
        "high_member_count": 0,
        "center_lng": 127.14540924,
        "center_lat": 35.81241642
      }
    },
    {
      "type": "Feature",
      "geometry": {
        "type": "Point",
        "coordinates": [
          127.0766909,
          35.87097908
        ]
      },
      "properties": {
        "cluster_id": "ped_hotspot_cluster_0877",
        "display_name": "전라북도 전주시 덕진구 반월동(이디야커피전주동산점 부근)",
        "representative_place_name": "전라북도 전주시 덕진구 반월동(이디야커피전주동산점 부근)",
        "representative_district": "전라북도 전주시 덕진구1",
        "member_count": 1,
        "repeat_year_count": 1,
        "source_years": [
          2022
        ],
        "accidents_total": 7,
        "casualties_total": 7,
        "deaths_total": 0,
        "serious_injuries_total": 7,
        "max_risk_score": 35.0,
        "avg_risk_score": 35.0,
        "risk_level": "low",
        "risk_level_ko": "관심",
        "high_member_count": 0,
        "center_lng": 127.0766909,
        "center_lat": 35.87097908
      }
    },
    {
      "type": "Feature",
      "geometry": {
        "type": "Point",
        "coordinates": [
          127.14427571,
          35.832651
        ]
      },
      "properties": {
        "cluster_id": "ped_hotspot_cluster_0878",
        "display_name": "전라북도 전주시 덕진구 금암동(모래내사거리 부근)",
        "representative_place_name": "전라북도 전주시 덕진구 금암동(모래내사거리 부근)",
        "representative_district": "전라북도 전주시 덕진구2",
        "member_count": 2,
        "repeat_year_count": 2,
        "source_years": [
          2022,
          2025
        ],
        "accidents_total": 14,
        "casualties_total": 14,
        "deaths_total": 0,
        "serious_injuries_total": 14,
        "max_risk_score": 35.0,
        "avg_risk_score": 35.0,
        "risk_level": "low",
        "risk_level_ko": "관심",
        "high_member_count": 0,
        "center_lng": 127.14427571,
        "center_lat": 35.832651
      }
    },
    {
      "type": "Feature",
      "geometry": {
        "type": "Point",
        "coordinates": [
          126.88446241,
          35.80433095
        ]
      },
      "properties": {
        "cluster_id": "ped_hotspot_cluster_0879",
        "display_name": "전라북도 김제시 요촌동(요촌1길입구 부근)",
        "representative_place_name": "전라북도 김제시 요촌동(요촌1길입구 부근)",
        "representative_district": "전라북도 김제시1",
        "member_count": 1,
        "repeat_year_count": 1,
        "source_years": [
          2022
        ],
        "accidents_total": 7,
        "casualties_total": 7,
        "deaths_total": 0,
        "serious_injuries_total": 7,
        "max_risk_score": 35.0,
        "avg_risk_score": 35.0,
        "risk_level": "low",
        "risk_level_ko": "관심",
        "high_member_count": 0,
        "center_lng": 126.88446241,
        "center_lat": 35.80433095
      }
    },
    {
      "type": "Feature",
      "geometry": {
        "type": "Point",
        "coordinates": [
          127.70580601,
          34.75392817
        ]
      },
      "properties": {
        "cluster_id": "ped_hotspot_cluster_0880",
        "display_name": "전남 여수시 문수동(여서농협앞교차로 부근)",
        "representative_place_name": "전라남도 여수시 문수동(여서농협앞교차로 부근)",
        "representative_district": "전라남도 여수시5",
        "member_count": 2,
        "repeat_year_count": 2,
        "source_years": [
          2022,
          2024
        ],
        "accidents_total": 14,
        "casualties_total": 14,
        "deaths_total": 0,
        "serious_injuries_total": 14,
        "max_risk_score": 35.0,
        "avg_risk_score": 35.0,
        "risk_level": "low",
        "risk_level_ko": "관심",
        "high_member_count": 0,
        "center_lng": 127.70580601,
        "center_lat": 34.75392817
      }
    },
    {
      "type": "Feature",
      "geometry": {
        "type": "Point",
        "coordinates": [
          126.77251971,
          34.6398088
        ]
      },
      "properties": {
        "cluster_id": "ped_hotspot_cluster_0881",
        "display_name": "전남 강진군 강진읍(명성축산물유통판매장 부근)",
        "representative_place_name": "전라남도 강진군 강진읍(명성축산물유통판매장 부근)",
        "representative_district": "전라남도 강진군1",
        "member_count": 1,
        "repeat_year_count": 1,
        "source_years": [
          2022
        ],
        "accidents_total": 7,
        "casualties_total": 7,
        "deaths_total": 0,
        "serious_injuries_total": 7,
        "max_risk_score": 35.0,
        "avg_risk_score": 35.0,
        "risk_level": "low",
        "risk_level_ko": "관심",
        "high_member_count": 0,
        "center_lng": 126.77251971,
        "center_lat": 34.6398088
      }
    },
    {
      "type": "Feature",
      "geometry": {
        "type": "Point",
        "coordinates": [
          129.3704019,
          36.0648571
        ]
      },
      "properties": {
        "cluster_id": "ped_hotspot_cluster_0882",
        "display_name": "경상북도 포항시 북구 창포동(창포주공1차앞교차로 부근)",
        "representative_place_name": "경상북도 포항시 북구 창포동(창포주공1차앞교차로 부근)",
        "representative_district": "경상북도 포항시 북구5",
        "member_count": 1,
        "repeat_year_count": 1,
        "source_years": [
          2022
        ],
        "accidents_total": 7,
        "casualties_total": 7,
        "deaths_total": 0,
        "serious_injuries_total": 7,
        "max_risk_score": 35.0,
        "avg_risk_score": 35.0,
        "risk_level": "low",
        "risk_level_ko": "관심",
        "high_member_count": 0,
        "center_lng": 129.3704019,
        "center_lat": 36.0648571
      }
    },
    {
      "type": "Feature",
      "geometry": {
        "type": "Point",
        "coordinates": [
          129.21419891,
          35.86544369
        ]
      },
      "properties": {
        "cluster_id": "ped_hotspot_cluster_0883",
        "display_name": "경상북도 경주시 황성동(예가체프커피 부근)",
        "representative_place_name": "경상북도 경주시 황성동(예가체프커피 부근)",
        "representative_district": "경상북도 경주시2",
        "member_count": 1,
        "repeat_year_count": 1,
        "source_years": [
          2022
        ],
        "accidents_total": 7,
        "casualties_total": 7,
        "deaths_total": 0,
        "serious_injuries_total": 7,
        "max_risk_score": 35.0,
        "avg_risk_score": 35.0,
        "risk_level": "low",
        "risk_level_ko": "관심",
        "high_member_count": 0,
        "center_lng": 129.21419891,
        "center_lat": 35.86544369
      }
    },
    {
      "type": "Feature",
      "geometry": {
        "type": "Point",
        "coordinates": [
          129.20664546,
          35.84373521
        ]
      },
      "properties": {
        "cluster_id": "ped_hotspot_cluster_0884",
        "display_name": "경상북도 경주시 성건동(경북대구낙농농협성건 부근)",
        "representative_place_name": "경상북도 경주시 성건동(경북대구낙농농협성건 부근)",
        "representative_district": "경상북도 경주시3",
        "member_count": 1,
        "repeat_year_count": 1,
        "source_years": [
          2022
        ],
        "accidents_total": 7,
        "casualties_total": 7,
        "deaths_total": 0,
        "serious_injuries_total": 7,
        "max_risk_score": 35.0,
        "avg_risk_score": 35.0,
        "risk_level": "low",
        "risk_level_ko": "관심",
        "high_member_count": 0,
        "center_lng": 129.20664546,
        "center_lat": 35.84373521
      }
    },
    {
      "type": "Feature",
      "geometry": {
        "type": "Point",
        "coordinates": [
          128.12768771,
          36.12072381
        ]
      },
      "properties": {
        "cluster_id": "ped_hotspot_cluster_0885",
        "display_name": "경상북도 김천시 모암동(초원교회 부근)",
        "representative_place_name": "경상북도 김천시 모암동(초원교회 부근)",
        "representative_district": "경상북도 김천시3",
        "member_count": 1,
        "repeat_year_count": 1,
        "source_years": [
          2022
        ],
        "accidents_total": 7,
        "casualties_total": 7,
        "deaths_total": 0,
        "serious_injuries_total": 7,
        "max_risk_score": 35.0,
        "avg_risk_score": 35.0,
        "risk_level": "low",
        "risk_level_ko": "관심",
        "high_member_count": 0,
        "center_lng": 128.12768771,
        "center_lat": 36.12072381
      }
    },
    {
      "type": "Feature",
      "geometry": {
        "type": "Point",
        "coordinates": [
          128.11801825,
          36.13465809
        ]
      },
      "properties": {
        "cluster_id": "ped_hotspot_cluster_0886",
        "display_name": "경상북도 김천시 신음동(청와삼대신음점 부근)",
        "representative_place_name": "경상북도 김천시 신음동(청와삼대신음점 부근)",
        "representative_district": "경상북도 김천시4",
        "member_count": 1,
        "repeat_year_count": 1,
        "source_years": [
          2022
        ],
        "accidents_total": 7,
        "casualties_total": 7,
        "deaths_total": 0,
        "serious_injuries_total": 7,
        "max_risk_score": 35.0,
        "avg_risk_score": 35.0,
        "risk_level": "low",
        "risk_level_ko": "관심",
        "high_member_count": 0,
        "center_lng": 128.11801825,
        "center_lat": 36.13465809
      }
    },
    {
      "type": "Feature",
      "geometry": {
        "type": "Point",
        "coordinates": [
          128.62801618,
          36.81876307
        ]
      },
      "properties": {
        "cluster_id": "ped_hotspot_cluster_0887",
        "display_name": "경상북도 영주시 휴천동(한국농어촌공사영주봉 부근)",
        "representative_place_name": "경상북도 영주시 휴천동(한국농어촌공사영주봉 부근)",
        "representative_district": "경상북도 영주시3",
        "member_count": 1,
        "repeat_year_count": 1,
        "source_years": [
          2022
        ],
        "accidents_total": 7,
        "casualties_total": 7,
        "deaths_total": 0,
        "serious_injuries_total": 7,
        "max_risk_score": 35.0,
        "avg_risk_score": 35.0,
        "risk_level": "low",
        "risk_level_ko": "관심",
        "high_member_count": 0,
        "center_lng": 128.62801618,
        "center_lat": 36.81876307
      }
    },
    {
      "type": "Feature",
      "geometry": {
        "type": "Point",
        "coordinates": [
          128.81781843,
          35.91263859
        ]
      },
      "properties": {
        "cluster_id": "ped_hotspot_cluster_0888",
        "display_name": "경상북도 경산시 하양읍(풀잎문화센터하양지부 부근)",
        "representative_place_name": "경상북도 경산시 하양읍(풀잎문화센터하양지부 부근)",
        "representative_district": "경상북도 경산시2",
        "member_count": 1,
        "repeat_year_count": 1,
        "source_years": [
          2022
        ],
        "accidents_total": 7,
        "casualties_total": 7,
        "deaths_total": 0,
        "serious_injuries_total": 7,
        "max_risk_score": 35.0,
        "avg_risk_score": 35.0,
        "risk_level": "low",
        "risk_level_ko": "관심",
        "high_member_count": 0,
        "center_lng": 128.81781843,
        "center_lat": 35.91263859
      }
    },
    {
      "type": "Feature",
      "geometry": {
        "type": "Point",
        "coordinates": [
          129.40702265,
          36.53967733
        ]
      },
      "properties": {
        "cluster_id": "ped_hotspot_cluster_0889",
        "display_name": "경상북도 영덕군 영해면(영해농협본점 부근)",
        "representative_place_name": "경상북도 영덕군 영해면(영해농협본점 부근)",
        "representative_district": "경상북도 영덕군1",
        "member_count": 1,
        "repeat_year_count": 1,
        "source_years": [
          2022
        ],
        "accidents_total": 7,
        "casualties_total": 7,
        "deaths_total": 0,
        "serious_injuries_total": 7,
        "max_risk_score": 35.0,
        "avg_risk_score": 35.0,
        "risk_level": "low",
        "risk_level_ko": "관심",
        "high_member_count": 0,
        "center_lng": 129.40702265,
        "center_lat": 36.53967733
      }
    },
    {
      "type": "Feature",
      "geometry": {
        "type": "Point",
        "coordinates": [
          128.5793513,
          35.20689627
        ]
      },
      "properties": {
        "cluster_id": "ped_hotspot_cluster_0890",
        "display_name": "경상남도 창원시 마산합포구 오동동(오정동사무소입구교차 부근)",
        "representative_place_name": "경상남도 창원시 마산합포구 오동동(오정동사무소입구교차 부근)",
        "representative_district": "경상남도 창원시 마산합포구4",
        "member_count": 1,
        "repeat_year_count": 1,
        "source_years": [
          2022
        ],
        "accidents_total": 7,
        "casualties_total": 7,
        "deaths_total": 0,
        "serious_injuries_total": 7,
        "max_risk_score": 35.0,
        "avg_risk_score": 35.0,
        "risk_level": "low",
        "risk_level_ko": "관심",
        "high_member_count": 0,
        "center_lng": 128.5793513,
        "center_lat": 35.20689627
      }
    },
    {
      "type": "Feature",
      "geometry": {
        "type": "Point",
        "coordinates": [
          128.66249035,
          35.15130593
        ]
      },
      "properties": {
        "cluster_id": "ped_hotspot_cluster_0891",
        "display_name": "경상남도 창원시 진해구 화천동(KB국민은행진해지점 부근)",
        "representative_place_name": "경상남도 창원시 진해구 화천동(KB국민은행진해지점 부근)",
        "representative_district": "경상남도 창원시 진해구1",
        "member_count": 1,
        "repeat_year_count": 1,
        "source_years": [
          2022
        ],
        "accidents_total": 7,
        "casualties_total": 7,
        "deaths_total": 0,
        "serious_injuries_total": 7,
        "max_risk_score": 35.0,
        "avg_risk_score": 35.0,
        "risk_level": "low",
        "risk_level_ko": "관심",
        "high_member_count": 0,
        "center_lng": 128.66249035,
        "center_lat": 35.15130593
      }
    },
    {
      "type": "Feature",
      "geometry": {
        "type": "Point",
        "coordinates": [
          128.42411374,
          34.84587773
        ]
      },
      "properties": {
        "cluster_id": "ped_hotspot_cluster_0892",
        "display_name": "경상남도 통영시 문화동(중앙파출소 부근)",
        "representative_place_name": "경상남도 통영시 문화동(중앙파출소 부근)",
        "representative_district": "경상남도 통영시6",
        "member_count": 1,
        "repeat_year_count": 1,
        "source_years": [
          2022
        ],
        "accidents_total": 7,
        "casualties_total": 7,
        "deaths_total": 0,
        "serious_injuries_total": 7,
        "max_risk_score": 35.0,
        "avg_risk_score": 35.0,
        "risk_level": "low",
        "risk_level_ko": "관심",
        "high_member_count": 0,
        "center_lng": 128.42411374,
        "center_lat": 34.84587773
      }
    },
    {
      "type": "Feature",
      "geometry": {
        "type": "Point",
        "coordinates": [
          128.91118965,
          35.24928526
        ]
      },
      "properties": {
        "cluster_id": "ped_hotspot_cluster_0893",
        "display_name": "경상남도 김해시 삼방동(삼방동69420 부근)",
        "representative_place_name": "경상남도 김해시 삼방동(삼방동69420 부근)",
        "representative_district": "경상남도 김해시4",
        "member_count": 1,
        "repeat_year_count": 1,
        "source_years": [
          2022
        ],
        "accidents_total": 7,
        "casualties_total": 7,
        "deaths_total": 0,
        "serious_injuries_total": 7,
        "max_risk_score": 35.0,
        "avg_risk_score": 35.0,
        "risk_level": "low",
        "risk_level_ko": "관심",
        "high_member_count": 0,
        "center_lng": 128.91118965,
        "center_lat": 35.24928526
      }
    },
    {
      "type": "Feature",
      "geometry": {
        "type": "Point",
        "coordinates": [
          128.9035246,
          35.23819437
        ]
      },
      "properties": {
        "cluster_id": "ped_hotspot_cluster_0894",
        "display_name": "경상남도 김해시 어방동(경인빌라입구교차로 부근)",
        "representative_place_name": "경상남도 김해시 어방동(경인빌라입구교차로 부근)",
        "representative_district": "경상남도 김해시5",
        "member_count": 1,
        "repeat_year_count": 1,
        "source_years": [
          2022
        ],
        "accidents_total": 7,
        "casualties_total": 7,
        "deaths_total": 0,
        "serious_injuries_total": 7,
        "max_risk_score": 35.0,
        "avg_risk_score": 35.0,
        "risk_level": "low",
        "risk_level_ko": "관심",
        "high_member_count": 0,
        "center_lng": 128.9035246,
        "center_lat": 35.23819437
      }
    },
    {
      "type": "Feature",
      "geometry": {
        "type": "Point",
        "coordinates": [
          128.77159403,
          35.47335171
        ]
      },
      "properties": {
        "cluster_id": "ped_hotspot_cluster_0895",
        "display_name": "경상남도 밀양시 가곡동(가곡동4712 부근)",
        "representative_place_name": "경상남도 밀양시 가곡동(가곡동4712 부근)",
        "representative_district": "경상남도 밀양시2",
        "member_count": 1,
        "repeat_year_count": 1,
        "source_years": [
          2022
        ],
        "accidents_total": 7,
        "casualties_total": 7,
        "deaths_total": 0,
        "serious_injuries_total": 7,
        "max_risk_score": 35.0,
        "avg_risk_score": 35.0,
        "risk_level": "low",
        "risk_level_ko": "관심",
        "high_member_count": 0,
        "center_lng": 128.77159403,
        "center_lat": 35.47335171
      }
    },
    {
      "type": "Feature",
      "geometry": {
        "type": "Point",
        "coordinates": [
          129.02755775,
          35.33568727
        ]
      },
      "properties": {
        "cluster_id": "ped_hotspot_cluster_0896",
        "display_name": "경상남도 양산시 중부동(중부동69815 부근)",
        "representative_place_name": "경상남도 양산시 중부동(중부동69815 부근)",
        "representative_district": "경상남도 양산시2",
        "member_count": 1,
        "repeat_year_count": 1,
        "source_years": [
          2022
        ],
        "accidents_total": 7,
        "casualties_total": 7,
        "deaths_total": 0,
        "serious_injuries_total": 7,
        "max_risk_score": 35.0,
        "avg_risk_score": 35.0,
        "risk_level": "low",
        "risk_level_ko": "관심",
        "high_member_count": 0,
        "center_lng": 129.02755775,
        "center_lat": 35.33568727
      }
    },
    {
      "type": "Feature",
      "geometry": {
        "type": "Point",
        "coordinates": [
          126.53594607,
          33.5137629
        ]
      },
      "properties": {
        "cluster_id": "ped_hotspot_cluster_0897",
        "display_name": "제주특별자치도 제주시 일도이동(일도이동10501 부근)",
        "representative_place_name": "제주특별자치도 제주시 일도이동(일도이동10501 부근)",
        "representative_district": "제주특별자치도 제주시7",
        "member_count": 1,
        "repeat_year_count": 1,
        "source_years": [
          2022
        ],
        "accidents_total": 7,
        "casualties_total": 7,
        "deaths_total": 0,
        "serious_injuries_total": 7,
        "max_risk_score": 35.0,
        "avg_risk_score": 35.0,
        "risk_level": "low",
        "risk_level_ko": "관심",
        "high_member_count": 0,
        "center_lng": 126.53594607,
        "center_lat": 33.5137629
      }
    },
    {
      "type": "Feature",
      "geometry": {
        "type": "Point",
        "coordinates": [
          126.48705406,
          33.48603867
        ]
      },
      "properties": {
        "cluster_id": "ped_hotspot_cluster_0898",
        "display_name": "제주특별자치도 제주시 연동(흘천5교 부근)",
        "representative_place_name": "제주특별자치도 제주시 연동(흘천5교 부근)",
        "representative_district": "제주특별자치도 제주시8",
        "member_count": 3,
        "repeat_year_count": 3,
        "source_years": [
          2022,
          2023,
          2024
        ],
        "accidents_total": 21,
        "casualties_total": 21,
        "deaths_total": 0,
        "serious_injuries_total": 21,
        "max_risk_score": 35.0,
        "avg_risk_score": 35.0,
        "risk_level": "low",
        "risk_level_ko": "관심",
        "high_member_count": 0,
        "center_lng": 126.48705406,
        "center_lat": 33.48603867
      }
    },
    {
      "type": "Feature",
      "geometry": {
        "type": "Point",
        "coordinates": [
          127.02046704,
          37.56820268
        ]
      },
      "properties": {
        "cluster_id": "ped_hotspot_cluster_0899",
        "display_name": "서울 중구 황학동(동대문중앙교회 부근)",
        "representative_place_name": "서울 중구 황학동(동대문중앙교회 부근)",
        "representative_district": "서울 중구3",
        "member_count": 1,
        "repeat_year_count": 1,
        "source_years": [
          2023
        ],
        "accidents_total": 7,
        "casualties_total": 7,
        "deaths_total": 0,
        "serious_injuries_total": 7,
        "max_risk_score": 35.0,
        "avg_risk_score": 35.0,
        "risk_level": "low",
        "risk_level_ko": "관심",
        "high_member_count": 0,
        "center_lng": 127.02046704,
        "center_lat": 37.56820268
      }
    },
    {
      "type": "Feature",
      "geometry": {
        "type": "Point",
        "coordinates": [
          127.08526772,
          37.57878433
        ]
      },
      "properties": {
        "cluster_id": "ped_hotspot_cluster_0900",
        "display_name": "서울 중랑구 면목동(면목시장 부근)",
        "representative_place_name": "서울 중랑구 면목동(면목시장 부근)",
        "representative_district": "서울 중랑구4",
        "member_count": 2,
        "repeat_year_count": 2,
        "source_years": [
          2023,
          2024
        ],
        "accidents_total": 14,
        "casualties_total": 14,
        "deaths_total": 0,
        "serious_injuries_total": 14,
        "max_risk_score": 35.0,
        "avg_risk_score": 35.0,
        "risk_level": "low",
        "risk_level_ko": "관심",
        "high_member_count": 0,
        "center_lng": 127.08526772,
        "center_lat": 37.57878433
      }
    },
    {
      "type": "Feature",
      "geometry": {
        "type": "Point",
        "coordinates": [
          127.0727029,
          37.59090916
        ]
      },
      "properties": {
        "cluster_id": "ped_hotspot_cluster_0901",
        "display_name": "서울 중랑구 면목동(상봉파출소 부근)",
        "representative_place_name": "서울 중랑구 면목동(상봉파출소 부근)",
        "representative_district": "서울 중랑구5",
        "member_count": 1,
        "repeat_year_count": 1,
        "source_years": [
          2023
        ],
        "accidents_total": 7,
        "casualties_total": 7,
        "deaths_total": 0,
        "serious_injuries_total": 7,
        "max_risk_score": 35.0,
        "avg_risk_score": 35.0,
        "risk_level": "low",
        "risk_level_ko": "관심",
        "high_member_count": 0,
        "center_lng": 127.0727029,
        "center_lat": 37.59090916
      }
    },
    {
      "type": "Feature",
      "geometry": {
        "type": "Point",
        "coordinates": [
          127.00920706,
          37.58893651
        ]
      },
      "properties": {
        "cluster_id": "ped_hotspot_cluster_0902",
        "display_name": "서울 성북구 동소문동2가(서울바른소아치과의원 부근)",
        "representative_place_name": "서울 성북구 동소문동2가(서울바른소아치과의원 부근)",
        "representative_district": "서울 성북구4",
        "member_count": 3,
        "repeat_year_count": 3,
        "source_years": [
          2023,
          2024,
          2025
        ],
        "accidents_total": 21,
        "casualties_total": 21,
        "deaths_total": 0,
        "serious_injuries_total": 21,
        "max_risk_score": 35.0,
        "avg_risk_score": 35.0,
        "risk_level": "low",
        "risk_level_ko": "관심",
        "high_member_count": 0,
        "center_lng": 127.00920706,
        "center_lat": 37.58893651
      }
    },
    {
      "type": "Feature",
      "geometry": {
        "type": "Point",
        "coordinates": [
          127.02059666,
          37.64468058
        ]
      },
      "properties": {
        "cluster_id": "ped_hotspot_cluster_0903",
        "display_name": "서울 강북구 수유동(수유2동주민센터 부근)",
        "representative_place_name": "서울 강북구 수유동(수유2동주민센터 부근)",
        "representative_district": "서울 강북구5",
        "member_count": 1,
        "repeat_year_count": 1,
        "source_years": [
          2023
        ],
        "accidents_total": 7,
        "casualties_total": 7,
        "deaths_total": 0,
        "serious_injuries_total": 7,
        "max_risk_score": 35.0,
        "avg_risk_score": 35.0,
        "risk_level": "low",
        "risk_level_ko": "관심",
        "high_member_count": 0,
        "center_lng": 127.02059666,
        "center_lat": 37.64468058
      }
    },
    {
      "type": "Feature",
      "geometry": {
        "type": "Point",
        "coordinates": [
          127.04592325,
          37.65314653
        ]
      },
      "properties": {
        "cluster_id": "ped_hotspot_cluster_0904",
        "display_name": "서울 도봉구 창동(창동역 2번출구 부근)",
        "representative_place_name": "서울 도봉구 창동(창동역 2번출구 부근)",
        "representative_district": "서울 도봉구5",
        "member_count": 1,
        "repeat_year_count": 1,
        "source_years": [
          2023
        ],
        "accidents_total": 7,
        "casualties_total": 7,
        "deaths_total": 0,
        "serious_injuries_total": 7,
        "max_risk_score": 35.0,
        "avg_risk_score": 35.0,
        "risk_level": "low",
        "risk_level_ko": "관심",
        "high_member_count": 0,
        "center_lng": 127.04592325,
        "center_lat": 37.65314653
      }
    },
    {
      "type": "Feature",
      "geometry": {
        "type": "Point",
        "coordinates": [
          126.91926932,
          37.62407299
        ]
      },
      "properties": {
        "cluster_id": "ped_hotspot_cluster_0905",
        "display_name": "서울 은평구 불광동(불광2치안센터 부근)",
        "representative_place_name": "서울 은평구 불광동(불광2치안센터 부근)",
        "representative_district": "서울 은평구3",
        "member_count": 1,
        "repeat_year_count": 1,
        "source_years": [
          2023
        ],
        "accidents_total": 7,
        "casualties_total": 7,
        "deaths_total": 0,
        "serious_injuries_total": 7,
        "max_risk_score": 35.0,
        "avg_risk_score": 35.0,
        "risk_level": "low",
        "risk_level_ko": "관심",
        "high_member_count": 0,
        "center_lng": 126.91926932,
        "center_lat": 37.62407299
      }
    },
    {
      "type": "Feature",
      "geometry": {
        "type": "Point",
        "coordinates": [
          126.8535242,
          37.5180895
        ]
      },
      "properties": {
        "cluster_id": "ped_hotspot_cluster_0906",
        "display_name": "서울 양천구 신정동(신정1동주민센터 부근)",
        "representative_place_name": "서울 양천구 신정동(신정1동주민센터 부근)",
        "representative_district": "서울 양천구8",
        "member_count": 2,
        "repeat_year_count": 2,
        "source_years": [
          2023,
          2024
        ],
        "accidents_total": 14,
        "casualties_total": 14,
        "deaths_total": 0,
        "serious_injuries_total": 14,
        "max_risk_score": 35.0,
        "avg_risk_score": 35.0,
        "risk_level": "low",
        "risk_level_ko": "관심",
        "high_member_count": 0,
        "center_lng": 126.8535242,
        "center_lat": 37.5180895
      }
    },
    {
      "type": "Feature",
      "geometry": {
        "type": "Point",
        "coordinates": [
          126.93063261,
          37.49915929
        ]
      },
      "properties": {
        "cluster_id": "ped_hotspot_cluster_0907",
        "display_name": "서울 동작구 상도동(상도3치안센터 부근)",
        "representative_place_name": "서울 동작구 상도동(상도3치안센터 부근)",
        "representative_district": "서울 동작구4",
        "member_count": 2,
        "repeat_year_count": 2,
        "source_years": [
          2023,
          2024
        ],
        "accidents_total": 14,
        "casualties_total": 14,
        "deaths_total": 0,
        "serious_injuries_total": 14,
        "max_risk_score": 35.0,
        "avg_risk_score": 35.0,
        "risk_level": "low",
        "risk_level_ko": "관심",
        "high_member_count": 0,
        "center_lng": 126.93063261,
        "center_lat": 37.49915929
      }
    },
    {
      "type": "Feature",
      "geometry": {
        "type": "Point",
        "coordinates": [
          129.02418492,
          35.10000593
        ]
      },
      "properties": {
        "cluster_id": "ped_hotspot_cluster_0908",
        "display_name": "부산 서구 토성동1가(만박동물병원 부근)",
        "representative_place_name": "부산 서구 토성동1가(만박동물병원 부근)",
        "representative_district": "부산 서구2",
        "member_count": 1,
        "repeat_year_count": 1,
        "source_years": [
          2023
        ],
        "accidents_total": 7,
        "casualties_total": 7,
        "deaths_total": 0,
        "serious_injuries_total": 7,
        "max_risk_score": 35.0,
        "avg_risk_score": 35.0,
        "risk_level": "low",
        "risk_level_ko": "관심",
        "high_member_count": 0,
        "center_lng": 129.02418492,
        "center_lat": 35.10000593
      }
    },
    {
      "type": "Feature",
      "geometry": {
        "type": "Point",
        "coordinates": [
          129.04020201,
          35.12247869
        ]
      },
      "properties": {
        "cluster_id": "ped_hotspot_cluster_0909",
        "display_name": "부산 동구 초량동(초량3동행정복지센터 부근)",
        "representative_place_name": "부산 동구 초량동(초량3동행정복지센터 부근)",
        "representative_district": "부산 동구6",
        "member_count": 2,
        "repeat_year_count": 2,
        "source_years": [
          2023,
          2024
        ],
        "accidents_total": 14,
        "casualties_total": 14,
        "deaths_total": 0,
        "serious_injuries_total": 14,
        "max_risk_score": 35.0,
        "avg_risk_score": 35.0,
        "risk_level": "low",
        "risk_level_ko": "관심",
        "high_member_count": 0,
        "center_lng": 129.04020201,
        "center_lat": 35.12247869
      }
    },
    {
      "type": "Feature",
      "geometry": {
        "type": "Point",
        "coordinates": [
          129.04070948,
          35.16850672
        ]
      },
      "properties": {
        "cluster_id": "ped_hotspot_cluster_0910",
        "display_name": "부산 부산진구 부암동(호암어린이집 부근)",
        "representative_place_name": "부산 부산진구 부암동(호암어린이집 부근)",
        "representative_district": "부산 부산진구13",
        "member_count": 1,
        "repeat_year_count": 1,
        "source_years": [
          2023
        ],
        "accidents_total": 7,
        "casualties_total": 7,
        "deaths_total": 0,
        "serious_injuries_total": 7,
        "max_risk_score": 35.0,
        "avg_risk_score": 35.0,
        "risk_level": "low",
        "risk_level_ko": "관심",
        "high_member_count": 0,
        "center_lng": 129.04070948,
        "center_lat": 35.16850672
      }
    },
    {
      "type": "Feature",
      "geometry": {
        "type": "Point",
        "coordinates": [
          129.0244378,
          35.1568898
        ]
      },
      "properties": {
        "cluster_id": "ped_hotspot_cluster_0911",
        "display_name": "부산 부산진구 개금동(해바라기어린이집 부근)",
        "representative_place_name": "부산 부산진구 개금동(해바라기어린이집 부근)",
        "representative_district": "부산 부산진구14",
        "member_count": 1,
        "repeat_year_count": 1,
        "source_years": [
          2023
        ],
        "accidents_total": 7,
        "casualties_total": 7,
        "deaths_total": 0,
        "serious_injuries_total": 7,
        "max_risk_score": 35.0,
        "avg_risk_score": 35.0,
        "risk_level": "low",
        "risk_level_ko": "관심",
        "high_member_count": 0,
        "center_lng": 129.0244378,
        "center_lat": 35.1568898
      }
    },
    {
      "type": "Feature",
      "geometry": {
        "type": "Point",
        "coordinates": [
          129.06504807,
          35.20993613
        ]
      },
      "properties": {
        "cluster_id": "ped_hotspot_cluster_0912",
        "display_name": "부산 동래구 온천동(미남교 부근)",
        "representative_place_name": "부산 동래구 온천동(미남교 부근)",
        "representative_district": "부산 동래구3",
        "member_count": 2,
        "repeat_year_count": 2,
        "source_years": [
          2023,
          2024
        ],
        "accidents_total": 14,
        "casualties_total": 14,
        "deaths_total": 0,
        "serious_injuries_total": 14,
        "max_risk_score": 35.0,
        "avg_risk_score": 35.0,
        "risk_level": "low",
        "risk_level_ko": "관심",
        "high_member_count": 0,
        "center_lng": 129.06504807,
        "center_lat": 35.20993613
      }
    },
    {
      "type": "Feature",
      "geometry": {
        "type": "Point",
        "coordinates": [
          129.16052139,
          35.1616057
        ]
      },
      "properties": {
        "cluster_id": "ped_hotspot_cluster_0913",
        "display_name": "부산 해운대구 중동(리치치과의원 부근)",
        "representative_place_name": "부산 해운대구 중동(리치치과의원 부근)",
        "representative_district": "부산 해운대구1",
        "member_count": 1,
        "repeat_year_count": 1,
        "source_years": [
          2023
        ],
        "accidents_total": 7,
        "casualties_total": 7,
        "deaths_total": 0,
        "serious_injuries_total": 7,
        "max_risk_score": 35.0,
        "avg_risk_score": 35.0,
        "risk_level": "low",
        "risk_level_ko": "관심",
        "high_member_count": 0,
        "center_lng": 129.16052139,
        "center_lat": 35.1616057
      }
    },
    {
      "type": "Feature",
      "geometry": {
        "type": "Point",
        "coordinates": [
          129.17777506,
          35.16934693
        ]
      },
      "properties": {
        "cluster_id": "ped_hotspot_cluster_0914",
        "display_name": "부산 해운대구 좌동(장산역 부산2호선 부근)",
        "representative_place_name": "부산 해운대구 좌동(장산역 부산2호선 부근)",
        "representative_district": "부산 해운대구3",
        "member_count": 1,
        "repeat_year_count": 1,
        "source_years": [
          2023
        ],
        "accidents_total": 7,
        "casualties_total": 7,
        "deaths_total": 0,
        "serious_injuries_total": 7,
        "max_risk_score": 35.0,
        "avg_risk_score": 35.0,
        "risk_level": "low",
        "risk_level_ko": "관심",
        "high_member_count": 0,
        "center_lng": 129.17777506,
        "center_lat": 35.16934693
      }
    },
    {
      "type": "Feature",
      "geometry": {
        "type": "Point",
        "coordinates": [
          129.09547601,
          35.21742785
        ]
      },
      "properties": {
        "cluster_id": "ped_hotspot_cluster_0915",
        "display_name": "부산 금정구 서동(새소망교회 부근)",
        "representative_place_name": "부산 금정구 서동(새소망교회 부근)",
        "representative_district": "부산 금정구7",
        "member_count": 1,
        "repeat_year_count": 1,
        "source_years": [
          2023
        ],
        "accidents_total": 7,
        "casualties_total": 7,
        "deaths_total": 0,
        "serious_injuries_total": 7,
        "max_risk_score": 35.0,
        "avg_risk_score": 35.0,
        "risk_level": "low",
        "risk_level_ko": "관심",
        "high_member_count": 0,
        "center_lng": 129.09547601,
        "center_lat": 35.21742785
      }
    },
    {
      "type": "Feature",
      "geometry": {
        "type": "Point",
        "coordinates": [
          128.57971996,
          35.86934419
        ]
      },
      "properties": {
        "cluster_id": "ped_hotspot_cluster_0916",
        "display_name": "대구 중구 대신동(서문시장치안센터 부근)",
        "representative_place_name": "대구 중구 대신동(서문시장치안센터 부근)",
        "representative_district": "대구 중구1",
        "member_count": 1,
        "repeat_year_count": 1,
        "source_years": [
          2023
        ],
        "accidents_total": 7,
        "casualties_total": 7,
        "deaths_total": 0,
        "serious_injuries_total": 7,
        "max_risk_score": 35.0,
        "avg_risk_score": 35.0,
        "risk_level": "low",
        "risk_level_ko": "관심",
        "high_member_count": 0,
        "center_lng": 128.57971996,
        "center_lat": 35.86934419
      }
    },
    {
      "type": "Feature",
      "geometry": {
        "type": "Point",
        "coordinates": [
          126.92123424,
          35.14080657
        ]
      },
      "properties": {
        "cluster_id": "ped_hotspot_cluster_0917",
        "display_name": "광주 동구 학동(전대병원응급실앞교차로 부근)",
        "representative_place_name": "광주 동구 학동(전대병원응급실앞교차로 부근)",
        "representative_district": "광주 동구1",
        "member_count": 2,
        "repeat_year_count": 2,
        "source_years": [
          2023,
          2024
        ],
        "accidents_total": 14,
        "casualties_total": 14,
        "deaths_total": 0,
        "serious_injuries_total": 14,
        "max_risk_score": 35.0,
        "avg_risk_score": 35.0,
        "risk_level": "low",
        "risk_level_ko": "관심",
        "high_member_count": 0,
        "center_lng": 126.92123424,
        "center_lat": 35.14080657
      }
    },
    {
      "type": "Feature",
      "geometry": {
        "type": "Point",
        "coordinates": [
          127.38896601,
          36.34077806
        ]
      },
      "properties": {
        "cluster_id": "ped_hotspot_cluster_0918",
        "display_name": "대전 서구 탄방동(탄방네거리 부근)",
        "representative_place_name": "대전 서구 탄방동(탄방네거리 부근)",
        "representative_district": "대전 서구3",
        "member_count": 1,
        "repeat_year_count": 1,
        "source_years": [
          2023
        ],
        "accidents_total": 7,
        "casualties_total": 7,
        "deaths_total": 0,
        "serious_injuries_total": 7,
        "max_risk_score": 35.0,
        "avg_risk_score": 35.0,
        "risk_level": "low",
        "risk_level_ko": "관심",
        "high_member_count": 0,
        "center_lng": 127.38896601,
        "center_lat": 36.34077806
      }
    },
    {
      "type": "Feature",
      "geometry": {
        "type": "Point",
        "coordinates": [
          129.33296506,
          35.53827966
        ]
      },
      "properties": {
        "cluster_id": "ped_hotspot_cluster_0919",
        "display_name": "울산 남구 달동(이튼치과의원 부근)",
        "representative_place_name": "울산 남구 달동(이튼치과의원 부근)",
        "representative_district": "울산 남구4",
        "member_count": 3,
        "repeat_year_count": 3,
        "source_years": [
          2023,
          2024,
          2025
        ],
        "accidents_total": 21,
        "casualties_total": 21,
        "deaths_total": 0,
        "serious_injuries_total": 21,
        "max_risk_score": 35.0,
        "avg_risk_score": 35.0,
        "risk_level": "low",
        "risk_level_ko": "관심",
        "high_member_count": 0,
        "center_lng": 129.33296506,
        "center_lat": 35.53827966
      }
    },
    {
      "type": "Feature",
      "geometry": {
        "type": "Point",
        "coordinates": [
          129.34989237,
          35.63359526
        ]
      },
      "properties": {
        "cluster_id": "ped_hotspot_cluster_0920",
        "display_name": "울산 북구 신천동(신천교교차로 부근)",
        "representative_place_name": "울산 북구 신천동(신천교교차로 부근)",
        "representative_district": "울산 북구1",
        "member_count": 1,
        "repeat_year_count": 1,
        "source_years": [
          2023
        ],
        "accidents_total": 7,
        "casualties_total": 7,
        "deaths_total": 0,
        "serious_injuries_total": 7,
        "max_risk_score": 35.0,
        "avg_risk_score": 35.0,
        "risk_level": "low",
        "risk_level_ko": "관심",
        "high_member_count": 0,
        "center_lng": 129.34989237,
        "center_lat": 35.63359526
      }
    },
    {
      "type": "Feature",
      "geometry": {
        "type": "Point",
        "coordinates": [
          127.00162188,
          37.27061466
        ]
      },
      "properties": {
        "cluster_id": "ped_hotspot_cluster_0921",
        "display_name": "경기 수원시 팔달구 고등동(수원중앙교회 부근)",
        "representative_place_name": "경기 수원시 팔달구 고등동(수원중앙교회 부근)",
        "representative_district": "경기 수원시 팔달구1",
        "member_count": 2,
        "repeat_year_count": 2,
        "source_years": [
          2023,
          2025
        ],
        "accidents_total": 14,
        "casualties_total": 14,
        "deaths_total": 0,
        "serious_injuries_total": 14,
        "max_risk_score": 35.0,
        "avg_risk_score": 35.0,
        "risk_level": "low",
        "risk_level_ko": "관심",
        "high_member_count": 0,
        "center_lng": 127.00162188,
        "center_lat": 37.27061466
      }
    },
    {
      "type": "Feature",
      "geometry": {
        "type": "Point",
        "coordinates": [
          127.02955924,
          37.26522256
        ]
      },
      "properties": {
        "cluster_id": "ped_hotspot_cluster_0922",
        "display_name": "경기 수원시 팔달구 인계동(현진빌딩 부근)",
        "representative_place_name": "경기 수원시 팔달구 인계동(현진빌딩 부근)",
        "representative_district": "경기 수원시 팔달구3",
        "member_count": 1,
        "repeat_year_count": 1,
        "source_years": [
          2023
        ],
        "accidents_total": 7,
        "casualties_total": 7,
        "deaths_total": 0,
        "serious_injuries_total": 7,
        "max_risk_score": 35.0,
        "avg_risk_score": 35.0,
        "risk_level": "low",
        "risk_level_ko": "관심",
        "high_member_count": 0,
        "center_lng": 127.02955924,
        "center_lat": 37.26522256
      }
    },
    {
      "type": "Feature",
      "geometry": {
        "type": "Point",
        "coordinates": [
          126.93604636,
          37.38232901
        ]
      },
      "properties": {
        "cluster_id": "ped_hotspot_cluster_0923",
        "display_name": "경기 안양시 만안구 안양동(고진성한국무용연구소 부근)",
        "representative_place_name": "경기 안양시 만안구 안양동(고진성한국무용연구소 부근)",
        "representative_district": "경기 안양시 만안구3",
        "member_count": 1,
        "repeat_year_count": 1,
        "source_years": [
          2023
        ],
        "accidents_total": 7,
        "casualties_total": 7,
        "deaths_total": 0,
        "serious_injuries_total": 7,
        "max_risk_score": 35.0,
        "avg_risk_score": 35.0,
        "risk_level": "low",
        "risk_level_ko": "관심",
        "high_member_count": 0,
        "center_lng": 126.93604636,
        "center_lat": 37.38232901
      }
    },
    {
      "type": "Feature",
      "geometry": {
        "type": "Point",
        "coordinates": [
          126.81142081,
          37.52740008
        ]
      },
      "properties": {
        "cluster_id": "ped_hotspot_cluster_0924",
        "display_name": "경기 부천시 고강동(소화유치원 부근)",
        "representative_place_name": "경기 부천시 고강동(소화유치원 부근)",
        "representative_district": "경기 부천시14",
        "member_count": 1,
        "repeat_year_count": 1,
        "source_years": [
          2023
        ],
        "accidents_total": 7,
        "casualties_total": 7,
        "deaths_total": 0,
        "serious_injuries_total": 7,
        "max_risk_score": 35.0,
        "avg_risk_score": 35.0,
        "risk_level": "low",
        "risk_level_ko": "관심",
        "high_member_count": 0,
        "center_lng": 126.81142081,
        "center_lat": 37.52740008
      }
    },
    {
      "type": "Feature",
      "geometry": {
        "type": "Point",
        "coordinates": [
          126.85081525,
          37.30723635
        ]
      },
      "properties": {
        "cluster_id": "ped_hotspot_cluster_0925",
        "display_name": "경기 안산시 상록구 이동(이동파출소 부근)",
        "representative_place_name": "경기 안산시 상록구 이동(이동파출소 부근)",
        "representative_district": "경기 안산시 상록구1",
        "member_count": 1,
        "repeat_year_count": 1,
        "source_years": [
          2023
        ],
        "accidents_total": 7,
        "casualties_total": 7,
        "deaths_total": 0,
        "serious_injuries_total": 7,
        "max_risk_score": 35.0,
        "avg_risk_score": 35.0,
        "risk_level": "low",
        "risk_level_ko": "관심",
        "high_member_count": 0,
        "center_lng": 126.85081525,
        "center_lat": 37.30723635
      }
    },
    {
      "type": "Feature",
      "geometry": {
        "type": "Point",
        "coordinates": [
          126.79274524,
          37.33088458
        ]
      },
      "properties": {
        "cluster_id": "ped_hotspot_cluster_0926",
        "display_name": "경기 안산시 단원구 원곡동(주택희망공원 부근)",
        "representative_place_name": "경기 안산시 단원구 원곡동(주택희망공원 부근)",
        "representative_district": "경기 안산시 단원구3",
        "member_count": 2,
        "repeat_year_count": 2,
        "source_years": [
          2023,
          2024
        ],
        "accidents_total": 14,
        "casualties_total": 14,
        "deaths_total": 0,
        "serious_injuries_total": 14,
        "max_risk_score": 35.0,
        "avg_risk_score": 35.0,
        "risk_level": "low",
        "risk_level_ko": "관심",
        "high_member_count": 0,
        "center_lng": 126.79274524,
        "center_lat": 37.33088458
      }
    },
    {
      "type": "Feature",
      "geometry": {
        "type": "Point",
        "coordinates": [
          127.13870759,
          37.59216725
        ]
      },
      "properties": {
        "cluster_id": "ped_hotspot_cluster_0927",
        "display_name": "경기 구리시 교문동(한성아파트앞사거리 부근)",
        "representative_place_name": "경기 구리시 교문동(한성아파트앞사거리 부근)",
        "representative_district": "경기 구리시2",
        "member_count": 1,
        "repeat_year_count": 1,
        "source_years": [
          2023
        ],
        "accidents_total": 7,
        "casualties_total": 7,
        "deaths_total": 0,
        "serious_injuries_total": 7,
        "max_risk_score": 35.0,
        "avg_risk_score": 35.0,
        "risk_level": "low",
        "risk_level_ko": "관심",
        "high_member_count": 0,
        "center_lng": 127.13870759,
        "center_lat": 37.59216725
      }
    },
    {
      "type": "Feature",
      "geometry": {
        "type": "Point",
        "coordinates": [
          127.2749959,
          37.65672639
        ]
      },
      "properties": {
        "cluster_id": "ped_hotspot_cluster_0928",
        "display_name": "경기 남양주시 화도읍 묵현리(법인 진달래어린이집 부근)",
        "representative_place_name": "경기 남양주시 화도읍 묵현리(법인 진달래어린이집 부근)",
        "representative_district": "경기 남양주시3",
        "member_count": 2,
        "repeat_year_count": 2,
        "source_years": [
          2023,
          2024
        ],
        "accidents_total": 14,
        "casualties_total": 14,
        "deaths_total": 0,
        "serious_injuries_total": 14,
        "max_risk_score": 35.0,
        "avg_risk_score": 35.0,
        "risk_level": "low",
        "risk_level_ko": "관심",
        "high_member_count": 0,
        "center_lng": 127.2749959,
        "center_lat": 37.65672639
      }
    },
    {
      "type": "Feature",
      "geometry": {
        "type": "Point",
        "coordinates": [
          127.20702094,
          37.5376602
        ]
      },
      "properties": {
        "cluster_id": "ped_hotspot_cluster_0929",
        "display_name": "경기 하남시 신장동(신장시장 부근)",
        "representative_place_name": "경기 하남시 신장동(신장시장 부근)",
        "representative_district": "경기 하남시4",
        "member_count": 1,
        "repeat_year_count": 1,
        "source_years": [
          2023
        ],
        "accidents_total": 7,
        "casualties_total": 7,
        "deaths_total": 0,
        "serious_injuries_total": 7,
        "max_risk_score": 35.0,
        "avg_risk_score": 35.0,
        "risk_level": "low",
        "risk_level_ko": "관심",
        "high_member_count": 0,
        "center_lng": 127.20702094,
        "center_lat": 37.5376602
      }
    },
    {
      "type": "Feature",
      "geometry": {
        "type": "Point",
        "coordinates": [
          126.69928186,
          37.62295236
        ]
      },
      "properties": {
        "cluster_id": "ped_hotspot_cluster_0930",
        "display_name": "경기 김포시 감정동(독자골입구교차로 부근)",
        "representative_place_name": "경기 김포시 감정동(독자골입구교차로 부근)",
        "representative_district": "경기 김포시2",
        "member_count": 2,
        "repeat_year_count": 2,
        "source_years": [
          2023,
          2025
        ],
        "accidents_total": 14,
        "casualties_total": 14,
        "deaths_total": 0,
        "serious_injuries_total": 14,
        "max_risk_score": 35.0,
        "avg_risk_score": 35.0,
        "risk_level": "low",
        "risk_level_ko": "관심",
        "high_member_count": 0,
        "center_lng": 126.69928186,
        "center_lat": 37.62295236
      }
    },
    {
      "type": "Feature",
      "geometry": {
        "type": "Point",
        "coordinates": [
          127.45934974,
          36.63366339
        ]
      },
      "properties": {
        "cluster_id": "ped_hotspot_cluster_0931",
        "display_name": "충북 청주시 서원구 사창동(사창동행정복지센터 부근)",
        "representative_place_name": "충북 청주시 서원구 사창동(사창동행정복지센터 부근)",
        "representative_district": "충북 청주시 서원구1",
        "member_count": 1,
        "repeat_year_count": 1,
        "source_years": [
          2023
        ],
        "accidents_total": 7,
        "casualties_total": 7,
        "deaths_total": 0,
        "serious_injuries_total": 7,
        "max_risk_score": 35.0,
        "avg_risk_score": 35.0,
        "risk_level": "low",
        "risk_level_ko": "관심",
        "high_member_count": 0,
        "center_lng": 127.45934974,
        "center_lat": 36.63366339
      }
    },
    {
      "type": "Feature",
      "geometry": {
        "type": "Point",
        "coordinates": [
          127.45960043,
          36.63568519
        ]
      },
      "properties": {
        "cluster_id": "ped_hotspot_cluster_0932",
        "display_name": "충북 청주시 서원구 사창동(우리사랑교회 부근)",
        "representative_place_name": "충북 청주시 서원구 사창동(우리사랑교회 부근)",
        "representative_district": "충북 청주시 서원구2",
        "member_count": 1,
        "repeat_year_count": 1,
        "source_years": [
          2023
        ],
        "accidents_total": 7,
        "casualties_total": 7,
        "deaths_total": 0,
        "serious_injuries_total": 7,
        "max_risk_score": 35.0,
        "avg_risk_score": 35.0,
        "risk_level": "low",
        "risk_level_ko": "관심",
        "high_member_count": 0,
        "center_lng": 127.45960043,
        "center_lat": 36.63568519
      }
    },
    {
      "type": "Feature",
      "geometry": {
        "type": "Point",
        "coordinates": [
          127.46436604,
          36.63441764
        ]
      },
      "properties": {
        "cluster_id": "ped_hotspot_cluster_0933",
        "display_name": "충북 청주시 서원구 사창동(목양교회 부근)",
        "representative_place_name": "충북 청주시 서원구 사창동(목양교회 부근)",
        "representative_district": "충북 청주시 서원구4",
        "member_count": 1,
        "repeat_year_count": 1,
        "source_years": [
          2023
        ],
        "accidents_total": 7,
        "casualties_total": 7,
        "deaths_total": 0,
        "serious_injuries_total": 7,
        "max_risk_score": 35.0,
        "avg_risk_score": 35.0,
        "risk_level": "low",
        "risk_level_ko": "관심",
        "high_member_count": 0,
        "center_lng": 127.46436604,
        "center_lat": 36.63441764
      }
    },
    {
      "type": "Feature",
      "geometry": {
        "type": "Point",
        "coordinates": [
          127.93018207,
          36.97572683
        ]
      },
      "properties": {
        "cluster_id": "ped_hotspot_cluster_0934",
        "display_name": "충북 충주시 충의동(24시열린슈퍼 부근)",
        "representative_place_name": "충북 충주시 충의동(24시열린슈퍼 부근)",
        "representative_district": "충북 충주시2",
        "member_count": 2,
        "repeat_year_count": 2,
        "source_years": [
          2023,
          2024
        ],
        "accidents_total": 14,
        "casualties_total": 14,
        "deaths_total": 0,
        "serious_injuries_total": 14,
        "max_risk_score": 35.0,
        "avg_risk_score": 35.0,
        "risk_level": "low",
        "risk_level_ko": "관심",
        "high_member_count": 0,
        "center_lng": 127.93018207,
        "center_lat": 36.97572683
      }
    },
    {
      "type": "Feature",
      "geometry": {
        "type": "Point",
        "coordinates": [
          127.13938491,
          36.83361639
        ]
      },
      "properties": {
        "cluster_id": "ped_hotspot_cluster_0935",
        "display_name": "충남 천안시 서북구 두정동(시엘치과 부근)",
        "representative_place_name": "충남 천안시 서북구 두정동(시엘치과 부근)",
        "representative_district": "충남 천안시 서북구1",
        "member_count": 1,
        "repeat_year_count": 1,
        "source_years": [
          2023
        ],
        "accidents_total": 7,
        "casualties_total": 7,
        "deaths_total": 0,
        "serious_injuries_total": 7,
        "max_risk_score": 35.0,
        "avg_risk_score": 35.0,
        "risk_level": "low",
        "risk_level_ko": "관심",
        "high_member_count": 0,
        "center_lng": 127.13938491,
        "center_lat": 36.83361639
      }
    },
    {
      "type": "Feature",
      "geometry": {
        "type": "Point",
        "coordinates": [
          127.1335238,
          35.7864968
        ]
      },
      "properties": {
        "cluster_id": "ped_hotspot_cluster_0936",
        "display_name": "전북 전주시 완산구 평화동2가(평화119안전센터 부근)",
        "representative_place_name": "전북 전주시 완산구 평화동2가(평화119안전센터 부근)",
        "representative_district": "전북 전주시 완산구5",
        "member_count": 3,
        "repeat_year_count": 3,
        "source_years": [
          2023,
          2024,
          2025
        ],
        "accidents_total": 21,
        "casualties_total": 21,
        "deaths_total": 0,
        "serious_injuries_total": 21,
        "max_risk_score": 35.0,
        "avg_risk_score": 35.0,
        "risk_level": "low",
        "risk_level_ko": "관심",
        "high_member_count": 0,
        "center_lng": 127.1335238,
        "center_lat": 35.7864968
      }
    },
    {
      "type": "Feature",
      "geometry": {
        "type": "Point",
        "coordinates": [
          126.39350741,
          34.80331384
        ]
      },
      "properties": {
        "cluster_id": "ped_hotspot_cluster_0937",
        "display_name": "전남 목포시 용당동(연동파출소 부근)",
        "representative_place_name": "전남 목포시 용당동(연동파출소 부근)",
        "representative_district": "전남 목포시1",
        "member_count": 1,
        "repeat_year_count": 1,
        "source_years": [
          2023
        ],
        "accidents_total": 7,
        "casualties_total": 7,
        "deaths_total": 0,
        "serious_injuries_total": 7,
        "max_risk_score": 35.0,
        "avg_risk_score": 35.0,
        "risk_level": "low",
        "risk_level_ko": "관심",
        "high_member_count": 0,
        "center_lng": 126.39350741,
        "center_lat": 34.80331384
      }
    },
    {
      "type": "Feature",
      "geometry": {
        "type": "Point",
        "coordinates": [
          129.41500216,
          35.96293256
        ]
      },
      "properties": {
        "cluster_id": "ped_hotspot_cluster_0938",
        "display_name": "경북 포항시 남구 오천읍 문덕리(오천읍 행정복지센터 부근)",
        "representative_place_name": "경북 포항시 남구 오천읍 문덕리(오천읍 행정복지센터 부근)",
        "representative_district": "경북 포항시 남구1",
        "member_count": 1,
        "repeat_year_count": 1,
        "source_years": [
          2023
        ],
        "accidents_total": 7,
        "casualties_total": 7,
        "deaths_total": 0,
        "serious_injuries_total": 7,
        "max_risk_score": 35.0,
        "avg_risk_score": 35.0,
        "risk_level": "low",
        "risk_level_ko": "관심",
        "high_member_count": 0,
        "center_lng": 129.41500216,
        "center_lat": 35.96293256
      }
    },
    {
      "type": "Feature",
      "geometry": {
        "type": "Point",
        "coordinates": [
          129.36918151,
          36.03516121
        ]
      },
      "properties": {
        "cluster_id": "ped_hotspot_cluster_0939",
        "display_name": "경북 포항시 북구 죽도동(포항새마을금고 제2지점 부근)",
        "representative_place_name": "경북 포항시 북구 죽도동(포항새마을금고 제2지점 부근)",
        "representative_district": "경북 포항시 북구3",
        "member_count": 1,
        "repeat_year_count": 1,
        "source_years": [
          2023
        ],
        "accidents_total": 7,
        "casualties_total": 7,
        "deaths_total": 0,
        "serious_injuries_total": 7,
        "max_risk_score": 35.0,
        "avg_risk_score": 35.0,
        "risk_level": "low",
        "risk_level_ko": "관심",
        "high_member_count": 0,
        "center_lng": 129.36918151,
        "center_lat": 36.03516121
      }
    },
    {
      "type": "Feature",
      "geometry": {
        "type": "Point",
        "coordinates": [
          128.1173998,
          36.13255782
        ]
      },
      "properties": {
        "cluster_id": "ped_hotspot_cluster_0940",
        "display_name": "경북 김천시 신음동(도토리어린이집 부근)",
        "representative_place_name": "경북 김천시 신음동(도토리어린이집 부근)",
        "representative_district": "경북 김천시1",
        "member_count": 1,
        "repeat_year_count": 1,
        "source_years": [
          2023
        ],
        "accidents_total": 7,
        "casualties_total": 7,
        "deaths_total": 0,
        "serious_injuries_total": 7,
        "max_risk_score": 35.0,
        "avg_risk_score": 35.0,
        "risk_level": "low",
        "risk_level_ko": "관심",
        "high_member_count": 0,
        "center_lng": 128.1173998,
        "center_lat": 36.13255782
      }
    },
    {
      "type": "Feature",
      "geometry": {
        "type": "Point",
        "coordinates": [
          128.62394212,
          36.81119365
        ]
      },
      "properties": {
        "cluster_id": "ped_hotspot_cluster_0941",
        "display_name": "경북 영주시 휴천동(신영주파출소 부근)",
        "representative_place_name": "경북 영주시 휴천동(신영주파출소 부근)",
        "representative_district": "경북 영주시2",
        "member_count": 1,
        "repeat_year_count": 1,
        "source_years": [
          2023
        ],
        "accidents_total": 7,
        "casualties_total": 7,
        "deaths_total": 0,
        "serious_injuries_total": 7,
        "max_risk_score": 35.0,
        "avg_risk_score": 35.0,
        "risk_level": "low",
        "risk_level_ko": "관심",
        "high_member_count": 0,
        "center_lng": 128.62394212,
        "center_lat": 36.81119365
      }
    },
    {
      "type": "Feature",
      "geometry": {
        "type": "Point",
        "coordinates": [
          128.0873508,
          35.1852715
        ]
      },
      "properties": {
        "cluster_id": "ped_hotspot_cluster_0942",
        "display_name": "경남 진주시 강남동(통계청사거리 부근)",
        "representative_place_name": "경남 진주시 강남동(통계청사거리 부근)",
        "representative_district": "경남 진주시3",
        "member_count": 1,
        "repeat_year_count": 1,
        "source_years": [
          2023
        ],
        "accidents_total": 7,
        "casualties_total": 7,
        "deaths_total": 0,
        "serious_injuries_total": 7,
        "max_risk_score": 35.0,
        "avg_risk_score": 35.0,
        "risk_level": "low",
        "risk_level_ko": "관심",
        "high_member_count": 0,
        "center_lng": 128.0873508,
        "center_lat": 35.1852715
      }
    },
    {
      "type": "Feature",
      "geometry": {
        "type": "Point",
        "coordinates": [
          128.88110246,
          35.23410203
        ]
      },
      "properties": {
        "cluster_id": "ped_hotspot_cluster_0943",
        "display_name": "경남 김해시 서상동(분성사거리 부근)",
        "representative_place_name": "경남 김해시 서상동(분성사거리 부근)",
        "representative_district": "경남 김해시2",
        "member_count": 1,
        "repeat_year_count": 1,
        "source_years": [
          2023
        ],
        "accidents_total": 7,
        "casualties_total": 7,
        "deaths_total": 0,
        "serious_injuries_total": 7,
        "max_risk_score": 35.0,
        "avg_risk_score": 35.0,
        "risk_level": "low",
        "risk_level_ko": "관심",
        "high_member_count": 0,
        "center_lng": 128.88110246,
        "center_lat": 35.23410203
      }
    },
    {
      "type": "Feature",
      "geometry": {
        "type": "Point",
        "coordinates": [
          126.56174051,
          33.25162661
        ]
      },
      "properties": {
        "cluster_id": "ped_hotspot_cluster_0944",
        "display_name": "제주 서귀포시 서귀동(엘리트 서귀포점 부근)",
        "representative_place_name": "제주 서귀포시 서귀동(엘리트 서귀포점 부근)",
        "representative_district": "제주 서귀포시2",
        "member_count": 2,
        "repeat_year_count": 2,
        "source_years": [
          2023,
          2024
        ],
        "accidents_total": 14,
        "casualties_total": 14,
        "deaths_total": 0,
        "serious_injuries_total": 14,
        "max_risk_score": 35.0,
        "avg_risk_score": 35.0,
        "risk_level": "low",
        "risk_level_ko": "관심",
        "high_member_count": 0,
        "center_lng": 126.56174051,
        "center_lat": 33.25162661
      }
    },
    {
      "type": "Feature",
      "geometry": {
        "type": "Point",
        "coordinates": [
          126.56507329,
          33.24790503
        ]
      },
      "properties": {
        "cluster_id": "ped_hotspot_cluster_0945",
        "display_name": "제주 서귀포시 서귀동(서귀포상설시장 부근)",
        "representative_place_name": "제주 서귀포시 서귀동(서귀포상설시장 부근)",
        "representative_district": "제주 서귀포시3",
        "member_count": 1,
        "repeat_year_count": 1,
        "source_years": [
          2023
        ],
        "accidents_total": 7,
        "casualties_total": 7,
        "deaths_total": 0,
        "serious_injuries_total": 7,
        "max_risk_score": 35.0,
        "avg_risk_score": 35.0,
        "risk_level": "low",
        "risk_level_ko": "관심",
        "high_member_count": 0,
        "center_lng": 126.56507329,
        "center_lat": 33.24790503
      }
    },
    {
      "type": "Feature",
      "geometry": {
        "type": "Point",
        "coordinates": [
          126.98210248,
          37.57013885
        ]
      },
      "properties": {
        "cluster_id": "ped_hotspot_cluster_0946",
        "display_name": "서울 종로구 관철동(종로1가교차로 부근)",
        "representative_place_name": "서울 종로구 관철동(종로1가교차로 부근)",
        "representative_district": "서울 종로구5",
        "member_count": 2,
        "repeat_year_count": 2,
        "source_years": [
          2024,
          2025
        ],
        "accidents_total": 14,
        "casualties_total": 14,
        "deaths_total": 0,
        "serious_injuries_total": 14,
        "max_risk_score": 35.0,
        "avg_risk_score": 35.0,
        "risk_level": "low",
        "risk_level_ko": "관심",
        "high_member_count": 0,
        "center_lng": 126.98210248,
        "center_lat": 37.57013885
      }
    },
    {
      "type": "Feature",
      "geometry": {
        "type": "Point",
        "coordinates": [
          126.96427842,
          37.55957855
        ]
      },
      "properties": {
        "cluster_id": "ped_hotspot_cluster_0947",
        "display_name": "서울 중구 중림동(충정로호프 부근)",
        "representative_place_name": "서울 중구 중림동(충정로호프 부근)",
        "representative_district": "서울 중구3",
        "member_count": 1,
        "repeat_year_count": 1,
        "source_years": [
          2024
        ],
        "accidents_total": 7,
        "casualties_total": 7,
        "deaths_total": 0,
        "serious_injuries_total": 7,
        "max_risk_score": 35.0,
        "avg_risk_score": 35.0,
        "risk_level": "low",
        "risk_level_ko": "관심",
        "high_member_count": 0,
        "center_lng": 126.96427842,
        "center_lat": 37.55957855
      }
    },
    {
      "type": "Feature",
      "geometry": {
        "type": "Point",
        "coordinates": [
          127.08492015,
          37.5764747
        ]
      },
      "properties": {
        "cluster_id": "ped_hotspot_cluster_0948",
        "display_name": "서울 중랑구 면목동(예아랑어린이집 부근)",
        "representative_place_name": "서울 중랑구 면목동(예아랑어린이집 부근)",
        "representative_district": "서울 중랑구12",
        "member_count": 1,
        "repeat_year_count": 1,
        "source_years": [
          2024
        ],
        "accidents_total": 7,
        "casualties_total": 7,
        "deaths_total": 0,
        "serious_injuries_total": 7,
        "max_risk_score": 35.0,
        "avg_risk_score": 35.0,
        "risk_level": "low",
        "risk_level_ko": "관심",
        "high_member_count": 0,
        "center_lng": 127.08492015,
        "center_lat": 37.5764747
      }
    },
    {
      "type": "Feature",
      "geometry": {
        "type": "Point",
        "coordinates": [
          127.08943937,
          37.59611154
        ]
      },
      "properties": {
        "cluster_id": "ped_hotspot_cluster_0949",
        "display_name": "서울 중랑구 상봉동(동백섬 부근)",
        "representative_place_name": "서울 중랑구 상봉동(동백섬 부근)",
        "representative_district": "서울 중랑구13",
        "member_count": 1,
        "repeat_year_count": 1,
        "source_years": [
          2024
        ],
        "accidents_total": 7,
        "casualties_total": 7,
        "deaths_total": 0,
        "serious_injuries_total": 7,
        "max_risk_score": 35.0,
        "avg_risk_score": 35.0,
        "risk_level": "low",
        "risk_level_ko": "관심",
        "high_member_count": 0,
        "center_lng": 127.08943937,
        "center_lat": 37.59611154
      }
    },
    {
      "type": "Feature",
      "geometry": {
        "type": "Point",
        "coordinates": [
          127.08581106,
          37.59509152
        ]
      },
      "properties": {
        "cluster_id": "ped_hotspot_cluster_0950",
        "display_name": "서울 중랑구 상봉동(상봉역 7호선 부근)",
        "representative_place_name": "서울 중랑구 상봉동(상봉역 7호선 부근)",
        "representative_district": "서울 중랑구14",
        "member_count": 2,
        "repeat_year_count": 2,
        "source_years": [
          2024,
          2025
        ],
        "accidents_total": 14,
        "casualties_total": 14,
        "deaths_total": 0,
        "serious_injuries_total": 14,
        "max_risk_score": 35.0,
        "avg_risk_score": 35.0,
        "risk_level": "low",
        "risk_level_ko": "관심",
        "high_member_count": 0,
        "center_lng": 127.08581106,
        "center_lat": 37.59509152
      }
    },
    {
      "type": "Feature",
      "geometry": {
        "type": "Point",
        "coordinates": [
          126.91928504,
          37.60756884
        ]
      },
      "properties": {
        "cluster_id": "ped_hotspot_cluster_0951",
        "display_name": "서울 은평구 역촌동(전주식당 부근)",
        "representative_place_name": "서울 은평구 역촌동(전주식당 부근)",
        "representative_district": "서울 은평구6",
        "member_count": 1,
        "repeat_year_count": 1,
        "source_years": [
          2024
        ],
        "accidents_total": 7,
        "casualties_total": 7,
        "deaths_total": 0,
        "serious_injuries_total": 7,
        "max_risk_score": 35.0,
        "avg_risk_score": 35.0,
        "risk_level": "low",
        "risk_level_ko": "관심",
        "high_member_count": 0,
        "center_lng": 126.91928504,
        "center_lat": 37.60756884
      }
    },
    {
      "type": "Feature",
      "geometry": {
        "type": "Point",
        "coordinates": [
          126.94597915,
          37.54530383
        ]
      },
      "properties": {
        "cluster_id": "ped_hotspot_cluster_0952",
        "display_name": "서울 마포구 공덕동(152약국 부근)",
        "representative_place_name": "서울 마포구 공덕동(152약국 부근)",
        "representative_district": "서울 마포구3",
        "member_count": 1,
        "repeat_year_count": 1,
        "source_years": [
          2024
        ],
        "accidents_total": 7,
        "casualties_total": 7,
        "deaths_total": 0,
        "serious_injuries_total": 7,
        "max_risk_score": 35.0,
        "avg_risk_score": 35.0,
        "risk_level": "low",
        "risk_level_ko": "관심",
        "high_member_count": 0,
        "center_lng": 126.94597915,
        "center_lat": 37.54530383
      }
    },
    {
      "type": "Feature",
      "geometry": {
        "type": "Point",
        "coordinates": [
          126.84286773,
          37.49243094
        ]
      },
      "properties": {
        "cluster_id": "ped_hotspot_cluster_0953",
        "display_name": "서울 구로구 오류동(예쁜별어린이집 부근)",
        "representative_place_name": "서울 구로구 오류동(예쁜별어린이집 부근)",
        "representative_district": "서울 구로구6",
        "member_count": 1,
        "repeat_year_count": 1,
        "source_years": [
          2024
        ],
        "accidents_total": 7,
        "casualties_total": 7,
        "deaths_total": 0,
        "serious_injuries_total": 7,
        "max_risk_score": 35.0,
        "avg_risk_score": 35.0,
        "risk_level": "low",
        "risk_level_ko": "관심",
        "high_member_count": 0,
        "center_lng": 126.84286773,
        "center_lat": 37.49243094
      }
    },
    {
      "type": "Feature",
      "geometry": {
        "type": "Point",
        "coordinates": [
          126.89812469,
          37.49316953
        ]
      },
      "properties": {
        "cluster_id": "ped_hotspot_cluster_0954",
        "display_name": "서울 영등포구 대림동(대림2동주민센터 부근)",
        "representative_place_name": "서울 영등포구 대림동(대림2동주민센터 부근)",
        "representative_district": "서울 영등포구4",
        "member_count": 1,
        "repeat_year_count": 1,
        "source_years": [
          2024
        ],
        "accidents_total": 7,
        "casualties_total": 7,
        "deaths_total": 0,
        "serious_injuries_total": 7,
        "max_risk_score": 35.0,
        "avg_risk_score": 35.0,
        "risk_level": "low",
        "risk_level_ko": "관심",
        "high_member_count": 0,
        "center_lng": 126.89812469,
        "center_lat": 37.49316953
      }
    },
    {
      "type": "Feature",
      "geometry": {
        "type": "Point",
        "coordinates": [
          126.91773754,
          37.51158669
        ]
      },
      "properties": {
        "cluster_id": "ped_hotspot_cluster_0955",
        "display_name": "서울 영등포구 신길동(대신시장 부근)",
        "representative_place_name": "서울 영등포구 신길동(대신시장 부근)",
        "representative_district": "서울 영등포구6",
        "member_count": 1,
        "repeat_year_count": 1,
        "source_years": [
          2024
        ],
        "accidents_total": 7,
        "casualties_total": 7,
        "deaths_total": 0,
        "serious_injuries_total": 7,
        "max_risk_score": 35.0,
        "avg_risk_score": 35.0,
        "risk_level": "low",
        "risk_level_ko": "관심",
        "high_member_count": 0,
        "center_lng": 126.91773754,
        "center_lat": 37.51158669
      }
    },
    {
      "type": "Feature",
      "geometry": {
        "type": "Point",
        "coordinates": [
          126.94526755,
          37.48018074
        ]
      },
      "properties": {
        "cluster_id": "ped_hotspot_cluster_0956",
        "display_name": "서울 관악구 봉천동(늘푸른어린이집 부근)",
        "representative_place_name": "서울 관악구 봉천동(늘푸른어린이집 부근)",
        "representative_district": "서울 관악구7",
        "member_count": 1,
        "repeat_year_count": 1,
        "source_years": [
          2024
        ],
        "accidents_total": 7,
        "casualties_total": 7,
        "deaths_total": 0,
        "serious_injuries_total": 7,
        "max_risk_score": 35.0,
        "avg_risk_score": 35.0,
        "risk_level": "low",
        "risk_level_ko": "관심",
        "high_member_count": 0,
        "center_lng": 126.94526755,
        "center_lat": 37.48018074
      }
    },
    {
      "type": "Feature",
      "geometry": {
        "type": "Point",
        "coordinates": [
          127.02079077,
          37.5144165
        ]
      },
      "properties": {
        "cluster_id": "ped_hotspot_cluster_0957",
        "display_name": "서울 강남구 논현동(민트약국 부근)",
        "representative_place_name": "서울 강남구 논현동(민트약국 부근)",
        "representative_district": "서울 강남구3",
        "member_count": 1,
        "repeat_year_count": 1,
        "source_years": [
          2024
        ],
        "accidents_total": 7,
        "casualties_total": 7,
        "deaths_total": 0,
        "serious_injuries_total": 7,
        "max_risk_score": 35.0,
        "avg_risk_score": 35.0,
        "risk_level": "low",
        "risk_level_ko": "관심",
        "high_member_count": 0,
        "center_lng": 127.02079077,
        "center_lat": 37.5144165
      }
    },
    {
      "type": "Feature",
      "geometry": {
        "type": "Point",
        "coordinates": [
          127.05958641,
          37.49313603
        ]
      },
      "properties": {
        "cluster_id": "ped_hotspot_cluster_0958",
        "display_name": "서울 강남구 대치동(메디칼청실약국 부근)",
        "representative_place_name": "서울 강남구 대치동(메디칼청실약국 부근)",
        "representative_district": "서울 강남구5",
        "member_count": 2,
        "repeat_year_count": 2,
        "source_years": [
          2024,
          2025
        ],
        "accidents_total": 14,
        "casualties_total": 14,
        "deaths_total": 0,
        "serious_injuries_total": 14,
        "max_risk_score": 35.0,
        "avg_risk_score": 35.0,
        "risk_level": "low",
        "risk_level_ko": "관심",
        "high_member_count": 0,
        "center_lng": 127.05958641,
        "center_lat": 37.49313603
      }
    },
    {
      "type": "Feature",
      "geometry": {
        "type": "Point",
        "coordinates": [
          127.02803483,
          37.49848386
        ]
      },
      "properties": {
        "cluster_id": "ped_hotspot_cluster_0959",
        "display_name": "서울 강남구 역삼동(강남역사거리 부근)",
        "representative_place_name": "서울 강남구 역삼동(강남역사거리 부근)",
        "representative_district": "서울 강남구6",
        "member_count": 1,
        "repeat_year_count": 1,
        "source_years": [
          2024
        ],
        "accidents_total": 7,
        "casualties_total": 7,
        "deaths_total": 0,
        "serious_injuries_total": 7,
        "max_risk_score": 35.0,
        "avg_risk_score": 35.0,
        "risk_level": "low",
        "risk_level_ko": "관심",
        "high_member_count": 0,
        "center_lng": 127.02803483,
        "center_lat": 37.49848386
      }
    },
    {
      "type": "Feature",
      "geometry": {
        "type": "Point",
        "coordinates": [
          127.13263807,
          37.53563779
        ]
      },
      "properties": {
        "cluster_id": "ped_hotspot_cluster_0960",
        "display_name": "서울 강동구 천호동(강동역 5호선 부근)",
        "representative_place_name": "서울 강동구 천호동(강동역 5호선 부근)",
        "representative_district": "서울 강동구1",
        "member_count": 1,
        "repeat_year_count": 1,
        "source_years": [
          2024
        ],
        "accidents_total": 7,
        "casualties_total": 7,
        "deaths_total": 0,
        "serious_injuries_total": 7,
        "max_risk_score": 35.0,
        "avg_risk_score": 35.0,
        "risk_level": "low",
        "risk_level_ko": "관심",
        "high_member_count": 0,
        "center_lng": 127.13263807,
        "center_lat": 37.53563779
      }
    },
    {
      "type": "Feature",
      "geometry": {
        "type": "Point",
        "coordinates": [
          127.14379212,
          37.54949446
        ]
      },
      "properties": {
        "cluster_id": "ped_hotspot_cluster_0961",
        "display_name": "서울 강동구 천호동(새실로암약국 부근)",
        "representative_place_name": "서울 강동구 천호동(새실로암약국 부근)",
        "representative_district": "서울 강동구3",
        "member_count": 2,
        "repeat_year_count": 2,
        "source_years": [
          2024,
          2025
        ],
        "accidents_total": 14,
        "casualties_total": 14,
        "deaths_total": 0,
        "serious_injuries_total": 14,
        "max_risk_score": 35.0,
        "avg_risk_score": 35.0,
        "risk_level": "low",
        "risk_level_ko": "관심",
        "high_member_count": 0,
        "center_lng": 127.14379212,
        "center_lat": 37.54949446
      }
    },
    {
      "type": "Feature",
      "geometry": {
        "type": "Point",
        "coordinates": [
          129.03267837,
          35.09782397
        ]
      },
      "properties": {
        "cluster_id": "ped_hotspot_cluster_0962",
        "display_name": "부산 중구 남포동4가(남포대동약국 부근)",
        "representative_place_name": "부산 중구 남포동4가(남포대동약국 부근)",
        "representative_district": "부산 중구5",
        "member_count": 1,
        "repeat_year_count": 1,
        "source_years": [
          2024
        ],
        "accidents_total": 7,
        "casualties_total": 7,
        "deaths_total": 0,
        "serious_injuries_total": 7,
        "max_risk_score": 35.0,
        "avg_risk_score": 35.0,
        "risk_level": "low",
        "risk_level_ko": "관심",
        "high_member_count": 0,
        "center_lng": 129.03267837,
        "center_lat": 35.09782397
      }
    },
    {
      "type": "Feature",
      "geometry": {
        "type": "Point",
        "coordinates": [
          129.04404152,
          35.09253986
        ]
      },
      "properties": {
        "cluster_id": "ped_hotspot_cluster_0963",
        "display_name": "부산 영도구 봉래동3가(봉래교차로 부근)",
        "representative_place_name": "부산 영도구 봉래동3가(봉래교차로 부근)",
        "representative_district": "부산 영도구5",
        "member_count": 1,
        "repeat_year_count": 1,
        "source_years": [
          2024
        ],
        "accidents_total": 7,
        "casualties_total": 7,
        "deaths_total": 0,
        "serious_injuries_total": 7,
        "max_risk_score": 35.0,
        "avg_risk_score": 35.0,
        "risk_level": "low",
        "risk_level_ko": "관심",
        "high_member_count": 0,
        "center_lng": 129.04404152,
        "center_lat": 35.09253986
      }
    },
    {
      "type": "Feature",
      "geometry": {
        "type": "Point",
        "coordinates": [
          129.05811149,
          35.199275
        ]
      },
      "properties": {
        "cluster_id": "ped_hotspot_cluster_0964",
        "display_name": "부산 동래구 사직동(사직2동 행정복지센터 부근)",
        "representative_place_name": "부산 동래구 사직동(사직2동 행정복지센터 부근)",
        "representative_district": "부산 동래구1",
        "member_count": 2,
        "repeat_year_count": 2,
        "source_years": [
          2024,
          2025
        ],
        "accidents_total": 14,
        "casualties_total": 14,
        "deaths_total": 0,
        "serious_injuries_total": 14,
        "max_risk_score": 35.0,
        "avg_risk_score": 35.0,
        "risk_level": "low",
        "risk_level_ko": "관심",
        "high_member_count": 0,
        "center_lng": 129.05811149,
        "center_lat": 35.199275
      }
    },
    {
      "type": "Feature",
      "geometry": {
        "type": "Point",
        "coordinates": [
          128.97759257,
          35.09034893
        ]
      },
      "properties": {
        "cluster_id": "ped_hotspot_cluster_0965",
        "display_name": "부산 사하구 신평동(강동병원앞교차로 부근)",
        "representative_place_name": "부산 사하구 신평동(강동병원앞교차로 부근)",
        "representative_district": "부산 사하구3",
        "member_count": 2,
        "repeat_year_count": 2,
        "source_years": [
          2024,
          2025
        ],
        "accidents_total": 14,
        "casualties_total": 14,
        "deaths_total": 0,
        "serious_injuries_total": 14,
        "max_risk_score": 35.0,
        "avg_risk_score": 35.0,
        "risk_level": "low",
        "risk_level_ko": "관심",
        "high_member_count": 0,
        "center_lng": 128.97759257,
        "center_lat": 35.09034893
      }
    },
    {
      "type": "Feature",
      "geometry": {
        "type": "Point",
        "coordinates": [
          129.08062091,
          35.18473291
        ]
      },
      "properties": {
        "cluster_id": "ped_hotspot_cluster_0966",
        "display_name": "부산 연제구 연산동(오호약국 부근)",
        "representative_place_name": "부산 연제구 연산동(오호약국 부근)",
        "representative_district": "부산 연제구3",
        "member_count": 1,
        "repeat_year_count": 1,
        "source_years": [
          2024
        ],
        "accidents_total": 7,
        "casualties_total": 7,
        "deaths_total": 0,
        "serious_injuries_total": 7,
        "max_risk_score": 35.0,
        "avg_risk_score": 35.0,
        "risk_level": "low",
        "risk_level_ko": "관심",
        "high_member_count": 0,
        "center_lng": 129.08062091,
        "center_lat": 35.18473291
      }
    },
    {
      "type": "Feature",
      "geometry": {
        "type": "Point",
        "coordinates": [
          129.10995272,
          35.16263518
        ]
      },
      "properties": {
        "cluster_id": "ped_hotspot_cluster_0967",
        "display_name": "부산 수영구 광안동(광안약국 부근)",
        "representative_place_name": "부산 수영구 광안동(광안약국 부근)",
        "representative_district": "부산 수영구5",
        "member_count": 1,
        "repeat_year_count": 1,
        "source_years": [
          2024
        ],
        "accidents_total": 7,
        "casualties_total": 7,
        "deaths_total": 0,
        "serious_injuries_total": 7,
        "max_risk_score": 35.0,
        "avg_risk_score": 35.0,
        "risk_level": "low",
        "risk_level_ko": "관심",
        "high_member_count": 0,
        "center_lng": 129.10995272,
        "center_lat": 35.16263518
      }
    },
    {
      "type": "Feature",
      "geometry": {
        "type": "Point",
        "coordinates": [
          129.00391078,
          35.15046993
        ]
      },
      "properties": {
        "cluster_id": "ped_hotspot_cluster_0968",
        "display_name": "부산 사상구 주례동(주례역교차로 부근)",
        "representative_place_name": "부산 사상구 주례동(주례역교차로 부근)",
        "representative_district": "부산 사상구3",
        "member_count": 2,
        "repeat_year_count": 2,
        "source_years": [
          2024,
          2025
        ],
        "accidents_total": 14,
        "casualties_total": 14,
        "deaths_total": 0,
        "serious_injuries_total": 14,
        "max_risk_score": 35.0,
        "avg_risk_score": 35.0,
        "risk_level": "low",
        "risk_level_ko": "관심",
        "high_member_count": 0,
        "center_lng": 129.00391078,
        "center_lat": 35.15046993
      }
    },
    {
      "type": "Feature",
      "geometry": {
        "type": "Point",
        "coordinates": [
          128.56146197,
          35.84262093
        ]
      },
      "properties": {
        "cluster_id": "ped_hotspot_cluster_0969",
        "display_name": "대구 남구 대명동(원두막 부근)",
        "representative_place_name": "대구 남구 대명동(원두막 부근)",
        "representative_district": "대구 남구2",
        "member_count": 1,
        "repeat_year_count": 1,
        "source_years": [
          2024
        ],
        "accidents_total": 7,
        "casualties_total": 7,
        "deaths_total": 0,
        "serious_injuries_total": 7,
        "max_risk_score": 35.0,
        "avg_risk_score": 35.0,
        "risk_level": "low",
        "risk_level_ko": "관심",
        "high_member_count": 0,
        "center_lng": 128.56146197,
        "center_lat": 35.84262093
      }
    },
    {
      "type": "Feature",
      "geometry": {
        "type": "Point",
        "coordinates": [
          126.72707929,
          37.49392476
        ]
      },
      "properties": {
        "cluster_id": "ped_hotspot_cluster_0970",
        "display_name": "인천 부평구 부평동(시장회전교차로 부근)",
        "representative_place_name": "인천 부평구 부평동(시장회전교차로 부근)",
        "representative_district": "인천 부평구1",
        "member_count": 1,
        "repeat_year_count": 1,
        "source_years": [
          2024
        ],
        "accidents_total": 7,
        "casualties_total": 7,
        "deaths_total": 0,
        "serious_injuries_total": 7,
        "max_risk_score": 35.0,
        "avg_risk_score": 35.0,
        "risk_level": "low",
        "risk_level_ko": "관심",
        "high_member_count": 0,
        "center_lng": 126.72707929,
        "center_lat": 37.49392476
      }
    },
    {
      "type": "Feature",
      "geometry": {
        "type": "Point",
        "coordinates": [
          126.8540576,
          35.15360885
        ]
      },
      "properties": {
        "cluster_id": "ped_hotspot_cluster_0971",
        "display_name": "광주 서구 치평동(타임 부근)",
        "representative_place_name": "광주 서구 치평동(타임 부근)",
        "representative_district": "광주 서구1",
        "member_count": 1,
        "repeat_year_count": 1,
        "source_years": [
          2024
        ],
        "accidents_total": 7,
        "casualties_total": 7,
        "deaths_total": 0,
        "serious_injuries_total": 7,
        "max_risk_score": 35.0,
        "avg_risk_score": 35.0,
        "risk_level": "low",
        "risk_level_ko": "관심",
        "high_member_count": 0,
        "center_lng": 126.8540576,
        "center_lat": 35.15360885
      }
    },
    {
      "type": "Feature",
      "geometry": {
        "type": "Point",
        "coordinates": [
          127.41005382,
          36.32251248
        ]
      },
      "properties": {
        "cluster_id": "ped_hotspot_cluster_0972",
        "display_name": "대전 중구 오류동(유명약국 부근)",
        "representative_place_name": "대전 중구 오류동(유명약국 부근)",
        "representative_district": "대전 중구1",
        "member_count": 1,
        "repeat_year_count": 1,
        "source_years": [
          2024
        ],
        "accidents_total": 7,
        "casualties_total": 7,
        "deaths_total": 0,
        "serious_injuries_total": 7,
        "max_risk_score": 35.0,
        "avg_risk_score": 35.0,
        "risk_level": "low",
        "risk_level_ko": "관심",
        "high_member_count": 0,
        "center_lng": 127.41005382,
        "center_lat": 36.32251248
      }
    },
    {
      "type": "Feature",
      "geometry": {
        "type": "Point",
        "coordinates": [
          129.31831876,
          35.55573742
        ]
      },
      "properties": {
        "cluster_id": "ped_hotspot_cluster_0973",
        "display_name": "울산 중구 성남동(황제약국 부근)",
        "representative_place_name": "울산 중구 성남동(황제약국 부근)",
        "representative_district": "울산 중구3",
        "member_count": 1,
        "repeat_year_count": 1,
        "source_years": [
          2024
        ],
        "accidents_total": 7,
        "casualties_total": 7,
        "deaths_total": 0,
        "serious_injuries_total": 7,
        "max_risk_score": 35.0,
        "avg_risk_score": 35.0,
        "risk_level": "low",
        "risk_level_ko": "관심",
        "high_member_count": 0,
        "center_lng": 129.31831876,
        "center_lat": 35.55573742
      }
    },
    {
      "type": "Feature",
      "geometry": {
        "type": "Point",
        "coordinates": [
          129.1251091,
          35.56297558
        ]
      },
      "properties": {
        "cluster_id": "ped_hotspot_cluster_0974",
        "display_name": "울산 울주군 언양읍(장터할매소머리국밥 부근)",
        "representative_place_name": "울산 울주군 언양읍(장터할매소머리국밥 부근)",
        "representative_district": "울산 울주군1",
        "member_count": 2,
        "repeat_year_count": 2,
        "source_years": [
          2024,
          2025
        ],
        "accidents_total": 14,
        "casualties_total": 14,
        "deaths_total": 0,
        "serious_injuries_total": 14,
        "max_risk_score": 35.0,
        "avg_risk_score": 35.0,
        "risk_level": "low",
        "risk_level_ko": "관심",
        "high_member_count": 0,
        "center_lng": 129.1251091,
        "center_lat": 35.56297558
      }
    },
    {
      "type": "Feature",
      "geometry": {
        "type": "Point",
        "coordinates": [
          126.97271814,
          37.30059063
        ]
      },
      "properties": {
        "cluster_id": "ped_hotspot_cluster_0975",
        "display_name": "경기 수원시 장안구 율전동(성대역사거리 부근)",
        "representative_place_name": "경기 수원시 장안구 율전동(성대역사거리 부근)",
        "representative_district": "경기 수원시 장안구1",
        "member_count": 1,
        "repeat_year_count": 1,
        "source_years": [
          2024
        ],
        "accidents_total": 7,
        "casualties_total": 7,
        "deaths_total": 0,
        "serious_injuries_total": 7,
        "max_risk_score": 35.0,
        "avg_risk_score": 35.0,
        "risk_level": "low",
        "risk_level_ko": "관심",
        "high_member_count": 0,
        "center_lng": 126.97271814,
        "center_lat": 37.30059063
      }
    },
    {
      "type": "Feature",
      "geometry": {
        "type": "Point",
        "coordinates": [
          126.99973427,
          37.29036222
        ]
      },
      "properties": {
        "cluster_id": "ped_hotspot_cluster_0976",
        "display_name": "경기 수원시 장안구 정자동(정자시장 부근)",
        "representative_place_name": "경기 수원시 장안구 정자동(정자시장 부근)",
        "representative_district": "경기 수원시 장안구2",
        "member_count": 2,
        "repeat_year_count": 2,
        "source_years": [
          2024,
          2025
        ],
        "accidents_total": 14,
        "casualties_total": 14,
        "deaths_total": 0,
        "serious_injuries_total": 14,
        "max_risk_score": 35.0,
        "avg_risk_score": 35.0,
        "risk_level": "low",
        "risk_level_ko": "관심",
        "high_member_count": 0,
        "center_lng": 126.99973427,
        "center_lat": 37.29036222
      }
    },
    {
      "type": "Feature",
      "geometry": {
        "type": "Point",
        "coordinates": [
          127.01457967,
          37.26193006
        ]
      },
      "properties": {
        "cluster_id": "ped_hotspot_cluster_0977",
        "display_name": "경기 수원시 권선구 세류동(정조사거리 부근)",
        "representative_place_name": "경기 수원시 권선구 세류동(정조사거리 부근)",
        "representative_district": "경기 수원시 권선구1",
        "member_count": 1,
        "repeat_year_count": 1,
        "source_years": [
          2024
        ],
        "accidents_total": 7,
        "casualties_total": 7,
        "deaths_total": 0,
        "serious_injuries_total": 7,
        "max_risk_score": 35.0,
        "avg_risk_score": 35.0,
        "risk_level": "low",
        "risk_level_ko": "관심",
        "high_member_count": 0,
        "center_lng": 127.01457967,
        "center_lat": 37.26193006
      }
    },
    {
      "type": "Feature",
      "geometry": {
        "type": "Point",
        "coordinates": [
          127.00420382,
          37.26943495
        ]
      },
      "properties": {
        "cluster_id": "ped_hotspot_cluster_0978",
        "display_name": "경기 수원시 팔달구 고등동(갓매산삼거리 부근)",
        "representative_place_name": "경기 수원시 팔달구 고등동(갓매산삼거리 부근)",
        "representative_district": "경기 수원시 팔달구6",
        "member_count": 2,
        "repeat_year_count": 2,
        "source_years": [
          2024,
          2025
        ],
        "accidents_total": 14,
        "casualties_total": 14,
        "deaths_total": 0,
        "serious_injuries_total": 14,
        "max_risk_score": 35.0,
        "avg_risk_score": 35.0,
        "risk_level": "low",
        "risk_level_ko": "관심",
        "high_member_count": 0,
        "center_lng": 127.00420382,
        "center_lat": 37.26943495
      }
    },
    {
      "type": "Feature",
      "geometry": {
        "type": "Point",
        "coordinates": [
          127.0313899,
          37.25870311
        ]
      },
      "properties": {
        "cluster_id": "ped_hotspot_cluster_0979",
        "display_name": "경기 수원시 팔달구 인계동(라화플러스 본점 부근)",
        "representative_place_name": "경기 수원시 팔달구 인계동(라화플러스 본점 부근)",
        "representative_district": "경기 수원시 팔달구7",
        "member_count": 1,
        "repeat_year_count": 1,
        "source_years": [
          2024
        ],
        "accidents_total": 7,
        "casualties_total": 7,
        "deaths_total": 0,
        "serious_injuries_total": 7,
        "max_risk_score": 35.0,
        "avg_risk_score": 35.0,
        "risk_level": "low",
        "risk_level_ko": "관심",
        "high_member_count": 0,
        "center_lng": 127.0313899,
        "center_lat": 37.25870311
      }
    },
    {
      "type": "Feature",
      "geometry": {
        "type": "Point",
        "coordinates": [
          127.01947811,
          37.27520375
        ]
      },
      "properties": {
        "cluster_id": "ped_hotspot_cluster_0980",
        "display_name": "경기 수원시 팔달구 지동(영동사거리 부근)",
        "representative_place_name": "경기 수원시 팔달구 지동(영동사거리 부근)",
        "representative_district": "경기 수원시 팔달구8",
        "member_count": 1,
        "repeat_year_count": 1,
        "source_years": [
          2024
        ],
        "accidents_total": 7,
        "casualties_total": 7,
        "deaths_total": 0,
        "serious_injuries_total": 7,
        "max_risk_score": 35.0,
        "avg_risk_score": 35.0,
        "risk_level": "low",
        "risk_level_ko": "관심",
        "high_member_count": 0,
        "center_lng": 127.01947811,
        "center_lat": 37.27520375
      }
    },
    {
      "type": "Feature",
      "geometry": {
        "type": "Point",
        "coordinates": [
          127.04254077,
          37.27323977
        ]
      },
      "properties": {
        "cluster_id": "ped_hotspot_cluster_0981",
        "display_name": "경기 수원시 영통구 매탄동(행복한어린이집 부근)",
        "representative_place_name": "경기 수원시 영통구 매탄동(행복한어린이집 부근)",
        "representative_district": "경기 수원시 영통구1",
        "member_count": 1,
        "repeat_year_count": 1,
        "source_years": [
          2024
        ],
        "accidents_total": 7,
        "casualties_total": 7,
        "deaths_total": 0,
        "serious_injuries_total": 7,
        "max_risk_score": 35.0,
        "avg_risk_score": 35.0,
        "risk_level": "low",
        "risk_level_ko": "관심",
        "high_member_count": 0,
        "center_lng": 127.04254077,
        "center_lat": 37.27323977
      }
    },
    {
      "type": "Feature",
      "geometry": {
        "type": "Point",
        "coordinates": [
          127.12855846,
          37.43441558
        ]
      },
      "properties": {
        "cluster_id": "ped_hotspot_cluster_0982",
        "display_name": "경기 성남시 수정구 수진동(수진지구대 부근)",
        "representative_place_name": "경기 성남시 수정구 수진동(수진지구대 부근)",
        "representative_district": "경기 성남시 수정구5",
        "member_count": 1,
        "repeat_year_count": 1,
        "source_years": [
          2024
        ],
        "accidents_total": 7,
        "casualties_total": 7,
        "deaths_total": 0,
        "serious_injuries_total": 7,
        "max_risk_score": 35.0,
        "avg_risk_score": 35.0,
        "risk_level": "low",
        "risk_level_ko": "관심",
        "high_member_count": 0,
        "center_lng": 127.12855846,
        "center_lat": 37.43441558
      }
    },
    {
      "type": "Feature",
      "geometry": {
        "type": "Point",
        "coordinates": [
          126.7910813,
          37.48546668
        ]
      },
      "properties": {
        "cluster_id": "ped_hotspot_cluster_0983",
        "display_name": "경기 부천시 원미구 소사동(다나어린이집 부근)",
        "representative_place_name": "경기 부천시 원미구 소사동(다나어린이집 부근)",
        "representative_district": "경기 부천시 원미구4",
        "member_count": 1,
        "repeat_year_count": 1,
        "source_years": [
          2024
        ],
        "accidents_total": 7,
        "casualties_total": 7,
        "deaths_total": 0,
        "serious_injuries_total": 7,
        "max_risk_score": 35.0,
        "avg_risk_score": 35.0,
        "risk_level": "low",
        "risk_level_ko": "관심",
        "high_member_count": 0,
        "center_lng": 126.7910813,
        "center_lat": 37.48546668
      }
    },
    {
      "type": "Feature",
      "geometry": {
        "type": "Point",
        "coordinates": [
          126.77898676,
          37.4868845
        ]
      },
      "properties": {
        "cluster_id": "ped_hotspot_cluster_0984",
        "display_name": "경기 부천시 원미구 심곡동(김호미닭발 부근)",
        "representative_place_name": "경기 부천시 원미구 심곡동(김호미닭발 부근)",
        "representative_district": "경기 부천시 원미구5",
        "member_count": 1,
        "repeat_year_count": 1,
        "source_years": [
          2024
        ],
        "accidents_total": 7,
        "casualties_total": 7,
        "deaths_total": 0,
        "serious_injuries_total": 7,
        "max_risk_score": 35.0,
        "avg_risk_score": 35.0,
        "risk_level": "low",
        "risk_level_ko": "관심",
        "high_member_count": 0,
        "center_lng": 126.77898676,
        "center_lat": 37.4868845
      }
    },
    {
      "type": "Feature",
      "geometry": {
        "type": "Point",
        "coordinates": [
          127.09007458,
          36.99356668
        ]
      },
      "properties": {
        "cluster_id": "ped_hotspot_cluster_0985",
        "display_name": "경기 평택시 비전동(평택경찰서오거리 부근)",
        "representative_place_name": "경기 평택시 비전동(평택경찰서오거리 부근)",
        "representative_district": "경기 평택시6",
        "member_count": 1,
        "repeat_year_count": 1,
        "source_years": [
          2024
        ],
        "accidents_total": 7,
        "casualties_total": 7,
        "deaths_total": 0,
        "serious_injuries_total": 7,
        "max_risk_score": 35.0,
        "avg_risk_score": 35.0,
        "risk_level": "low",
        "risk_level_ko": "관심",
        "high_member_count": 0,
        "center_lng": 127.09007458,
        "center_lat": 36.99356668
      }
    },
    {
      "type": "Feature",
      "geometry": {
        "type": "Point",
        "coordinates": [
          127.05563962,
          37.08160853
        ]
      },
      "properties": {
        "cluster_id": "ped_hotspot_cluster_0986",
        "display_name": "경기 평택시 신장동(수약국 부근)",
        "representative_place_name": "경기 평택시 신장동(수약국 부근)",
        "representative_district": "경기 평택시7",
        "member_count": 2,
        "repeat_year_count": 2,
        "source_years": [
          2024,
          2025
        ],
        "accidents_total": 14,
        "casualties_total": 14,
        "deaths_total": 0,
        "serious_injuries_total": 14,
        "max_risk_score": 35.0,
        "avg_risk_score": 35.0,
        "risk_level": "low",
        "risk_level_ko": "관심",
        "high_member_count": 0,
        "center_lng": 127.05563962,
        "center_lat": 37.08160853
      }
    },
    {
      "type": "Feature",
      "geometry": {
        "type": "Point",
        "coordinates": [
          126.95218914,
          37.31802932
        ]
      },
      "properties": {
        "cluster_id": "ped_hotspot_cluster_0987",
        "display_name": "경기 의왕시 삼동(오로라어린이집 부근)",
        "representative_place_name": "경기 의왕시 삼동(오로라어린이집 부근)",
        "representative_district": "경기 의왕시1",
        "member_count": 1,
        "repeat_year_count": 1,
        "source_years": [
          2024
        ],
        "accidents_total": 7,
        "casualties_total": 7,
        "deaths_total": 0,
        "serious_injuries_total": 7,
        "max_risk_score": 35.0,
        "avg_risk_score": 35.0,
        "risk_level": "low",
        "risk_level_ko": "관심",
        "high_member_count": 0,
        "center_lng": 126.95218914,
        "center_lat": 37.31802932
      }
    },
    {
      "type": "Feature",
      "geometry": {
        "type": "Point",
        "coordinates": [
          127.20206446,
          37.54006093
        ]
      },
      "properties": {
        "cluster_id": "ped_hotspot_cluster_0988",
        "display_name": "경기 하남시 덕풍동(건강한약국 부근)",
        "representative_place_name": "경기 하남시 덕풍동(건강한약국 부근)",
        "representative_district": "경기 하남시3",
        "member_count": 1,
        "repeat_year_count": 1,
        "source_years": [
          2024
        ],
        "accidents_total": 7,
        "casualties_total": 7,
        "deaths_total": 0,
        "serious_injuries_total": 7,
        "max_risk_score": 35.0,
        "avg_risk_score": 35.0,
        "risk_level": "low",
        "risk_level_ko": "관심",
        "high_member_count": 0,
        "center_lng": 127.20206446,
        "center_lat": 37.54006093
      }
    },
    {
      "type": "Feature",
      "geometry": {
        "type": "Point",
        "coordinates": [
          127.20141808,
          37.23400148
        ]
      },
      "properties": {
        "cluster_id": "ped_hotspot_cluster_0989",
        "display_name": "경기 용인시 처인구 김량장동(처인구청 부근)",
        "representative_place_name": "경기 용인시 처인구 김량장동(처인구청 부근)",
        "representative_district": "경기 용인시 처인구1",
        "member_count": 1,
        "repeat_year_count": 1,
        "source_years": [
          2024
        ],
        "accidents_total": 7,
        "casualties_total": 7,
        "deaths_total": 0,
        "serious_injuries_total": 7,
        "max_risk_score": 35.0,
        "avg_risk_score": 35.0,
        "risk_level": "low",
        "risk_level_ko": "관심",
        "high_member_count": 0,
        "center_lng": 127.20141808,
        "center_lat": 37.23400148
      }
    },
    {
      "type": "Feature",
      "geometry": {
        "type": "Point",
        "coordinates": [
          127.09716367,
          37.32339804
        ]
      },
      "properties": {
        "cluster_id": "ped_hotspot_cluster_0990",
        "display_name": "경기 용인시 수지구 풍덕천동(시립수지어린이집 부근)",
        "representative_place_name": "경기 용인시 수지구 풍덕천동(시립수지어린이집 부근)",
        "representative_district": "경기 용인시 수지구1",
        "member_count": 2,
        "repeat_year_count": 2,
        "source_years": [
          2024,
          2025
        ],
        "accidents_total": 14,
        "casualties_total": 14,
        "deaths_total": 0,
        "serious_injuries_total": 14,
        "max_risk_score": 35.0,
        "avg_risk_score": 35.0,
        "risk_level": "low",
        "risk_level_ko": "관심",
        "high_member_count": 0,
        "center_lng": 127.09716367,
        "center_lat": 37.32339804
      }
    },
    {
      "type": "Feature",
      "geometry": {
        "type": "Point",
        "coordinates": [
          126.62627274,
          37.64354731
        ]
      },
      "properties": {
        "cluster_id": "ped_hotspot_cluster_0991",
        "display_name": "경기 김포시 구래동(리슈빌하나어린이집 부근)",
        "representative_place_name": "경기 김포시 구래동(리슈빌하나어린이집 부근)",
        "representative_district": "경기 김포시1",
        "member_count": 1,
        "repeat_year_count": 1,
        "source_years": [
          2024
        ],
        "accidents_total": 7,
        "casualties_total": 7,
        "deaths_total": 0,
        "serious_injuries_total": 7,
        "max_risk_score": 35.0,
        "avg_risk_score": 35.0,
        "risk_level": "low",
        "risk_level_ko": "관심",
        "high_member_count": 0,
        "center_lng": 126.62627274,
        "center_lat": 37.64354731
      }
    },
    {
      "type": "Feature",
      "geometry": {
        "type": "Point",
        "coordinates": [
          127.13599147,
          36.83280583
        ]
      },
      "properties": {
        "cluster_id": "ped_hotspot_cluster_0992",
        "display_name": "충남 천안시 서북구 두정동(두정먹자골목 부근)",
        "representative_place_name": "충남 천안시 서북구 두정동(두정먹자골목 부근)",
        "representative_district": "충남 천안시 서북구2",
        "member_count": 1,
        "repeat_year_count": 1,
        "source_years": [
          2024
        ],
        "accidents_total": 7,
        "casualties_total": 7,
        "deaths_total": 0,
        "serious_injuries_total": 7,
        "max_risk_score": 35.0,
        "avg_risk_score": 35.0,
        "risk_level": "low",
        "risk_level_ko": "관심",
        "high_member_count": 0,
        "center_lng": 127.13599147,
        "center_lat": 36.83280583
      }
    },
    {
      "type": "Feature",
      "geometry": {
        "type": "Point",
        "coordinates": [
          127.00161203,
          36.78418494
        ]
      },
      "properties": {
        "cluster_id": "ped_hotspot_cluster_0993",
        "display_name": "충남 아산시 온천동(온양상설시장 부근)",
        "representative_place_name": "충남 아산시 온천동(온양상설시장 부근)",
        "representative_district": "충남 아산시3",
        "member_count": 1,
        "repeat_year_count": 1,
        "source_years": [
          2024
        ],
        "accidents_total": 7,
        "casualties_total": 7,
        "deaths_total": 0,
        "serious_injuries_total": 7,
        "max_risk_score": 35.0,
        "avg_risk_score": 35.0,
        "risk_level": "low",
        "risk_level_ko": "관심",
        "high_member_count": 0,
        "center_lng": 127.00161203,
        "center_lat": 36.78418494
      }
    },
    {
      "type": "Feature",
      "geometry": {
        "type": "Point",
        "coordinates": [
          126.29811586,
          36.75126981
        ]
      },
      "properties": {
        "cluster_id": "ped_hotspot_cluster_0994",
        "display_name": "충남 태안군 태안읍(우체국사거리 부근)",
        "representative_place_name": "충남 태안군 태안읍(우체국사거리 부근)",
        "representative_district": "충남 태안군2",
        "member_count": 1,
        "repeat_year_count": 1,
        "source_years": [
          2024
        ],
        "accidents_total": 7,
        "casualties_total": 7,
        "deaths_total": 0,
        "serious_injuries_total": 7,
        "max_risk_score": 35.0,
        "avg_risk_score": 35.0,
        "risk_level": "low",
        "risk_level_ko": "관심",
        "high_member_count": 0,
        "center_lng": 126.29811586,
        "center_lat": 36.75126981
      }
    },
    {
      "type": "Feature",
      "geometry": {
        "type": "Point",
        "coordinates": [
          127.13193887,
          35.79181066
        ]
      },
      "properties": {
        "cluster_id": "ped_hotspot_cluster_0995",
        "display_name": "전북 전주시 완산구 평화동2가(학산어린이집 부근)",
        "representative_place_name": "전북 전주시 완산구 평화동2가(학산어린이집 부근)",
        "representative_district": "전북 전주시 완산구3",
        "member_count": 1,
        "repeat_year_count": 1,
        "source_years": [
          2024
        ],
        "accidents_total": 7,
        "casualties_total": 7,
        "deaths_total": 0,
        "serious_injuries_total": 7,
        "max_risk_score": 35.0,
        "avg_risk_score": 35.0,
        "risk_level": "low",
        "risk_level_ko": "관심",
        "high_member_count": 0,
        "center_lng": 127.13193887,
        "center_lat": 35.79181066
      }
    },
    {
      "type": "Feature",
      "geometry": {
        "type": "Point",
        "coordinates": [
          127.70339393,
          34.75301584
        ]
      },
      "properties": {
        "cluster_id": "ped_hotspot_cluster_0996",
        "display_name": "전남 여수시 여서동(태평양약국 부근)",
        "representative_place_name": "전남 여수시 여서동(태평양약국 부근)",
        "representative_district": "전남 여수시6",
        "member_count": 1,
        "repeat_year_count": 1,
        "source_years": [
          2024
        ],
        "accidents_total": 7,
        "casualties_total": 7,
        "deaths_total": 0,
        "serious_injuries_total": 7,
        "max_risk_score": 35.0,
        "avg_risk_score": 35.0,
        "risk_level": "low",
        "risk_level_ko": "관심",
        "high_member_count": 0,
        "center_lng": 127.70339393,
        "center_lat": 34.75301584
      }
    },
    {
      "type": "Feature",
      "geometry": {
        "type": "Point",
        "coordinates": [
          126.90779537,
          34.67765058
        ]
      },
      "properties": {
        "cluster_id": "ped_hotspot_cluster_0997",
        "display_name": "전남 장흥군 장흥읍(신화약국 부근)",
        "representative_place_name": "전남 장흥군 장흥읍(신화약국 부근)",
        "representative_district": "전남 장흥군1",
        "member_count": 1,
        "repeat_year_count": 1,
        "source_years": [
          2024
        ],
        "accidents_total": 7,
        "casualties_total": 7,
        "deaths_total": 0,
        "serious_injuries_total": 7,
        "max_risk_score": 35.0,
        "avg_risk_score": 35.0,
        "risk_level": "low",
        "risk_level_ko": "관심",
        "high_member_count": 0,
        "center_lng": 126.90779537,
        "center_lat": 34.67765058
      }
    },
    {
      "type": "Feature",
      "geometry": {
        "type": "Point",
        "coordinates": [
          129.36207912,
          36.03601266
        ]
      },
      "properties": {
        "cluster_id": "ped_hotspot_cluster_0998",
        "display_name": "경북 포항시 북구 대흥동(구포항역사교차로 부근)",
        "representative_place_name": "경북 포항시 북구 대흥동(구포항역사교차로 부근)",
        "representative_district": "경북 포항시 북구3",
        "member_count": 1,
        "repeat_year_count": 1,
        "source_years": [
          2024
        ],
        "accidents_total": 7,
        "casualties_total": 7,
        "deaths_total": 0,
        "serious_injuries_total": 7,
        "max_risk_score": 35.0,
        "avg_risk_score": 35.0,
        "risk_level": "low",
        "risk_level_ko": "관심",
        "high_member_count": 0,
        "center_lng": 129.36207912,
        "center_lat": 36.03601266
      }
    },
    {
      "type": "Feature",
      "geometry": {
        "type": "Point",
        "coordinates": [
          128.12448531,
          36.11554756
        ]
      },
      "properties": {
        "cluster_id": "ped_hotspot_cluster_0999",
        "display_name": "경북 김천시 황금동(시장약국 부근)",
        "representative_place_name": "경북 김천시 황금동(시장약국 부근)",
        "representative_district": "경북 김천시2",
        "member_count": 1,
        "repeat_year_count": 1,
        "source_years": [
          2024
        ],
        "accidents_total": 7,
        "casualties_total": 7,
        "deaths_total": 0,
        "serious_injuries_total": 7,
        "max_risk_score": 35.0,
        "avg_risk_score": 35.0,
        "risk_level": "low",
        "risk_level_ko": "관심",
        "high_member_count": 0,
        "center_lng": 128.12448531,
        "center_lat": 36.11554756
      }
    },
    {
      "type": "Feature",
      "geometry": {
        "type": "Point",
        "coordinates": [
          128.4301949,
          34.85813949
        ]
      },
      "properties": {
        "cluster_id": "ped_hotspot_cluster_1000",
        "display_name": "경남 통영시 무전동(24시약국 부근)",
        "representative_place_name": "경남 통영시 무전동(24시약국 부근)",
        "representative_district": "경남 통영시3",
        "member_count": 1,
        "repeat_year_count": 1,
        "source_years": [
          2024
        ],
        "accidents_total": 7,
        "casualties_total": 7,
        "deaths_total": 0,
        "serious_injuries_total": 7,
        "max_risk_score": 35.0,
        "avg_risk_score": 35.0,
        "risk_level": "low",
        "risk_level_ko": "관심",
        "high_member_count": 0,
        "center_lng": 128.4301949,
        "center_lat": 34.85813949
      }
    },
    {
      "type": "Feature",
      "geometry": {
        "type": "Point",
        "coordinates": [
          128.8809096,
          35.23284399
        ]
      },
      "properties": {
        "cluster_id": "ped_hotspot_cluster_1001",
        "display_name": "경남 김해시 서상동(분성사거리 부근)",
        "representative_place_name": "경남 김해시 서상동(분성사거리 부근)",
        "representative_district": "경남 김해시4",
        "member_count": 1,
        "repeat_year_count": 1,
        "source_years": [
          2024
        ],
        "accidents_total": 7,
        "casualties_total": 7,
        "deaths_total": 0,
        "serious_injuries_total": 7,
        "max_risk_score": 35.0,
        "avg_risk_score": 35.0,
        "risk_level": "low",
        "risk_level_ko": "관심",
        "high_member_count": 0,
        "center_lng": 128.8809096,
        "center_lat": 35.23284399
      }
    },
    {
      "type": "Feature",
      "geometry": {
        "type": "Point",
        "coordinates": [
          127.74954855,
          35.07035465
        ]
      },
      "properties": {
        "cluster_id": "ped_hotspot_cluster_1002",
        "display_name": "경남 하동군 하동읍(읍내파출소 부근)",
        "representative_place_name": "경남 하동군 하동읍(읍내파출소 부근)",
        "representative_district": "경남 하동군1",
        "member_count": 1,
        "repeat_year_count": 1,
        "source_years": [
          2024
        ],
        "accidents_total": 7,
        "casualties_total": 7,
        "deaths_total": 0,
        "serious_injuries_total": 7,
        "max_risk_score": 35.0,
        "avg_risk_score": 35.0,
        "risk_level": "low",
        "risk_level_ko": "관심",
        "high_member_count": 0,
        "center_lng": 127.74954855,
        "center_lat": 35.07035465
      }
    },
    {
      "type": "Feature",
      "geometry": {
        "type": "Point",
        "coordinates": [
          127.9152846,
          35.68693779
        ]
      },
      "properties": {
        "cluster_id": "ped_hotspot_cluster_1003",
        "display_name": "경남 거창군 거창읍(진명약국 부근)",
        "representative_place_name": "경남 거창군 거창읍(진명약국 부근)",
        "representative_district": "경남 거창군1",
        "member_count": 1,
        "repeat_year_count": 1,
        "source_years": [
          2024
        ],
        "accidents_total": 7,
        "casualties_total": 7,
        "deaths_total": 0,
        "serious_injuries_total": 7,
        "max_risk_score": 35.0,
        "avg_risk_score": 35.0,
        "risk_level": "low",
        "risk_level_ko": "관심",
        "high_member_count": 0,
        "center_lng": 127.9152846,
        "center_lat": 35.68693779
      }
    },
    {
      "type": "Feature",
      "geometry": {
        "type": "Point",
        "coordinates": [
          126.9926547,
          37.53446211
        ]
      },
      "properties": {
        "cluster_id": "ped_hotspot_cluster_1004",
        "display_name": "서울 용산구 이태원동(10.29 기억과 안전의 길 부근)",
        "representative_place_name": "서울 용산구 이태원동(10.29 기억과 안전의 길 부근)",
        "representative_district": "서울 용산구3",
        "member_count": 1,
        "repeat_year_count": 1,
        "source_years": [
          2025
        ],
        "accidents_total": 7,
        "casualties_total": 7,
        "deaths_total": 0,
        "serious_injuries_total": 7,
        "max_risk_score": 35.0,
        "avg_risk_score": 35.0,
        "risk_level": "low",
        "risk_level_ko": "관심",
        "high_member_count": 0,
        "center_lng": 126.9926547,
        "center_lat": 37.53446211
      }
    },
    {
      "type": "Feature",
      "geometry": {
        "type": "Point",
        "coordinates": [
          127.03026828,
          37.57764371
        ]
      },
      "properties": {
        "cluster_id": "ped_hotspot_cluster_1005",
        "display_name": "서울 동대문구 용두동(용두동사거리 부근)",
        "representative_place_name": "서울 동대문구 용두동(용두동사거리 부근)",
        "representative_district": "서울 동대문구7",
        "member_count": 1,
        "repeat_year_count": 1,
        "source_years": [
          2025
        ],
        "accidents_total": 7,
        "casualties_total": 7,
        "deaths_total": 0,
        "serious_injuries_total": 7,
        "max_risk_score": 35.0,
        "avg_risk_score": 35.0,
        "risk_level": "low",
        "risk_level_ko": "관심",
        "high_member_count": 0,
        "center_lng": 127.03026828,
        "center_lat": 37.57764371
      }
    },
    {
      "type": "Feature",
      "geometry": {
        "type": "Point",
        "coordinates": [
          127.03719081,
          37.5867155
        ]
      },
      "properties": {
        "cluster_id": "ped_hotspot_cluster_1006",
        "display_name": "서울 동대문구 제기동(제1제기교 부근)",
        "representative_place_name": "서울 동대문구 제기동(제1제기교 부근)",
        "representative_district": "서울 동대문구8",
        "member_count": 1,
        "repeat_year_count": 1,
        "source_years": [
          2025
        ],
        "accidents_total": 7,
        "casualties_total": 7,
        "deaths_total": 0,
        "serious_injuries_total": 7,
        "max_risk_score": 35.0,
        "avg_risk_score": 35.0,
        "risk_level": "low",
        "risk_level_ko": "관심",
        "high_member_count": 0,
        "center_lng": 127.03719081,
        "center_lat": 37.5867155
      }
    },
    {
      "type": "Feature",
      "geometry": {
        "type": "Point",
        "coordinates": [
          127.05222008,
          37.58535326
        ]
      },
      "properties": {
        "cluster_id": "ped_hotspot_cluster_1007",
        "display_name": "서울 동대문구 청량리동(떡전교사거리 부근)",
        "representative_place_name": "서울 동대문구 청량리동(떡전교사거리 부근)",
        "representative_district": "서울 동대문구10",
        "member_count": 1,
        "repeat_year_count": 1,
        "source_years": [
          2025
        ],
        "accidents_total": 7,
        "casualties_total": 7,
        "deaths_total": 0,
        "serious_injuries_total": 7,
        "max_risk_score": 35.0,
        "avg_risk_score": 35.0,
        "risk_level": "low",
        "risk_level_ko": "관심",
        "high_member_count": 0,
        "center_lng": 127.05222008,
        "center_lat": 37.58535326
      }
    },
    {
      "type": "Feature",
      "geometry": {
        "type": "Point",
        "coordinates": [
          127.05608012,
          37.58984077
        ]
      },
      "properties": {
        "cluster_id": "ped_hotspot_cluster_1008",
        "display_name": "서울 동대문구 회기동(회기역앞교차로 부근)",
        "representative_place_name": "서울 동대문구 회기동(회기역앞교차로 부근)",
        "representative_district": "서울 동대문구11",
        "member_count": 1,
        "repeat_year_count": 1,
        "source_years": [
          2025
        ],
        "accidents_total": 7,
        "casualties_total": 7,
        "deaths_total": 0,
        "serious_injuries_total": 7,
        "max_risk_score": 35.0,
        "avg_risk_score": 35.0,
        "risk_level": "low",
        "risk_level_ko": "관심",
        "high_member_count": 0,
        "center_lng": 127.05608012,
        "center_lat": 37.58984077
      }
    },
    {
      "type": "Feature",
      "geometry": {
        "type": "Point",
        "coordinates": [
          127.10307282,
          37.60032691
        ]
      },
      "properties": {
        "cluster_id": "ped_hotspot_cluster_1009",
        "display_name": "서울 중랑구 망우동(참약사삼흥약국 부근)",
        "representative_place_name": "서울 중랑구 망우동(참약사삼흥약국 부근)",
        "representative_district": "서울 중랑구9",
        "member_count": 1,
        "repeat_year_count": 1,
        "source_years": [
          2025
        ],
        "accidents_total": 7,
        "casualties_total": 7,
        "deaths_total": 0,
        "serious_injuries_total": 7,
        "max_risk_score": 35.0,
        "avg_risk_score": 35.0,
        "risk_level": "low",
        "risk_level_ko": "관심",
        "high_member_count": 0,
        "center_lng": 127.10307282,
        "center_lat": 37.60032691
      }
    },
    {
      "type": "Feature",
      "geometry": {
        "type": "Point",
        "coordinates": [
          127.04306535,
          37.61378994
        ]
      },
      "properties": {
        "cluster_id": "ped_hotspot_cluster_1010",
        "display_name": "서울 성북구 장위동(장위1동주민센터 부근)",
        "representative_place_name": "서울 성북구 장위동(장위1동주민센터 부근)",
        "representative_district": "서울 성북구4",
        "member_count": 1,
        "repeat_year_count": 1,
        "source_years": [
          2025
        ],
        "accidents_total": 7,
        "casualties_total": 7,
        "deaths_total": 0,
        "serious_injuries_total": 7,
        "max_risk_score": 35.0,
        "avg_risk_score": 35.0,
        "risk_level": "low",
        "risk_level_ko": "관심",
        "high_member_count": 0,
        "center_lng": 127.04306535,
        "center_lat": 37.61378994
      }
    },
    {
      "type": "Feature",
      "geometry": {
        "type": "Point",
        "coordinates": [
          126.91466425,
          37.6126381
        ]
      },
      "properties": {
        "cluster_id": "ped_hotspot_cluster_1011",
        "display_name": "서울 은평구 갈현동(오은약국 부근)",
        "representative_place_name": "서울 은평구 갈현동(오은약국 부근)",
        "representative_district": "서울 은평구4",
        "member_count": 1,
        "repeat_year_count": 1,
        "source_years": [
          2025
        ],
        "accidents_total": 7,
        "casualties_total": 7,
        "deaths_total": 0,
        "serious_injuries_total": 7,
        "max_risk_score": 35.0,
        "avg_risk_score": 35.0,
        "risk_level": "low",
        "risk_level_ko": "관심",
        "high_member_count": 0,
        "center_lng": 126.91466425,
        "center_lat": 37.6126381
      }
    },
    {
      "type": "Feature",
      "geometry": {
        "type": "Point",
        "coordinates": [
          126.92912547,
          37.6092741
        ]
      },
      "properties": {
        "cluster_id": "ped_hotspot_cluster_1012",
        "display_name": "서울 은평구 대조동(불광시장 부근)",
        "representative_place_name": "서울 은평구 대조동(불광시장 부근)",
        "representative_district": "서울 은평구5",
        "member_count": 1,
        "repeat_year_count": 1,
        "source_years": [
          2025
        ],
        "accidents_total": 7,
        "casualties_total": 7,
        "deaths_total": 0,
        "serious_injuries_total": 7,
        "max_risk_score": 35.0,
        "avg_risk_score": 35.0,
        "risk_level": "low",
        "risk_level_ko": "관심",
        "high_member_count": 0,
        "center_lng": 126.92912547,
        "center_lat": 37.6092741
      }
    },
    {
      "type": "Feature",
      "geometry": {
        "type": "Point",
        "coordinates": [
          126.85106392,
          37.52395273
        ]
      },
      "properties": {
        "cluster_id": "ped_hotspot_cluster_1013",
        "display_name": "서울 양천구 신정동(양강중교앞교차로 부근)",
        "representative_place_name": "서울 양천구 신정동(양강중교앞교차로 부근)",
        "representative_district": "서울 양천구5",
        "member_count": 1,
        "repeat_year_count": 1,
        "source_years": [
          2025
        ],
        "accidents_total": 7,
        "casualties_total": 7,
        "deaths_total": 0,
        "serious_injuries_total": 7,
        "max_risk_score": 35.0,
        "avg_risk_score": 35.0,
        "risk_level": "low",
        "risk_level_ko": "관심",
        "high_member_count": 0,
        "center_lng": 126.85106392,
        "center_lat": 37.52395273
      }
    },
    {
      "type": "Feature",
      "geometry": {
        "type": "Point",
        "coordinates": [
          126.85480499,
          37.56063545
        ]
      },
      "properties": {
        "cluster_id": "ped_hotspot_cluster_1014",
        "display_name": "서울 강서구 등촌동(가양역교차로 부근)",
        "representative_place_name": "서울 강서구 등촌동(가양역교차로 부근)",
        "representative_district": "서울 강서구3",
        "member_count": 1,
        "repeat_year_count": 1,
        "source_years": [
          2025
        ],
        "accidents_total": 7,
        "casualties_total": 7,
        "deaths_total": 0,
        "serious_injuries_total": 7,
        "max_risk_score": 35.0,
        "avg_risk_score": 35.0,
        "risk_level": "low",
        "risk_level_ko": "관심",
        "high_member_count": 0,
        "center_lng": 126.85480499,
        "center_lat": 37.56063545
      }
    },
    {
      "type": "Feature",
      "geometry": {
        "type": "Point",
        "coordinates": [
          126.90109985,
          37.45192834
        ]
      },
      "properties": {
        "cluster_id": "ped_hotspot_cluster_1015",
        "display_name": "서울 금천구 시흥동(수약국 부근)",
        "representative_place_name": "서울 금천구 시흥동(수약국 부근)",
        "representative_district": "서울 금천구5",
        "member_count": 1,
        "repeat_year_count": 1,
        "source_years": [
          2025
        ],
        "accidents_total": 7,
        "casualties_total": 7,
        "deaths_total": 0,
        "serious_injuries_total": 7,
        "max_risk_score": 35.0,
        "avg_risk_score": 35.0,
        "risk_level": "low",
        "risk_level_ko": "관심",
        "high_member_count": 0,
        "center_lng": 126.90109985,
        "center_lat": 37.45192834
      }
    },
    {
      "type": "Feature",
      "geometry": {
        "type": "Point",
        "coordinates": [
          126.9279615,
          37.4899816
        ]
      },
      "properties": {
        "cluster_id": "ped_hotspot_cluster_1016",
        "display_name": "서울 관악구 신림동(당곡사거리 부근)",
        "representative_place_name": "서울 관악구 신림동(당곡사거리 부근)",
        "representative_district": "서울 관악구6",
        "member_count": 1,
        "repeat_year_count": 1,
        "source_years": [
          2025
        ],
        "accidents_total": 7,
        "casualties_total": 7,
        "deaths_total": 0,
        "serious_injuries_total": 7,
        "max_risk_score": 35.0,
        "avg_risk_score": 35.0,
        "risk_level": "low",
        "risk_level_ko": "관심",
        "high_member_count": 0,
        "center_lng": 126.9279615,
        "center_lat": 37.4899816
      }
    },
    {
      "type": "Feature",
      "geometry": {
        "type": "Point",
        "coordinates": [
          127.03072359,
          37.49738502
        ]
      },
      "properties": {
        "cluster_id": "ped_hotspot_cluster_1017",
        "display_name": "서울 강남구 역삼동(일번지약국 부근)",
        "representative_place_name": "서울 강남구 역삼동(일번지약국 부근)",
        "representative_district": "서울 강남구7",
        "member_count": 1,
        "repeat_year_count": 1,
        "source_years": [
          2025
        ],
        "accidents_total": 7,
        "casualties_total": 7,
        "deaths_total": 0,
        "serious_injuries_total": 7,
        "max_risk_score": 35.0,
        "avg_risk_score": 35.0,
        "risk_level": "low",
        "risk_level_ko": "관심",
        "high_member_count": 0,
        "center_lng": 127.03072359,
        "center_lat": 37.49738502
      }
    },
    {
      "type": "Feature",
      "geometry": {
        "type": "Point",
        "coordinates": [
          129.03724025,
          35.10969081
        ]
      },
      "properties": {
        "cluster_id": "ped_hotspot_cluster_1018",
        "display_name": "부산 중구 중앙동4가(육장갈비 부산중부점 부근)",
        "representative_place_name": "부산 중구 중앙동4가(육장갈비 부산중부점 부근)",
        "representative_district": "부산 중구5",
        "member_count": 1,
        "repeat_year_count": 1,
        "source_years": [
          2025
        ],
        "accidents_total": 7,
        "casualties_total": 7,
        "deaths_total": 0,
        "serious_injuries_total": 7,
        "max_risk_score": 35.0,
        "avg_risk_score": 35.0,
        "risk_level": "low",
        "risk_level_ko": "관심",
        "high_member_count": 0,
        "center_lng": 129.03724025,
        "center_lat": 35.10969081
      }
    },
    {
      "type": "Feature",
      "geometry": {
        "type": "Point",
        "coordinates": [
          129.01610092,
          35.10836119
        ]
      },
      "properties": {
        "cluster_id": "ped_hotspot_cluster_1019",
        "display_name": "부산 서구 서대신동1가(난다김밥 부근)",
        "representative_place_name": "부산 서구 서대신동1가(난다김밥 부근)",
        "representative_district": "부산 서구2",
        "member_count": 1,
        "repeat_year_count": 1,
        "source_years": [
          2025
        ],
        "accidents_total": 7,
        "casualties_total": 7,
        "deaths_total": 0,
        "serious_injuries_total": 7,
        "max_risk_score": 35.0,
        "avg_risk_score": 35.0,
        "risk_level": "low",
        "risk_level_ko": "관심",
        "high_member_count": 0,
        "center_lng": 129.01610092,
        "center_lat": 35.10836119
      }
    },
    {
      "type": "Feature",
      "geometry": {
        "type": "Point",
        "coordinates": [
          129.05141622,
          35.16378505
        ]
      },
      "properties": {
        "cluster_id": "ped_hotspot_cluster_1020",
        "display_name": "부산 부산진구 부암동(조방낙지 부근)",
        "representative_place_name": "부산 부산진구 부암동(조방낙지 부근)",
        "representative_district": "부산 부산진구15",
        "member_count": 1,
        "repeat_year_count": 1,
        "source_years": [
          2025
        ],
        "accidents_total": 7,
        "casualties_total": 7,
        "deaths_total": 0,
        "serious_injuries_total": 7,
        "max_risk_score": 35.0,
        "avg_risk_score": 35.0,
        "risk_level": "low",
        "risk_level_ko": "관심",
        "high_member_count": 0,
        "center_lng": 129.05141622,
        "center_lat": 35.16378505
      }
    },
    {
      "type": "Feature",
      "geometry": {
        "type": "Point",
        "coordinates": [
          129.05909937,
          35.1617959
        ]
      },
      "properties": {
        "cluster_id": "ped_hotspot_cluster_1021",
        "display_name": "부산 부산진구 부전동(서면종합시장 부근)",
        "representative_place_name": "부산 부산진구 부전동(서면종합시장 부근)",
        "representative_district": "부산 부산진구17",
        "member_count": 1,
        "repeat_year_count": 1,
        "source_years": [
          2025
        ],
        "accidents_total": 7,
        "casualties_total": 7,
        "deaths_total": 0,
        "serious_injuries_total": 7,
        "max_risk_score": 35.0,
        "avg_risk_score": 35.0,
        "risk_level": "low",
        "risk_level_ko": "관심",
        "high_member_count": 0,
        "center_lng": 129.05909937,
        "center_lat": 35.1617959
      }
    },
    {
      "type": "Feature",
      "geometry": {
        "type": "Point",
        "coordinates": [
          129.06075615,
          35.1962928
        ]
      },
      "properties": {
        "cluster_id": "ped_hotspot_cluster_1022",
        "display_name": "부산 동래구 사직동(이화약국 부근)",
        "representative_place_name": "부산 동래구 사직동(이화약국 부근)",
        "representative_district": "부산 동래구5",
        "member_count": 1,
        "repeat_year_count": 1,
        "source_years": [
          2025
        ],
        "accidents_total": 7,
        "casualties_total": 7,
        "deaths_total": 0,
        "serious_injuries_total": 7,
        "max_risk_score": 35.0,
        "avg_risk_score": 35.0,
        "risk_level": "low",
        "risk_level_ko": "관심",
        "high_member_count": 0,
        "center_lng": 129.06075615,
        "center_lat": 35.1962928
      }
    },
    {
      "type": "Feature",
      "geometry": {
        "type": "Point",
        "coordinates": [
          129.09939695,
          35.13668766
        ]
      },
      "properties": {
        "cluster_id": "ped_hotspot_cluster_1023",
        "display_name": "부산 남구 대연동(용소삼거리 부근)",
        "representative_place_name": "부산 남구 대연동(용소삼거리 부근)",
        "representative_district": "부산 남구7",
        "member_count": 1,
        "repeat_year_count": 1,
        "source_years": [
          2025
        ],
        "accidents_total": 7,
        "casualties_total": 7,
        "deaths_total": 0,
        "serious_injuries_total": 7,
        "max_risk_score": 35.0,
        "avg_risk_score": 35.0,
        "risk_level": "low",
        "risk_level_ko": "관심",
        "high_member_count": 0,
        "center_lng": 129.09939695,
        "center_lat": 35.13668766
      }
    },
    {
      "type": "Feature",
      "geometry": {
        "type": "Point",
        "coordinates": [
          129.0701879,
          35.13660018
        ]
      },
      "properties": {
        "cluster_id": "ped_hotspot_cluster_1024",
        "display_name": "부산 남구 문현동(문현4동행정복지센터 부근)",
        "representative_place_name": "부산 남구 문현동(문현4동행정복지센터 부근)",
        "representative_district": "부산 남구8",
        "member_count": 1,
        "repeat_year_count": 1,
        "source_years": [
          2025
        ],
        "accidents_total": 7,
        "casualties_total": 7,
        "deaths_total": 0,
        "serious_injuries_total": 7,
        "max_risk_score": 35.0,
        "avg_risk_score": 35.0,
        "risk_level": "low",
        "risk_level_ko": "관심",
        "high_member_count": 0,
        "center_lng": 129.0701879,
        "center_lat": 35.13660018
      }
    },
    {
      "type": "Feature",
      "geometry": {
        "type": "Point",
        "coordinates": [
          129.111558,
          35.11779735
        ]
      },
      "properties": {
        "cluster_id": "ped_hotspot_cluster_1025",
        "display_name": "부산 남구 용호동(성심약국 부근)",
        "representative_place_name": "부산 남구 용호동(성심약국 부근)",
        "representative_district": "부산 남구9",
        "member_count": 1,
        "repeat_year_count": 1,
        "source_years": [
          2025
        ],
        "accidents_total": 7,
        "casualties_total": 7,
        "deaths_total": 0,
        "serious_injuries_total": 7,
        "max_risk_score": 35.0,
        "avg_risk_score": 35.0,
        "risk_level": "low",
        "risk_level_ko": "관심",
        "high_member_count": 0,
        "center_lng": 129.111558,
        "center_lat": 35.11779735
      }
    },
    {
      "type": "Feature",
      "geometry": {
        "type": "Point",
        "coordinates": [
          129.11195826,
          35.11966558
        ]
      },
      "properties": {
        "cluster_id": "ped_hotspot_cluster_1026",
        "display_name": "부산 남구 용호동(신중앙약국 부근)",
        "representative_place_name": "부산 남구 용호동(신중앙약국 부근)",
        "representative_district": "부산 남구10",
        "member_count": 1,
        "repeat_year_count": 1,
        "source_years": [
          2025
        ],
        "accidents_total": 7,
        "casualties_total": 7,
        "deaths_total": 0,
        "serious_injuries_total": 7,
        "max_risk_score": 35.0,
        "avg_risk_score": 35.0,
        "risk_level": "low",
        "risk_level_ko": "관심",
        "high_member_count": 0,
        "center_lng": 129.11195826,
        "center_lat": 35.11966558
      }
    },
    {
      "type": "Feature",
      "geometry": {
        "type": "Point",
        "coordinates": [
          129.01299002,
          35.23491427
        ]
      },
      "properties": {
        "cluster_id": "ped_hotspot_cluster_1027",
        "display_name": "부산 북구 화명동(와석교차로 부근)",
        "representative_place_name": "부산 북구 화명동(와석교차로 부근)",
        "representative_district": "부산 북구4",
        "member_count": 1,
        "repeat_year_count": 1,
        "source_years": [
          2025
        ],
        "accidents_total": 7,
        "casualties_total": 7,
        "deaths_total": 0,
        "serious_injuries_total": 7,
        "max_risk_score": 35.0,
        "avg_risk_score": 35.0,
        "risk_level": "low",
        "risk_level_ko": "관심",
        "high_member_count": 0,
        "center_lng": 129.01299002,
        "center_lat": 35.23491427
      }
    },
    {
      "type": "Feature",
      "geometry": {
        "type": "Point",
        "coordinates": [
          128.96474569,
          35.10620669
        ]
      },
      "properties": {
        "cluster_id": "ped_hotspot_cluster_1028",
        "display_name": "부산 사하구 하단동(하단초등학교 부근)",
        "representative_place_name": "부산 사하구 하단동(하단초등학교 부근)",
        "representative_district": "부산 사하구7",
        "member_count": 1,
        "repeat_year_count": 1,
        "source_years": [
          2025
        ],
        "accidents_total": 7,
        "casualties_total": 7,
        "deaths_total": 0,
        "serious_injuries_total": 7,
        "max_risk_score": 35.0,
        "avg_risk_score": 35.0,
        "risk_level": "low",
        "risk_level_ko": "관심",
        "high_member_count": 0,
        "center_lng": 128.96474569,
        "center_lat": 35.10620669
      }
    },
    {
      "type": "Feature",
      "geometry": {
        "type": "Point",
        "coordinates": [
          129.09020496,
          35.24428819
        ]
      },
      "properties": {
        "cluster_id": "ped_hotspot_cluster_1029",
        "display_name": "부산 금정구 구서동(금정교 부근)",
        "representative_place_name": "부산 금정구 구서동(금정교 부근)",
        "representative_district": "부산 금정구5",
        "member_count": 1,
        "repeat_year_count": 1,
        "source_years": [
          2025
        ],
        "accidents_total": 7,
        "casualties_total": 7,
        "deaths_total": 0,
        "serious_injuries_total": 7,
        "max_risk_score": 35.0,
        "avg_risk_score": 35.0,
        "risk_level": "low",
        "risk_level_ko": "관심",
        "high_member_count": 0,
        "center_lng": 129.09020496,
        "center_lat": 35.24428819
      }
    },
    {
      "type": "Feature",
      "geometry": {
        "type": "Point",
        "coordinates": [
          129.09145562,
          35.22517531
        ]
      },
      "properties": {
        "cluster_id": "ped_hotspot_cluster_1030",
        "display_name": "부산 금정구 부곡동(부곡시장 부근)",
        "representative_place_name": "부산 금정구 부곡동(부곡시장 부근)",
        "representative_district": "부산 금정구6",
        "member_count": 1,
        "repeat_year_count": 1,
        "source_years": [
          2025
        ],
        "accidents_total": 7,
        "casualties_total": 7,
        "deaths_total": 0,
        "serious_injuries_total": 7,
        "max_risk_score": 35.0,
        "avg_risk_score": 35.0,
        "risk_level": "low",
        "risk_level_ko": "관심",
        "high_member_count": 0,
        "center_lng": 129.09145562,
        "center_lat": 35.22517531
      }
    },
    {
      "type": "Feature",
      "geometry": {
        "type": "Point",
        "coordinates": [
          129.11727983,
          35.15210192
        ]
      },
      "properties": {
        "cluster_id": "ped_hotspot_cluster_1031",
        "display_name": "부산 수영구 광안동(수변평상공원 부근)",
        "representative_place_name": "부산 수영구 광안동(수변평상공원 부근)",
        "representative_district": "부산 수영구6",
        "member_count": 1,
        "repeat_year_count": 1,
        "source_years": [
          2025
        ],
        "accidents_total": 7,
        "casualties_total": 7,
        "deaths_total": 0,
        "serious_injuries_total": 7,
        "max_risk_score": 35.0,
        "avg_risk_score": 35.0,
        "risk_level": "low",
        "risk_level_ko": "관심",
        "high_member_count": 0,
        "center_lng": 129.11727983,
        "center_lat": 35.15210192
      }
    },
    {
      "type": "Feature",
      "geometry": {
        "type": "Point",
        "coordinates": [
          128.98160613,
          35.16733207
        ]
      },
      "properties": {
        "cluster_id": "ped_hotspot_cluster_1032",
        "display_name": "부산 사상구 괘법동(근로복지공단부산어린이집 부근)",
        "representative_place_name": "부산 사상구 괘법동(근로복지공단부산어린이집 부근)",
        "representative_district": "부산 사상구5",
        "member_count": 1,
        "repeat_year_count": 1,
        "source_years": [
          2025
        ],
        "accidents_total": 7,
        "casualties_total": 7,
        "deaths_total": 0,
        "serious_injuries_total": 7,
        "max_risk_score": 35.0,
        "avg_risk_score": 35.0,
        "risk_level": "low",
        "risk_level_ko": "관심",
        "high_member_count": 0,
        "center_lng": 128.98160613,
        "center_lat": 35.16733207
      }
    },
    {
      "type": "Feature",
      "geometry": {
        "type": "Point",
        "coordinates": [
          128.9857418,
          35.15732461
        ]
      },
      "properties": {
        "cluster_id": "ped_hotspot_cluster_1033",
        "display_name": "부산 사상구 괘법동(오복집밥 부근)",
        "representative_place_name": "부산 사상구 괘법동(오복집밥 부근)",
        "representative_district": "부산 사상구6",
        "member_count": 1,
        "repeat_year_count": 1,
        "source_years": [
          2025
        ],
        "accidents_total": 7,
        "casualties_total": 7,
        "deaths_total": 0,
        "serious_injuries_total": 7,
        "max_risk_score": 35.0,
        "avg_risk_score": 35.0,
        "risk_level": "low",
        "risk_level_ko": "관심",
        "high_member_count": 0,
        "center_lng": 128.9857418,
        "center_lat": 35.15732461
      }
    },
    {
      "type": "Feature",
      "geometry": {
        "type": "Point",
        "coordinates": [
          128.98485455,
          35.17437245
        ]
      },
      "properties": {
        "cluster_id": "ped_hotspot_cluster_1034",
        "display_name": "부산 사상구 덕포동(덕포교차로 부근)",
        "representative_place_name": "부산 사상구 덕포동(덕포교차로 부근)",
        "representative_district": "부산 사상구7",
        "member_count": 1,
        "repeat_year_count": 1,
        "source_years": [
          2025
        ],
        "accidents_total": 7,
        "casualties_total": 7,
        "deaths_total": 0,
        "serious_injuries_total": 7,
        "max_risk_score": 35.0,
        "avg_risk_score": 35.0,
        "risk_level": "low",
        "risk_level_ko": "관심",
        "high_member_count": 0,
        "center_lng": 128.98485455,
        "center_lat": 35.17437245
      }
    },
    {
      "type": "Feature",
      "geometry": {
        "type": "Point",
        "coordinates": [
          128.99762468,
          35.15408253
        ]
      },
      "properties": {
        "cluster_id": "ped_hotspot_cluster_1035",
        "display_name": "부산 사상구 주례동(백양낙조전망대 부근)",
        "representative_place_name": "부산 사상구 주례동(백양낙조전망대 부근)",
        "representative_district": "부산 사상구8",
        "member_count": 1,
        "repeat_year_count": 1,
        "source_years": [
          2025
        ],
        "accidents_total": 7,
        "casualties_total": 7,
        "deaths_total": 0,
        "serious_injuries_total": 7,
        "max_risk_score": 35.0,
        "avg_risk_score": 35.0,
        "risk_level": "low",
        "risk_level_ko": "관심",
        "high_member_count": 0,
        "center_lng": 128.99762468,
        "center_lat": 35.15408253
      }
    },
    {
      "type": "Feature",
      "geometry": {
        "type": "Point",
        "coordinates": [
          128.58930391,
          35.84690259
        ]
      },
      "properties": {
        "cluster_id": "ped_hotspot_cluster_1036",
        "display_name": "대구 남구 대명동(다담약국 부근)",
        "representative_place_name": "대구 남구 대명동(다담약국 부근)",
        "representative_district": "대구 남구2",
        "member_count": 1,
        "repeat_year_count": 1,
        "source_years": [
          2025
        ],
        "accidents_total": 7,
        "casualties_total": 7,
        "deaths_total": 0,
        "serious_injuries_total": 7,
        "max_risk_score": 35.0,
        "avg_risk_score": 35.0,
        "risk_level": "low",
        "risk_level_ko": "관심",
        "high_member_count": 0,
        "center_lng": 128.58930391,
        "center_lat": 35.84690259
      }
    },
    {
      "type": "Feature",
      "geometry": {
        "type": "Point",
        "coordinates": [
          128.62387141,
          35.83500319
        ]
      },
      "properties": {
        "cluster_id": "ped_hotspot_cluster_1037",
        "display_name": "대구 수성구 두산동(알라딘 부근)",
        "representative_place_name": "대구 수성구 두산동(알라딘 부근)",
        "representative_district": "대구 수성구1",
        "member_count": 1,
        "repeat_year_count": 1,
        "source_years": [
          2025
        ],
        "accidents_total": 7,
        "casualties_total": 7,
        "deaths_total": 0,
        "serious_injuries_total": 7,
        "max_risk_score": 35.0,
        "avg_risk_score": 35.0,
        "risk_level": "low",
        "risk_level_ko": "관심",
        "high_member_count": 0,
        "center_lng": 128.62387141,
        "center_lat": 35.83500319
      }
    },
    {
      "type": "Feature",
      "geometry": {
        "type": "Point",
        "coordinates": [
          128.52076705,
          35.81392028
        ]
      },
      "properties": {
        "cluster_id": "ped_hotspot_cluster_1038",
        "display_name": "대구 달서구 진천동(태양약국 부근)",
        "representative_place_name": "대구 달서구 진천동(태양약국 부근)",
        "representative_district": "대구 달서구4",
        "member_count": 1,
        "repeat_year_count": 1,
        "source_years": [
          2025
        ],
        "accidents_total": 7,
        "casualties_total": 7,
        "deaths_total": 0,
        "serious_injuries_total": 7,
        "max_risk_score": 35.0,
        "avg_risk_score": 35.0,
        "risk_level": "low",
        "risk_level_ko": "관심",
        "high_member_count": 0,
        "center_lng": 128.52076705,
        "center_lat": 35.81392028
      }
    },
    {
      "type": "Feature",
      "geometry": {
        "type": "Point",
        "coordinates": [
          126.89108429,
          35.14533043
        ]
      },
      "properties": {
        "cluster_id": "ped_hotspot_cluster_1039",
        "display_name": "광주 남구 월산동(바삭치킨 부근)",
        "representative_place_name": "광주 남구 월산동(바삭치킨 부근)",
        "representative_district": "광주 남구1",
        "member_count": 1,
        "repeat_year_count": 1,
        "source_years": [
          2025
        ],
        "accidents_total": 7,
        "casualties_total": 7,
        "deaths_total": 0,
        "serious_injuries_total": 7,
        "max_risk_score": 35.0,
        "avg_risk_score": 35.0,
        "risk_level": "low",
        "risk_level_ko": "관심",
        "high_member_count": 0,
        "center_lng": 126.89108429,
        "center_lat": 35.14533043
      }
    },
    {
      "type": "Feature",
      "geometry": {
        "type": "Point",
        "coordinates": [
          127.37993677,
          36.31368243
        ]
      },
      "properties": {
        "cluster_id": "ped_hotspot_cluster_1040",
        "display_name": "대전 서구 도마동(도마네거리 부근)",
        "representative_place_name": "대전 서구 도마동(도마네거리 부근)",
        "representative_district": "대전 서구4",
        "member_count": 1,
        "repeat_year_count": 1,
        "source_years": [
          2025
        ],
        "accidents_total": 7,
        "casualties_total": 7,
        "deaths_total": 0,
        "serious_injuries_total": 7,
        "max_risk_score": 35.0,
        "avg_risk_score": 35.0,
        "risk_level": "low",
        "risk_level_ko": "관심",
        "high_member_count": 0,
        "center_lng": 127.37993677,
        "center_lat": 36.31368243
      }
    },
    {
      "type": "Feature",
      "geometry": {
        "type": "Point",
        "coordinates": [
          127.38949445,
          36.35323335
        ]
      },
      "properties": {
        "cluster_id": "ped_hotspot_cluster_1041",
        "display_name": "대전 서구 둔산동(한마루네거리 부근)",
        "representative_place_name": "대전 서구 둔산동(한마루네거리 부근)",
        "representative_district": "대전 서구5",
        "member_count": 1,
        "repeat_year_count": 1,
        "source_years": [
          2025
        ],
        "accidents_total": 7,
        "casualties_total": 7,
        "deaths_total": 0,
        "serious_injuries_total": 7,
        "max_risk_score": 35.0,
        "avg_risk_score": 35.0,
        "risk_level": "low",
        "risk_level_ko": "관심",
        "high_member_count": 0,
        "center_lng": 127.38949445,
        "center_lat": 36.35323335
      }
    },
    {
      "type": "Feature",
      "geometry": {
        "type": "Point",
        "coordinates": [
          127.36574153,
          36.30587345
        ]
      },
      "properties": {
        "cluster_id": "ped_hotspot_cluster_1042",
        "display_name": "대전 서구 정림동(무지개종합시장 부근)",
        "representative_place_name": "대전 서구 정림동(무지개종합시장 부근)",
        "representative_district": "대전 서구6",
        "member_count": 1,
        "repeat_year_count": 1,
        "source_years": [
          2025
        ],
        "accidents_total": 7,
        "casualties_total": 7,
        "deaths_total": 0,
        "serious_injuries_total": 7,
        "max_risk_score": 35.0,
        "avg_risk_score": 35.0,
        "risk_level": "low",
        "risk_level_ko": "관심",
        "high_member_count": 0,
        "center_lng": 127.36574153,
        "center_lat": 36.30587345
      }
    },
    {
      "type": "Feature",
      "geometry": {
        "type": "Point",
        "coordinates": [
          127.34174367,
          36.35584513
        ]
      },
      "properties": {
        "cluster_id": "ped_hotspot_cluster_1043",
        "display_name": "대전 유성구 봉명동(유성온천사거리 부근)",
        "representative_place_name": "대전 유성구 봉명동(유성온천사거리 부근)",
        "representative_district": "대전 유성구1",
        "member_count": 1,
        "repeat_year_count": 1,
        "source_years": [
          2025
        ],
        "accidents_total": 7,
        "casualties_total": 7,
        "deaths_total": 0,
        "serious_injuries_total": 7,
        "max_risk_score": 35.0,
        "avg_risk_score": 35.0,
        "risk_level": "low",
        "risk_level_ko": "관심",
        "high_member_count": 0,
        "center_lng": 127.34174367,
        "center_lat": 36.35584513
      }
    },
    {
      "type": "Feature",
      "geometry": {
        "type": "Point",
        "coordinates": [
          126.99924547,
          37.27900038
        ]
      },
      "properties": {
        "cluster_id": "ped_hotspot_cluster_1044",
        "display_name": "경기 수원시 팔달구 화서동(화서오거리 부근)",
        "representative_place_name": "경기 수원시 팔달구 화서동(화서오거리 부근)",
        "representative_district": "경기 수원시 팔달구10",
        "member_count": 1,
        "repeat_year_count": 1,
        "source_years": [
          2025
        ],
        "accidents_total": 7,
        "casualties_total": 7,
        "deaths_total": 0,
        "serious_injuries_total": 7,
        "max_risk_score": 35.0,
        "avg_risk_score": 35.0,
        "risk_level": "low",
        "risk_level_ko": "관심",
        "high_member_count": 0,
        "center_lng": 126.99924547,
        "center_lat": 37.27900038
      }
    },
    {
      "type": "Feature",
      "geometry": {
        "type": "Point",
        "coordinates": [
          127.04315199,
          37.27450421
        ]
      },
      "properties": {
        "cluster_id": "ped_hotspot_cluster_1045",
        "display_name": "경기 수원시 영통구 매탄동(애플키즈어린이집 부근)",
        "representative_place_name": "경기 수원시 영통구 매탄동(애플키즈어린이집 부근)",
        "representative_district": "경기 수원시 영통구1",
        "member_count": 1,
        "repeat_year_count": 1,
        "source_years": [
          2025
        ],
        "accidents_total": 7,
        "casualties_total": 7,
        "deaths_total": 0,
        "serious_injuries_total": 7,
        "max_risk_score": 35.0,
        "avg_risk_score": 35.0,
        "risk_level": "low",
        "risk_level_ko": "관심",
        "high_member_count": 0,
        "center_lng": 127.04315199,
        "center_lat": 37.27450421
      }
    },
    {
      "type": "Feature",
      "geometry": {
        "type": "Point",
        "coordinates": [
          127.12826327,
          37.43582079
        ]
      },
      "properties": {
        "cluster_id": "ped_hotspot_cluster_1046",
        "display_name": "경기 성남시 수정구 수진동(봉평메밀면사무소 부근)",
        "representative_place_name": "경기 성남시 수정구 수진동(봉평메밀면사무소 부근)",
        "representative_district": "경기 성남시 수정구5",
        "member_count": 1,
        "repeat_year_count": 1,
        "source_years": [
          2025
        ],
        "accidents_total": 7,
        "casualties_total": 7,
        "deaths_total": 0,
        "serious_injuries_total": 7,
        "max_risk_score": 35.0,
        "avg_risk_score": 35.0,
        "risk_level": "low",
        "risk_level_ko": "관심",
        "high_member_count": 0,
        "center_lng": 127.12826327,
        "center_lat": 37.43582079
      }
    },
    {
      "type": "Feature",
      "geometry": {
        "type": "Point",
        "coordinates": [
          127.15901362,
          37.44483627
        ]
      },
      "properties": {
        "cluster_id": "ped_hotspot_cluster_1047",
        "display_name": "경기 성남시 중원구 금광동(단대전통시장 부근)",
        "representative_place_name": "경기 성남시 중원구 금광동(단대전통시장 부근)",
        "representative_district": "경기 성남시 중원구5",
        "member_count": 1,
        "repeat_year_count": 1,
        "source_years": [
          2025
        ],
        "accidents_total": 7,
        "casualties_total": 7,
        "deaths_total": 0,
        "serious_injuries_total": 7,
        "max_risk_score": 35.0,
        "avg_risk_score": 35.0,
        "risk_level": "low",
        "risk_level_ko": "관심",
        "high_member_count": 0,
        "center_lng": 127.15901362,
        "center_lat": 37.44483627
      }
    },
    {
      "type": "Feature",
      "geometry": {
        "type": "Point",
        "coordinates": [
          126.93038533,
          37.38741355
        ]
      },
      "properties": {
        "cluster_id": "ped_hotspot_cluster_1048",
        "display_name": "경기 안양시 만안구 안양동(아침누리어린이집 부근)",
        "representative_place_name": "경기 안양시 만안구 안양동(아침누리어린이집 부근)",
        "representative_district": "경기 안양시 만안구3",
        "member_count": 1,
        "repeat_year_count": 1,
        "source_years": [
          2025
        ],
        "accidents_total": 7,
        "casualties_total": 7,
        "deaths_total": 0,
        "serious_injuries_total": 7,
        "max_risk_score": 35.0,
        "avg_risk_score": 35.0,
        "risk_level": "low",
        "risk_level_ko": "관심",
        "high_member_count": 0,
        "center_lng": 126.93038533,
        "center_lat": 37.38741355
      }
    },
    {
      "type": "Feature",
      "geometry": {
        "type": "Point",
        "coordinates": [
          126.78471756,
          37.4853905
        ]
      },
      "properties": {
        "cluster_id": "ped_hotspot_cluster_1049",
        "display_name": "경기 부천시 원미구 원미구 심곡동(천지감뼈감자탕 부천역점 부근)",
        "representative_place_name": "경기 부천시 원미구 원미구 심곡동(천지감뼈감자탕 부천역점 부근)",
        "representative_district": "경기 부천시 원미구2",
        "member_count": 1,
        "repeat_year_count": 1,
        "source_years": [
          2025
        ],
        "accidents_total": 7,
        "casualties_total": 7,
        "deaths_total": 0,
        "serious_injuries_total": 7,
        "max_risk_score": 35.0,
        "avg_risk_score": 35.0,
        "risk_level": "low",
        "risk_level_ko": "관심",
        "high_member_count": 0,
        "center_lng": 126.78471756,
        "center_lat": 37.4853905
      }
    },
    {
      "type": "Feature",
      "geometry": {
        "type": "Point",
        "coordinates": [
          126.79349513,
          37.48079757
        ]
      },
      "properties": {
        "cluster_id": "ped_hotspot_cluster_1050",
        "display_name": "경기 부천시 소사구 소사구 소사본동(세종병원입구교차로 부근)",
        "representative_place_name": "경기 부천시 소사구 소사구 소사본동(세종병원입구교차로 부근)",
        "representative_district": "경기 부천시 소사구4",
        "member_count": 1,
        "repeat_year_count": 1,
        "source_years": [
          2025
        ],
        "accidents_total": 7,
        "casualties_total": 7,
        "deaths_total": 0,
        "serious_injuries_total": 7,
        "max_risk_score": 35.0,
        "avg_risk_score": 35.0,
        "risk_level": "low",
        "risk_level_ko": "관심",
        "high_member_count": 0,
        "center_lng": 126.79349513,
        "center_lat": 37.48079757
      }
    },
    {
      "type": "Feature",
      "geometry": {
        "type": "Point",
        "coordinates": [
          127.06854507,
          37.15043568
        ]
      },
      "properties": {
        "cluster_id": "ped_hotspot_cluster_1051",
        "display_name": "경기 오산시 오산동(핫오리 오산점 부근)",
        "representative_place_name": "경기 오산시 오산동(핫오리 오산점 부근)",
        "representative_district": "경기 오산시2",
        "member_count": 1,
        "repeat_year_count": 1,
        "source_years": [
          2025
        ],
        "accidents_total": 7,
        "casualties_total": 7,
        "deaths_total": 0,
        "serious_injuries_total": 7,
        "max_risk_score": 35.0,
        "avg_risk_score": 35.0,
        "risk_level": "low",
        "risk_level_ko": "관심",
        "high_member_count": 0,
        "center_lng": 127.06854507,
        "center_lat": 37.15043568
      }
    },
    {
      "type": "Feature",
      "geometry": {
        "type": "Point",
        "coordinates": [
          127.07254923,
          37.14628565
        ]
      },
      "properties": {
        "cluster_id": "ped_hotspot_cluster_1052",
        "display_name": "경기 오산시 원동(신양아파트앞교차로 부근)",
        "representative_place_name": "경기 오산시 원동(신양아파트앞교차로 부근)",
        "representative_district": "경기 오산시3",
        "member_count": 1,
        "repeat_year_count": 1,
        "source_years": [
          2025
        ],
        "accidents_total": 7,
        "casualties_total": 7,
        "deaths_total": 0,
        "serious_injuries_total": 7,
        "max_risk_score": 35.0,
        "avg_risk_score": 35.0,
        "risk_level": "low",
        "risk_level_ko": "관심",
        "high_member_count": 0,
        "center_lng": 127.07254923,
        "center_lat": 37.14628565
      }
    },
    {
      "type": "Feature",
      "geometry": {
        "type": "Point",
        "coordinates": [
          126.93242801,
          37.35844418
        ]
      },
      "properties": {
        "cluster_id": "ped_hotspot_cluster_1053",
        "display_name": "경기 군포시 산본동(산본역 4호선 부근)",
        "representative_place_name": "경기 군포시 산본동(산본역 4호선 부근)",
        "representative_district": "경기 군포시1",
        "member_count": 1,
        "repeat_year_count": 1,
        "source_years": [
          2025
        ],
        "accidents_total": 7,
        "casualties_total": 7,
        "deaths_total": 0,
        "serious_injuries_total": 7,
        "max_risk_score": 35.0,
        "avg_risk_score": 35.0,
        "risk_level": "low",
        "risk_level_ko": "관심",
        "high_member_count": 0,
        "center_lng": 126.93242801,
        "center_lat": 37.35844418
      }
    },
    {
      "type": "Feature",
      "geometry": {
        "type": "Point",
        "coordinates": [
          127.20335287,
          37.53936927
        ]
      },
      "properties": {
        "cluster_id": "ped_hotspot_cluster_1054",
        "display_name": "경기 하남시 덕풍동(장수약국 부근)",
        "representative_place_name": "경기 하남시 덕풍동(장수약국 부근)",
        "representative_district": "경기 하남시2",
        "member_count": 1,
        "repeat_year_count": 1,
        "source_years": [
          2025
        ],
        "accidents_total": 7,
        "casualties_total": 7,
        "deaths_total": 0,
        "serious_injuries_total": 7,
        "max_risk_score": 35.0,
        "avg_risk_score": 35.0,
        "risk_level": "low",
        "risk_level_ko": "관심",
        "high_member_count": 0,
        "center_lng": 127.20335287,
        "center_lat": 37.53936927
      }
    },
    {
      "type": "Feature",
      "geometry": {
        "type": "Point",
        "coordinates": [
          126.62856971,
          37.64583111
        ]
      },
      "properties": {
        "cluster_id": "ped_hotspot_cluster_1055",
        "display_name": "경기 김포시 구래동(한가람사거리 부근)",
        "representative_place_name": "경기 김포시 구래동(한가람사거리 부근)",
        "representative_district": "경기 김포시2",
        "member_count": 1,
        "repeat_year_count": 1,
        "source_years": [
          2025
        ],
        "accidents_total": 7,
        "casualties_total": 7,
        "deaths_total": 0,
        "serious_injuries_total": 7,
        "max_risk_score": 35.0,
        "avg_risk_score": 35.0,
        "risk_level": "low",
        "risk_level_ko": "관심",
        "high_member_count": 0,
        "center_lng": 126.62856971,
        "center_lat": 37.64583111
      }
    },
    {
      "type": "Feature",
      "geometry": {
        "type": "Point",
        "coordinates": [
          126.6235673,
          37.65481623
        ]
      },
      "properties": {
        "cluster_id": "ped_hotspot_cluster_1056",
        "display_name": "경기 김포시 양촌읍(후암사랑샘약국 부근)",
        "representative_place_name": "경기 김포시 양촌읍(후암사랑샘약국 부근)",
        "representative_district": "경기 김포시4",
        "member_count": 1,
        "repeat_year_count": 1,
        "source_years": [
          2025
        ],
        "accidents_total": 7,
        "casualties_total": 7,
        "deaths_total": 0,
        "serious_injuries_total": 7,
        "max_risk_score": 35.0,
        "avg_risk_score": 35.0,
        "risk_level": "low",
        "risk_level_ko": "관심",
        "high_member_count": 0,
        "center_lng": 126.6235673,
        "center_lat": 37.65481623
      }
    },
    {
      "type": "Feature",
      "geometry": {
        "type": "Point",
        "coordinates": [
          128.20991381,
          37.13574956
        ]
      },
      "properties": {
        "cluster_id": "ped_hotspot_cluster_1057",
        "display_name": "충북 제천시 중앙로1가(명동교차로 부근)",
        "representative_place_name": "충북 제천시 중앙로1가(명동교차로 부근)",
        "representative_district": "충북 제천시2",
        "member_count": 1,
        "repeat_year_count": 1,
        "source_years": [
          2025
        ],
        "accidents_total": 7,
        "casualties_total": 7,
        "deaths_total": 0,
        "serious_injuries_total": 7,
        "max_risk_score": 35.0,
        "avg_risk_score": 35.0,
        "risk_level": "low",
        "risk_level_ko": "관심",
        "high_member_count": 0,
        "center_lng": 128.20991381,
        "center_lat": 37.13574956
      }
    },
    {
      "type": "Feature",
      "geometry": {
        "type": "Point",
        "coordinates": [
          127.12184019,
          36.79343932
        ]
      },
      "properties": {
        "cluster_id": "ped_hotspot_cluster_1058",
        "display_name": "충남 천안시 서북구 쌍용동(쌍용역 1호선 부근)",
        "representative_place_name": "충남 천안시 서북구 쌍용동(쌍용역 1호선 부근)",
        "representative_district": "충남 천안시 서북구2",
        "member_count": 1,
        "repeat_year_count": 1,
        "source_years": [
          2025
        ],
        "accidents_total": 7,
        "casualties_total": 7,
        "deaths_total": 0,
        "serious_injuries_total": 7,
        "max_risk_score": 35.0,
        "avg_risk_score": 35.0,
        "risk_level": "low",
        "risk_level_ko": "관심",
        "high_member_count": 0,
        "center_lng": 127.12184019,
        "center_lat": 36.79343932
      }
    },
    {
      "type": "Feature",
      "geometry": {
        "type": "Point",
        "coordinates": [
          126.45070865,
          36.78131732
        ]
      },
      "properties": {
        "cluster_id": "ped_hotspot_cluster_1059",
        "display_name": "충남 서산시 읍내동(서령당약국 부근)",
        "representative_place_name": "충남 서산시 읍내동(서령당약국 부근)",
        "representative_district": "충남 서산시3",
        "member_count": 1,
        "repeat_year_count": 1,
        "source_years": [
          2025
        ],
        "accidents_total": 7,
        "casualties_total": 7,
        "deaths_total": 0,
        "serious_injuries_total": 7,
        "max_risk_score": 35.0,
        "avg_risk_score": 35.0,
        "risk_level": "low",
        "risk_level_ko": "관심",
        "high_member_count": 0,
        "center_lng": 126.45070865,
        "center_lat": 36.78131732
      }
    },
    {
      "type": "Feature",
      "geometry": {
        "type": "Point",
        "coordinates": [
          126.85273847,
          36.30912358
        ]
      },
      "properties": {
        "cluster_id": "ped_hotspot_cluster_1060",
        "display_name": "충남 부여군 은산면(은산사거리 부근)",
        "representative_place_name": "충남 부여군 은산면(은산사거리 부근)",
        "representative_district": "충남 부여군2",
        "member_count": 1,
        "repeat_year_count": 1,
        "source_years": [
          2025
        ],
        "accidents_total": 7,
        "casualties_total": 7,
        "deaths_total": 0,
        "serious_injuries_total": 7,
        "max_risk_score": 35.0,
        "avg_risk_score": 35.0,
        "risk_level": "low",
        "risk_level_ko": "관심",
        "high_member_count": 0,
        "center_lng": 126.85273847,
        "center_lat": 36.30912358
      }
    },
    {
      "type": "Feature",
      "geometry": {
        "type": "Point",
        "coordinates": [
          127.14394774,
          35.82489497
        ]
      },
      "properties": {
        "cluster_id": "ped_hotspot_cluster_1061",
        "display_name": "전북 전주시 완산구 태평동(신중앙시장 부근)",
        "representative_place_name": "전북 전주시 완산구 태평동(신중앙시장 부근)",
        "representative_district": "전북 전주시 완산구2",
        "member_count": 1,
        "repeat_year_count": 1,
        "source_years": [
          2025
        ],
        "accidents_total": 7,
        "casualties_total": 7,
        "deaths_total": 0,
        "serious_injuries_total": 7,
        "max_risk_score": 35.0,
        "avg_risk_score": 35.0,
        "risk_level": "low",
        "risk_level_ko": "관심",
        "high_member_count": 0,
        "center_lng": 127.14394774,
        "center_lat": 35.82489497
      }
    },
    {
      "type": "Feature",
      "geometry": {
        "type": "Point",
        "coordinates": [
          127.16822385,
          35.93703425
        ]
      },
      "properties": {
        "cluster_id": "ped_hotspot_cluster_1062",
        "display_name": "전북 완주군 봉동읍(서울약국 부근)",
        "representative_place_name": "전북 완주군 봉동읍(서울약국 부근)",
        "representative_district": "전북 완주군1",
        "member_count": 1,
        "repeat_year_count": 1,
        "source_years": [
          2025
        ],
        "accidents_total": 7,
        "casualties_total": 7,
        "deaths_total": 0,
        "serious_injuries_total": 7,
        "max_risk_score": 35.0,
        "avg_risk_score": 35.0,
        "risk_level": "low",
        "risk_level_ko": "관심",
        "high_member_count": 0,
        "center_lng": 127.16822385,
        "center_lat": 35.93703425
      }
    },
    {
      "type": "Feature",
      "geometry": {
        "type": "Point",
        "coordinates": [
          126.7362404,
          35.72536112
        ]
      },
      "properties": {
        "cluster_id": "ped_hotspot_cluster_1063",
        "display_name": "전북 부안군 부안읍(부안신세계약국 부근)",
        "representative_place_name": "전북 부안군 부안읍(부안신세계약국 부근)",
        "representative_district": "전북 부안군2",
        "member_count": 1,
        "repeat_year_count": 1,
        "source_years": [
          2025
        ],
        "accidents_total": 7,
        "casualties_total": 7,
        "deaths_total": 0,
        "serious_injuries_total": 7,
        "max_risk_score": 35.0,
        "avg_risk_score": 35.0,
        "risk_level": "low",
        "risk_level_ko": "관심",
        "high_member_count": 0,
        "center_lng": 126.7362404,
        "center_lat": 35.72536112
      }
    },
    {
      "type": "Feature",
      "geometry": {
        "type": "Point",
        "coordinates": [
          127.58485342,
          34.97892771
        ]
      },
      "properties": {
        "cluster_id": "ped_hotspot_cluster_1064",
        "display_name": "전남 광양시 광양읍(세종약국 부근)",
        "representative_place_name": "전남 광양시 광양읍(세종약국 부근)",
        "representative_district": "전남 광양시1",
        "member_count": 1,
        "repeat_year_count": 1,
        "source_years": [
          2025
        ],
        "accidents_total": 7,
        "casualties_total": 7,
        "deaths_total": 0,
        "serious_injuries_total": 7,
        "max_risk_score": 35.0,
        "avg_risk_score": 35.0,
        "risk_level": "low",
        "risk_level_ko": "관심",
        "high_member_count": 0,
        "center_lng": 127.58485342,
        "center_lat": 34.97892771
      }
    },
    {
      "type": "Feature",
      "geometry": {
        "type": "Point",
        "coordinates": [
          128.94410637,
          35.97636984
        ]
      },
      "properties": {
        "cluster_id": "ped_hotspot_cluster_1065",
        "display_name": "경북 영천시 야사동(미성식당 부근)",
        "representative_place_name": "경북 영천시 야사동(미성식당 부근)",
        "representative_district": "경북 영천시2",
        "member_count": 1,
        "repeat_year_count": 1,
        "source_years": [
          2025
        ],
        "accidents_total": 7,
        "casualties_total": 7,
        "deaths_total": 0,
        "serious_injuries_total": 7,
        "max_risk_score": 35.0,
        "avg_risk_score": 35.0,
        "risk_level": "low",
        "risk_level_ko": "관심",
        "high_member_count": 0,
        "center_lng": 128.94410637,
        "center_lat": 35.97636984
      }
    },
    {
      "type": "Feature",
      "geometry": {
        "type": "Point",
        "coordinates": [
          128.81977741,
          35.91447689
        ]
      },
      "properties": {
        "cluster_id": "ped_hotspot_cluster_1066",
        "display_name": "경북 경산시 하양읍(하양유치원 부근)",
        "representative_place_name": "경북 경산시 하양읍(하양유치원 부근)",
        "representative_district": "경북 경산시1",
        "member_count": 1,
        "repeat_year_count": 1,
        "source_years": [
          2025
        ],
        "accidents_total": 7,
        "casualties_total": 7,
        "deaths_total": 0,
        "serious_injuries_total": 7,
        "max_risk_score": 35.0,
        "avg_risk_score": 35.0,
        "risk_level": "low",
        "risk_level_ko": "관심",
        "high_member_count": 0,
        "center_lng": 128.81977741,
        "center_lat": 35.91447689
      }
    },
    {
      "type": "Feature",
      "geometry": {
        "type": "Point",
        "coordinates": [
          128.62440147,
          35.2645824
        ]
      },
      "properties": {
        "cluster_id": "ped_hotspot_cluster_1067",
        "display_name": "경남 창원시 의창구 소답동(큰별예나어린이집 부근)",
        "representative_place_name": "경남 창원시 의창구 소답동(큰별예나어린이집 부근)",
        "representative_district": "경남 창원시 의창구2",
        "member_count": 1,
        "repeat_year_count": 1,
        "source_years": [
          2025
        ],
        "accidents_total": 7,
        "casualties_total": 7,
        "deaths_total": 0,
        "serious_injuries_total": 7,
        "max_risk_score": 35.0,
        "avg_risk_score": 35.0,
        "risk_level": "low",
        "risk_level_ko": "관심",
        "high_member_count": 0,
        "center_lng": 128.62440147,
        "center_lat": 35.2645824
      }
    },
    {
      "type": "Feature",
      "geometry": {
        "type": "Point",
        "coordinates": [
          128.08367549,
          35.19500321
        ]
      },
      "properties": {
        "cluster_id": "ped_hotspot_cluster_1068",
        "display_name": "경남 진주시 대안동(광미사거리 부근)",
        "representative_place_name": "경남 진주시 대안동(광미사거리 부근)",
        "representative_district": "경남 진주시3",
        "member_count": 1,
        "repeat_year_count": 1,
        "source_years": [
          2025
        ],
        "accidents_total": 7,
        "casualties_total": 7,
        "deaths_total": 0,
        "serious_injuries_total": 7,
        "max_risk_score": 35.0,
        "avg_risk_score": 35.0,
        "risk_level": "low",
        "risk_level_ko": "관심",
        "high_member_count": 0,
        "center_lng": 128.08367549,
        "center_lat": 35.19500321
      }
    },
    {
      "type": "Feature",
      "geometry": {
        "type": "Point",
        "coordinates": [
          128.81337009,
          35.20032315
        ]
      },
      "properties": {
        "cluster_id": "ped_hotspot_cluster_1069",
        "display_name": "경남 김해시 부곡동(장유동행정복지센터 사거리 부근)",
        "representative_place_name": "경남 김해시 부곡동(장유동행정복지센터 사거리 부근)",
        "representative_district": "경남 김해시3",
        "member_count": 1,
        "repeat_year_count": 1,
        "source_years": [
          2025
        ],
        "accidents_total": 7,
        "casualties_total": 7,
        "deaths_total": 0,
        "serious_injuries_total": 7,
        "max_risk_score": 35.0,
        "avg_risk_score": 35.0,
        "risk_level": "low",
        "risk_level_ko": "관심",
        "high_member_count": 0,
        "center_lng": 128.81337009,
        "center_lat": 35.20032315
      }
    },
    {
      "type": "Feature",
      "geometry": {
        "type": "Point",
        "coordinates": [
          128.7346714,
          35.30359561
        ]
      },
      "properties": {
        "cluster_id": "ped_hotspot_cluster_1070",
        "display_name": "경남 김해시 진영읍(메디팜진영약국 부근)",
        "representative_place_name": "경남 김해시 진영읍(메디팜진영약국 부근)",
        "representative_district": "경남 김해시5",
        "member_count": 1,
        "repeat_year_count": 1,
        "source_years": [
          2025
        ],
        "accidents_total": 7,
        "casualties_total": 7,
        "deaths_total": 0,
        "serious_injuries_total": 7,
        "max_risk_score": 35.0,
        "avg_risk_score": 35.0,
        "risk_level": "low",
        "risk_level_ko": "관심",
        "high_member_count": 0,
        "center_lng": 128.7346714,
        "center_lat": 35.30359561
      }
    },
    {
      "type": "Feature",
      "geometry": {
        "type": "Point",
        "coordinates": [
          128.62482927,
          34.88679252
        ]
      },
      "properties": {
        "cluster_id": "ped_hotspot_cluster_1071",
        "display_name": "경남 거제시 고현동(고현사거리 부근)",
        "representative_place_name": "경남 거제시 고현동(고현사거리 부근)",
        "representative_district": "경남 거제시1",
        "member_count": 1,
        "repeat_year_count": 1,
        "source_years": [
          2025
        ],
        "accidents_total": 7,
        "casualties_total": 7,
        "deaths_total": 0,
        "serious_injuries_total": 7,
        "max_risk_score": 35.0,
        "avg_risk_score": 35.0,
        "risk_level": "low",
        "risk_level_ko": "관심",
        "high_member_count": 0,
        "center_lng": 128.62482927,
        "center_lat": 34.88679252
      }
    },
    {
      "type": "Feature",
      "geometry": {
        "type": "Point",
        "coordinates": [
          126.52011344,
          33.50513814
        ]
      },
      "properties": {
        "cluster_id": "ped_hotspot_cluster_1072",
        "display_name": "제주 제주시 삼도이동(제주중앙여자중학교 부근)",
        "representative_place_name": "제주 제주시 삼도이동(제주중앙여자중학교 부근)",
        "representative_district": "제주 제주시5",
        "member_count": 1,
        "repeat_year_count": 1,
        "source_years": [
          2025
        ],
        "accidents_total": 7,
        "casualties_total": 7,
        "deaths_total": 0,
        "serious_injuries_total": 7,
        "max_risk_score": 35.0,
        "avg_risk_score": 35.0,
        "risk_level": "low",
        "risk_level_ko": "관심",
        "high_member_count": 0,
        "center_lng": 126.52011344,
        "center_lat": 33.50513814
      }
    }
  ]
}
