hotspot_fid,hotspot_id,source_year,legal_dong_code,site_code,district,place_name,display_name,accidents,casualties,deaths,serious_injuries,minor_injuries,reported_injuries,center_lng,center_lat,risk_score,risk_score_norm,risk_percentile,risk_level,risk_level_ko
6778887,2022040,2022,1111017100,11110001,서울특별시 종로구1,서울특별시 종로구 명륜2가(성균관대입구교차로 부근),서울 종로구 명륜2가(성균관대입구교차로 부근),9,10,1,9,0,0,126.998779663951,37.582939742576,55.0,0.2667,0.9007,high,고위험
6779548,2022040,2022,1111013700,11110002,서울특별시 종로구2,서울특별시 종로구 낙원동(낙원상가 부근),서울 종로구 낙원동(낙원상가 부근),8,8,0,8,0,0,126.988435365001,37.571898949278,40.0,0.0667,0.5282,medium,주의
6779517,2022040,2022,1111011900,11110003,서울특별시 종로구3,서울특별시 종로구 세종로(세종로180 부근),서울 종로구 세종로(세종로180 부근),7,8,0,8,0,0,126.976898868989,37.569865431945,39.0,0.0533,0.432,medium,주의
6779511,2022040,2022,1111017500,11110004,서울특별시 종로구4,서울특별시 종로구 숭인동(신설동역6번출구 부근),서울 종로구 숭인동(신설동역6번출구 부근),7,8,0,7,1,0,127.02374655536,37.575111266473,36.0,0.0133,0.3785,low,관심
6779131,2022040,2022,1111013800,11110005,서울특별시 종로구5,서울특별시 종로구 종로2가(종로2가교차로 부근),서울 종로구 종로2가(종로2가교차로 부근),7,8,0,7,0,1,126.987315332238,37.5700913983,35.5,0.0067,0.3276,low,관심
6779066,2022040,2022,1111017500,11110006,서울특별시 종로구6,서울특별시 종로구 숭인동(신설동역11번출구 부근),서울 종로구 숭인동(신설동역11번출구 부근),7,7,0,7,0,0,127.021486279369,37.574381048448,35.0,0.0,0.3196,low,관심
6778909,2022040,2022,1114017400,11140001,서울특별시 중구1,서울특별시 중구 만리동2가(용산구마포구 부근),서울 중구 만리동2가(용산구마포구 부근),9,9,1,8,0,0,126.962535521398,37.551593702688,51.0,0.2133,0.8629,high,고위험
6778923,2022040,2022,1114011800,11140002,서울특별시 중구2,서울특별시 중구 남대문로5가(서울역91번출구 부근),서울 중구 남대문로5가(서울역91번출구 부근),8,10,0,9,0,1,126.972473679318,37.555063645971,44.5,0.1267,0.6784,medium,주의
6779094,2022040,2022,1114016200,11140003,서울특별시 중구3,서울특별시 중구 신당동(약수역앞교차로 부근),서울 중구 신당동(약수역앞교차로 부근),8,9,0,9,0,0,127.01051584723,37.554866948052,44.0,0.12,0.6779,medium,주의
6779002,2022040,2022,1114016500,11140004,서울특별시 중구4,서울특별시 중구 황학동(신당역서울6호선 부근),서울 중구 황학동(신당역서울6호선 부근),8,8,0,8,0,0,127.018144728697,37.565714518411,40.0,0.0667,0.5282,medium,주의
6778973,2022040,2022,1114016200,11140005,서울특별시 중구5,서울특별시 중구 신당동(기업은행성동지점 부근),서울 중구 신당동(기업은행성동지점 부근),8,8,0,8,0,0,127.021996859568,37.565369639198,40.0,0.0667,0.5282,medium,주의
6779277,2022040,2022,1114015100,11140006,서울특별시 중구6,서울특별시 중구 을지로5가(중부시장앞 부근),서울 중구 을지로5가(중부시장앞 부근),7,8,1,6,1,0,127.00092775941,37.56654433995,42.0,0.0933,0.6542,medium,주의
6779561,2022040,2022,1114011800,11140007,서울특별시 중구7,서울특별시 중구 남대문로5가(연세봉래빌딩 부근),서울 중구 남대문로5가(연세봉래빌딩 부근),7,10,0,8,1,1,126.972899867136,37.558851211815,40.5,0.0733,0.5323,medium,주의
6779166,2022040,2022,1114010400,11140008,서울특별시 중구8,서울특별시 중구 을지로1가(을지로1가 부근),서울 중구 을지로1가(을지로1가 부근),7,8,0,8,0,0,126.982810813369,37.566466362434,39.0,0.0533,0.432,medium,주의
6779300,2022040,2022,1114016200,11140009,서울특별시 중구9,서울특별시 중구 신당동(약수역서울3호선 부근),서울 중구 신당동(약수역서울3호선 부근),7,9,0,7,2,0,127.010754058754,37.553065235473,37.0,0.0267,0.3891,low,관심
6779125,2022040,2022,1117013000,11170001,서울특별시 용산구1,서울특별시 용산구 이태원동(이태원소방파출소 부근),서울 용산구 이태원동(이태원소방파출소 부근),8,8,0,8,0,0,126.995256175933,37.534432173007,40.0,0.0667,0.5282,medium,주의
6778963,2022040,2022,1117013100,11170002,서울특별시 용산구2,서울특별시 용산구 한남동(순천향병원 부근),서울 용산구 한남동(순천향병원 부근),7,8,0,8,0,0,127.006582749495,37.533218146701,39.0,0.0533,0.432,medium,주의
6779073,2022040,2022,1120011500,11200001,서울특별시 성동구1,서울특별시 성동구 성수동2가(성수역앞교차로 부근),서울 성동구 성수동2가(성수역앞교차로 부근),7,10,0,8,2,0,127.057224063141,37.544235122354,41.0,0.08,0.6361,medium,주의
6779206,2022040,2022,1121510700,11215001,서울특별시 광진구1,서울특별시 광진구 화양동(성수사거리 부근),서울 광진구 화양동(성수사거리 부근),7,7,1,6,0,0,127.064028562169,37.542097192832,41.0,0.08,0.6361,medium,주의
6779214,2022040,2022,1121510500,11215002,서울특별시 광진구2,서울특별시 광진구 자양동(건대입구역앞교차로 부근),서울 광진구 자양동(건대입구역앞교차로 부근),7,7,1,6,0,0,127.069922998549,37.540676642614,41.0,0.08,0.6361,medium,주의
6778866,2022040,2022,1123010700,11230001,서울특별시 동대문구1,서울특별시 동대문구 청량리동(청량리역 부근),서울 동대문구 청량리동(청량리역 부근),12,14,1,13,0,0,127.045683175739,37.580605813908,74.0,0.52,0.9829,high,고위험
6778943,2022040,2022,1123010300,11230002,서울특별시 동대문구2,서울특별시 동대문구 제기동(우리은행청량리중앙지 부근),서울 동대문구 제기동(우리은행청량리중앙지 부근),10,10,0,10,0,0,127.041160795435,37.579326435667,50.0,0.2,0.8407,high,고위험
6778933,2022040,2022,1123010200,11230003,서울특별시 동대문구3,서울특별시 동대문구 용두동(경동시장앞교차로 부근),서울 동대문구 용두동(경동시장앞교차로 부근),9,9,0,9,0,0,127.038224059294,37.578053099072,45.0,0.1333,0.7283,medium,주의
6778914,2022040,2022,1123010300,11230004,서울특별시 동대문구4,서울특별시 동대문구 제기동(경동시장앞교차로 부근),서울 동대문구 제기동(경동시장앞교차로 부근),8,10,1,8,1,0,127.038439429837,37.579856634577,51.0,0.2133,0.8629,high,고위험
6778989,2022040,2022,1123010900,11230005,서울특별시 동대문구5,서울특별시 동대문구 휘경동(위생병원앞교차로 부근),서울 동대문구 휘경동(위생병원앞교차로 부근),8,8,1,7,0,0,127.062389798651,37.590042937932,46.0,0.1467,0.7722,medium,주의
6779579,2022040,2022,1123010600,11230006,서울특별시 동대문구6,서울특별시 동대문구 장안동(장안APT 부근),서울 동대문구 장안동(장안APT 부근),7,7,1,6,0,0,127.074497769757,37.572240520784,41.0,0.08,0.6361,medium,주의
6779580,2022040,2022,1123010200,11230007,서울특별시 동대문구7,서울특별시 동대문구 용두동(용신동주민센터 부근),서울 동대문구 용두동(용신동주민센터 부근),7,7,1,6,0,0,127.037329219469,37.576246899776,41.0,0.08,0.6361,medium,주의
6779301,2022040,2022,1123010600,11230008,서울특별시 동대문구8,서울특별시 동대문구 장안동(장안동우리은행 부근),서울 동대문구 장안동(장안동우리은행 부근),7,9,0,8,1,0,127.067287899518,37.565724598013,40.0,0.0667,0.5282,medium,주의
6779549,2022040,2022,1123010700,11230009,서울특별시 동대문구9,서울특별시 동대문구 청량리동(영휘원사거리 부근),서울 동대문구 청량리동(영휘원사거리 부근),7,9,0,8,0,1,127.042249158573,37.586541433841,39.5,0.06,0.433,medium,주의
6779138,2022040,2022,1123010900,11230010,서울특별시 동대문구10,서울특별시 동대문구 휘경동(중랑교사거리 부근),서울 동대문구 휘경동(중랑교사거리 부근),7,9,0,7,2,0,127.067138692997,37.591502603264,37.0,0.0267,0.3891,low,관심
6779257,2022040,2022,1123010400,11230011,서울특별시 동대문구11,서울특별시 동대문구 전농동(전농동29568 부근),서울 동대문구 전농동(전농동29568 부근),7,7,0,7,0,0,127.058155951437,37.578129386763,35.0,0.0,0.3196,low,관심
6779542,2022040,2022,1123010200,11230012,서울특별시 동대문구12,서울특별시 동대문구 용두동(서울시설공단 부근),서울 동대문구 용두동(서울시설공단 부근),7,7,0,7,0,0,127.038026516911,37.573365319055,35.0,0.0,0.3196,low,관심
6779063,2022040,2022,1123010600,11230013,서울특별시 동대문구13,서울특별시 동대문구 장안동(장안동46914 부근),서울 동대문구 장안동(장안동46914 부근),7,7,0,7,0,0,127.071330123687,37.571688251612,35.0,0.0,0.3196,low,관심
6779113,2022040,2022,1123010300,11230014,서울특별시 동대문구14,서울특별시 동대문구 제기동(용두교 부근),서울 동대문구 제기동(용두교 부근),7,7,0,7,0,0,127.03391946871,37.57821645013,35.0,0.0,0.3196,low,관심
6779512,2022040,2022,1123010300,11230015,서울특별시 동대문구15,서울특별시 동대문구 제기동(식당재료유통할인 부근),서울 동대문구 제기동(식당재료유통할인 부근),7,7,0,7,0,0,127.040008320529,37.582566799119,35.0,0.0,0.3196,low,관심
6779507,2022040,2022,1123010500,11230016,서울특별시 동대문구16,서울특별시 동대문구 답십리동(신답고가차도남측 부근),서울 동대문구 답십리동(신답고가차도남측 부근),7,7,0,7,0,0,127.050049712525,37.570166902681,35.0,0.0,0.3196,low,관심
6779095,2022040,2022,1123010900,11230017,서울특별시 동대문구17,서울특별시 동대문구 휘경동(백합빌딩 부근),서울 동대문구 휘경동(백합빌딩 부근),7,7,0,7,0,0,127.058769489621,37.589308383376,35.0,0.0,0.3196,low,관심
6779070,2022040,2022,1126010100,11260001,서울특별시 중랑구1,서울특별시 중랑구 면목동(면남초등교입구 부근),서울 중랑구 면목동(면남초등교입구 부근),8,9,0,8,1,0,127.086916447637,37.579134880971,41.0,0.08,0.6361,medium,주의
6779082,2022040,2022,1126010100,11260002,서울특별시 중랑구2,서울특별시 중랑구 면목동(면목역앞교차로 부근),서울 중랑구 면목동(면목역앞교차로 부근),7,9,1,6,1,1,127.087771767654,37.588331619809,42.5,0.1,0.6552,medium,주의
6778994,2022040,2022,1126010500,11260003,서울특별시 중랑구3,서울특별시 중랑구 망우동(LG전자스토어 부근),서울 중랑구 망우동(LG전자스토어 부근),7,7,1,6,0,0,127.09519359371,37.598272118664,41.0,0.08,0.6361,medium,주의
6779232,2022040,2022,1126010400,11260004,서울특별시 중랑구4,서울특별시 중랑구 묵동(묵동우체국 부근),서울 중랑구 묵동(묵동우체국 부근),7,8,0,8,0,0,127.077457604086,37.609566893099,39.0,0.0533,0.432,medium,주의
6779352,2022040,2022,1126010100,11260005,서울특별시 중랑구5,서울특별시 중랑구 면목동(면목2동사거리 부근),서울 중랑구 면목동(면목2동사거리 부근),7,7,0,7,0,0,127.078948235774,37.586317510745,35.0,0.0,0.3196,low,관심
6779314,2022040,2022,1126010200,11260006,서울특별시 중랑구6,서울특별시 중랑구 상봉동(우리은행중랑교지점 부근),서울 중랑구 상봉동(우리은행중랑교지점 부근),7,7,0,7,0,0,127.075281844582,37.593695416611,35.0,0.0,0.3196,low,관심
6779259,2022040,2022,1126010500,11260007,서울특별시 중랑구7,서울특별시 중랑구 망우동(우림시장앞교차로 부근),서울 중랑구 망우동(우림시장앞교차로 부근),7,7,0,7,0,0,127.099739306925,37.595583583716,35.0,0.0,0.3196,low,관심
6779313,2022040,2022,1126010100,11260008,서울특별시 중랑구8,서울특별시 중랑구 면목동(서울시체육회앞교차로 부근),서울 중랑구 면목동(서울시체육회앞교차로 부근),7,7,0,7,0,0,127.073252188039,37.592065672394,35.0,0.0,0.3196,low,관심
6779563,2022040,2022,1126010200,11260009,서울특별시 중랑구9,서울특별시 중랑구 상봉동(한일써너스빌103동 부근),서울 중랑구 상봉동(한일써너스빌103동 부근),7,7,0,7,0,0,127.090669281663,37.596994629,35.0,0.0,0.3196,low,관심
6779057,2022040,2022,1126010400,11260010,서울특별시 중랑구10,서울특별시 중랑구 묵동(극동늘푸른아파트 부근),서울 중랑구 묵동(극동늘푸른아파트 부근),7,7,0,7,0,0,127.076742060299,37.615873731588,35.0,0.0,0.3196,low,관심
6779114,2022040,2022,1126010500,11260011,서울특별시 중랑구11,서울특별시 중랑구 망우동(신내지하차도앞교차로 부근),서울 중랑구 망우동(신내지하차도앞교차로 부근),7,7,0,7,0,0,127.097456294274,37.598820664643,35.0,0.0,0.3196,low,관심
6779099,2022040,2022,1129013400,11290001,서울특별시 성북구1,서울특별시 성북구 길음동(길음역앞교차로 부근),서울 성북구 길음동(길음역앞교차로 부근),8,8,0,8,0,0,127.024922194105,37.603959042777,40.0,0.0667,0.5282,medium,주의
6779151,2022040,2022,1129011600,11290002,서울특별시 성북구2,서울특별시 성북구 동선동1가(성신여대입구역사거리 부근),서울 성북구 동선동1가(성신여대입구역사거리 부근),7,7,0,7,0,0,127.017968112639,37.593114724366,35.0,0.0,0.3196,low,관심
6779149,2022040,2022,1129013500,11290003,서울특별시 성북구3,서울특별시 성북구 종암동(종암사거리 부근),서울 성북구 종암동(종암사거리 부근),7,7,0,7,0,0,127.031950587451,37.603266052188,35.0,0.0,0.3196,low,관심
6779008,2022040,2022,1129013600,11290004,서울특별시 성북구4,서울특별시 성북구 하월곡동(성북트리즘빌딩앞교차 부근),서울 성북구 하월곡동(성북트리즘빌딩앞교차 부근),7,7,0,7,0,0,127.038299135598,37.602569983219,35.0,0.0,0.3196,low,관심
6779190,2022040,2022,1129013300,11290005,서울특별시 성북구5,서울특별시 성북구 정릉동(미진미싱 부근),서울 성북구 정릉동(미진미싱 부근),7,7,0,7,0,0,127.021084264428,37.601780308316,35.0,0.0,0.3196,low,관심
6779540,2022040,2022,1129013700,11290006,서울특별시 성북구6,서울특별시 성북구 상월곡동(부동산 부근),서울 성북구 상월곡동(부동산 부근),7,7,0,7,0,0,127.046881568231,37.607109963255,35.0,0.0,0.3196,low,관심
6779208,2022040,2022,1129013500,11290007,서울특별시 성북구7,서울특별시 성북구 종암동(속성변화점 부근),서울 성북구 종암동(속성변화점 부근),7,7,0,7,0,0,127.034018992184,37.598587251002,35.0,0.0,0.3196,low,관심
6778890,2022040,2022,1130510100,11305001,서울특별시 강북구1,서울특별시 강북구 미아동(미아삼거리역 부근),서울 강북구 미아동(미아삼거리역 부근),11,14,0,11,3,0,127.030757696112,37.612815543803,58.0,0.3067,0.9234,high,고위험
6778928,2022040,2022,1130510300,11305002,서울특별시 강북구2,서울특별시 강북구 수유동(강북구청사거리 부근),서울 강북구 수유동(강북구청사거리 부근),8,9,1,7,1,0,127.027416365774,37.639481858902,47.0,0.16,0.7893,medium,주의
6779229,2022040,2022,1130510200,11305003,서울특별시 강북구3,서울특별시 강북구 번동(강북구도봉구 부근),서울 강북구 번동(강북구도봉구 부근),7,8,1,7,0,0,127.02966843635,37.641834335187,45.0,0.1333,0.7283,medium,주의
6778983,2022040,2022,1130510200,11305004,서울특별시 강북구4,서울특별시 강북구 번동(새마을금고 부근),서울 강북구 번동(새마을금고 부근),7,9,1,6,2,0,127.039725166284,37.628534189502,43.0,0.1067,0.6628,medium,주의
6779000,2022040,2022,1130510100,11305005,서울특별시 강북구5,서울특별시 강북구 미아동(방천시장입구교차로 부근),서울 강북구 미아동(방천시장입구교차로 부근),7,8,1,6,1,0,127.03483992932,37.612290900905,42.0,0.0933,0.6542,medium,주의
6779115,2022040,2022,1130510100,11305006,서울특별시 강북구6,서울특별시 강북구 미아동(삼양동사거리 부근),서울 강북구 미아동(삼양동사거리 부근),7,7,1,6,0,0,127.020969811309,37.619626407334,41.0,0.08,0.6361,medium,주의
6779119,2022040,2022,1130510100,11305007,서울특별시 강북구7,서울특별시 강북구 미아동(삼성생명 부근),서울 강북구 미아동(삼성생명 부근),7,8,0,7,1,0,127.026598831672,37.625417700467,36.0,0.0133,0.3785,low,관심
6779365,2022040,2022,1130510100,11305008,서울특별시 강북구8,서울특별시 강북구 미아동(삼양입구사거리 부근),서울 강북구 미아동(삼양입구사거리 부근),7,8,0,7,1,0,127.029598560826,37.616957098093,36.0,0.0133,0.3785,low,관심
6779346,2022040,2022,1130510300,11305009,서울특별시 강북구9,서울특별시 강북구 수유동(국민마트 부근),서울 강북구 수유동(국민마트 부근),7,7,0,7,0,0,127.016965552919,37.643044881117,35.0,0.0,0.3196,low,관심
6778919,2022040,2022,1132010500,11320001,서울특별시 도봉구1,서울특별시 도봉구 쌍문동(이영수의원입구 부근),서울 도봉구 쌍문동(이영수의원입구 부근),9,13,0,9,4,0,127.034612917054,37.648704103413,49.0,0.1867,0.8065,high,고위험
6778879,2022040,2022,1132010600,11320002,서울특별시 도봉구2,서울특별시 도봉구 방학동(녹산교회 부근),서울 도봉구 방학동(녹산교회 부근),8,8,0,8,0,0,127.044255800566,37.666047386978,40.0,0.0667,0.5282,medium,주의
6779554,2022040,2022,1132010500,11320003,서울특별시 도봉구3,서울특별시 도봉구 쌍문동(도봉보건소교차로 부근),서울 도봉구 쌍문동(도봉보건소교차로 부근),7,8,0,8,0,0,127.038642446393,37.657012220339,39.0,0.0533,0.432,medium,주의
6779084,2022040,2022,1132010500,11320004,서울특별시 도봉구4,서울특별시 도봉구 쌍문동(쌍문주택은행 부근),서울 도봉구 쌍문동(쌍문주택은행 부근),7,8,0,7,1,0,127.03273935314,37.658250852995,36.0,0.0133,0.3785,low,관심
6779077,2022040,2022,1132010700,11320005,서울특별시 도봉구5,서울특별시 도봉구 창동(도봉구보건소 부근),서울 도봉구 창동(도봉구보건소 부근),7,7,0,7,0,0,127.049095298011,37.653267028751,35.0,0.0,0.3196,low,관심
6779298,2022040,2022,1132010500,11320006,서울특별시 도봉구6,서울특별시 도봉구 쌍문동(성북택시 부근),서울 도봉구 쌍문동(성북택시 부근),7,7,0,7,0,0,127.032597356484,37.644730253799,35.0,0.0,0.3196,low,관심
6779246,2022040,2022,1135010500,11350001,서울특별시 노원구1,서울특별시 노원구 상계동(노원역6번출구 부근),서울 노원구 상계동(노원역6번출구 부근),7,7,2,5,0,0,127.060656260979,37.653671186777,47.0,0.16,0.7893,medium,주의
6779076,2022040,2022,1135010300,11350002,서울특별시 노원구2,서울특별시 노원구 공릉동(서울동아의원 부근),서울 노원구 공릉동(서울동아의원 부근),7,9,1,6,2,0,127.078311053513,37.618943912732,43.0,0.1067,0.6628,medium,주의
6779363,2022040,2022,1135010600,11350003,서울특별시 노원구3,서울특별시 노원구 중계동(중계동45321 부근),서울 노원구 중계동(중계동45321 부근),7,9,0,8,1,0,127.07354371767,37.660027835117,40.0,0.0667,0.5282,medium,주의
6779100,2022040,2022,1135010500,11350004,서울특별시 노원구4,서울특별시 노원구 상계동(수락산역 부근),서울 노원구 상계동(수락산역 부근),7,8,0,7,1,0,127.055077070252,37.676724437784,36.0,0.0133,0.3785,low,관심
6779179,2022040,2022,1135010500,11350005,서울특별시 노원구5,서울특별시 노원구 상계동(기업은행 부근),서울 노원구 상계동(기업은행 부근),7,7,0,7,0,0,127.081647983469,37.67051234467,35.0,0.0,0.3196,low,관심
6778761,2022040,2022,1138010600,11380001,서울특별시 은평구1,서울특별시 은평구 대조동(연신내역앞교차로 부근),서울 은평구 대조동(연신내역앞교차로 부근),12,14,0,12,2,0,126.921487192381,37.618639813278,62.0,0.36,0.9486,high,고위험
6779271,2022040,2022,1138010600,11380002,서울특별시 은평구2,서울특별시 은평구 대조동(불광역6번출구 부근),서울 은평구 대조동(불광역6번출구 부근),9,10,1,9,0,0,126.929028973609,37.610384240142,55.0,0.2667,0.9007,high,고위험
6779032,2022040,2022,1138010800,11380003,서울특별시 은평구3,서울특별시 은평구 역촌동(역촌역앞교차로 부근),서울 은평구 역촌동(역촌역앞교차로 부근),7,9,1,7,1,0,126.922028327047,37.607285611643,46.0,0.1467,0.7722,medium,주의
6779546,2022040,2022,1138010400,11380004,서울특별시 은평구4,서울특별시 은평구 갈현동(갈현사안경나라 부근),서울 은평구 갈현동(갈현사안경나라 부근),7,8,1,7,0,0,126.918734103197,37.62295269741,45.0,0.1333,0.7283,medium,주의
6779061,2022040,2022,1138011000,11380005,서울특별시 은평구5,서울특별시 은평구 증산동(증산시장 부근),서울 은평구 증산동(증산시장 부근),7,8,1,6,1,0,126.905244153796,37.580883096479,42.0,0.0933,0.6542,medium,주의
6778957,2022040,2022,1138010600,11380006,서울특별시 은평구6,서울특별시 은평구 대조동(불광전화국앞 부근),서울 은평구 대조동(불광전화국앞 부근),7,7,1,6,0,0,126.928335397562,37.612183559625,41.0,0.08,0.6361,medium,주의
6779337,2022040,2022,1138010700,11380007,서울특별시 은평구7,서울특별시 은평구 응암동(파리바게뜨 부근),서울 은평구 응암동(파리바게뜨 부근),7,7,0,7,0,0,126.91742330894,37.587613762966,35.0,0.0,0.3196,low,관심
6779175,2022040,2022,1138010800,11380008,서울특별시 은평구8,서울특별시 은평구 역촌동(서북병원사거리 부근),서울 은평구 역촌동(서북병원사거리 부근),7,7,0,7,0,0,126.910484003335,37.605786367148,35.0,0.0,0.3196,low,관심
6779075,2022040,2022,1138010400,11380009,서울특별시 은평구9,서울특별시 은평구 갈현동(연신내역 부근),서울 은평구 갈현동(연신내역 부근),7,7,0,7,0,0,126.919665847602,37.619712474252,35.0,0.0,0.3196,low,관심
6778918,2022040,2022,1141011100,11410001,서울특별시 서대문구1,서울특별시 서대문구 홍제동(서부빌딩 부근),서울 서대문구 홍제동(서부빌딩 부근),11,11,2,9,0,0,126.944831337198,37.587926126291,67.0,0.4267,0.9682,high,고위험
6778945,2022040,2022,1141011800,11410002,서울특별시 서대문구2,서울특별시 서대문구 홍은동(홍은사거리 부근),서울 서대문구 홍은동(홍은사거리 부근),9,9,1,8,0,0,126.941406520096,37.591515334966,51.0,0.2133,0.8629,high,고위험
6778948,2022040,2022,1141010400,11410003,서울특별시 서대문구3,서울특별시 서대문구 미근동(서대문역 부근),서울 서대문구 미근동(서대문역 부근),8,9,0,9,0,0,126.966281733716,37.566032256085,44.0,0.12,0.6779,medium,주의
6778980,2022040,2022,1141011600,11410004,서울특별시 서대문구4,서울특별시 서대문구 창천동(창천오피스텔 부근),서울 서대문구 창천동(창천오피스텔 부근),8,8,0,8,0,0,126.931888776347,37.562086110986,40.0,0.0667,0.5282,medium,주의
6779361,2022040,2022,1141011100,11410005,서울특별시 서대문구5,서울특별시 서대문구 홍제동(홍제교 부근),서울 서대문구 홍제동(홍제교 부근),7,10,2,5,3,0,126.943897071993,37.591707364504,50.0,0.2,0.8407,high,고위험
6779027,2022040,2022,1141011900,11410006,서울특별시 서대문구6,서울특별시 서대문구 북가좌동(은현교회 부근),서울 서대문구 북가좌동(은현교회 부근),7,8,0,7,0,1,126.914729028223,37.584535872833,35.5,0.0067,0.3276,low,관심
6779515,2022040,2022,1141011200,11410007,서울특별시 서대문구7,서울특별시 서대문구 대현동(신촌기차역입구교차로 부근),서울 서대문구 대현동(신촌기차역입구교차로 부근),7,7,0,7,0,0,126.943929295602,37.556915626156,35.0,0.0,0.3196,low,관심
6778886,2022040,2022,1144010400,11440001,서울특별시 마포구1,서울특별시 마포구 도화동(진도빌딩 부근),서울 마포구 도화동(진도빌딩 부근),7,9,0,8,1,0,126.94745086087,37.539986809545,40.0,0.0667,0.5282,medium,주의
6779020,2022040,2022,1144010400,11440002,서울특별시 마포구2,서울특별시 마포구 도화동(독막길입구 부근),서울 마포구 도화동(독막길입구 부근),7,8,0,8,0,0,126.949931771135,37.541260281937,39.0,0.0533,0.432,medium,주의
6779192,2022040,2022,1144012000,11440003,서울특별시 마포구3,서울특별시 마포구 서교동(태성빌딩 부근),서울 마포구 서교동(태성빌딩 부근),7,8,0,7,1,0,126.921108628162,37.550496513604,36.0,0.0133,0.3785,low,관심
6778870,2022040,2022,1147010200,11470001,서울특별시 양천구1,서울특별시 양천구 목동(서울도시가스앞교차로 부근),서울 양천구 목동(서울도시가스앞교차로 부근),10,10,0,10,0,0,126.872232932805,37.546821658893,50.0,0.2,0.8407,high,고위험
6779053,2022040,2022,1147010300,11470002,서울특별시 양천구2,서울특별시 양천구 신월동(곰달래사거리 부근),서울 양천구 신월동(곰달래사거리 부근),8,10,0,10,0,0,126.838195240919,37.529870768422,48.0,0.1733,0.7939,medium,주의
6779140,2022040,2022,1147010300,11470003,서울특별시 양천구3,서울특별시 양천구 신월동(대한빌라 부근),서울 양천구 신월동(대한빌라 부근),7,9,0,8,1,0,126.832286176167,37.532541543558,40.0,0.0667,0.5282,medium,주의
6779060,2022040,2022,1147010300,11470004,서울특별시 양천구4,서울특별시 양천구 신월동(서서울호수공원앞교차 부근),서울 양천구 신월동(서서울호수공원앞교차 부근),7,8,0,8,0,0,126.832766181215,37.529479679345,39.0,0.0533,0.432,medium,주의
6778955,2022040,2022,1147010300,11470005,서울특별시 양천구5,서울특별시 양천구 신월동(명성빌딩 부근),서울 양천구 신월동(명성빌딩 부근),7,9,0,7,0,2,126.851612021479,37.522734412364,36.0,0.0133,0.3785,low,관심
6779080,2022040,2022,1147010300,11470006,서울특별시 양천구6,서울특별시 양천구 신월동(신월사거리 부근),서울 양천구 신월동(신월사거리 부근),7,7,0,7,0,0,126.828637065449,37.535585429425,35.0,0.0,0.3196,low,관심
6779341,2022040,2022,1147010100,11470007,서울특별시 양천구7,서울특별시 양천구 신정동(영등포여상사거리 부근),서울 양천구 신정동(영등포여상사거리 부근),7,7,0,7,0,0,126.858604919483,37.525476641335,35.0,0.0,0.3196,low,관심
6779109,2022040,2022,1147010200,11470008,서울특별시 양천구8,서울특별시 양천구 목동(롯데캐슬위너앞사거리 부근),서울 양천구 목동(롯데캐슬위너앞사거리 부근),7,7,0,7,0,0,126.866334393718,37.548232303079,35.0,0.0,0.3196,low,관심
6779225,2022040,2022,1147010200,11470009,서울특별시 양천구9,서울특별시 양천구 목동(SC제일은행등촌지점 부근),서울 양천구 목동(SC제일은행등촌지점 부근),7,7,0,7,0,0,126.863619108436,37.548037431683,35.0,0.0,0.3196,low,관심
6779245,2022040,2022,1147010100,11470010,서울특별시 양천구10,서울특별시 양천구 신정동(이화빌딩 부근),서울 양천구 신정동(이화빌딩 부근),7,7,0,7,0,0,126.861320909833,37.525491360539,35.0,0.0,0.3196,low,관심
6778896,2022040,2022,1150010300,11500001,서울특별시 강서구1,서울특별시 강서구 화곡동(한라한의원 부근),서울 강서구 화곡동(한라한의원 부근),8,8,0,8,0,0,126.847664055253,37.534249915502,40.0,0.0667,0.5282,medium,주의
6778940,2022040,2022,1150010300,11500002,서울특별시 강서구2,서울특별시 강서구 화곡동(우장산역앞교차로 부근),서울 강서구 화곡동(우장산역앞교차로 부근),8,8,0,8,0,0,126.835545506321,37.547882788761,40.0,0.0667,0.5282,medium,주의
6779255,2022040,2022,1150010300,11500003,서울특별시 강서구3,서울특별시 강서구 화곡동(화곡사거리 부근),서울 강서구 화곡동(화곡사거리 부근),7,8,1,6,1,0,126.846783777251,37.531360740906,42.0,0.0933,0.6542,medium,주의
6779333,2022040,2022,1150010300,11500004,서울특별시 강서구4,서울특별시 강서구 화곡동(화곡역사거리 부근),서울 강서구 화곡동(화곡역사거리 부근),7,7,1,6,0,0,126.841264180998,37.541244882846,41.0,0.08,0.6361,medium,주의
6779044,2022040,2022,1150010300,11500005,서울특별시 강서구5,서울특별시 강서구 화곡동(동면빌딩 부근),서울 강서구 화곡동(동면빌딩 부근),7,9,0,7,2,0,126.851541806011,37.530846155127,37.0,0.0267,0.3891,low,관심
6779578,2022040,2022,1150010900,11500006,서울특별시 강서구6,서울특별시 강서구 방화동(국제예식장 부근),서울 강서구 방화동(국제예식장 부근),7,8,0,7,1,0,126.812064084491,37.565414600804,36.0,0.0133,0.3785,low,관심
6779339,2022040,2022,1150010300,11500007,서울특별시 강서구7,서울특별시 강서구 화곡동(목동사거리 부근),서울 강서구 화곡동(목동사거리 부근),7,7,0,7,0,0,126.863747793327,37.53289551132,35.0,0.0,0.3196,low,관심
6779280,2022040,2022,1150010300,11500008,서울특별시 강서구8,서울특별시 강서구 화곡동(신라빌딩 부근),서울 강서구 화곡동(신라빌딩 부근),7,7,0,7,0,0,126.851574594393,37.55319969671,35.0,0.0,0.3196,low,관심
6778926,2022040,2022,1153010800,11530001,서울특별시 구로구1,서울특별시 구로구 오류동(쉬즈미스 부근),서울 구로구 오류동(쉬즈미스 부근),10,12,1,9,1,1,126.843473337725,37.495829226539,57.5,0.3,0.9194,high,고위험
6779019,2022040,2022,1153010200,11530002,서울특별시 구로구2,서울특별시 구로구 구로동(영서중 부근),서울 구로구 구로동(영서중 부근),8,8,0,8,0,0,126.891264898557,37.489415140297,40.0,0.0667,0.5282,medium,주의
6779303,2022040,2022,1153010200,11530003,서울특별시 구로구3,서울특별시 구로구 구로동(AK플라자앞 부근),서울 구로구 구로동(AK플라자앞 부근),7,9,1,6,1,1,126.882805578616,37.500187494958,42.5,0.1,0.6552,medium,주의
6779568,2022040,2022,1153010200,11530004,서울특별시 구로구4,서울특별시 구로구 구로동(가마산고가차도남측 부근),서울 구로구 구로동(가마산고가차도남측 부근),7,8,0,7,1,0,126.882872335291,37.492075660464,36.0,0.0133,0.3785,low,관심
6779324,2022040,2022,1153010600,11530005,서울특별시 구로구5,서울특별시 구로구 고척동(고척2파출소앞교차로 부근),서울 구로구 고척동(고척2파출소앞교차로 부근),7,8,0,7,1,0,126.859898272289,37.506555318274,36.0,0.0133,0.3785,low,관심
6779242,2022040,2022,1153010300,11530006,서울특별시 구로구6,서울특별시 구로구 가리봉동(현대자동차AS센타 부근),서울 구로구 가리봉동(현대자동차AS센타 부근),7,7,0,7,0,0,126.887254690253,37.481823024014,35.0,0.0,0.3196,low,관심
6779105,2022040,2022,1153010200,11530007,서울특별시 구로구7,서울특별시 구로구 구로동(구로단지우체국 부근),서울 구로구 구로동(구로단지우체국 부근),7,7,0,7,0,0,126.899911927694,37.483149888258,35.0,0.0,0.3196,low,관심
6779180,2022040,2022,1153010200,11530008,서울특별시 구로구8,서울특별시 구로구 구로동(구로정형외과앞교차로 부근),서울 구로구 구로동(구로정형외과앞교차로 부근),7,7,0,7,0,0,126.884244529862,37.490280112738,35.0,0.0,0.3196,low,관심
6779012,2022040,2022,1154510200,11545001,서울특별시 금천구1,서울특별시 금천구 독산동(독산4동사거리 부근),서울 금천구 독산동(독산4동사거리 부근),8,12,0,10,2,0,126.902546583359,37.464775541859,50.0,0.2,0.8407,high,고위험
6778986,2022040,2022,1154510200,11545002,서울특별시 금천구2,서울특별시 금천구 독산동(gs25시 부근),서울 금천구 독산동(gs25시 부근),8,10,0,9,1,0,126.903378124402,37.473973600003,45.0,0.1333,0.7283,medium,주의
6779144,2022040,2022,1154510200,11545003,서울특별시 금천구3,서울특별시 금천구 독산동(독산1동새마을금고 부근),서울 금천구 독산동(독산1동새마을금고 부근),7,7,2,5,0,0,126.897517732758,37.471420061388,47.0,0.16,0.7893,medium,주의
6779268,2022040,2022,1154510300,11545004,서울특별시 금천구4,서울특별시 금천구 시흥동(은행나무오거리 부근),서울 금천구 시흥동(은행나무오거리 부근),7,8,1,6,1,0,126.908986651914,37.451107247902,42.0,0.0933,0.6542,medium,주의
6779513,2022040,2022,1154510300,11545005,서울특별시 금천구5,서울특별시 금천구 시흥동(장혁빌딩 부근),서울 금천구 시흥동(장혁빌딩 부근),7,7,1,6,0,0,126.905778325011,37.456499325684,41.0,0.08,0.6361,medium,주의
6779209,2022040,2022,1154510200,11545006,서울특별시 금천구6,서울특별시 금천구 독산동(박재영과위원 부근),서울 금천구 독산동(박재영과위원 부근),7,13,0,9,3,1,126.902064131256,37.468558808043,46.5,0.1533,0.7727,medium,주의
6779116,2022040,2022,1154510300,11545007,서울특별시 금천구7,서울특별시 금천구 시흥동(시흥사거리 부근),서울 금천구 시흥동(시흥사거리 부근),7,9,0,7,1,1,126.900594684898,37.454309882096,36.5,0.02,0.381,low,관심
6779375,2022040,2022,1154510100,11545008,서울특별시 금천구8,서울특별시 금천구 가산동(디지털단지오거리 부근),서울 금천구 가산동(디지털단지오거리 부근),7,8,0,7,1,0,126.890217289997,37.479134282222,36.0,0.0133,0.3785,low,관심
6779153,2022040,2022,1154510200,11545009,서울특별시 금천구9,서울특별시 금천구 독산동(우리은행독산동점입구 부근),서울 금천구 독산동(우리은행독산동점입구 부근),7,7,0,7,0,0,126.898629813716,37.473769256947,35.0,0.0,0.3196,low,관심
6778759,2022040,2022,1156010100,11560001,서울특별시 영등포구1,서울특별시 영등포구 영등포동(롯데백화점 부근),서울 영등포구 영등포동(롯데백화점 부근),14,15,1,13,0,1,126.905533260653,37.515987593154,76.5,0.5533,0.9874,high,고위험
6778874,2022040,2022,1156010600,11560002,서울특별시 영등포구2,서울특별시 영등포구 영등포동5가(경방필백화점 부근),서울 영등포구 영등포동5가(경방필백화점 부근),14,15,0,14,1,0,126.907318044393,37.51924142845,71.0,0.48,0.9778,high,고위험
6779254,2022040,2022,1156011300,11560003,서울특별시 영등포구3,서울특별시 영등포구 당산동3가(영등포구청앞교차로 부근),서울 영등포구 당산동3가(영등포구청앞교차로 부근),8,9,0,8,1,0,126.897294913131,37.527302856842,41.0,0.08,0.6361,medium,주의
6778925,2022040,2022,1156010400,11560004,서울특별시 영등포구4,서울특별시 영등포구 영등포동3가(선한치과 부근),서울 영등포구 영등포동3가(선한치과 부근),8,9,0,8,1,0,126.90958404277,37.518892236988,41.0,0.08,0.6361,medium,주의
6779221,2022040,2022,1156012100,11560005,서울특별시 영등포구5,서울특별시 영등포구 문래동3가(청과시장입구교차로 부근),서울 영등포구 문래동3가(청과시장입구교차로 부근),7,7,1,6,0,0,126.903049640729,37.515253985584,41.0,0.08,0.6361,medium,주의
6779343,2022040,2022,1156013200,11560006,서울특별시 영등포구6,서울특별시 영등포구 신길동(대신시장 부근),서울 영등포구 신길동(대신시장 부근),7,8,0,8,0,0,126.916650322755,37.512437614705,39.0,0.0533,0.432,medium,주의
6779171,2022040,2022,1156010100,11560007,서울특별시 영등포구7,서울특별시 영등포구 영등포동(영등포역1번출구 부근),서울 영등포구 영등포동(영등포역1번출구 부근),7,8,0,7,1,0,126.907806290829,37.514737120023,36.0,0.0133,0.3785,low,관심
6779152,2022040,2022,1156013200,11560008,서울특별시 영등포구8,서울특별시 영등포구 신길동(사러가시장앞교차로 부근),서울 영등포구 신길동(사러가시장앞교차로 부근),7,7,0,7,0,0,126.911038264505,37.506641106403,35.0,0.0,0.3196,low,관심
6779519,2022040,2022,1156013300,11560009,서울특별시 영등포구9,서울특별시 영등포구 대림동(대림공원교차로 부근),서울 영등포구 대림동(대림공원교차로 부근),7,7,0,7,0,0,126.900976751077,37.491447764604,35.0,0.0,0.3196,low,관심
6779359,2022040,2022,1156010400,11560010,서울특별시 영등포구10,서울특별시 영등포구 영등포동3가(영등포역앞교차로 부근),서울 영등포구 영등포동3가(영등포역앞교차로 부근),7,7,0,7,0,0,126.907562887518,37.516899143282,35.0,0.0,0.3196,low,관심
6778766,2022040,2022,1159010200,11590001,서울특별시 동작구1,서울특별시 동작구 상도동(성대약국 부근),서울 동작구 상도동(성대약국 부근),11,12,0,12,0,0,126.932358933819,37.500075464612,59.0,0.32,0.9259,high,고위험
6778976,2022040,2022,1159010700,11590002,서울특별시 동작구2,서울특별시 동작구 사당동(사당역사거리 부근),서울 동작구 사당동(사당역사거리 부근),9,10,0,9,1,0,126.98139315717,37.476865583181,46.0,0.1467,0.7722,medium,주의
6779030,2022040,2022,1159010700,11590003,서울특별시 동작구3,서울특별시 동작구 사당동(동작대로27길34 부근),서울 동작구 사당동(동작대로27길34 부근),9,9,0,9,0,0,126.981090923808,37.487860843804,45.0,0.1333,0.7283,medium,주의
6778949,2022040,2022,1159010200,11590004,서울특별시 동작구4,서울특별시 동작구 상도동(리치타운 부근),서울 동작구 상도동(리치타운 부근),8,9,1,7,1,0,126.952966948867,37.49764889678,47.0,0.16,0.7893,medium,주의
6778922,2022040,2022,1159010100,11590005,서울특별시 동작구5,서울특별시 동작구 노량진동(노량진삼거리 부근),서울 동작구 노량진동(노량진삼거리 부근),7,9,2,6,1,0,126.938820595995,37.513446382446,52.0,0.2267,0.8705,high,고위험
6779132,2022040,2022,1159010500,11590006,서울특별시 동작구6,서울특별시 동작구 흑석동(명수대상가 부근),서울 동작구 흑석동(명수대상가 부근),7,7,1,6,0,0,126.96149463527,37.507422722482,41.0,0.08,0.6361,medium,주의
6779224,2022040,2022,1159010700,11590007,서울특별시 동작구7,서울특별시 동작구 사당동(대성문구인쇄 부근),서울 동작구 사당동(대성문구인쇄 부근),7,31,0,13,18,0,126.979757332636,37.484429815085,77.0,0.56,0.9889,high,고위험
6779178,2022040,2022,1159010700,11590008,서울특별시 동작구8,서울특별시 동작구 사당동(신한은행사당지점 부근),서울 동작구 사당동(신한은행사당지점 부근),7,8,0,7,1,0,126.977770344427,37.477390442816,36.0,0.0133,0.3785,low,관심
6779106,2022040,2022,1159010800,11590009,서울특별시 동작구9,서울특별시 동작구 대방동(해군회관앞교차로 부근),서울 동작구 대방동(해군회관앞교차로 부근),7,7,0,7,0,0,126.921917684355,37.50435133085,35.0,0.0,0.3196,low,관심
6779590,2022040,2022,1159010900,11590010,서울특별시 동작구10,서울특별시 동작구 신대방동(우성차밍빌 부근),서울 동작구 신대방동(우성차밍빌 부근),7,7,0,7,0,0,126.923827587175,37.491381149122,35.0,0.0,0.3196,low,관심
6779374,2022040,2022,1159010700,11590011,서울특별시 동작구11,서울특별시 동작구 사당동(남성역앞교차로 부근),서울 동작구 사당동(남성역앞교차로 부근),7,7,0,7,0,0,126.968208961975,37.486000844364,35.0,0.0,0.3196,low,관심
6778868,2022040,2022,1162010200,11620001,서울특별시 관악구1,서울특별시 관악구 신림동(구로디지털단지역앞교 부근),서울 관악구 신림동(구로디지털단지역앞교 부근),12,13,0,12,1,0,126.902390148987,37.484424349005,61.0,0.3467,0.943,high,고위험
6779037,2022040,2022,1162010200,11620002,서울특별시 관악구2,서울특별시 관악구 신림동(구로전화국앞교차로 부근),서울 관악구 신림동(구로전화국앞교차로 부근),9,10,0,9,1,0,126.904682290656,37.480650222631,46.0,0.1467,0.7722,medium,주의
6779067,2022040,2022,1162010200,11620003,서울특별시 관악구3,서울특별시 관악구 신림동(봉림교앞교차로 부근),서울 관악구 신림동(봉림교앞교차로 부근),8,11,2,7,2,0,126.925922998549,37.483639682426,58.0,0.3067,0.9234,high,고위험
6778901,2022040,2022,1162010100,11620004,서울특별시 관악구4,서울특별시 관악구 봉천동(까치고개 부근),서울 관악구 봉천동(까치고개 부근),8,8,0,8,0,0,126.966017346524,37.476076006304,40.0,0.0667,0.5282,medium,주의
6779308,2022040,2022,1162010100,11620005,서울특별시 관악구5,서울특별시 관악구 봉천동(임마누엘교회 부근),서울 관악구 봉천동(임마누엘교회 부근),7,9,2,5,1,1,126.944031781443,37.48210384092,48.5,0.18,0.7959,medium,주의
6779204,2022040,2022,1162010200,11620006,서울특별시 관악구6,서울특별시 관악구 신림동(SK허브그린 부근),서울 관악구 신림동(SK허브그린 부근),7,13,1,7,5,0,126.929760333774,37.484739895031,50.0,0.2,0.8407,high,고위험
6778969,2022040,2022,1162010200,11620007,서울특별시 관악구7,서울특별시 관악구 신림동(뿌리약국 부근),서울 관악구 신림동(뿌리약국 부근),7,8,0,8,0,0,126.918756927991,37.47423052462,39.0,0.0533,0.432,medium,주의
6779362,2022040,2022,1162010100,11620008,서울특별시 관악구8,서울특별시 관악구 봉천동(플랫화이트 부근),서울 관악구 봉천동(플랫화이트 부근),7,8,0,7,1,0,126.966482536141,37.4742753882,36.0,0.0133,0.3785,low,관심
6779357,2022040,2022,1162010100,11620009,서울특별시 관악구9,서울특별시 관악구 봉천동(낙성대역앞교차로 부근),서울 관악구 봉천동(낙성대역앞교차로 부근),7,7,0,7,0,0,126.96215923696,37.477861227115,35.0,0.0,0.3196,low,관심
6779134,2022040,2022,1162010200,11620010,서울특별시 관악구10,서울특별시 관악구 신림동(청암인터그린타워 부근),서울 관악구 신림동(청암인터그린타워 부근),7,7,0,7,0,0,126.92977677428,37.482576716144,35.0,0.0,0.3196,low,관심
6778951,2022040,2022,1162010100,11620011,서울특별시 관악구11,서울특별시 관악구 봉천동(호혜빌딩입구 부근),서울 관악구 봉천동(호혜빌딩입구 부근),7,7,0,7,0,0,126.950370810266,37.481412413353,35.0,0.0,0.3196,low,관심
6779107,2022040,2022,1162010100,11620012,서울특별시 관악구12,서울특별시 관악구 봉천동(봉천본동농협앞 부근),서울 관악구 봉천동(봉천본동농협앞 부근),7,7,0,7,0,0,126.946299153984,37.481393401685,35.0,0.0,0.3196,low,관심
6778960,2022040,2022,1165010600,11650001,서울특별시 서초구1,서울특별시 서초구 잠원동(고속터미널역앞교차로 부근),서울 서초구 잠원동(고속터미널역앞교차로 부근),8,8,1,7,0,0,127.004270503482,37.506348089294,46.0,0.1467,0.7722,medium,주의
6779079,2022040,2022,1165010800,11650002,서울특별시 서초구2,서울특별시 서초구 서초동(서초삼익아파트 부근),서울 서초구 서초동(서초삼익아파트 부근),8,9,0,9,0,0,127.020626112007,37.496500655881,44.0,0.12,0.6779,medium,주의
6779111,2022040,2022,1165010800,11650003,서울특별시 서초구3,서울특별시 서초구 서초동(서초동1390 부근),서울 서초구 서초동(서초동1390 부근),8,8,0,8,0,0,127.025575130689,37.501027429373,40.0,0.0667,0.5282,medium,주의
6778880,2022040,2022,1168010100,11680001,서울특별시 강남구1,서울특별시 강남구 역삼동(국기원입구교차로 부근),서울 강남구 역삼동(국기원입구교차로 부근),8,8,0,8,0,0,127.02966599559,37.498159439208,40.0,0.0667,0.5282,medium,주의
6779520,2022040,2022,1168011800,11680002,서울특별시 강남구2,서울특별시 강남구 도곡동(매봉역앞교차로 부근),서울 강남구 도곡동(매봉역앞교차로 부근),7,9,1,6,2,0,127.046256911728,37.485965827462,43.0,0.1067,0.6628,medium,주의
6779305,2022040,2022,1168011500,11680003,서울특별시 강남구3,서울특별시 강남구 수서동(나산투루빌I 부근),서울 강남구 수서동(나산투루빌I 부근),7,7,1,6,0,0,127.102354100163,37.487249588998,41.0,0.08,0.6361,medium,주의
6779261,2022040,2022,1168010400,11680004,서울특별시 강남구4,서울특별시 강남구 청담동(강남구청역사거리 부근),서울 강남구 청담동(강남구청역사거리 부근),7,10,0,8,2,0,127.040862919289,37.517132005639,41.0,0.08,0.6361,medium,주의
6779137,2022040,2022,1168010100,11680005,서울특별시 강남구5,서울특별시 강남구 역삼동(진선여고 부근),서울 강남구 역삼동(진선여고 부근),7,9,0,7,2,0,127.050451379429,37.503287978758,37.0,0.0267,0.3891,low,관심
6779289,2022040,2022,1168010600,11680006,서울특별시 강남구6,서울특별시 강남구 대치동(선릉역사거리 부근),서울 강남구 대치동(선릉역사거리 부근),7,8,0,7,1,0,127.048631431297,37.50490348401,36.0,0.0133,0.3785,low,관심
6779054,2022040,2022,1168010500,11680007,서울특별시 강남구7,서울특별시 강남구 삼성동(KTF타워 부근),서울 강남구 삼성동(KTF타워 부근),7,8,0,7,1,0,127.052699049623,37.505820315856,36.0,0.0133,0.3785,low,관심
6779018,2022040,2022,1168010800,11680008,서울특별시 강남구8,서울특별시 강남구 논현동(옥타곤 부근),서울 강남구 논현동(옥타곤 부근),7,7,0,7,0,0,127.032074942106,37.510968291554,35.0,0.0,0.3196,low,관심
6779161,2022040,2022,1168010100,11680009,서울특별시 강남구9,서울특별시 강남구 역삼동(준빌딩 부근),서울 강남구 역삼동(준빌딩 부근),7,7,0,7,0,0,127.029224798986,37.496354963911,35.0,0.0,0.3196,low,관심
6779195,2022040,2022,1168010400,11680010,서울특별시 강남구10,서울특별시 강남구 청담동(청담사거리 부근),서울 강남구 청담동(청담사거리 부근),7,7,0,7,0,0,127.047843855411,37.522927616417,35.0,0.0,0.3196,low,관심
6779015,2022040,2022,1171010100,11710001,서울특별시 송파구1,서울특별시 송파구 잠실동(잠실천주교회 부근),서울 송파구 잠실동(잠실천주교회 부근),8,9,0,8,1,0,127.083218927313,37.510979553764,41.0,0.08,0.6361,medium,주의
6779325,2022040,2022,1171010700,11710002,서울특별시 송파구2,서울특별시 송파구 가락동(금호아파트 부근),서울 송파구 가락동(금호아파트 부근),7,7,2,5,0,0,127.116794813731,37.494688484187,47.0,0.16,0.7893,medium,주의
6779210,2022040,2022,1171010800,11710003,서울특별시 송파구3,서울특별시 송파구 문정동(GS마트입구 부근),서울 송파구 문정동(GS마트입구 부근),7,7,0,7,0,0,127.117261109514,37.491985909023,35.0,0.0,0.3196,low,관심
6779031,2022040,2022,1171010500,11710004,서울특별시 송파구4,서울특별시 송파구 석촌동(송파사거리 부근),서울 송파구 석촌동(송파사거리 부근),7,7,0,7,0,0,127.108162520885,37.501330242797,35.0,0.0,0.3196,low,관심
6778904,2022040,2022,1174010900,11740001,서울특별시 강동구1,서울특별시 강동구 천호동(천호사거리 부근),서울 강동구 천호동(천호사거리 부근),10,11,0,10,1,0,127.123359460871,37.539056459089,51.0,0.2133,0.8629,high,고위험
6779157,2022040,2022,1174010900,11740002,서울특별시 강동구2,서울특별시 강동구 천호동(천호신사거리 부근),서울 강동구 천호동(천호신사거리 부근),9,12,0,9,2,1,127.127211559367,37.538347598164,47.5,0.1667,0.7898,medium,주의
6779045,2022040,2022,1174010500,11740003,서울특별시 강동구3,서울특별시 강동구 길동(길동사거리 부근),서울 강동구 길동(길동사거리 부근),9,10,0,9,1,0,127.138776989268,37.53423730251,46.0,0.1467,0.7722,medium,주의
6778877,2022040,2022,1174010900,11740004,서울특별시 강동구4,서울특별시 강동구 천호동(강동구민회관 부근),서울 강동구 천호동(강동구민회관 부근),9,10,0,9,1,0,127.140758093213,37.545960971722,46.0,0.1467,0.7722,medium,주의
6778916,2022040,2022,1174010900,11740005,서울특별시 강동구5,서울특별시 강동구 천호동(천동초교앞교차로 부근),서울 강동구 천호동(천동초교앞교차로 부근),8,9,0,8,1,0,127.13670381543,37.541622063009,41.0,0.08,0.6361,medium,주의
6779235,2022040,2022,1174010900,11740006,서울특별시 강동구6,서울특별시 강동구 천호동(천호동1663 부근),서울 강동구 천호동(천호동1663 부근),7,7,1,6,0,0,127.131057368904,37.538900489667,41.0,0.08,0.6361,medium,주의
6779311,2022040,2022,1174010500,11740007,서울특별시 강동구7,서울특별시 강동구 길동(길동탑스위트앞 부근),서울 강동구 길동(길동탑스위트앞 부근),7,8,0,7,1,0,127.138536698511,37.537120907605,36.0,0.0133,0.3785,low,관심
6778956,2022040,2022,1174010900,11740008,서울특별시 강동구8,서울특별시 강동구 천호동(천호초교입구교차로 부근),서울 강동구 천호동(천호초교입구교차로 부근),7,8,0,7,1,0,127.133278813068,37.547560419579,36.0,0.0133,0.3785,low,관심
6779147,2022040,2022,1174010900,11740009,서울특별시 강동구9,서울특별시 강동구 천호동(천호동4252 부근),서울 강동구 천호동(천호동4252 부근),7,8,0,7,1,0,127.1256151773,37.540686072006,36.0,0.0133,0.3785,low,관심
6779527,2022040,2022,1174010100,11740010,서울특별시 강동구10,서울특별시 강동구 명일동(굽은다리역교차로 부근),서울 강동구 명일동(굽은다리역교차로 부근),7,7,0,7,0,0,127.143926036958,37.546331110194,35.0,0.0,0.3196,low,관심
6779572,2022040,2022,1174010600,11740011,서울특별시 강동구11,서울특별시 강동구 둔촌동(길동사거리앞교차로 부근),서울 강동구 둔촌동(길동사거리앞교차로 부근),7,7,0,7,0,0,127.142621815845,37.534970085402,35.0,0.0,0.3196,low,관심
6779135,2022040,2022,1174010900,11740012,서울특별시 강동구12,서울특별시 강동구 천호동(산경빌딩 부근),서울 강동구 천호동(산경빌딩 부근),7,7,0,7,0,0,127.128804267704,37.536730174659,35.0,0.0,0.3196,low,관심
6778884,2022040,2022,2611014100,26110001,부산광역시 중구1,부산광역시 중구 남포동6가(자갈치교차로 부근),부산 중구 남포동6가(자갈치교차로 부근),13,14,0,13,1,0,129.026165889545,35.097140468059,66.0,0.4133,0.9647,high,고위험
6779026,2022040,2022,2611014000,26110002,부산광역시 중구2,부산광역시 중구 남포동5가(자갈치역10번출구 부근),부산 중구 남포동5가(자갈치역10번출구 부근),7,7,1,6,0,0,129.028362810097,35.097293112688,41.0,0.08,0.6361,medium,주의
6778937,2022040,2022,2611012300,26110003,부산광역시 중구3,부산광역시 중구 부평동1가(어벤더치커피부평점 부근),부산 중구 부평동1가(어벤더치커피부평점 부근),7,9,0,8,1,0,129.027741744587,35.099284505776,40.0,0.0667,0.5282,medium,주의
6779523,2022040,2022,2611012400,26110004,부산광역시 중구4,부산광역시 중구 부평동2가(부평교차로 부근),부산 중구 부평동2가(부평교차로 부근),7,8,0,7,1,0,129.025575004384,35.100754386507,36.0,0.0133,0.3785,low,관심
6779270,2022040,2022,2611013900,26110005,부산광역시 중구5,부산광역시 중구 남포동4가(남포동교차로 부근),부산 중구 남포동4가(남포동교차로 부근),7,7,0,7,0,0,129.031879244732,35.097609373675,35.0,0.0,0.3196,low,관심
6778984,2022040,2022,2614012000,26140001,부산광역시 서구1,부산광역시 서구 충무동1가(충무교차로 부근),부산 서구 충무동1가(충무교차로 부근),9,9,2,7,0,0,129.024154773425,35.095182205995,57.0,0.2933,0.9183,high,고위험
6779306,2022040,2022,2614012100,26140002,부산광역시 서구2,부산광역시 서구 충무동2가(성불원 부근),부산 서구 충무동2가(성불원 부근),7,8,0,8,0,0,129.021971318423,35.095750611702,39.0,0.0533,0.432,medium,주의
6779524,2022040,2022,2614010200,26140003,부산광역시 서구3,부산광역시 서구 동대신동2가(동주슈퍼 부근),부산 서구 동대신동2가(동주슈퍼 부근),7,8,0,8,0,0,129.028864980735,35.112433979046,39.0,0.0533,0.432,medium,주의
6779332,2022040,2022,2614010600,26140004,부산광역시 서구4,부산광역시 서구 서대신동3가(서대신3동주민센터 부근),부산 서구 서대신동3가(서대신3동주민센터 부근),7,8,0,7,1,0,129.011097105648,35.112837136126,36.0,0.0133,0.3785,low,관심
6778938,2022040,2022,2617010200,26170001,부산광역시 동구1,부산광역시 동구 수정동(부산광역시동구청 부근),부산 동구 수정동(부산광역시동구청 부근),10,10,0,10,0,0,129.046959811547,35.129335035385,50.0,0.2,0.8407,high,고위험
6778992,2022040,2022,2617010200,26170002,부산광역시 동구2,부산광역시 동구 수정동(수정동107432 부근),부산 동구 수정동(수정동107432 부근),7,7,1,6,0,0,129.045173636555,35.12773492203,41.0,0.08,0.6361,medium,주의
6779372,2022040,2022,2617010400,26170003,부산광역시 동구3,부산광역시 동구 범일동(부산진시장앞교차로 부근),부산 동구 범일동(부산진시장앞교차로 부근),7,7,1,6,0,0,129.058967615264,35.137475956651,41.0,0.08,0.6361,medium,주의
6779336,2022040,2022,2617010400,26170004,부산광역시 동구4,부산광역시 동구 범일동(코리아시티관광호텔 부근),부산 동구 범일동(코리아시티관광호텔 부근),7,7,1,6,0,0,129.062478977724,35.137430725249,41.0,0.08,0.6361,medium,주의
6779172,2022040,2022,2617010100,26170005,부산광역시 동구5,부산광역시 동구 초량동(부산역5번출구 부근),부산 동구 초량동(부산역5번출구 부근),7,8,0,7,1,0,129.039673031286,35.115362650967,36.0,0.0133,0.3785,low,관심
6779591,2022040,2022,2617010400,26170006,부산광역시 동구6,부산광역시 동구 범일동(범1교서측 부근),부산 동구 범일동(범1교서측 부근),7,8,0,7,1,0,129.065993785486,35.137565667622,36.0,0.0133,0.3785,low,관심
6779327,2022040,2022,2617010300,26170007,부산광역시 동구7,부산광역시 동구 좌천동(좌천동주민센터 부근),부산 동구 좌천동(좌천동주민센터 부근),7,7,0,7,0,0,129.048739227235,35.130574561967,35.0,0.0,0.3196,low,관심
6779097,2022040,2022,2617010100,26170008,부산광역시 동구8,부산광역시 동구 초량동(초량육거리 부근),부산 동구 초량동(초량육거리 부근),7,7,0,7,0,0,129.039322409902,35.120055506757,35.0,0.0,0.3196,low,관심
6778902,2022040,2022,2620012100,26200001,부산광역시 영도구1,부산광역시 영도구 동삼동(동삼동322154 부근),부산 영도구 동삼동(동삼동322154 부근),10,10,0,10,0,0,129.070352258951,35.078724123321,50.0,0.2,0.8407,high,고위험
6778942,2022040,2022,2620010900,26200002,부산광역시 영도구2,부산광역시 영도구 영선동2가(남항시장사거리 부근),부산 영도구 영선동2가(남항시장사거리 부근),8,10,0,9,1,0,129.04136122694,35.088472989238,45.0,0.1333,0.7283,medium,주의
6779585,2022040,2022,2620010500,26200003,부산광역시 영도구3,부산광역시 영도구 남항동1가(남항동1가2321 부근),부산 영도구 남항동1가(남항동1가2321 부근),7,7,2,5,0,0,129.038570881542,35.091754264649,47.0,0.16,0.7893,medium,주의
6779241,2022040,2022,2620012000,26200004,부산광역시 영도구4,부산광역시 영도구 청학동(신한기공사앞교차로 부근),부산 영도구 청학동(신한기공사앞교차로 부근),7,9,0,7,1,1,129.06343870903,35.095763855119,36.5,0.02,0.381,low,관심
6779098,2022040,2022,2620010200,26200005,부산광역시 영도구5,부산광역시 영도구 대교동2가(소방서앞사거리 부근),부산 영도구 대교동2가(소방서앞사거리 부근),7,7,0,7,0,0,129.041837219213,35.090450498593,35.0,0.0,0.3196,low,관심
6778899,2022040,2022,2623010300,26230001,부산광역시 부산진구1,부산광역시 부산진구 부전동(스노우델리 부근),부산 부산진구 부전동(스노우델리 부근),15,17,0,16,1,0,129.059743660942,35.155137500396,80.0,0.6,0.9909,high,고위험
6778867,2022040,2022,2623010300,26230002,부산광역시 부산진구2,부산광역시 부산진구 부전동(안동집실내포장 부근),부산 부산진구 부전동(안동집실내포장 부근),14,14,0,14,0,0,129.058512589785,35.159661382568,70.0,0.4667,0.9753,high,고위험
6778897,2022040,2022,2623010300,26230003,부산광역시 부산진구3,부산광역시 부산진구 부전동(흥국빌딩앞교차로 부근),부산 부산진구 부전동(흥국빌딩앞교차로 부근),11,17,0,12,5,0,129.062147904004,35.154565554058,64.0,0.3867,0.9536,high,고위험
6778903,2022040,2022,2623010300,26230004,부산광역시 부산진구4,부산광역시 부산진구 부전동(부전역 부근),부산 부산진구 부전동(부전역 부근),10,16,0,13,3,0,129.061435268624,35.16323016674,65.0,0.4,0.9597,high,고위험
6778900,2022040,2022,2623010300,26230005,부산광역시 부산진구5,부산광역시 부산진구 부전동(부전동5731 부근),부산 부산진구 부전동(부전동5731 부근),10,16,0,11,5,0,129.059266800823,35.153160102558,59.0,0.32,0.9259,high,고위험
6779126,2022040,2022,2623010300,26230006,부산광역시 부산진구6,부산광역시 부산진구 부전동(삼전교차로 부근),부산 부산진구 부전동(삼전교차로 부근),10,10,0,10,0,0,129.063634011202,35.163382122488,50.0,0.2,0.8407,high,고위험
6778979,2022040,2022,2623010300,26230007,부산광역시 부산진구7,부산광역시 부산진구 부전동(이조가구 부근),부산 부산진구 부전동(이조가구 부근),8,8,1,7,0,0,129.060711233438,35.159813394074,46.0,0.1467,0.7722,medium,주의
6779222,2022040,2022,2623010300,26230008,부산광역시 부산진구8,부산광역시 부산진구 부전동(서면역9번출구 부근),부산 부산진구 부전동(서면역9번출구 부근),8,8,1,7,0,0,129.057819651357,35.157867082201,46.0,0.1467,0.7722,medium,주의
6779226,2022040,2022,2623010200,26230009,부산광역시 부산진구9,부산광역시 부산진구 전포동(부전사거리 부근),부산 부산진구 전포동(부전사거리 부근),8,11,0,9,2,0,129.06227890375,35.161416075892,46.0,0.1467,0.7722,medium,주의
6778968,2022040,2022,2623010400,26230010,부산광역시 부산진구10,부산광역시 부산진구 범천동(중앙시장앞교차로 부근),부산 부산진구 범천동(중앙시장앞교차로 부근),8,9,0,9,0,0,129.059767022631,35.144858865445,44.0,0.12,0.6779,medium,주의
6779039,2022040,2022,2623010300,26230011,부산광역시 부산진구11,부산광역시 부산진구 부전동(문화관광앞교차로 부근),부산 부산진구 부전동(문화관광앞교차로 부근),8,9,0,8,1,0,129.056872881979,35.154272822933,41.0,0.08,0.6361,medium,주의
6779556,2022040,2022,2623010100,26230012,부산광역시 부산진구12,부산광역시 부산진구 양정동(하마정사거리 부근),부산 부산진구 양정동(하마정사거리 부근),7,11,0,8,2,1,129.066709233945,35.17488292171,41.5,0.0867,0.6391,medium,주의
6779347,2022040,2022,2623010100,26230013,부산광역시 부산진구13,부산광역시 부산진구 양정동(부산시민운동지원센터 부근),부산 부산진구 양정동(부산시민운동지원센터 부근),7,10,0,7,2,1,129.069480342845,35.170519341895,37.5,0.0333,0.3896,low,관심
6779514,2022040,2022,2623010300,26230014,부산광역시 부산진구14,부산광역시 부산진구 부전동(부전동앞교차로 부근),부산 부산진구 부전동(부전동앞교차로 부근),7,8,0,7,1,0,129.054334843179,35.15935442237,36.0,0.0133,0.3785,low,관심
6779129,2022040,2022,2623010300,26230015,부산광역시 부산진구15,부산광역시 부산진구 부전동(문화관광앞교차로 부근),부산 부산진구 부전동(문화관광앞교차로 부근),7,8,0,7,1,0,129.057346255426,35.156069954366,36.0,0.0133,0.3785,low,관심
6779331,2022040,2022,2623010200,26230016,부산광역시 부산진구16,부산광역시 부산진구 전포동(전포2동행정복지센터 부근),부산 부산진구 전포동(전포2동행정복지센터 부근),7,8,0,7,1,0,129.065784378347,35.161010167786,36.0,0.0133,0.3785,low,관심
6779219,2022040,2022,2623010700,26230017,부산광역시 부산진구17,부산광역시 부산진구 초읍동(초읍동33263 부근),부산 부산진구 초읍동(초읍동33263 부근),7,7,0,7,0,0,129.049123805221,35.17402722128,35.0,0.0,0.3196,low,관심
6778991,2022040,2022,2623010900,26230018,부산광역시 부산진구18,부산광역시 부산진구 당감동(CU부암점 부근),부산 부산진구 당감동(CU부암점 부근),7,7,0,7,0,0,129.049951284925,35.159771238353,35.0,0.0,0.3196,low,관심
6779121,2022040,2022,2623010900,26230019,부산광역시 부산진구19,부산광역시 부산진구 당감동(당감안식일교회 부근),부산 부산진구 당감동(당감안식일교회 부근),7,7,0,7,0,0,129.038671979729,35.167127921118,35.0,0.0,0.3196,low,관심
6779074,2022040,2022,2623011100,26230020,부산광역시 부산진구20,부산광역시 부산진구 개금동(행복어린이집 부근),부산 부산진구 개금동(행복어린이집 부근),7,7,0,7,0,0,129.020749391572,35.148059775639,35.0,0.0,0.3196,low,관심
6779068,2022040,2022,2626010700,26260001,부산광역시 동래구1,부산광역시 동래구 명륜동(명륜동64952 부근),부산 동래구 명륜동(명륜동64952 부근),9,9,1,8,0,0,129.07939553118,35.206274124652,51.0,0.2133,0.8629,high,고위험
6779064,2022040,2022,2626010600,26260002,부산광역시 동래구2,부산광역시 동래구 수안동(수민동교차로 부근),부산 동래구 수안동(수민동교차로 부근),8,8,1,7,0,0,129.085227769547,35.201148946767,46.0,0.1467,0.7722,medium,주의
6779120,2022040,2022,2626010900,26260003,부산광역시 동래구3,부산광역시 동래구 사직동(사직주공APT 부근),부산 동래구 사직동(사직주공APT 부근),8,9,0,8,1,0,129.060563616918,35.198043309852,41.0,0.08,0.6361,medium,주의
6779194,2022040,2022,2626010400,26260004,부산광역시 동래구4,부산광역시 동래구 낙민동(윤동균쑥면 부근),부산 동래구 낙민동(윤동균쑥면 부근),7,7,1,6,0,0,129.087420547821,35.200939894861,41.0,0.08,0.6361,medium,주의
6779541,2022040,2022,2626010500,26260005,부산광역시 동래구5,부산광역시 동래구 복천동(복산동새마을문고 부근),부산 동래구 복천동(복산동새마을문고 부근),7,8,0,8,0,0,129.085956765393,35.204745787989,39.0,0.0533,0.432,medium,주의
6779545,2022040,2022,2626010900,26260006,부산광역시 동래구6,부산광역시 동래구 사직동(미남역 부근),부산 동래구 사직동(미남역 부근),7,7,0,7,0,0,129.067297783567,35.205529759392,35.0,0.0,0.3196,low,관심
6779575,2022040,2022,2626010900,26260007,부산광역시 동래구7,부산광역시 동래구 사직동(사직삼거리 부근),부산 동래구 사직동(사직삼거리 부근),7,7,0,7,0,0,129.064798698902,35.201234408442,35.0,0.0,0.3196,low,관심
6779589,2022040,2022,2626010200,26260008,부산광역시 동래구8,부산광역시 동래구 안락동(대원정사 부근),부산 동래구 안락동(대원정사 부근),7,7,0,7,0,0,129.09798031534,35.201702565822,35.0,0.0,0.3196,low,관심
6779286,2022040,2022,2626010800,26260009,부산광역시 동래구9,부산광역시 동래구 온천동(온천장교차로 부근),부산 동래구 온천동(온천장교차로 부근),7,7,0,7,0,0,129.082269137612,35.218498308851,35.0,0.0,0.3196,low,관심
6779312,2022040,2022,2626010700,26260010,부산광역시 동래구10,부산광역시 동래구 명륜동(한국외식업중앙회부산 부근),부산 동래구 명륜동(한국외식업중앙회부산 부근),7,7,0,7,0,0,129.083083966553,35.203881793111,35.0,0.0,0.3196,low,관심
6778763,2022040,2022,2629010900,26290001,부산광역시 남구1,부산광역시 남구 문현동(범2호교서측 부근),부산 남구 문현동(범2호교서측 부근),12,13,0,12,1,0,129.063456800692,35.142647443326,61.0,0.3467,0.943,high,고위험
6778865,2022040,2022,2629010600,26290002,부산광역시 남구2,부산광역시 남구 대연동(대연역6번출구 부근),부산 남구 대연동(대연역6번출구 부근),12,12,0,12,0,0,129.091861762511,35.135785987534,60.0,0.3333,0.935,high,고위험
6778906,2022040,2022,2629010900,26290003,부산광역시 남구3,부산광역시 남구 문현동(문현램프 부근),부산 남구 문현동(문현램프 부근),9,9,0,9,0,0,129.07234770978,35.136942410465,45.0,0.1333,0.7283,medium,주의
6778888,2022040,2022,2629010600,26290004,부산광역시 남구4,부산광역시 남구 대연동(대한땅콩상회 부근),부산 남구 대연동(대한땅콩상회 부근),9,9,0,9,0,0,129.089012382017,35.136003711603,45.0,0.1333,0.7283,medium,주의
6778891,2022040,2022,2629010700,26290005,부산광역시 남구5,부산광역시 남구 용호동(토탈크리닝세탁소 부근),부산 남구 용호동(토탈크리닝세탁소 부근),8,9,1,8,0,0,129.112450110285,35.122350327507,50.0,0.2,0.8407,high,고위험
6779155,2022040,2022,2629010600,26290006,부산광역시 남구6,부산광역시 남구 대연동(용소삼거리 부근),부산 남구 대연동(용소삼거리 부근),7,8,0,8,0,0,129.101103448566,35.136926457391,39.0,0.0533,0.432,medium,주의
6779247,2022040,2022,2629010600,26290007,부산광역시 남구7,부산광역시 남구 대연동(천룡암 부근),부산 남구 대연동(천룡암 부근),7,7,0,7,0,0,129.090813608063,35.138324249366,35.0,0.0,0.3196,low,관심
6779368,2022040,2022,2629010600,26290008,부산광역시 남구8,부산광역시 남구 대연동(대연사거리 부근),부산 남구 대연동(대연사거리 부근),7,7,0,7,0,0,129.0916072175,35.133986119465,35.0,0.0,0.3196,low,관심
6779090,2022040,2022,2632010500,26320001,부산광역시 북구1,부산광역시 북구 구포동(북부산농협구포시장지 부근),부산 북구 구포동(북부산농협구포시장지 부근),8,8,0,8,0,0,129.004019539172,35.205250543279,40.0,0.0667,0.5282,medium,주의
6779191,2022040,2022,2632010400,26320002,부산광역시 북구2,부산광역시 북구 덕천동(알파문구 부근),부산 북구 덕천동(알파문구 부근),7,9,1,7,1,0,129.008286214338,35.210246461606,46.0,0.1467,0.7722,medium,주의
6778961,2022040,2022,2632010300,26320003,부산광역시 북구3,부산광역시 북구 만덕동(엠크로씽 부근),부산 북구 만덕동(엠크로씽 부근),7,9,0,8,1,0,129.030046066674,35.210694663029,40.0,0.0667,0.5282,medium,주의
6778954,2022040,2022,2635010600,26350001,부산광역시 해운대구1,부산광역시 해운대구 중동(스타벅스해운대달맞이 부근),부산 해운대구 중동(스타벅스해운대달맞이 부근),8,8,0,8,0,0,129.171192326266,35.161585150235,40.0,0.0667,0.5282,medium,주의
6779299,2022040,2022,2635010500,26350002,부산광역시 해운대구2,부산광역시 해운대구 우동(해운대역 부근),부산 해운대구 우동(해운대역 부근),7,8,1,7,0,0,129.157831243418,35.163211317849,45.0,0.1333,0.7283,medium,주의
6779564,2022040,2022,2635010800,26350003,부산광역시 해운대구3,부산광역시 해운대구 송정동(송정삼거리 부근),부산 해운대구 송정동(송정삼거리 부근),7,9,0,9,0,0,129.202828964087,35.183503760791,43.0,0.1067,0.6628,medium,주의
6779236,2022040,2022,2635010400,26350004,부산광역시 해운대구4,부산광역시 해운대구 재송동(엘벧엘교회 부근),부산 해운대구 재송동(엘벧엘교회 부근),7,7,0,7,0,0,129.125801545206,35.186726335653,35.0,0.0,0.3196,low,관심
6778935,2022040,2022,2638010100,26380001,부산광역시 사하구1,부산광역시 사하구 괴정동(동원맨션입구교차로 부근),부산 사하구 괴정동(동원맨션입구교차로 부근),8,8,0,8,0,0,128.993936731596,35.098443573113,40.0,0.0667,0.5282,medium,주의
6779177,2022040,2022,2638010300,26380002,부산광역시 사하구2,부산광역시 사하구 하단동(하단어린이집 부근),부산 사하구 하단동(하단어린이집 부근),7,7,1,6,0,0,128.965535552325,35.105281991871,41.0,0.08,0.6361,medium,주의
6778982,2022040,2022,2638010800,26380003,부산광역시 사하구3,부산광역시 사하구 감천동(비락우유감천대리점 부근),부산 사하구 감천동(비락우유감천대리점 부근),7,7,1,6,0,0,128.997308070512,35.090828328965,41.0,0.08,0.6361,medium,주의
6778995,2022040,2022,2638010200,26380004,부산광역시 사하구4,부산광역시 사하구 당리동(하단역11번출구 부근),부산 사하구 당리동(하단역11번출구 부근),7,8,0,7,1,0,128.969484451148,35.105234181213,36.0,0.0133,0.3785,low,관심
6779103,2022040,2022,2638010600,26380005,부산광역시 사하구5,부산광역시 사하구 다대동(다대농협사거리 부근),부산 사하구 다대동(다대농협사거리 부근),7,7,0,7,0,0,128.971033136771,35.057068335137,35.0,0.0,0.3196,low,관심
6779123,2022040,2022,2638010100,26380006,부산광역시 사하구6,부산광역시 사하구 괴정동(해법쎈수학 부근),부산 사하구 괴정동(해법쎈수학 부근),7,7,0,7,0,0,128.990878785728,35.09920252178,35.0,0.0,0.3196,low,관심
6779267,2022040,2022,2638010100,26380007,부산광역시 사하구7,부산광역시 사하구 괴정동(괴정3치안센터 부근),부산 사하구 괴정동(괴정3치안센터 부근),7,7,0,7,0,0,128.995741033323,35.101126196817,35.0,0.0,0.3196,low,관심
6779182,2022040,2022,2638010100,26380008,부산광역시 사하구8,부산광역시 사하구 괴정동(산정현교회 부근),부산 사하구 괴정동(산정현교회 부근),7,7,0,7,0,0,128.998177189727,35.102358384033,35.0,0.0,0.3196,low,관심
6778760,2022040,2022,2641011000,26410001,부산광역시 금정구1,부산광역시 금정구 서동(부산은행금사공단지점 부근),부산 금정구 서동(부산은행금사공단지점 부근),11,11,1,10,0,0,129.105699700982,35.21440305166,61.0,0.3467,0.943,high,고위험
6778975,2022040,2022,2641010900,26410002,부산광역시 금정구2,부산광역시 금정구 부곡동(온천2호교동측 부근),부산 금정구 부곡동(온천2호교동측 부근),9,10,0,9,1,0,129.089325163527,35.231028171714,46.0,0.1467,0.7722,medium,주의
6779005,2022040,2022,2641011000,26410003,부산광역시 금정구3,부산광역시 금정구 서동(금사사거리 부근),부산 금정구 서동(금사사거리 부근),8,8,0,8,0,0,129.108112429146,35.21419070284,40.0,0.0667,0.5282,medium,주의
6779370,2022040,2022,2641010800,26410004,부산광역시 금정구4,부산광역시 금정구 장전동(온천동1747 부근),부산 금정구 장전동(온천동1747 부근),7,7,1,6,0,0,129.083444565016,35.222449955102,41.0,0.08,0.6361,medium,주의
6779504,2022040,2022,2641010700,26410005,부산광역시 금정구5,부산광역시 금정구 구서동(구서역1번출구 부근),부산 금정구 구서동(구서역1번출구 부근),7,8,0,7,1,0,129.090513757905,35.246880566386,36.0,0.0133,0.3785,low,관심
6778908,2022040,2022,2641011000,26410006,부산광역시 금정구6,부산광역시 금정구 서동(서동제일어린이집 부근),부산 금정구 서동(서동제일어린이집 부근),7,7,0,7,0,0,129.100672238034,35.21573187103,35.0,0.0,0.3196,low,관심
6779024,2022040,2022,2641011000,26410007,부산광역시 금정구7,부산광역시 금정구 서동(희망교회 부근),부산 금정구 서동(희망교회 부근),7,7,0,7,0,0,129.102847633313,35.214621171431,35.0,0.0,0.3196,low,관심
6779139,2022040,2022,2647010200,26470001,부산광역시 연제구1,부산광역시 연제구 연산동(연산교차로 부근),부산 연제구 연산동(연산교차로 부근),8,14,1,10,3,0,129.082319479861,35.187122052642,61.0,0.3467,0.943,high,고위험
6778939,2022040,2022,2647010200,26470002,부산광역시 연제구2,부산광역시 연제구 연산동(진선미어린이집 부근),부산 연제구 연산동(진선미어린이집 부근),8,8,0,8,0,0,129.084051714416,35.185837163355,40.0,0.0667,0.5282,medium,주의
6779544,2022040,2022,2647010200,26470003,부산광역시 연제구3,부산광역시 연제구 연산동(SC제일은행연산동지점 부근),부산 연제구 연산동(SC제일은행연산동지점 부근),7,10,1,7,2,0,129.084525892757,35.18763415899,47.0,0.16,0.7893,medium,주의
6779244,2022040,2022,2647010200,26470004,부산광역시 연제구4,부산광역시 연제구 연산동(연산교차로 부근),부산 연제구 연산동(연산교차로 부근),7,9,0,9,0,0,129.081841858916,35.185144773513,43.0,0.1067,0.6628,medium,주의
6779163,2022040,2022,2647010100,26470005,부산광역시 연제구5,부산광역시 연제구 거제동(거성사거리 부근),부산 연제구 거제동(거성사거리 부근),7,8,0,7,1,0,129.067466841722,35.191462604417,36.0,0.0133,0.3785,low,관심
6778999,2022040,2022,2650010400,26500001,부산광역시 수영구1,부산광역시 수영구 광안동(블루코리아씨푸드 부근),부산 수영구 광안동(블루코리아씨푸드 부근),9,15,3,9,3,0,129.116646770533,35.168095715746,78.0,0.5733,0.9894,high,고위험
6778892,2022040,2022,2650010400,26500002,부산광역시 수영구2,부산광역시 수영구 광안동(수영교차로 부근),부산 수영구 광안동(수영교차로 부근),9,9,0,9,0,0,129.114001640464,35.167590036852,45.0,0.1333,0.7283,medium,주의
6779253,2022040,2022,2650010100,26500003,부산광역시 수영구3,부산광역시 수영구 망미동(망미역앞교차로 부근),부산 수영구 망미동(망미역앞교차로 부근),8,8,0,8,0,0,129.109030463386,35.17162321564,40.0,0.0667,0.5282,medium,주의
6778966,2022040,2022,2650010100,26500004,부산광역시 수영구4,부산광역시 수영구 망미동(망미부산은행앞교차로 부근),부산 수영구 망미동(망미부산은행앞교차로 부근),7,7,1,6,0,0,129.107557523162,35.174888529883,41.0,0.08,0.6361,medium,주의
6779187,2022040,2022,2650010300,26500005,부산광역시 수영구5,부산광역시 수영구 민락동(포항영일상회 부근),부산 수영구 민락동(포항영일상회 부근),7,8,0,8,0,0,129.123428264904,35.155743281029,39.0,0.0533,0.432,medium,주의
6779223,2022040,2022,2650010400,26500006,부산광역시 수영구6,부산광역시 수영구 광안동(장대골삼거리 부근),부산 수영구 광안동(장대골삼거리 부근),7,7,0,7,0,0,129.11335247204,35.156959822739,35.0,0.0,0.3196,low,관심
6779535,2022040,2022,2650010400,26500007,부산광역시 수영구7,부산광역시 수영구 광안동(과일마루 부근),부산 수영구 광안동(과일마루 부근),7,7,0,7,0,0,129.112966847243,35.159669755256,35.0,0.0,0.3196,low,관심
6778869,2022040,2022,2653010400,26530001,부산광역시 사상구1,부산광역시 사상구 괘법동(태백루 부근),부산 사상구 괘법동(태백루 부근),8,9,0,9,0,0,128.987579783781,35.15911071239,44.0,0.12,0.6779,medium,주의
6779252,2022040,2022,2653010400,26530002,부산광역시 사상구2,부산광역시 사상구 괘법동(D&N편의점 부근),부산 사상구 괘법동(D&N편의점 부근),8,8,0,8,0,0,128.983729827471,35.164747959751,40.0,0.0667,0.5282,medium,주의
6779243,2022040,2022,2653010200,26530003,부산광역시 사상구3,부산광역시 사상구 모라동(신모라사거리 부근),부산 사상구 모라동(신모라사거리 부근),7,9,1,6,2,0,128.990275105912,35.186486675321,43.0,0.1067,0.6628,medium,주의
6779587,2022040,2022,2653010100,26530004,부산광역시 사상구4,부산광역시 사상구 삼락동(삼락동462 부근),부산 사상구 삼락동(삼락동462 부근),7,34,0,9,20,5,128.981163988828,35.168566156504,65.5,0.4067,0.9602,high,고위험
6779007,2022040,2022,2671025000,26710001,부산광역시 기장군1,부산광역시 기장군 기장읍(수협은행기장지점 부근),부산 기장군 기장읍(수협은행기장지점 부근),7,9,2,7,0,0,129.216642023712,35.24497648218,55.0,0.2667,0.9007,high,고위험
6779290,2022040,2022,2671025000,26710002,부산광역시 기장군2,부산광역시 기장군 기장읍(청강리7781 부근),부산 기장군 기장읍(청강리7781 부근),7,7,0,7,0,0,129.217221391255,35.241181660606,35.0,0.0,0.3196,low,관심
6778875,2022040,2022,2711010600,27110001,대구광역시 중구1,대구광역시 중구 삼덕동2가(히로미찌찜닭 부근),대구광역시 중구 삼덕동2가(히로미찌찜닭 부근),15,16,0,15,1,0,128.599086861071,35.867057644895,76.0,0.5467,0.9869,high,고위험
6779162,2022040,2022,2711011700,27110002,대구광역시 중구2,대구광역시 중구 남일동(중앙네거리 부근),대구광역시 중구 남일동(중앙네거리 부근),7,8,3,4,0,1,128.594487520384,35.870886200039,53.5,0.2467,0.8735,high,고위험
6779351,2022040,2022,2711015400,27110003,대구광역시 중구3,대구광역시 중구 대신동(큰장네거리 부근),대구광역시 중구 대신동(큰장네거리 부근),7,7,0,7,0,0,128.578974681837,35.870485606926,35.0,0.0,0.3196,low,관심
6779110,2022040,2022,2714010300,27140001,대구광역시 동구1,대구광역시 동구 효목동(소헌미술관 부근),대구광역시 동구 효목동(소헌미술관 부근),7,8,0,7,0,1,128.639290736579,35.874616777643,35.5,0.0067,0.3276,low,관심
6779056,2022040,2022,2717010300,27170001,대구광역시 서구1,대구광역시 서구 평리동(평리동162125 부근),대구광역시 서구 평리동(평리동162125 부근),7,10,0,7,3,0,128.555682900047,35.868168179919,38.0,0.04,0.3901,low,관심
6779516,2022040,2022,2717010200,27170002,대구광역시 서구2,대구광역시 서구 비산동(원대네거리 부근),대구광역시 서구 비산동(원대네거리 부근),7,7,0,7,0,0,128.573862923636,35.885677668091,35.0,0.0,0.3196,low,관심
6779104,2022040,2022,2720010300,27200001,대구광역시 남구1,대구광역시 남구 대명동(두리봉네거리 부근),대구광역시 남구 대명동(두리봉네거리 부근),7,9,0,8,1,0,128.560645839335,35.841618381884,40.0,0.0667,0.5282,medium,주의
6779329,2022040,2022,2720010300,27200002,대구광역시 남구2,대구광역시 남구 대명동(성당시장네거리 부근),대구광역시 남구 대명동(성당시장네거리 부근),7,8,0,7,1,0,128.572719438352,35.850166252671,36.0,0.0133,0.3785,low,관심
6778882,2022040,2022,2723010100,27230001,대구광역시 북구1,대구광역시 북구 칠성동1가(칠성시장네거리 부근),대구광역시 북구 칠성동1가(칠성시장네거리 부근),11,14,0,11,2,1,128.604970903086,35.876019273072,57.5,0.3,0.9194,high,고위험
6779089,2022040,2022,2723012600,27230002,대구광역시 북구2,대구광역시 북구 태전동(칠곡네거리 부근),대구광역시 북구 태전동(칠곡네거리 부근),8,8,0,8,0,0,128.549000866198,35.932598228327,40.0,0.0667,0.5282,medium,주의
6779296,2022040,2022,2723010400,27230003,대구광역시 북구3,대구광역시 북구 고성동2가(달성초등네거리 부근),대구광역시 북구 고성동2가(달성초등네거리 부근),7,8,0,7,1,0,128.580667248196,35.880928516539,36.0,0.0133,0.3785,low,관심
6779143,2022040,2022,2723010100,27230004,대구광역시 북구4,대구광역시 북구 칠성동1가(대성시장교차로 부근),대구광역시 북구 칠성동1가(대성시장교차로 부근),7,8,0,7,1,0,128.60098104554,35.875875599181,36.0,0.0133,0.3785,low,관심
6779033,2022040,2022,2726011300,27260001,대구광역시 수성구1,대구광역시 수성구 범물동(지산동12972 부근),대구광역시 수성구 범물동(지산동12972 부근),7,8,0,7,1,0,128.641204633288,35.822668722085,36.0,0.0133,0.3785,low,관심
6779529,2022040,2022,2726011200,27260002,대구광역시 수성구2,대구광역시 수성구 지산동(지산네거리 부근),대구광역시 수성구 지산동(지산네거리 부근),7,7,0,7,0,0,128.632607092045,35.825274433969,35.0,0.0,0.3196,low,관심
6779164,2022040,2022,2729012200,27290001,대구광역시 달서구1,대구광역시 달서구 송현동(성민교회 부근),대구광역시 달서구 송현동(성민교회 부근),8,9,0,8,0,1,128.553452870954,35.833567524123,40.5,0.0733,0.5323,medium,주의
6779573,2022040,2022,2729011100,27290002,대구광역시 달서구2,대구광역시 달서구 용산동(용산동970 부근),대구광역시 달서구 용산동(용산동970 부근),7,8,1,6,1,0,128.529848596337,35.857573611334,42.0,0.0933,0.6542,medium,주의
6779146,2022040,2022,2729012200,27290003,대구광역시 달서구3,대구광역시 달서구 송현동(달성군청삼거리 부근),대구광역시 달서구 송현동(달성군청삼거리 부근),7,9,0,8,1,0,128.555238440703,35.834633743254,40.0,0.0667,0.5282,medium,주의
6779078,2022040,2022,2729011500,27290004,대구광역시 달서구4,대구광역시 달서구 상인동(은행아파트앞교차로 부근),대구광역시 달서구 상인동(은행아파트앞교차로 부근),7,7,0,7,0,0,128.551577175647,35.808880849772,35.0,0.0,0.3196,low,관심
6779266,2022040,2022,2729012200,27290005,대구광역시 달서구5,대구광역시 달서구 송현동(성당네거리 부근),대구광역시 달서구 송현동(성당네거리 부근),7,7,0,7,0,0,128.555938504459,35.837332304743,35.0,0.0,0.3196,low,관심
6779188,2022040,2022,2729010700,27290006,대구광역시 달서구6,대구광역시 달서구 신당동(난나유치원 부근),대구광역시 달서구 신당동(난나유치원 부근),7,7,0,7,0,0,128.498123352812,35.853513823405,35.0,0.0,0.3196,low,관심
6779269,2022040,2022,2811012800,28110001,인천광역시 중구1,인천광역시 중구 신흥동3가(신광사거리 부근),인천광역시 중구 신흥동3가(신광사거리 부근),7,7,1,6,0,0,126.635907893935,37.464568717573,41.0,0.08,0.6361,medium,주의
6779233,2022040,2022,2817710400,28177001,인천광역시 미추홀구1,인천광역시 미추홀구 도화동(도화초교사거리 부근),인천광역시 미추홀구 도화동(도화초교사거리 부근),8,10,0,9,1,0,126.668930097447,37.464264777299,45.0,0.1333,0.7283,medium,주의
6778970,2022040,2022,2817710500,28177002,인천광역시 미추홀구2,인천광역시 미추홀구 주안동(석바위사거리 부근),인천광역시 미추홀구 주안동(석바위사거리 부근),7,7,1,6,0,0,126.689126544955,37.457915384688,41.0,0.08,0.6361,medium,주의
6778893,2022040,2022,2817710500,28177003,인천광역시 미추홀구3,인천광역시 미추홀구 주안동(용일사거리 부근),인천광역시 미추홀구 주안동(용일사거리 부근),7,8,0,8,0,0,126.665892315279,37.452706119293,39.0,0.0533,0.432,medium,주의
6779282,2022040,2022,2817710100,28177004,인천광역시 미추홀구4,인천광역시 미추홀구 숭의동(장안사거리 부근),인천광역시 미추홀구 숭의동(장안사거리 부근),7,9,0,7,2,0,126.645872300368,37.46337928053,37.0,0.0267,0.3891,low,관심
6779285,2022040,2022,2820010200,28200001,인천광역시 남동구1,인천광역시 남동구 간석동(간석오거리 부근),인천광역시 남동구 간석동(간석오거리 부근),7,7,1,6,0,0,126.707575244603,37.466873765413,41.0,0.08,0.6361,medium,주의
6779583,2022040,2022,2823710100,28237001,인천광역시 부평구1,인천광역시 부평구 부평동(수협은행부평지점 부근),인천광역시 부평구 부평동(수협은행부평지점 부근),7,7,0,7,0,0,126.730947724359,37.503442641466,35.0,0.0,0.3196,low,관심
6778964,2022040,2022,2824510500,28245001,인천광역시 계양구1,인천광역시 계양구 임학동(대신빌라입구 부근),인천광역시 계양구 임학동(대신빌라입구 부근),7,7,1,6,0,0,126.737514243888,37.547470700513,41.0,0.08,0.6361,medium,주의
6779170,2022040,2022,2824510500,28245002,인천광역시 계양구2,인천광역시 계양구 임학동(병방사거리 부근),인천광역시 계양구 임학동(병방사거리 부근),7,7,1,6,0,0,126.740006398378,37.547306499596,41.0,0.08,0.6361,medium,주의
6779230,2022040,2022,2824510300,28245003,인천광역시 계양구3,인천광역시 계양구 작전동(작전동930 부근),인천광역시 계양구 작전동(작전동930 부근),7,7,1,6,0,0,126.733592331922,37.532483071438,41.0,0.08,0.6361,medium,주의
6779367,2022040,2022,2824510200,28245004,인천광역시 계양구4,인천광역시 계양구 계산동(인천축산농협계산지점 부근),인천광역시 계양구 계산동(인천축산농협계산지점 부근),7,8,0,8,0,0,126.72765710769,37.537311638522,39.0,0.0533,0.432,medium,주의
6779262,2022040,2022,2824510200,28245005,인천광역시 계양구5,인천광역시 계양구 계산동(부킹노래주점 부근),인천광역시 계양구 계산동(부킹노래주점 부근),7,7,0,7,0,0,126.725391625524,37.537477067014,35.0,0.0,0.3196,low,관심
6779059,2022040,2022,2824510100,28245006,인천광역시 계양구6,인천광역시 계양구 효성동(BRUNJ 부근),인천광역시 계양구 효성동(BRUNJ 부근),7,7,0,7,0,0,126.710503068463,37.532511231909,35.0,0.0,0.3196,low,관심
6779547,2022040,2022,2826011000,28260001,인천광역시 서구1,인천광역시 서구 석남동(석남1고가교입구교차 부근),인천광역시 서구 석남동(석남1고가교입구교차 부근),8,9,0,9,0,0,126.671406147777,37.506284807599,44.0,0.12,0.6779,medium,주의
6778971,2022040,2022,2914011900,29140001,광주광역시 서구1,광주광역시 서구 화정동(교직원공제회앞교차로 부근),광주광역시 서구 화정동(교직원공제회앞교차로 부근),7,7,0,7,0,0,126.883007518683,35.157295757294,35.0,0.0,0.3196,low,관심
6778988,2022040,2022,2915511300,29155001,광주광역시 남구1,광주광역시 남구 양림동(방림동507 부근),광주광역시 남구 양림동(방림동507 부근),8,9,0,8,1,0,126.917854529364,35.136007594876,41.0,0.08,0.6361,medium,주의
6778977,2022040,2022,2917011500,29170001,광주광역시 북구1,광주광역시 북구 오치동(파스쿠찌광주오치점 부근),광주광역시 북구 오치동(파스쿠찌광주오치점 부근),7,8,0,8,0,0,126.900793717457,35.187321529466,39.0,0.0533,0.432,medium,주의
6779274,2022040,2022,2917012800,29170002,광주광역시 북구2,광주광역시 북구 양산동(북광주농협용두동지점 부근),광주광역시 북구 양산동(북광주농협용두동지점 부근),7,7,0,7,0,0,126.874243295293,35.212074071962,35.0,0.0,0.3196,low,관심
6779013,2022040,2022,2920012000,29200001,광주광역시 광산구1,광주광역시 광산구 운남동(한스델리광주운남점 부근),광주광역시 광산구 운남동(한스델리광주운남점 부근),9,9,1,8,0,0,126.824859360672,35.17862642527,51.0,0.2133,0.8629,high,고위험
6778917,2022040,2022,2920010800,29200002,광주광역시 광산구2,광주광역시 광산구 소촌동(송정지하차도 부근),광주광역시 광산구 소촌동(송정지하차도 부근),8,8,0,8,0,0,126.794647572728,35.141665012231,40.0,0.0667,0.5282,medium,주의
6779320,2022040,2022,3011011700,30110001,대전광역시 동구1,대전광역시 동구 홍도동(용전네거리 부근),대전광역시 동구 홍도동(용전네거리 부근),7,7,0,7,0,0,127.431194281992,36.347197259547,35.0,0.0,0.3196,low,관심
6778910,2022040,2022,3017010600,30170001,대전광역시 서구1,대전광역시 서구 탄방동(둔산화랑 부근),대전광역시 서구 탄방동(둔산화랑 부근),11,12,1,10,1,0,127.398873370711,36.348797053642,62.0,0.36,0.9486,high,고위험
6779062,2022040,2022,3017011200,30170002,대전광역시 서구2,대전광역시 서구 둔산동(서광공인중개사사무소 부근),대전광역시 서구 둔산동(서광공인중개사사무소 부근),10,11,0,10,1,0,127.376358638242,36.350398653576,51.0,0.2133,0.8629,high,고위험
6778981,2022040,2022,3017011300,30170003,대전광역시 서구3,대전광역시 서구 월평동(금강유역환경청 부근),대전광역시 서구 월평동(금강유역환경청 부근),7,10,0,8,1,1,127.377458146677,36.359956113185,40.5,0.0733,0.5323,medium,주의
6779356,2022040,2022,3017010300,30170004,대전광역시 서구4,대전광역시 서구 도마동(유등교 부근),대전광역시 서구 도마동(유등교 부근),7,7,0,7,0,0,127.38421235202,36.315066010789,35.0,0.0,0.3196,low,관심
6779041,2022040,2022,3020011100,30200001,대전광역시 유성구1,대전광역시 유성구 봉명동(유성시외버스터미널 부근),대전광역시 유성구 봉명동(유성시외버스터미널 부근),7,9,2,5,2,0,127.335780782358,36.355398403914,49.0,0.1867,0.8065,high,고위험
6779085,2022040,2022,3020011700,30200002,대전광역시 유성구2,대전광역시 유성구 장대동(유성교 부근),대전광역시 유성구 장대동(유성교 부근),7,7,1,6,0,0,127.33644461243,36.357743317801,41.0,0.08,0.6361,medium,주의
6779302,2022040,2022,3023011000,30230001,대전광역시 대덕구1,대전광역시 대덕구 비래동(예수사랑교회 부근),대전광역시 대덕구 비래동(예수사랑교회 부근),7,7,0,7,0,0,127.455038794306,36.355142173573,35.0,0.0,0.3196,low,관심
6779355,2022040,2022,3114010500,31140001,울산광역시 남구1,울산광역시 남구 달동(달동사거리 부근),울산광역시 남구 달동(달동사거리 부근),7,7,2,5,0,0,129.314774512035,35.534560159525,47.0,0.16,0.7893,medium,주의
6779538,2022040,2022,3114010500,31140002,울산광역시 남구2,울산광역시 남구 달동(인스타카페 부근),울산광역시 남구 달동(인스타카페 부근),7,8,0,7,1,0,129.334914447944,35.537500772644,36.0,0.0133,0.3785,low,관심
6779582,2022040,2022,3114010400,31140003,울산광역시 남구3,울산광역시 남구 신정동(신정동517 부근),울산광역시 남구 신정동(신정동517 부근),7,7,0,7,0,0,129.309684805211,35.543651829669,35.0,0.0,0.3196,low,관심
6779350,2022040,2022,3114010500,31140004,울산광역시 남구4,울산광역시 남구 달동(목화예식장교차로 부근),울산광역시 남구 달동(목화예식장교차로 부근),7,7,0,7,0,0,129.330732887314,35.537924948678,35.0,0.0,0.3196,low,관심
6779141,2022040,2022,3114010400,31140005,울산광역시 남구5,울산광역시 남구 신정동(신정시장사거리 부근),울산광역시 남구 신정동(신정시장사거리 부근),7,7,0,7,0,0,129.31118799683,35.541826223003,35.0,0.0,0.3196,low,관심
6779560,2022040,2022,3114010100,31140006,울산광역시 남구6,울산광역시 남구 무거동(무거동861 부근),울산광역시 남구 무거동(무거동861 부근),7,7,0,7,0,0,129.263037563334,35.549211274881,35.0,0.0,0.3196,low,관심
6779240,2022040,2022,3117010100,31170001,울산광역시 동구1,울산광역시 동구 방어동(방어진체육공원입구교 부근),울산광역시 동구 방어동(방어진체육공원입구교 부근),7,7,1,6,0,0,129.416964907805,35.490788337113,41.0,0.08,0.6361,medium,주의
6779531,2022040,2022,3117010200,31170002,울산광역시 동구2,울산광역시 동구 화정동(등대사거리 부근),울산광역시 동구 화정동(등대사거리 부근),7,7,0,7,0,0,129.426484033812,35.492439688442,35.0,0.0,0.3196,low,관심
6778998,2022040,2022,3611025000,36110001,세종특별자치시 1,세종특별자치시  조치원읍(역전교차로 부근),세종특별자치시  조치원읍(역전교차로 부근),7,7,0,7,0,0,127.298143088134,36.600374047625,35.0,0.0,0.3196,low,관심
6778927,2022040,2022,4111113200,41111001,경기도 수원시 장안구1,경기도 수원시 장안구 율전동(밤밭고가차도 부근),경기 수원시 장안구 율전동(밤밭고가차도 부근),10,10,0,10,0,0,126.971339513709,37.29816876198,50.0,0.2,0.8407,high,고위험
6779272,2022040,2022,4111113400,41111002,경기도 수원시 장안구2,경기도 수원시 장안구 영화동(장안문로터리 부근),경기 수원시 장안구 영화동(장안문로터리 부근),7,8,0,7,1,0,127.014044004528,37.289698471208,36.0,0.0133,0.3785,low,관심
6779334,2022040,2022,4111113700,41111003,경기도 수원시 장안구3,경기도 수원시 장안구 연무동(퉁소바위사거리 부근),경기 수원시 장안구 연무동(퉁소바위사거리 부근),7,7,0,7,0,0,127.029148901602,37.291742581656,35.0,0.0,0.3196,low,관심
6779364,2022040,2022,4111312600,41113001,경기도 수원시 권선구1,경기도 수원시 권선구 세류동(유천교 부근),경기 수원시 권선구 세류동(유천교 부근),7,7,0,7,0,0,127.009726677745,37.259574166615,35.0,0.0,0.3196,low,관심
6779009,2022040,2022,4111514100,41115001,경기도 수원시 팔달구1,경기도 수원시 팔달구 인계동(나혜석거리 부근),경기 수원시 팔달구 인계동(나혜석거리 부근),9,10,0,9,1,0,127.032025101678,37.264531934802,46.0,0.1467,0.7722,medium,주의
6779016,2022040,2022,4111513500,41115002,경기도 수원시 팔달구2,경기도 수원시 팔달구 매산로2가(홍도사사주카페 부근),경기 수원시 팔달구 매산로2가(홍도사사주카페 부근),7,8,1,6,1,0,127.003809412975,37.267662059358,42.0,0.0933,0.6542,medium,주의
6779047,2022040,2022,4111513400,41115003,경기도 수원시 팔달구3,경기도 수원시 팔달구 매산로1가(수원역광장 부근),경기 수원시 팔달구 매산로1가(수원역광장 부근),7,7,1,6,0,0,127.000655086764,37.267107960065,41.0,0.08,0.6361,medium,주의
6779335,2022040,2022,4111513200,41115004,경기도 수원시 팔달구4,경기도 수원시 팔달구 교동(수원농협 부근),경기 수원시 팔달구 교동(수원농협 부근),7,7,1,6,0,0,127.015285466452,37.272036288945,41.0,0.08,0.6361,medium,주의
6779275,2022040,2022,4111512200,41115005,경기도 수원시 팔달구5,경기도 수원시 팔달구 팔달로3가(중동사거리 부근),경기 수원시 팔달구 팔달로3가(중동사거리 부근),7,8,0,7,1,0,127.017520536245,37.275290432708,36.0,0.0133,0.3785,low,관심
6779201,2022040,2022,4111512100,41115006,경기도 수원시 팔달구6,경기도 수원시 팔달구 팔달로2가(지동교 부근),경기 수원시 팔달구 팔달로2가(지동교 부근),7,7,0,7,0,0,127.018633550699,37.277638583255,35.0,0.0,0.3196,low,관심
6778883,2022040,2022,4113110200,41131001,경기도 성남시 수정구1,경기도 성남시 수정구 태평동(중앙시장사거리 부근),경기 성남시 수정구 태평동(중앙시장사거리 부근),11,12,0,12,0,0,127.131992443498,37.44065480008,59.0,0.32,0.9259,high,고위험
6778990,2022040,2022,4113110200,41131002,경기도 성남시 수정구2,경기도 성남시 수정구 태평동(탄리사거리 부근),경기 성남시 수정구 태평동(탄리사거리 부근),10,10,1,9,0,0,127.136054138888,37.442289844002,56.0,0.28,0.9108,high,고위험
6778915,2022040,2022,4113110100,41131003,경기도 성남시 수정구3,경기도 성남시 수정구 신흥동(신흥사거리 부근),경기 성남시 수정구 신흥동(신흥사거리 부근),9,11,0,9,2,0,127.144433170056,37.439430960371,47.0,0.16,0.7893,medium,주의
6779183,2022040,2022,4113110100,41131004,경기도 성남시 수정구4,경기도 성남시 수정구 신흥동(쎄시봉라이브빠 부근),경기 성남시 수정구 신흥동(쎄시봉라이브빠 부근),8,9,0,8,1,0,127.143744666184,37.441592177838,41.0,0.08,0.6361,medium,주의
6779199,2022040,2022,4113110300,41131005,경기도 성남시 수정구5,경기도 성남시 수정구 수진동(탄리사거리 부근),경기 성남시 수정구 수진동(탄리사거리 부근),7,7,1,6,0,0,127.13425067443,37.441202631997,41.0,0.08,0.6361,medium,주의
6779533,2022040,2022,4113110600,41131006,경기도 성남시 수정구6,경기도 성남시 수정구 양지동(양지동행정복지센터 부근),경기 성남시 수정구 양지동(양지동행정복지센터 부근),7,8,0,7,1,0,127.16109177007,37.45534402151,36.0,0.0133,0.3785,low,관심
6778965,2022040,2022,4113310400,41133001,경기도 성남시 중원구1,경기도 성남시 중원구 은행동(은행시장사거리 부근),경기 성남시 중원구 은행동(은행시장사거리 부근),9,11,0,10,0,1,127.16424632381,37.45787685953,49.5,0.1933,0.807,high,고위험
6779086,2022040,2022,4113310500,41133002,경기도 성남시 중원구2,경기도 성남시 중원구 상대원동(금상로사거리 부근),경기 성남시 중원구 상대원동(금상로사거리 부근),8,10,0,8,1,1,127.162514968792,37.44056561791,41.5,0.0867,0.6391,medium,주의
6778952,2022040,2022,4113310100,41133003,경기도 성남시 중원구3,경기도 성남시 중원구 성남동(모란고가교 부근),경기 성남시 중원구 성남동(모란고가교 부근),8,9,0,8,1,0,127.131125261423,37.433080576708,41.0,0.08,0.6361,medium,주의
6779128,2022040,2022,4113310100,41133004,경기도 성남시 중원구4,경기도 성남시 중원구 성남동(모란삼거리 부근),경기 성남시 중원구 성남동(모란삼거리 부근),8,9,0,8,1,0,127.128869077347,37.432172142731,41.0,0.08,0.6361,medium,주의
6779522,2022040,2022,4113313200,41133005,경기도 성남시 중원구5,경기도 성남시 중원구 중앙동(중앙동사거리 부근),경기 성남시 중원구 중앙동(중앙동사거리 부근),8,8,0,8,0,0,127.153011008053,37.442340841857,40.0,0.0667,0.5282,medium,주의
6779065,2022040,2022,4113310900,41133006,경기도 성남시 중원구6,경기도 성남시 중원구 하대원동(모란시장사거리 부근),경기 성남시 중원구 하대원동(모란시장사거리 부근),8,8,0,8,0,0,127.129784862383,37.429831446665,40.0,0.0667,0.5282,medium,주의
6779036,2022040,2022,4113310100,41133007,경기도 성남시 중원구7,경기도 성남시 중원구 성남동(수진동475811 부근),경기 성남시 중원구 성남동(수진동475811 부근),7,8,2,5,1,0,127.126830057063,37.433067095871,48.0,0.1733,0.7939,medium,주의
6779278,2022040,2022,4113313200,41133008,경기도 성남시 중원구8,경기도 성남시 중원구 중앙동(중앙동행정복지센터 부근),경기 성남시 중원구 중앙동(중앙동행정복지센터 부근),7,7,1,6,0,0,127.155717502462,37.443790949194,41.0,0.08,0.6361,medium,주의
6779265,2022040,2022,4113310300,41133009,경기도 성남시 중원구9,경기도 성남시 중원구 금광동(금광중앙교회 부근),경기 성남시 중원구 금광동(금광중앙교회 부근),7,8,0,8,0,0,127.160660682745,37.45065566233,39.0,0.0533,0.432,medium,주의
6779319,2022040,2022,4113310300,41133010,경기도 성남시 중원구10,경기도 성남시 중원구 금광동(단대오거리 부근),경기 성남시 중원구 금광동(단대오거리 부근),7,7,0,7,0,0,127.157293598522,37.445237723643,35.0,0.0,0.3196,low,관심
6778985,2022040,2022,4113510700,41135001,경기도 성남시 분당구1,경기도 성남시 분당구 야탑동(야탑지구대 부근),경기 성남시 분당구 야탑동(야탑지구대 부근),8,8,1,7,0,0,127.127170541288,37.409993004874,46.0,0.1467,0.7722,medium,주의
6779196,2022040,2022,4113510700,41135002,경기도 성남시 분당구2,경기도 성남시 분당구 야탑동(야탑역 부근),경기 성남시 분당구 야탑동(야탑역 부근),7,11,1,9,1,0,127.128970491196,37.411621142902,54.0,0.2533,0.8805,high,고위험
6779101,2022040,2022,4113510700,41135003,경기도 성남시 분당구3,경기도 성남시 분당구 야탑동(장미사거리 부근),경기 성남시 분당구 야탑동(장미사거리 부근),7,7,1,6,0,0,127.128734705144,37.413603427657,41.0,0.08,0.6361,medium,주의
6779539,2022040,2022,4113511400,41135004,경기도 성남시 분당구4,경기도 성남시 분당구 구미동(성남고용복자플러스센 부근),경기 성남시 분당구 구미동(성남고용복자플러스센 부근),7,7,0,7,0,0,127.109856009049,37.349544709322,35.0,0.0,0.3196,low,관심
6778907,2022040,2022,4115010100,41150001,경기도 의정부시1,경기도 의정부시 의정부동(송산교차로 부근),경기 의정부시 의정부동(송산교차로 부근),9,9,0,9,0,0,127.050845233921,37.739080280831,45.0,0.1333,0.7283,medium,주의
6778930,2022040,2022,4115010200,41150002,경기도 의정부시2,경기도 의정부시 호원동(회룡교 부근),경기 의정부시 호원동(회룡교 부근),8,8,1,7,0,0,127.048211191594,37.724288498916,46.0,0.1467,0.7722,medium,주의
6779189,2022040,2022,4115010100,41150003,경기도 의정부시3,경기도 의정부시 의정부동(파발교차로 부근),경기 의정부시 의정부동(파발교차로 부근),7,9,0,8,1,0,127.051735795672,37.741967903197,40.0,0.0667,0.5282,medium,주의
6779528,2022040,2022,4115010100,41150004,경기도 의정부시4,경기도 의정부시 의정부동(의정부역동부교차로 부근),경기 의정부시 의정부동(의정부역동부교차로 부근),7,8,0,8,0,0,127.048807808135,37.73817117596,39.0,0.0533,0.432,medium,주의
6779227,2022040,2022,4117110100,41171001,경기도 안양시 만안구1,경기도 안양시 만안구 안양동(삼덕제지삼거리 부근),경기 안양시 만안구 안양동(삼덕제지삼거리 부근),7,8,0,7,1,0,126.918208224631,37.3990540571,36.0,0.0133,0.3785,low,관심
6779169,2022040,2022,4117110100,41171002,경기도 안양시 만안구2,경기도 안양시 만안구 안양동(중앙사거리 부근),경기 안양시 만안구 안양동(중앙사거리 부근),7,7,0,7,0,0,126.920460826707,37.399966489463,35.0,0.0,0.3196,low,관심
6778959,2022040,2022,4117310400,41173001,경기도 안양시 동안구1,경기도 안양시 동안구 호계동(호계사거리 부근),경기 안양시 동안구 호계동(호계사거리 부근),8,9,2,7,0,0,126.957959367932,37.370218739104,56.0,0.28,0.9108,high,고위험
6779102,2022040,2022,4117310200,41173002,경기도 안양시 동안구2,경기도 안양시 동안구 관양동(현대아파트입구삼거리 부근),경기 안양시 동안구 관양동(현대아파트입구삼거리 부근),7,7,0,7,0,0,126.95748545669,37.404649021036,35.0,0.0,0.3196,low,관심
6778881,2022040,2022,4119010200,41190001,경기도 부천시1,경기도 부천시 심곡동(북부역사거리 부근),경기 부천시 심곡동(북부역사거리 부근),12,13,0,12,1,0,126.78316709009,37.485023020497,61.0,0.3467,0.943,high,고위험
6778913,2022040,2022,4119011300,41190002,경기도 부천시2,경기도 부천시 괴안동(괴안삼거리 부근),경기 부천시 괴안동(괴안삼거리 부근),10,10,1,9,0,0,126.805373817349,37.481009454124,56.0,0.28,0.9108,high,고위험
6778872,2022040,2022,4119012100,41190003,경기도 부천시3,경기도 부천시 고강동(고강사거리 부근),경기 부천시 고강동(고강사거리 부근),10,10,0,10,0,0,126.816256316477,37.5279430932,50.0,0.2,0.8407,high,고위험
6779006,2022040,2022,4119010200,41190004,경기도 부천시4,경기도 부천시 심곡동(북부역사거리 부근),경기 부천시 심곡동(북부역사거리 부근),9,9,0,9,0,0,126.781122592934,37.485911947279,45.0,0.1333,0.7283,medium,주의
6779003,2022040,2022,4119011300,41190005,경기도 부천시5,경기도 부천시 괴안동(역곡남부역사거리 부근),경기 부천시 괴안동(역곡남부역사거리 부근),8,8,3,5,0,0,126.812584014042,37.484116222387,58.0,0.3067,0.9234,high,고위험
6779551,2022040,2022,4119010200,41190006,경기도 부천시6,경기도 부천시 심곡동(북교사거리 부근),경기 부천시 심곡동(북교사거리 부근),8,8,1,7,0,0,126.785129087039,37.492786517884,46.0,0.1467,0.7722,medium,주의
6779297,2022040,2022,4119012000,41190007,경기도 부천시7,경기도 부천시 원종동(원종동사거리 부근),경기 부천시 원종동(원종동사거리 부근),8,8,1,7,0,0,126.804751578224,37.52372973524,46.0,0.1467,0.7722,medium,주의
6778953,2022040,2022,4119010800,41190008,경기도 부천시8,경기도 부천시 중동(맥도널드 부근),경기 부천시 중동(맥도널드 부근),8,8,0,8,0,0,126.774403841565,37.502275420375,40.0,0.0667,0.5282,medium,주의
6779108,2022040,2022,4119011000,41190009,경기도 부천시9,경기도 부천시 소사본동(소사사거리 부근),경기 부천시 소사본동(소사사거리 부근),7,8,1,6,1,0,126.795644026951,37.481312389856,42.0,0.0933,0.6542,medium,주의
6779154,2022040,2022,4119010700,41190010,경기도 부천시10,경기도 부천시 역곡동(역곡북부역사거리 부근),경기 부천시 역곡동(역곡북부역사거리 부근),7,8,0,8,0,0,126.811433134533,37.486272765177,39.0,0.0533,0.432,medium,주의
6779283,2022040,2022,4119010100,41190011,경기도 부천시11,경기도 부천시 원미동(아이비미용실 부근),경기 부천시 원미동(아이비미용실 부근),7,8,0,7,1,0,126.787615909448,37.492981811063,36.0,0.0133,0.3785,low,관심
6779258,2022040,2022,4119010200,41190012,경기도 부천시12,경기도 부천시 심곡동(전화국사거리 부근),경기 부천시 심곡동(전화국사거리 부근),7,7,0,7,0,0,126.777268352254,37.486789781824,35.0,0.0,0.3196,low,관심
6779310,2022040,2022,4119011100,41190013,경기도 부천시13,경기도 부천시 심곡본동(부천역남부삼거리 부근),경기 부천시 심곡본동(부천역남부삼거리 부근),7,7,0,7,0,0,126.781602629459,37.483030546424,35.0,0.0,0.3196,low,관심
6779040,2022040,2022,4119010200,41190014,경기도 부천시14,경기도 부천시 심곡동(소명사거리 부근),경기 부천시 심곡동(소명사거리 부근),7,7,0,7,0,0,126.789274680183,37.48505992058,35.0,0.0,0.3196,low,관심
6779081,2022040,2022,4119011100,41190015,경기도 부천시15,경기도 부천시 심곡본동(심곡고가사거리 부근),경기 부천시 심곡본동(심곡고가사거리 부근),7,7,0,7,0,0,126.776170338491,37.483357930225,35.0,0.0,0.3196,low,관심
6779118,2022040,2022,4121010100,41210001,경기도 광명시1,경기도 광명시 광명동(새마을시장삼거리 부근),경기 광명시 광명동(새마을시장삼거리 부근),7,8,1,6,1,0,126.851586598544,37.473340190398,42.0,0.0933,0.6542,medium,주의
6779159,2022040,2022,4121010100,41210002,경기도 광명시2,경기도 광명시 광명동(광명사거리 부근),경기 광명시 광명동(광명사거리 부근),7,8,0,7,1,0,126.854700350042,37.479486453138,36.0,0.0133,0.3785,low,관심
6779011,2022040,2022,4121010200,41210003,경기도 광명시3,경기도 광명시 철산동(시청사거리 부근),경기 광명시 철산동(시청사거리 부근),7,7,0,7,0,0,126.863320183681,37.476648879843,35.0,0.0,0.3196,low,관심
6779185,2022040,2022,4122010200,41220001,경기도 평택시1,경기도 평택시 장당동(장당동4778 부근),경기 평택시 장당동(장당동4778 부근),8,8,0,8,0,0,127.054700307374,37.0522468669,40.0,0.0667,0.5282,medium,주의
6779506,2022040,2022,4122011000,41220002,경기도 평택시2,경기도 평택시 지산동(신장동651 부근),경기 평택시 지산동(신장동651 부근),7,7,2,5,0,0,127.057229700092,37.081462516283,47.0,0.16,0.7893,medium,주의
6779525,2022040,2022,4122011200,41220003,경기도 평택시3,경기도 평택시 신장동(신장육교사거리 부근),경기 평택시 신장동(신장육교사거리 부근),7,8,1,6,0,1,127.054543256068,37.079108756665,41.5,0.0867,0.6391,medium,주의
6779526,2022040,2022,4122011300,41220004,경기도 평택시4,경기도 평택시 평택동(정각사 부근),경기 평택시 평택동(정각사 부근),7,7,1,6,0,0,127.084029608581,36.994841917621,41.0,0.08,0.6361,medium,주의
6779570,2022040,2022,4122010100,41220005,경기도 평택시5,경기도 평택시 서정동(KT플라자 부근),경기 평택시 서정동(KT플라자 부근),7,8,0,8,0,0,127.054360453573,37.07189667769,39.0,0.0533,0.432,medium,주의
6779574,2022040,2022,4122012000,41220006,경기도 평택시6,경기도 평택시 세교동(통복1교 부근),경기 평택시 세교동(통복1교 부근),7,7,0,7,0,0,127.083107939281,36.998985293038,35.0,0.0,0.3196,low,관심
6779124,2022040,2022,4122010100,41220007,경기도 평택시7,경기도 평택시 서정동(송탄출장소사거리 부근),경기 평택시 서정동(송탄출장소사거리 부근),7,7,0,7,0,0,127.063162782138,37.067061726319,35.0,0.0,0.3196,low,관심
6779550,2022040,2022,4122010100,41220008,경기도 평택시8,경기도 평택시 서정동(서정동9111 부근),경기 평택시 서정동(서정동9111 부근),7,7,0,7,0,0,127.064042028618,37.070670662522,35.0,0.0,0.3196,low,관심
6779181,2022040,2022,4122011000,41220009,경기도 평택시9,경기도 평택시 지산동(송탄터미널사거리 부근),경기 평택시 지산동(송탄터미널사거리 부근),7,7,0,7,0,0,127.05770276687,37.07749801782,35.0,0.0,0.3196,low,관심
6779167,2022040,2022,4125010300,41250001,경기도 동두천시1,경기도 동두천시 생연동(큰시장사거리 부근),경기 동두천시 생연동(큰시장사거리 부근),7,7,0,7,0,0,127.051914991884,37.90023872224,35.0,0.0,0.3196,low,관심
6779345,2022040,2022,4127310900,41273001,경기도 안산시 단원구1,경기도 안산시 단원구 선부동(차량등록사업소동사거 부근),경기 안산시 단원구 선부동(차량등록사업소동사거 부근),7,7,0,7,0,0,126.807618714034,37.335542596914,35.0,0.0,0.3196,low,관심
6779038,2022040,2022,4127310800,41273002,경기도 안산시 단원구2,경기도 안산시 단원구 원곡동(안산역지하차도 부근),경기 안산시 단원구 원곡동(안산역지하차도 부근),7,7,0,7,0,0,126.790080808184,37.327867118873,35.0,0.0,0.3196,low,관심
6779220,2022040,2022,4127310100,41273003,경기도 안산시 단원구3,경기도 안산시 단원구 고잔동(25시광장사거리 부근),경기 안산시 단원구 고잔동(25시광장사거리 부근),7,7,0,7,0,0,126.829949677237,37.312415649164,35.0,0.0,0.3196,low,관심
6779284,2022040,2022,4127310900,41273004,경기도 안산시 단원구4,경기도 안산시 단원구 선부동(카페네스카페안산선부 부근),경기 안산시 단원구 선부동(카페네스카페안산선부 부근),7,7,0,7,0,0,126.81190320477,37.33610841797,35.0,0.0,0.3196,low,관심
6779004,2022040,2022,4128112800,41281001,경기도 고양시 덕양구1,경기도 고양시 덕양구 행신동(가라뫼사거리 부근),경기 고양시 덕양구 행신동(가라뫼사거리 부근),8,9,0,8,1,0,126.843755082732,37.618593651077,41.0,0.08,0.6361,medium,주의
6779588,2022040,2022,4128111600,41281002,경기도 고양시 덕양구2,경기도 고양시 덕양구 고양동(고양119지역대 부근),경기 고양시 덕양구 고양동(고양119지역대 부근),7,9,1,7,1,0,126.901091282438,37.70326302397,46.0,0.1467,0.7722,medium,주의
6779534,2022040,2022,4128110100,41281003,경기도 고양시 덕양구3,경기도 고양시 덕양구 주교동(성사지하차도입구교차 부근),경기 고양시 덕양구 주교동(성사지하차도입구교차 부근),7,7,1,6,0,0,126.838871491527,37.65822491385,41.0,0.08,0.6361,medium,주의
6779354,2022040,2022,4128112300,41281004,경기도 고양시 덕양구4,경기도 고양시 덕양구 화정동(백양중학교앞교차로 부근),경기 고양시 덕양구 화정동(백양중학교앞교차로 부근),7,7,0,7,0,0,126.832771303754,37.630429634821,35.0,0.0,0.3196,low,관심
6778921,2022040,2022,4128510500,41285001,경기도 고양시 일산동구1,경기도 고양시 일산동구 마두동(마두동770 부근),경기 고양시 일산동구 마두동(마두동770 부근),8,9,0,8,0,1,126.777709742212,37.652097776992,40.5,0.0733,0.5323,medium,주의
6779315,2022040,2022,4128510400,41285002,경기도 고양시 일산동구2,경기도 고양시 일산동구 장항동(목민교회 부근),경기 고양시 일산동구 장항동(목민교회 부근),7,9,1,7,1,0,126.767176464224,37.662668429905,46.0,0.1467,0.7722,medium,주의
6779083,2022040,2022,4128510600,41285003,경기도 고양시 일산동구3,경기도 고양시 일산동구 백석동(백석역사거리 부근),경기 고양시 일산동구 백석동(백석역사거리 부근),7,7,0,7,0,0,126.787999580917,37.642966806474,35.0,0.0,0.3196,low,관심
6779318,2022040,2022,4128510500,41285004,경기도 고양시 일산동구4,경기도 고양시 일산동구 마두동(일산어린이꿈센터 부근),경기 고양시 일산동구 마두동(일산어린이꿈센터 부근),7,7,0,7,0,0,126.773569214948,37.658201357008,35.0,0.0,0.3196,low,관심
6779093,2022040,2022,4128710400,41287001,경기도 고양시 일산서구1,경기도 고양시 일산서구 대화동(고양종합운동장사거리 부근),경기 고양시 일산서구 대화동(고양종합운동장사거리 부근),8,8,1,7,0,0,126.747311446567,37.676243414703,46.0,0.1467,0.7722,medium,주의
6779122,2022040,2022,4131010300,41310001,경기도 구리시1,경기도 구리시 인창동(수협은행구리지점 부근),경기 구리시 인창동(수협은행구리지점 부근),8,8,1,7,0,0,127.133887118996,37.608313296622,46.0,0.1467,0.7722,medium,주의
6779536,2022040,2022,4131010300,41310002,경기도 구리시2,경기도 구리시 인창동(돌다리사거리 부근),경기 구리시 인창동(돌다리사거리 부근),7,7,1,6,0,0,127.140723924371,37.600222192401,41.0,0.08,0.6361,medium,주의
6779263,2022040,2022,4131010400,41310003,경기도 구리시3,경기도 구리시 교문동(세무서사거리 부근),경기 구리시 교문동(세무서사거리 부근),7,7,0,7,0,0,127.136660595811,37.597145173712,35.0,0.0,0.3196,low,관심
6779316,2022040,2022,4131010500,41310004,경기도 구리시4,경기도 구리시 수택동(수택동439 부근),경기 구리시 수택동(수택동439 부근),7,7,0,7,0,0,127.140308969085,37.592289071185,35.0,0.0,0.3196,low,관심
6779207,2022040,2022,4136025000,41360001,경기도 남양주시1,경기도 남양주시 와부읍(덕소삼거리 부근),경기 남양주시 와부읍(덕소삼거리 부근),8,9,1,7,1,0,127.212374038632,37.586357503597,47.0,0.16,0.7893,medium,주의
6778905,2022040,2022,4136025300,41360002,경기도 남양주시2,경기도 남양주시 진접읍(진접농협앞 부근),경기 남양주시 진접읍(진접농협앞 부근),8,8,0,8,0,0,127.183494703319,37.719141082596,40.0,0.0667,0.5282,medium,주의
6779326,2022040,2022,4136026500,41360003,경기도 남양주시3,경기도 남양주시 퇴계원읍(퇴계원리22513 부근),경기 남양주시 퇴계원읍(퇴계원리22513 부근),7,8,1,6,1,0,127.144798059184,37.648726786113,42.0,0.0933,0.6542,medium,주의
6779508,2022040,2022,4136025600,41360004,경기도 남양주시4,경기도 남양주시 화도읍(신한은행화도금융센터 부근),경기 남양주시 화도읍(신한은행화도금융센터 부근),7,7,1,6,0,0,127.306892195719,37.652708848336,41.0,0.08,0.6361,medium,주의
6779218,2022040,2022,4136011200,41360005,경기도 남양주시5,경기도 남양주시 다산동(남양주IC 부근),경기 남양주시 다산동(남양주IC 부근),7,7,0,7,0,0,127.156335605605,37.604955687656,35.0,0.0,0.3196,low,관심
6779165,2022040,2022,4137010300,41370001,경기도 오산시1,경기도 오산시 원동(빙그레식당 부근),경기 오산시 원동(빙그레식당 부근),7,7,1,6,0,0,127.068340198043,37.145864764848,41.0,0.08,0.6361,medium,주의
6778894,2022040,2022,4139013200,41390001,경기도 시흥시1,경기도 시흥시 정왕동(정왕동1222 부근),경기 시흥시 정왕동(정왕동1222 부근),12,12,0,12,0,0,126.747920007004,37.345093232468,60.0,0.3333,0.935,high,고위험
6779058,2022040,2022,4139010200,41390002,경기도 시흥시2,경기도 시흥시 신천동(사천교 부근),경기 시흥시 신천동(사천교 부근),8,8,0,8,0,0,126.78360407427,37.439236889372,40.0,0.0667,0.5282,medium,주의
6779145,2022040,2022,4139013200,41390003,경기도 시흥시3,경기도 시흥시 정왕동(보차도2교 부근),경기 시흥시 정왕동(보차도2교 부근),7,8,1,7,0,0,126.734820868789,37.345369775795,45.0,0.1333,0.7283,medium,주의
6779342,2022040,2022,4139010200,41390004,경기도 시흥시4,경기도 시흥시 신천동(신천육교삼거리 부근),경기 시흥시 신천동(신천육교삼거리 부근),7,8,0,7,1,0,126.783581733311,37.441580283404,36.0,0.0133,0.3785,low,관심
6779543,2022040,2022,4141010400,41410001,경기도 군포시1,경기도 군포시 산본동(원불교산본성당 부근),경기 군포시 산본동(원불교산본성당 부근),8,8,3,5,0,0,126.933644146861,37.359648845219,58.0,0.3067,0.9234,high,고위험
6779017,2022040,2022,4145010600,41450001,경기도 하남시1,경기도 하남시 신장동(신장사거리 부근),경기 하남시 신장동(신장사거리 부근),12,13,0,12,0,1,127.204409257682,37.538205522368,60.5,0.34,0.936,high,고위험
6779130,2022040,2022,4145010100,41450002,경기도 하남시2,경기도 하남시 천현동(덕보교앞교차로 부근),경기 하남시 천현동(덕보교앞교차로 부근),7,7,0,7,0,0,127.208491154544,37.536412953196,35.0,0.0,0.3196,low,관심
6778946,2022040,2022,4148025000,41480001,경기도 파주시1,경기도 파주시 문산읍(문산시외버스터미널 부근),경기 파주시 문산읍(문산시외버스터미널 부근),8,8,0,8,0,0,126.785479628383,37.85818453389,40.0,0.0667,0.5282,medium,주의
6779279,2022040,2022,4148010100,41480002,경기도 파주시2,경기도 파주시 금촌동(파주시여성회관 부근),경기 파주시 금촌동(파주시여성회관 부근),7,10,0,9,1,0,126.773519559781,37.756264287268,44.0,0.12,0.6779,medium,주의
6779260,2022040,2022,4148010100,41480003,경기도 파주시3,경기도 파주시 금촌동(교촌치킨앞 부근),경기 파주시 금촌동(교촌치킨앞 부근),7,8,0,7,0,1,126.772815532712,37.758603349266,35.5,0.0067,0.3276,low,관심
6779228,2022040,2022,4148025000,41480004,경기도 파주시4,경기도 파주시 문산읍(아름다운교회 부근),경기 파주시 문산읍(아름다운교회 부근),7,7,0,7,0,0,126.806561829866,37.743304188738,35.0,0.0,0.3196,low,관심
6779142,2022040,2022,4148010200,41480005,경기도 파주시5,경기도 파주시 아동동(금촌동41 부근),경기 파주시 아동동(금촌동41 부근),7,7,0,7,0,0,126.775019047092,37.765466868102,35.0,0.0,0.3196,low,관심
6779309,2022040,2022,4150010200,41500001,경기도 이천시1,경기도 이천시 관고동(브레드마을 부근),경기 이천시 관고동(브레드마을 부근),7,7,0,7,0,0,127.437574709306,37.278961389757,35.0,0.0,0.3196,low,관심
6779133,2022040,2022,4150010100,41500002,경기도 이천시2,경기도 이천시 창전동(터미널사거리 부근),경기 이천시 창전동(터미널사거리 부근),7,7,0,7,0,0,127.446599471689,37.278244684046,35.0,0.0,0.3196,low,관심
6779202,2022040,2022,4155011800,41550001,경기도 안성시1,경기도 안성시 석정동(농산물공판장앞교차로 부근),경기 안성시 석정동(농산물공판장앞교차로 부근),8,10,0,9,1,0,127.267171721099,37.007962586505,45.0,0.1333,0.7283,medium,주의
6779373,2022040,2022,4155011300,41550002,경기도 안성시2,경기도 안성시 인지동(안성인삼농협중부지점 부근),경기 안성시 인지동(안성인삼농협중부지점 부근),7,7,0,7,0,0,127.268076950792,37.00598119118,35.0,0.0,0.3196,low,관심
6779552,2022040,2022,4157025300,41570001,경기도 김포시1,경기도 김포시 고촌읍(신곡사거리 부근),경기 김포시 고촌읍(신곡사거리 부근),7,7,1,6,0,0,126.771411780031,37.600503049777,41.0,0.08,0.6361,medium,주의
6779559,2022040,2022,4157010600,41570002,경기도 김포시2,경기도 김포시 사우동(운동장앞사거리 부근),경기 김포시 사우동(운동장앞사거리 부근),7,10,0,8,2,0,126.718421101754,37.619632701689,41.0,0.08,0.6361,medium,주의
6779158,2022040,2022,4157010900,41570003,경기도 김포시3,경기도 김포시 구래동(구래역사거리 부근),경기 김포시 구래동(구래역사거리 부근),7,8,0,7,0,1,126.629065781662,37.644604476416,35.5,0.0067,0.3276,low,관심
6779174,2022040,2022,4157010100,41570004,경기도 김포시4,경기도 김포시 북변동(농협하나로마트앞 부근),경기 김포시 북변동(농협하나로마트앞 부근),7,7,0,7,0,0,126.709960212495,37.62678696145,35.0,0.0,0.3196,low,관심
6779043,2022040,2022,4157025000,41570005,경기도 김포시5,경기도 김포시 통진읍(마송사거리 부근),경기 김포시 통진읍(마송사거리 부근),7,7,0,7,0,0,126.59857079091,37.69178442811,35.0,0.0,0.3196,low,관심
6779317,2022040,2022,4159025900,41590001,경기도 화성시1,경기도 화성시 향남읍(발안지구대앞교차로 부근),경기 화성시 향남읍(발안지구대앞교차로 부근),7,8,0,7,1,0,126.908325194253,37.132013430976,36.0,0.0133,0.3785,low,관심
6779537,2022040,2022,4159026200,41590002,경기도 화성시2,경기도 화성시 남양읍(동부한농종묘농약사 부근),경기 화성시 남양읍(동부한농종묘농약사 부근),7,7,0,7,0,0,126.818237828714,37.209590749315,35.0,0.0,0.3196,low,관심
6779256,2022040,2022,4159011600,41590003,경기도 화성시3,경기도 화성시 진안동(속성변화점 부근),경기 화성시 진안동(속성변화점 부근),7,7,0,7,0,0,127.034857463402,37.207394401631,35.0,0.0,0.3196,low,관심
6778762,2022040,2022,4161010100,41610001,경기도 광주시1,경기도 광주시 경안동(한스델리광주경안점 부근),경기 광주시 경안동(한스델리광주경안점 부근),13,14,1,13,0,0,127.258249958969,37.409792863451,75.0,0.5333,0.9864,high,고위험
6779576,2022040,2022,4161010500,41610002,경기도 광주시2,경기도 광주시 탄벌동(회덕교 부근),경기 광주시 탄벌동(회덕교 부근),7,9,0,9,0,0,127.241690344635,37.427785377494,43.0,0.1067,0.6628,medium,주의
6779371,2022040,2022,4161011200,41610003,경기도 광주시3,경기도 광주시 역동(봄봄테이크아웃 부근),경기 광주시 역동(봄봄테이크아웃 부근),7,7,0,7,0,0,127.258481743039,37.407990579802,35.0,0.0,0.3196,low,관심
6779023,2022040,2022,4165025000,41650001,경기도 포천시1,경기도 포천시 소흘읍(이가팔리입구교차로 부근),경기 포천시 소흘읍(이가팔리입구교차로 부근),7,9,0,8,1,0,127.147120000789,37.828458119947,40.0,0.0667,0.5282,medium,주의
6779360,2022040,2022,4165025000,41650002,경기도 포천시2,경기도 포천시 소흘읍(시카고피자 부근),경기 포천시 소흘읍(시카고피자 부근),7,8,0,7,0,1,127.144850810717,37.827730249153,35.5,0.0067,0.3276,low,관심
6779239,2022040,2022,4180025300,41800001,경기도 연천군1,경기도 연천군 전곡읍(전곡교 부근),경기 연천군 전곡읍(전곡교 부근),7,7,0,7,0,0,127.067319115886,38.027738650219,35.0,0.0,0.3196,low,관심
6779034,2022040,2022,4183040000,41830001,경기도 양평군1,경기도 양평군 용문면(다문2리마을회관입구 부근),경기 양평군 용문면(다문2리마을회관입구 부근),7,7,1,6,0,0,127.593271452816,37.484276482475,41.0,0.08,0.6361,medium,주의
6779348,2022040,2022,4183025000,41830002,경기도 양평군2,경기도 양평군 양평읍(우리예식장앞삼거리 부근),경기 양평군 양평읍(우리예식장앞삼거리 부근),7,8,0,7,1,0,127.493733127183,37.490442438569,36.0,0.0133,0.3785,low,관심
6779049,2022040,2022,4211012000,42110001,강원도 춘천시1,강원도 춘천시 후평동(엠타워빌딩 부근),강원도 춘천시 후평동(엠타워빌딩 부근),8,8,0,8,0,0,127.750467000153,37.880455633721,40.0,0.0667,0.5282,medium,주의
6778950,2022040,2022,4211012400,42110002,강원도 춘천시2,강원도 춘천시 석사동(춘천동보아파트앞교차 부근),강원도 춘천시 석사동(춘천동보아파트앞교차 부근),7,11,1,6,4,0,127.739492746794,37.862632576233,45.0,0.1333,0.7283,medium,주의
6778934,2022040,2022,4211010700,42110003,강원도 춘천시3,강원도 춘천시 옥천동(춘천연극제 부근),강원도 춘천시 옥천동(춘천연극제 부근),7,8,0,7,1,0,127.732049395464,37.881755205339,36.0,0.0133,0.3785,low,관심
6779532,2022040,2022,4213010500,42130001,강원도 원주시1,강원도 원주시 개운동(원주고용복지플러스센 부근),강원도 원주시 개운동(원주고용복지플러스센 부근),7,7,1,6,0,0,127.948883045417,37.331308730814,41.0,0.08,0.6361,medium,주의
6779338,2022040,2022,4213010100,42130002,강원도 원주시2,강원도 원주시 중앙동(파도찻집 부근),강원도 원주시 중앙동(파도찻집 부근),7,7,0,7,0,0,127.948770980897,37.350418488823,35.0,0.0,0.3196,low,관심
6779237,2022040,2022,4272025000,42720001,강원도 홍천군1,강원도 홍천군 홍천읍(미세스박 부근),강원도 홍천군 홍천읍(미세스박 부근),7,7,1,6,0,0,127.885247277341,37.689192598161,41.0,0.08,0.6361,medium,주의
6779168,2022040,2022,4283025000,42830001,강원도 양양군1,강원도 양양군 양양읍(남문리35 부근),강원도 양양군 양양읍(남문리35 부근),7,8,0,8,0,0,128.62310727718,38.075622799853,39.0,0.0533,0.432,medium,주의
6779250,2022040,2022,4311111100,43111001,충청북도 청주시 상당구1,충청북도 청주시 상당구 석교동(미래수산 부근),충청북도 청주시 상당구 석교동(미래수산 부근),7,7,0,7,0,0,127.490224669534,36.627048736311,35.0,0.0,0.3196,low,관심
6779022,2022040,2022,4313012400,43130001,충청북도 충주시1,충청북도 충주시 충의동(현대계란상회 부근),충청북도 충주시 충의동(현대계란상회 부근),10,11,0,10,1,0,127.930146239858,36.97369773936,51.0,0.2133,0.8629,high,고위험
6779215,2022040,2022,4315010700,43150001,충청북도 제천시1,충청북도 제천시 중앙로2가(중앙그릇백화점 부근),충청북도 제천시 중앙로2가(중앙그릇백화점 부근),7,7,0,7,0,0,128.213005222214,37.138016124146,35.0,0.0,0.3196,low,관심
6779197,2022040,2022,4373025000,43730001,충청북도 옥천군1,충청북도 옥천군 옥천읍(금구사거리 부근),충청북도 옥천군 옥천읍(금구사거리 부근),8,8,0,8,0,0,127.568008249182,36.301579525576,40.0,0.0667,0.5282,medium,주의
6779193,2022040,2022,4374025000,43740001,충청북도 영동군1,충청북도 영동군 영동읍(중앙사거리 부근),충청북도 영동군 영동읍(중앙사거리 부근),7,7,0,7,0,0,127.776953906798,36.174880041881,35.0,0.0,0.3196,low,관심
6779366,2022040,2022,4374525000,43745001,충청북도 증평군1,충청북도 증평군 증평읍(증평사거리 부근),충청북도 증평군 증평읍(증평사거리 부근),8,8,0,8,0,0,127.58210514114,36.784059964896,40.0,0.0667,0.5282,medium,주의
6779184,2022040,2022,4413110200,44131001,충청남도 천안시 동남구1,충청남도 천안시 동남구 성황동(포토베이스 부근),충청남도 천안시 동남구 성황동(포토베이스 부근),8,8,0,8,0,0,127.149146410779,36.812778481643,40.0,0.0667,0.5282,medium,주의
6778889,2022040,2022,4413110500,44131002,충청남도 천안시 동남구2,충청남도 천안시 동남구 영성동(남산사거리 부근),충청남도 천안시 동남구 영성동(남산사거리 부근),8,8,0,8,0,0,127.149203164296,36.800338396301,40.0,0.0667,0.5282,medium,주의
6779136,2022040,2022,4413110900,44131003,충청남도 천안시 동남구3,충청남도 천안시 동남구 청수동(속성변화점 부근),충청남도 천안시 동남구 청수동(속성변화점 부근),7,8,1,6,1,0,127.152804860957,36.797103676994,42.0,0.0933,0.6542,medium,주의
6779344,2022040,2022,4413110100,44131004,충청남도 천안시 동남구4,충청남도 천안시 동남구 대흥동(천안역앞교차로 부근),충청남도 천안시 동남구 대흥동(천안역앞교차로 부근),7,7,0,7,0,0,127.148935356982,36.809893165138,35.0,0.0,0.3196,low,관심
6779249,2022040,2022,4413310400,44133001,충청남도 천안시 서북구1,충청남도 천안시 서북구 두정동(프라지움1차 부근),충청남도 천안시 서북구 두정동(프라지움1차 부근),7,12,3,9,0,0,127.138288513505,36.832938763814,73.0,0.5067,0.9808,high,고위험
6779349,2022040,2022,4413310400,44133002,충청남도 천안시 서북구2,충청남도 천안시 서북구 두정동(대전지방고용노동청천 부근),충청남도 천안시 서북구 두정동(대전지방고용노동청천 부근),7,8,0,7,1,0,127.133576803428,36.833284920963,36.0,0.0133,0.3785,low,관심
6778765,2022040,2022,4415010500,44150001,충청남도 공주시1,충청남도 공주시 산성동(산성동195 부근),충청남도 공주시 산성동(산성동195 부근),14,14,0,14,0,0,127.124634428837,36.458416997947,70.0,0.4667,0.9753,high,고위험
6779051,2022040,2022,4418010100,44180001,충청남도 보령시1,충청남도 보령시 대천동(대천동61435 부근),충청남도 보령시 대천동(대천동61435 부근),9,9,1,8,0,0,126.593787814957,36.349370337272,51.0,0.2133,0.8629,high,고위험
6778878,2022040,2022,4418010100,44180002,충청남도 보령시2,충청남도 보령시 대천동(명문당사거리 부근),충청남도 보령시 대천동(명문당사거리 부근),8,8,0,8,0,0,126.59689754109,36.350295388922,40.0,0.0667,0.5282,medium,주의
6778871,2022040,2022,4420010100,44200001,충청남도 아산시1,충청남도 아산시 온천동(룰루랄라게임방 부근),충청남도 아산시 온천동(룰루랄라게임방 부근),12,13,0,12,1,0,126.999570081695,36.780691870734,61.0,0.3467,0.943,high,고위험
6779307,2022040,2022,4420010100,44200002,충청남도 아산시2,충청남도 아산시 온천동(A플러스 부근),충청남도 아산시 온천동(A플러스 부근),9,10,0,10,0,0,127.005625039865,36.780176308291,49.0,0.1867,0.8065,high,고위험
6779069,2022040,2022,4420011300,44200003,충청남도 아산시3,충청남도 아산시 모종동(아하실버의료기 부근),충청남도 아산시 모종동(아하실버의료기 부근),7,10,1,9,0,0,127.015236421025,36.784362611047,53.0,0.24,0.8725,high,고위험
6779160,2022040,2022,4420010100,44200004,충청남도 아산시4,충청남도 아산시 온천동(역전삼거리 부근),충청남도 아산시 온천동(역전삼거리 부근),7,7,0,7,0,0,127.003823883966,36.781430863445,35.0,0.0,0.3196,low,관심
6778764,2022040,2022,4421010200,44210001,충청남도 서산시1,충청남도 서산시 동문동(래쉬랩스 부근),충청남도 서산시 동문동(래쉬랩스 부근),10,11,1,9,1,0,126.459394792137,36.78206069015,57.0,0.2933,0.9183,high,고위험
6778873,2022040,2022,4421010100,44210002,충청남도 서산시2,충청남도 서산시 읍내동(삼성화재앞교차로 부근),충청남도 서산시 읍내동(삼성화재앞교차로 부근),8,9,0,8,1,0,126.448667355915,36.779802917871,41.0,0.08,0.6361,medium,주의
6778996,2022040,2022,4421010200,44210003,충청남도 서산시3,충청남도 서산시 동문동(글로리아진스커피 부근),충청남도 서산시 동문동(글로리아진스커피 부근),8,9,0,8,1,0,126.451979720889,36.783437880455,41.0,0.08,0.6361,medium,주의
6779553,2022040,2022,4421010200,44210004,충청남도 서산시4,충청남도 서산시 동문동(행텐 부근),충청남도 서산시 동문동(행텐 부근),8,8,0,8,0,0,126.457363200253,36.783124619606,40.0,0.0667,0.5282,medium,주의
6779096,2022040,2022,4421010100,44210005,충청남도 서산시5,충청남도 서산시 읍내동(성일주택입구 부근),충청남도 서산시 읍내동(성일주택입구 부근),7,8,0,8,0,0,126.448137858476,36.785747692003,39.0,0.0533,0.432,medium,주의
6779127,2022040,2022,4421010200,44210006,충청남도 서산시6,충청남도 서산시 동문동(삼일상가사거리 부근),충청남도 서산시 동문동(삼일상가사거리 부근),7,7,0,7,0,0,126.459643264026,36.780259995603,35.0,0.0,0.3196,low,관심
6779322,2022040,2022,4421010200,44210007,충청남도 서산시7,충청남도 서산시 동문동(우리은행서산지점지점 부근),충청남도 서산시 동문동(우리은행서산지점지점 부근),7,7,0,7,0,0,126.459818636322,36.783867264464,35.0,0.0,0.3196,low,관심
6779087,2022040,2022,4423010200,44230001,충청남도 논산시1,충청남도 논산시 반월동(반월동191 부근),충청남도 논산시 반월동(반월동191 부근),7,8,1,6,1,0,127.084912431665,36.204773187434,42.0,0.0933,0.6542,medium,주의
6778885,2022040,2022,4427010100,44270001,충청남도 당진시1,충청남도 당진시 읍내동(당진구터미널로터리 부근),충청남도 당진시 읍내동(당진구터미널로터리 부근),10,12,0,10,2,0,126.630486970398,36.893950739136,52.0,0.2267,0.8705,high,고위험
6779555,2022040,2022,4427010100,44270002,충청남도 당진시2,충청남도 당진시 읍내동(당진중앙도서관앞 부근),충청남도 당진시 읍내동(당진중앙도서관앞 부근),7,7,1,6,0,0,126.632890574042,36.899737454721,41.0,0.08,0.6361,medium,주의
6779521,2022040,2022,4427010100,44270003,충청남도 당진시3,충청남도 당진시 읍내동(행동교교차로 부근),충청남도 당진시 읍내동(행동교교차로 부근),7,11,0,10,1,0,126.630533999545,36.889804504775,48.0,0.1733,0.7939,medium,주의
6779052,2022040,2022,4427010100,44270004,충청남도 당진시4,충청남도 당진시 읍내동(당진시장오거리 부근),충청남도 당진시 읍내동(당진시장오거리 부근),7,7,0,7,0,0,126.62916284549,36.891957896341,35.0,0.0,0.3196,low,관심
6778932,2022040,2022,4476025000,44760001,충청남도 부여군1,충청남도 부여군 부여읍(부여한의원 부근),충청남도 부여군 부여읍(부여한의원 부근),11,11,0,11,0,0,126.909017799033,36.28174692668,55.0,0.2667,0.9007,high,고위험
6778767,2022040,2022,4477025300,44770001,충청남도 서천군1,충청남도 서천군 서천읍(군사리8576 부근),충청남도 서천군 서천읍(군사리8576 부근),13,14,1,12,1,0,126.688008751504,36.075259966975,72.0,0.4933,0.9803,high,고위험
6779150,2022040,2022,4480025000,44800001,충청남도 홍성군1,충청남도 홍성군 홍성읍(오관교 부근),충청남도 홍성군 홍성읍(오관교 부근),7,8,0,7,1,0,126.666660019745,36.600696525625,36.0,0.0133,0.3785,low,관심
6779048,2022040,2022,4482525000,44825001,충청남도 태안군1,충청남도 태안군 태안읍(한국외식업중앙회태안 부근),충청남도 태안군 태안읍(한국외식업중앙회태안 부근),7,7,1,6,0,0,126.298697153452,36.753143030228,41.0,0.08,0.6361,medium,주의
6779577,2022040,2022,4482525000,44825002,충청남도 태안군2,충청남도 태안군 태안읍(동문리842 부근),충청남도 태안군 태안읍(동문리842 부근),7,7,0,7,0,0,126.296221801896,36.753839150457,35.0,0.0,0.3196,low,관심
6778920,2022040,2022,4511114200,45111001,전라북도 전주시 완산구1,전라북도 전주시 완산구 효자동3가(효자동3가1558 부근),전라북도 전주시 완산구 효자동3가(효자동3가1558 부근),8,14,0,9,5,0,127.10885684247,35.817352089328,49.0,0.1867,0.8065,high,고위험
6779566,2022040,2022,4511112200,45111002,전라북도 전주시 완산구2,전라북도 전주시 완산구 동완산동(전동공용정류장 부근),전라북도 전주시 완산구 동완산동(전동공용정류장 부근),7,7,1,6,0,0,127.147405647054,35.811520671143,41.0,0.08,0.6361,medium,주의
6779295,2022040,2022,4511113200,45111003,전라북도 전주시 완산구3,전라북도 전주시 완산구 평화동1가(평화1동행정복지센터 부근),전라북도 전주시 완산구 평화동1가(평화1동행정복지센터 부근),7,7,1,6,0,0,127.140826019906,35.797796596736,41.0,0.08,0.6361,medium,주의
6779304,2022040,2022,4511114000,45111004,전라북도 전주시 완산구4,전라북도 전주시 완산구 효자동1가(전북은행화산지점 부근),전라북도 전주시 완산구 효자동1가(전북은행화산지점 부근),7,8,0,8,0,0,127.117955558803,35.812873272185,39.0,0.0533,0.432,medium,주의
6779216,2022040,2022,4511111200,45111005,전라북도 전주시 완산구5,전라북도 전주시 완산구 전동3가(매곡교 부근),전라북도 전주시 완산구 전동3가(매곡교 부근),7,7,0,7,0,0,127.145409238447,35.812416416585,35.0,0.0,0.3196,low,관심
6779292,2022040,2022,4511312300,45113001,전라북도 전주시 덕진구1,전라북도 전주시 덕진구 반월동(이디야커피전주동산점 부근),전라북도 전주시 덕진구 반월동(이디야커피전주동산점 부근),7,7,0,7,0,0,127.076690901465,35.870979081121,35.0,0.0,0.3196,low,관심
6779198,2022040,2022,4511310700,45113002,전라북도 전주시 덕진구2,전라북도 전주시 덕진구 금암동(모래내사거리 부근),전라북도 전주시 덕진구 금암동(모래내사거리 부근),7,7,0,7,0,0,127.144212223716,35.832609069854,35.0,0.0,0.3196,low,관심
6779042,2022040,2022,4513012700,45130001,전라북도 군산시1,전라북도 군산시 대명동(군산화물역사거리 부근),전라북도 군산시 대명동(군산화물역사거리 부근),8,8,1,7,0,0,126.720263240657,35.980268966141,46.0,0.1467,0.7722,medium,주의
6778997,2022040,2022,4513012900,45130002,전라북도 군산시2,전라북도 군산시 미원동(흥남동주민센터 부근),전라북도 군산시 미원동(흥남동주민센터 부근),7,9,1,7,1,0,126.715626189598,35.978074969285,46.0,0.1467,0.7722,medium,주의
6779046,2022040,2022,4514011300,45140001,전라북도 익산시1,전라북도 익산시 남중동(라인축산 부근),전라북도 익산시 남중동(라인축산 부근),8,8,1,7,0,0,126.957844555083,35.95038284969,46.0,0.1467,0.7722,medium,주의
6778987,2022040,2022,4518010100,45180001,전라북도 정읍시1,전라북도 정읍시 수성동(정읍원예농협 부근),전라북도 정읍시 수성동(정읍원예농협 부근),8,8,1,7,0,0,126.854511361111,35.565784662333,46.0,0.1467,0.7722,medium,주의
6778967,2022040,2022,4518010400,45180002,전라북도 정읍시2,전라북도 정읍시 시기동(유한당약국 부근),전라북도 정읍시 시기동(유한당약국 부근),8,8,0,8,0,0,126.854305136674,35.563980275171,40.0,0.0667,0.5282,medium,주의
6779294,2022040,2022,4521010100,45210001,전라북도 김제시1,전라북도 김제시 요촌동(요촌1길입구 부근),전라북도 김제시 요촌동(요촌1길입구 부근),7,7,0,7,0,0,126.884462410413,35.804330953811,35.0,0.0,0.3196,low,관심
6779328,2022040,2022,4521010100,45210002,전라북도 김제시2,전라북도 김제시 요촌동(쇼핑센터사거리 부근),전라북도 김제시 요촌동(쇼핑센터사거리 부근),7,7,0,7,0,0,126.884711571183,35.800725798358,35.0,0.0,0.3196,low,관심
6778936,2022040,2022,4611015800,46110001,전라남도 목포시1,전라남도 목포시 상동(유달교회 부근),전남 목포시 상동(유달교회 부근),8,8,1,7,0,0,126.418752150892,34.811038548391,46.0,0.1467,0.7722,medium,주의
6779557,2022040,2022,4611010100,46110002,전라남도 목포시2,전라남도 목포시 용당동(MBC앞 부근),전남 목포시 용당동(MBC앞 부근),7,8,0,8,0,0,126.402198241856,34.806201401774,39.0,0.0533,0.432,medium,주의
6779021,2022040,2022,4613010800,46130001,전라남도 여수시1,전라남도 여수시 교동(여수교 부근),전남 여수시 교동(여수교 부근),9,9,0,9,0,0,127.729912483975,34.740237044305,45.0,0.1333,0.7283,medium,주의
6779251,2022040,2022,4613011300,46130002,전라남도 여수시2,전라남도 여수시 서교동(한재사거리 부근),전남 여수시 서교동(한재사거리 부근),7,29,5,7,16,1,127.727951576105,34.742224645852,101.5,0.8867,0.999,high,고위험
6779562,2022040,2022,4613010300,46130003,전라남도 여수시3,전라남도 여수시 공화동(공화동사거리 부근),전남 여수시 공화동(공화동사거리 부근),7,9,1,7,1,0,127.743037896783,34.745802594115,46.0,0.1467,0.7722,medium,주의
6779217,2022040,2022,4613010900,46130004,전라남도 여수시4,전라남도 여수시 군자동(고소동3842 부근),전남 여수시 군자동(고소동3842 부근),7,8,1,7,0,0,127.737344037099,34.741304925383,45.0,0.1333,0.7283,medium,주의
6779001,2022040,2022,4613012000,46130005,전라남도 여수시5,전라남도 여수시 문수동(여서농협앞교차로 부근),전남 여수시 문수동(여서농협앞교차로 부근),7,7,0,7,0,0,127.705912321498,34.753626322698,35.0,0.0,0.3196,low,관심
6779091,2022040,2022,4613010800,46130006,전라남도 여수시6,전라남도 여수시 교동(여객선터미널입구교차 부근),전남 여수시 교동(여객선터미널입구교차 부근),7,7,0,7,0,0,127.732095307653,34.739511480272,35.0,0.0,0.3196,low,관심
6779248,2022040,2022,4615011100,46150001,전라남도 순천시1,전라남도 순천시 조곡동(관음정사포교원 부근),전남 순천시 조곡동(관음정사포교원 부근),7,8,1,7,0,0,127.500284738651,34.945696320829,45.0,0.1333,0.7283,medium,주의
6779186,2022040,2022,4615011700,46150002,전라남도 순천시2,전라남도 순천시 인제동(아랫시장사거리 부근),전남 순천시 인제동(아랫시장사거리 부근),7,7,1,6,0,0,127.494151900091,34.945876530578,41.0,0.08,0.6361,medium,주의
6779238,2022040,2022,4615010700,46150003,전라남도 순천시3,전라남도 순천시 매곡동(NH농협은행북순천지점 부근),전남 순천시 매곡동(NH농협은행북순천지점 부근),7,7,0,7,0,0,127.484292833049,34.960123324233,35.0,0.0,0.3196,low,관심
6779567,2022040,2022,4677025000,46770001,전라남도 고흥군1,전라남도 고흥군 고흥읍(제일약국 부근),전남 고흥군 고흥읍(제일약국 부근),7,7,0,7,0,0,127.286726049968,34.607884491477,35.0,0.0,0.3196,low,관심
6779234,2022040,2022,4678025300,46780001,전라남도 보성군1,전라남도 보성군 벌교읍(역전삼거리 부근),전남 보성군 벌교읍(역전삼거리 부근),7,8,0,7,1,0,127.346497914148,34.843159544878,36.0,0.0133,0.3785,low,관심
6779088,2022040,2022,4679025000,46790001,전라남도 화순군1,전라남도 화순군 화순읍(국민은행교차로 부근),전남 화순군 화순읍(국민은행교차로 부근),7,7,1,6,0,0,126.992309862012,35.059876744317,41.0,0.08,0.6361,medium,주의
6779264,2022040,2022,4681025000,46810001,전라남도 강진군1,전라남도 강진군 강진읍(명성축산물유통판매장 부근),전남 강진군 강진읍(명성축산물유통판매장 부근),7,7,0,7,0,0,126.772519713315,34.63980879544,35.0,0.0,0.3196,low,관심
6778962,2022040,2022,4711311600,47113001,경상북도 포항시 북구1,경상북도 포항시 북구 죽도동(대호동물병원 부근),경상북도 포항시 북구 죽도동(대호동물병원 부근),8,8,2,6,0,0,129.363686089443,36.034312810789,52.0,0.2267,0.8705,high,고위험
6779213,2022040,2022,4711311600,47113002,경상북도 포항시 북구2,경상북도 포항시 북구 죽도동(오거리 부근),경상북도 포항시 북구 죽도동(오거리 부근),7,9,1,6,2,0,129.365649047766,36.032839970389,43.0,0.1067,0.6628,medium,주의
6779369,2022040,2022,4711312000,47113003,경상북도 포항시 북구3,경상북도 포항시 북구 두호동(두호동사무소입구교차 부근),경상북도 포항시 북구 두호동(두호동사무소입구교차 부근),7,7,1,6,0,0,129.380078508118,36.060919643827,41.0,0.08,0.6361,medium,주의
6779014,2022040,2022,4711311600,47113004,경상북도 포항시 북구4,경상북도 포항시 북구 죽도동(쌍용사거리 부근),경상북도 포항시 북구 죽도동(쌍용사거리 부근),7,8,0,8,0,0,129.353283134011,36.016625507762,39.0,0.0533,0.432,medium,주의
6779071,2022040,2022,4711311900,47113005,경상북도 포항시 북구5,경상북도 포항시 북구 창포동(창포주공1차앞교차로 부근),경상북도 포항시 북구 창포동(창포주공1차앞교차로 부근),7,7,0,7,0,0,129.370401900029,36.064857101475,35.0,0.0,0.3196,low,관심
6778864,2022040,2022,4713010500,47130001,경상북도 경주시1,경상북도 경주시 황오동(경주우체국 부근),경상북도 경주시 황오동(경주우체국 부근),9,9,0,9,0,0,129.215298385313,35.844513464126,45.0,0.1333,0.7283,medium,주의
6779211,2022040,2022,4713012400,47130002,경상북도 경주시2,경상북도 경주시 황성동(예가체프커피 부근),경상북도 경주시 황성동(예가체프커피 부근),7,7,0,7,0,0,129.214198914649,35.865443690975,35.0,0.0,0.3196,low,관심
6779530,2022040,2022,4713010800,47130003,경상북도 경주시3,경상북도 경주시 성건동(경북대구낙농농협성건 부근),경상북도 경주시 성건동(경북대구낙농농협성건 부근),7,7,0,7,0,0,129.206645457523,35.843735208814,35.0,0.0,0.3196,low,관심
6779010,2022040,2022,4715010500,47150001,경상북도 김천시1,경상북도 김천시 평화동(성내교회 부근),경상북도 김천시 평화동(성내교회 부근),8,8,0,8,0,0,128.117936272642,36.124200430606,40.0,0.0667,0.5282,medium,주의
6778947,2022040,2022,4715010700,47150002,경상북도 김천시2,경상북도 김천시 황금동(실로암샘물교회 부근),경상북도 김천시 황금동(실로암샘물교회 부근),7,8,1,7,0,0,128.124331365201,36.117856352989,45.0,0.1333,0.7283,medium,주의
6779330,2022040,2022,4715010300,47150003,경상북도 김천시3,경상북도 김천시 모암동(초원교회 부근),경상북도 김천시 모암동(초원교회 부근),7,7,0,7,0,0,128.127687707023,36.12072380536,35.0,0.0,0.3196,low,관심
6779212,2022040,2022,4715010800,47150004,경상북도 김천시4,경상북도 김천시 신음동(청와삼대신음점 부근),경상북도 김천시 신음동(청와삼대신음점 부근),7,7,0,7,0,0,128.11801825484,36.13465809,35.0,0.0,0.3196,low,관심
6778898,2022040,2022,4717013300,47170001,경상북도 안동시1,경상북도 안동시 옥동(옥동사거리 부근),경상북도 안동시 옥동(옥동사거리 부근),8,8,0,8,0,0,128.701158535539,36.562400297437,40.0,0.0667,0.5282,medium,주의
6778944,2022040,2022,4719010100,47190001,경상북도 구미시1,경상북도 구미시 원평동(원평동863 부근),경상북도 구미시 원평동(원평동863 부근),7,8,0,7,1,0,128.330662591107,36.12724160052,36.0,0.0133,0.3785,low,관심
6778941,2022040,2022,4721010300,47210001,경상북도 영주시1,경상북도 영주시 하망동(하망성당어린이집 부근),경상북도 영주시 하망동(하망성당어린이집 부근),7,7,1,6,0,0,128.629899924043,36.824874841602,41.0,0.08,0.6361,medium,주의
6779200,2022040,2022,4721010100,47210002,경상북도 영주시2,경상북도 영주시 영주동(도시재생지원센터 부근),경상북도 영주시 영주동(도시재생지원센터 부근),7,8,0,8,0,0,128.62119468179,36.827661514168,39.0,0.0533,0.432,medium,주의
6779291,2022040,2022,4721010400,47210003,경상북도 영주시3,경상북도 영주시 휴천동(한국농어촌공사영주봉 부근),경상북도 영주시 휴천동(한국농어촌공사영주봉 부근),7,7,0,7,0,0,128.628016177106,36.818763069661,35.0,0.0,0.3196,low,관심
6778911,2022040,2022,4725010700,47250001,경상북도 상주시1,경상북도 상주시 남성동(대구은행상주지점 부근),경상북도 상주시 남성동(대구은행상주지점 부근),9,9,0,9,0,0,128.159701364927,36.413190387228,45.0,0.1333,0.7283,medium,주의
6779323,2022040,2022,4729010900,47290001,경상북도 경산시1,경상북도 경산시 옥산동(우방타운아파트 부근),경상북도 경산시 옥산동(우방타운아파트 부근),8,9,0,8,1,0,128.722907509675,35.823127324168,41.0,0.08,0.6361,medium,주의
6779156,2022040,2022,4729025000,47290002,경상북도 경산시2,경상북도 경산시 하양읍(풀잎문화센터하양지부 부근),경상북도 경산시 하양읍(풀잎문화센터하양지부 부근),7,7,0,7,0,0,128.817818432176,35.912638592098,35.0,0.0,0.3196,low,관심
6779518,2022040,2022,4777036000,47770001,경상북도 영덕군1,경상북도 영덕군 영해면(영해농협본점 부근),경상북도 영덕군 영해면(영해농협본점 부근),7,7,0,7,0,0,129.407022651675,36.539677326049,35.0,0.0,0.3196,low,관심
6779035,2022040,2022,4785025000,47850001,경상북도 칠곡군1,경상북도 칠곡군 왜관읍(왜관지하도서측 부근),경상북도 칠곡군 왜관읍(왜관지하도서측 부근),8,8,1,7,0,0,128.398963567116,35.996564541321,46.0,0.1467,0.7722,medium,주의
6779571,2022040,2022,4812112900,48121001,경상남도 창원시 의창구1,경상남도 창원시 의창구 팔용동(한국복지재단입구교차 부근),경상남도 창원시 의창구 팔용동(한국복지재단입구교차 부근),7,12,2,9,0,1,128.609041998191,35.257481142442,63.5,0.38,0.9516,high,고위험
6779321,2022040,2022,4812110300,48121002,경상남도 창원시 의창구2,경상남도 창원시 의창구 서상동(의창주유소 부근),경상남도 창원시 의창구 서상동(의창주유소 부근),7,7,1,6,0,0,128.617914174401,35.263170038767,41.0,0.08,0.6361,medium,주의
6778912,2022040,2022,4812312700,48123001,경상남도 창원시 성산구1,경상남도 창원시 성산구 상남동(상남시장사거리 부근),경상남도 창원시 성산구 상남동(상남시장사거리 부근),8,8,0,8,0,0,128.684598749434,35.222322206406,40.0,0.0667,0.5282,medium,주의
6778876,2022040,2022,4812510400,48125001,경상남도 창원시 마산합포구1,경상남도 창원시 마산합포구 남성동(국민은행앞교차로 부근),경상남도 창원시 마산합포구 남성동(국민은행앞교차로 부근),9,10,0,10,0,0,128.576908522711,35.204934374922,49.0,0.1867,0.8065,high,고위험
6779584,2022040,2022,4812514600,48125002,경상남도 창원시 마산합포구2,경상남도 창원시 마산합포구 중성동(동아측기사 부근),경상남도 창원시 마산합포구 중성동(동아측기사 부근),7,7,1,6,0,0,128.575432549074,35.209636124109,41.0,0.08,0.6361,medium,주의
6779205,2022040,2022,4812515300,48125003,경상남도 창원시 마산합포구3,경상남도 창원시 마산합포구 창포동3가(평강교회앞교차로 부근),경상남도 창원시 마산합포구 창포동3가(평강교회앞교차로 부근),7,8,0,8,0,0,128.559681280468,35.181102139253,39.0,0.0533,0.432,medium,주의
6779558,2022040,2022,4812513700,48125004,경상남도 창원시 마산합포구4,경상남도 창원시 마산합포구 오동동(오정동사무소입구교차 부근),경상남도 창원시 마산합포구 오동동(오정동사무소입구교차 부근),7,7,0,7,0,0,128.579351298125,35.206896272946,35.0,0.0,0.3196,low,관심
6779055,2022040,2022,4812510400,48125005,경상남도 창원시 마산합포구5,경상남도 창원시 마산합포구 남성동(극동다방 부근),경상남도 창원시 마산합포구 남성동(극동다방 부근),7,7,0,7,0,0,128.575571394505,35.203503604808,35.0,0.0,0.3196,low,관심
6779173,2022040,2022,4812710700,48127001,경상남도 창원시 마산회원구1,경상남도 창원시 마산회원구 회성동(서마산IC사거리 부근),경상남도 창원시 마산회원구 회성동(서마산IC사거리 부근),7,7,1,6,0,0,128.564524623414,35.232454325608,41.0,0.08,0.6361,medium,주의
6779176,2022040,2022,4812710600,48127002,경상남도 창원시 마산회원구2,경상남도 창원시 마산회원구 합성동(국민은행앞교차로 부근),경상남도 창원시 마산회원구 합성동(국민은행앞교차로 부근),7,8,0,7,1,0,128.583495794996,35.23769590904,36.0,0.0133,0.3785,low,관심
6779505,2022040,2022,4812913100,48129001,경상남도 창원시 진해구1,경상남도 창원시 진해구 화천동(KB국민은행진해지점 부근),경상남도 창원시 진해구 화천동(KB국민은행진해지점 부근),7,7,0,7,0,0,128.662490354947,35.151305929826,35.0,0.0,0.3196,low,관심
6779565,2022040,2022,4817011800,48170001,경상남도 진주시1,경상남도 진주시 옥봉동(구부산교통사거리 부근),경상남도 진주시 옥봉동(구부산교통사거리 부근),7,9,0,8,1,0,128.088843643321,35.194225273179,40.0,0.0667,0.5282,medium,주의
6778929,2022040,2022,4817011300,48170002,경상남도 진주시2,경상남도 진주시 봉곡동(봉곡광장교차로 부근),경상남도 진주시 봉곡동(봉곡광장교차로 부근),7,9,0,8,0,1,128.077651291775,35.195902238099,39.5,0.06,0.433,medium,주의
6778931,2022040,2022,4822010900,48220001,경상남도 통영시1,경상남도 통영시 정량동(에스케이텔레콤입구 부근),경상남도 통영시 정량동(에스케이텔레콤입구 부근),9,10,0,9,1,0,128.43066972343,34.84528670322,46.0,0.1467,0.7722,medium,주의
6778958,2022040,2022,4822010100,48220002,경상남도 통영시2,경상남도 통영시 도천동(해성수산 부근),경상남도 통영시 도천동(해성수산 부근),8,8,0,8,0,0,128.418153777576,34.841053542188,40.0,0.0667,0.5282,medium,주의
6779029,2022040,2022,4822011000,48220003,경상남도 통영시3,경상남도 통영시 북신동(무전사거리 부근),경상남도 통영시 북신동(무전사거리 부근),7,8,1,6,1,0,128.427732936027,34.856490530115,42.0,0.0933,0.6542,medium,주의
6778993,2022040,2022,4822010900,48220004,경상남도 통영시4,경상남도 통영시 정량동(차선감소 부근),경상남도 통영시 정량동(차선감소 부근),7,7,1,6,0,0,128.431619860769,34.851952194039,41.0,0.08,0.6361,medium,주의
6779276,2022040,2022,4822010200,48220005,경상남도 통영시5,경상남도 통영시 서호동(속성변화점 부근),경상남도 통영시 서호동(속성변화점 부근),7,8,0,7,1,0,128.420788503388,34.841935351736,36.0,0.0133,0.3785,low,관심
6779510,2022040,2022,4822010600,48220006,경상남도 통영시6,경상남도 통영시 문화동(중앙파출소 부근),경상남도 통영시 문화동(중앙파출소 부근),7,7,0,7,0,0,128.424113736761,34.845877728675,35.0,0.0,0.3196,low,관심
6778972,2022040,2022,4824010200,48240001,경상남도 사천시1,경상남도 사천시 서동(벽산페인트입구 부근),경상남도 사천시 서동(벽산페인트입구 부근),10,11,0,10,1,0,128.068976069791,34.927591522831,51.0,0.2133,0.8629,high,고위험
6778895,2022040,2022,4825011900,48250001,경상남도 김해시1,경상남도 김해시 삼방동(인제삼거리 부근),경상남도 김해시 삼방동(인제삼거리 부근),8,9,0,8,1,0,128.903664415981,35.246307301642,41.0,0.08,0.6361,medium,주의
6779092,2022040,2022,4825010200,48250002,경상남도 김해시2,경상남도 김해시 서상동(아멘기독서점 부근),경상남도 김해시 서상동(아멘기독서점 부근),7,7,1,6,0,0,128.879260698923,35.233063627985,41.0,0.08,0.6361,medium,주의
6779288,2022040,2022,4825012600,48250003,경상남도 김해시3,경상남도 김해시 무계동(장유면사무소사거리 부근),경상남도 김해시 무계동(장유면사무소사거리 부근),7,7,0,7,0,0,128.814555990368,35.200243055174,35.0,0.0,0.3196,low,관심
6779509,2022040,2022,4825011900,48250004,경상남도 김해시4,경상남도 김해시 삼방동(삼방동69420 부근),경상남도 김해시 삼방동(삼방동69420 부근),7,7,0,7,0,0,128.911189652382,35.249285263605,35.0,0.0,0.3196,low,관심
6779569,2022040,2022,4825011800,48250005,경상남도 김해시5,경상남도 김해시 어방동(경인빌라입구교차로 부근),경상남도 김해시 어방동(경인빌라입구교차로 부근),7,7,0,7,0,0,128.903524596584,35.238194371774,35.0,0.0,0.3196,low,관심
6779203,2022040,2022,4825010300,48250006,경상남도 김해시6,경상남도 김해시 부원동(금강병원장례식장 부근),경상남도 김해시 부원동(금강병원장례식장 부근),7,7,0,7,0,0,128.88290133443,35.227432029266,35.0,0.0,0.3196,low,관심
6778974,2022040,2022,4827010400,48270001,경상남도 밀양시1,경상남도 밀양시 삼문동(밀양시보건소 부근),경상남도 밀양시 삼문동(밀양시보건소 부근),7,7,0,7,0,0,128.756797835053,35.485768493222,35.0,0.0,0.3196,low,관심
6779028,2022040,2022,4827010800,48270002,경상남도 밀양시2,경상남도 밀양시 가곡동(가곡동4712 부근),경상남도 밀양시 가곡동(가곡동4712 부근),7,7,0,7,0,0,128.771594029942,35.473351710214,35.0,0.0,0.3196,low,관심
6778978,2022040,2022,4831010900,48310001,경상남도 거제시1,경상남도 거제시 고현동(7번교차로 부근),경상남도 거제시 고현동(7번교차로 부근),9,9,1,8,0,0,128.62445241205,34.891259422086,51.0,0.2133,0.8629,high,고위험
6778924,2022040,2022,4833010300,48330001,경상남도 양산시1,경상남도 양산시 중부동(남부시장 부근),경상남도 양산시 중부동(남부시장 부근),8,8,0,8,0,0,129.037580606561,35.34205158991,40.0,0.0667,0.5282,medium,주의
6779287,2022040,2022,4833010300,48330002,경상남도 양산시2,경상남도 양산시 중부동(중부동69815 부근),경상남도 양산시 중부동(중부동69815 부근),7,7,0,7,0,0,129.027557754088,35.335687265856,35.0,0.0,0.3196,low,관심
6779112,2022040,2022,4874025300,48740001,경상남도 창녕군1,경상남도 창녕군 남지읍(남지리6522 부근),경상남도 창녕군 남지읍(남지리6522 부근),8,8,0,8,0,0,128.482012402152,35.388596981766,40.0,0.0667,0.5282,medium,주의
6779117,2022040,2022,4882025000,48820001,경상남도 고성군1,경상남도 고성군 고성읍(동외리28824 부근),경상남도 고성군 고성읍(동외리28824 부근),8,8,1,7,0,0,128.325660020495,34.975712931607,46.0,0.1467,0.7722,medium,주의
6779231,2022040,2022,4884025000,48840001,경상남도 남해군1,경상남도 남해군 남해읍(부광상회 부근),경상남도 남해군 남해읍(부광상회 부근),7,7,0,7,0,0,127.894467984011,34.839731145777,35.0,0.0,0.3196,low,관심
6779148,2022040,2022,5011010400,50110001,제주특별자치도 제주시1,제주특별자치도 제주시 이도이동(광양사거리 부근),제주특별자치도 제주시 이도이동(광양사거리 부근),8,8,0,8,0,0,126.528345664122,33.500174815316,40.0,0.0667,0.5282,medium,주의
6779353,2022040,2022,5011012200,50110002,제주특별자치도 제주시2,제주특별자치도 제주시 노형동(KT&G제주지점 부근),제주특별자치도 제주시 노형동(KT&G제주지점 부근),7,7,1,6,0,0,126.484635623336,33.481966472975,41.0,0.08,0.6361,medium,주의
6779273,2022040,2022,5011013700,50110003,제주특별자치도 제주시3,제주특별자치도 제주시 연동(카페베네제주연동점 부근),제주특별자치도 제주시 연동(카페베네제주연동점 부근),7,8,0,8,0,0,126.492773024656,33.485640528189,39.0,0.0533,0.432,medium,주의
6779072,2022040,2022,5011012200,50110004,제주특별자치도 제주시4,제주특별자치도 제주시 노형동(제주노형우체국 부근),제주특별자치도 제주시 노형동(제주노형우체국 부근),7,8,0,8,0,0,126.477466987912,33.487499377395,39.0,0.0533,0.432,medium,주의
6779581,2022040,2022,5011010300,50110005,제주특별자치도 제주시5,제주특별자치도 제주시 이도일동(KAL사거리 부근),제주특별자치도 제주시 이도일동(KAL사거리 부근),7,8,0,8,0,0,126.527019624557,33.503230915775,39.0,0.0533,0.432,medium,주의
6779586,2022040,2022,5011011900,50110006,제주특별자치도 제주시6,제주특별자치도 제주시 오라일동(삼오교 부근),제주특별자치도 제주시 오라일동(삼오교 부근),7,8,0,7,1,0,126.519760566798,33.497762213956,36.0,0.0133,0.3785,low,관심
6779358,2022040,2022,5011010200,50110007,제주특별자치도 제주시7,제주특별자치도 제주시 일도이동(일도이동10501 부근),제주특별자치도 제주시 일도이동(일도이동10501 부근),7,7,0,7,0,0,126.535946068557,33.51376289784,35.0,0.0,0.3196,low,관심
6779340,2022040,2022,5011013700,50110008,제주특별자치도 제주시8,제주특별자치도 제주시 연동(흘천5교 부근),제주특별자치도 제주시 연동(흘천5교 부근),7,7,0,7,0,0,126.48695707571,33.485953884365,35.0,0.0,0.3196,low,관심
6779025,2022040,2022,5013010500,50130001,제주특별자치도 서귀포시1,제주특별자치도 서귀포시 동홍동(중앙로터리 부근),제주특별자치도 서귀포시 동홍동(중앙로터리 부근),9,9,0,9,0,0,126.560292407969,33.252749917476,45.0,0.1333,0.7283,medium,주의
6779281,2022040,2022,5013010100,50130002,제주특별자치도 서귀포시2,제주특별자치도 서귀포시 서귀동(천지동사무소앞교차로 부근),제주특별자치도 서귀포시 서귀동(천지동사무소앞교차로 부근),8,8,0,8,0,0,126.56377925401,33.247905670711,40.0,0.0667,0.5282,medium,주의
6779293,2022040,2022,5013025000,50130003,제주특별자치도 서귀포시3,제주특별자치도 서귀포시 대정읍(대정농협 부근),제주특별자치도 서귀포시 대정읍(대정농협 부근),7,7,1,6,0,0,126.253933395011,33.221737192418,41.0,0.08,0.6361,medium,주의
6779050,2022040,2022,5013010100,50130004,제주특별자치도 서귀포시4,제주특별자치도 서귀포시 서귀동(서귀동336 부근),제주특별자치도 서귀포시 서귀동(서귀동336 부근),7,9,0,7,2,0,126.561622914467,33.248791372525,37.0,0.0267,0.3891,low,관심
6838196,2023060,2023,1111017100,11110001,서울 종로구1,서울 종로구 명륜2가(성균관대입구교차로 부근),서울 종로구 명륜2가(성균관대입구교차로 부근),10,13,1,11,1,0,126.998795016912,37.58337793028,65.0,0.4,0.9597,high,고위험
6838216,2023060,2023,1111013800,11110002,서울 종로구2,서울 종로구 종로2가(로앤산부인과의원 종로점 부근),서울 종로구 종로2가(로앤산부인과의원 종로점 부근),7,8,0,7,0,1,126.986524532012,37.570224275739,35.5,0.0067,0.3276,low,관심
6838258,2023060,2023,1111017400,11110003,서울 종로구3,서울 종로구 창신동(동묘앞역교차로 부근),서울 종로구 창신동(동묘앞역교차로 부근),8,9,1,8,0,0,127.016124194935,37.573458437385,50.0,0.2,0.8407,high,고위험
6838334,2023060,2023,1111017500,11110004,서울 종로구4,서울 종로구 숭인동(NH농협은행 신설동지점 부근),서울 종로구 숭인동(NH농협은행 신설동지점 부근),9,9,0,9,0,0,127.021537008307,37.574417307344,45.0,0.1333,0.7283,medium,주의
6838520,2023060,2023,1111017700,11110005,서울 종로구5,서울 종로구 평동(서대문역 5호선 부근),서울 종로구 평동(서대문역 5호선 부근),9,11,0,11,0,0,126.966772868026,37.566119459497,53.0,0.24,0.8725,high,고위험
6838475,2023060,2023,1114016200,11140001,서울 중구1,서울 중구 신당동(약수역사거리 부근),서울 중구 신당동(약수역사거리 부근),9,12,1,9,2,0,127.010526488397,37.554105350493,57.0,0.2933,0.9183,high,고위험
6838149,2023060,2023,1114016200,11140002,서울 중구2,서울 중구 신당동(길상사안경원 부근),서울 중구 신당동(길상사안경원 부근),10,10,0,10,0,0,127.018221835546,37.565373711698,50.0,0.2,0.8407,high,고위험
6838515,2023060,2023,1114016500,11140003,서울 중구3,서울 중구 황학동(동대문중앙교회 부근),서울 중구 황학동(동대문중앙교회 부근),7,7,0,7,0,0,127.020467041955,37.568202680991,35.0,0.0,0.3196,low,관심
6838261,2023060,2023,1114016200,11140004,서울 중구4,서울 중구 신당동(신당제5동주민센터 부근),서울 중구 신당동(신당제5동주민센터 부근),7,7,0,7,0,0,127.021543305896,37.565466948946,35.0,0.0,0.3196,low,관심
6838596,2023060,2023,1114016200,11140005,서울 중구5,서울 중구 신당동(신평화패션타운 부근),서울 중구 신당동(신평화패션타운 부근),9,10,0,10,0,0,127.012179653293,37.569150705032,49.0,0.1867,0.8065,high,고위험
6838135,2023060,2023,1117010700,11170001,서울 용산구1,서울 용산구 동자동(OK저축은행 서울역출장소 부근),서울 용산구 동자동(OK저축은행 서울역출장소 부근),8,8,0,8,0,0,126.972533865595,37.55434865753,40.0,0.0667,0.5282,medium,주의
6838154,2023060,2023,1117010800,11170002,서울 용산구2,서울 용산구 서계동(만리시장 부근),서울 용산구 서계동(만리시장 부근),7,7,0,7,0,0,126.963277775518,37.551493422846,35.0,0.0,0.3196,low,관심
6838395,2023060,2023,1117013100,11170003,서울 용산구3,서울 용산구 한남동(메가커피 한남오거리점부근),서울 용산구 한남동(메가커피 한남오거리점부근),9,10,0,10,0,0,127.006169847011,37.533184872842,49.0,0.1867,0.8065,high,고위험
6838222,2023060,2023,1117013600,11170004,서울 용산구4,서울 용산구 보광동(보광동주민센터 부근),서울 용산구 보광동(보광동주민센터 부근),7,8,2,6,0,0,127.000708142076,37.526243792692,51.0,0.2133,0.8629,high,고위험
6838412,2023060,2023,1117010800,11170005,서울 용산구5,서울 용산구 서계동(청파동자치회관 별관 부근),서울 용산구 서계동(청파동자치회관 별관 부근),8,8,0,8,0,0,126.96830004986,37.554490595623,40.0,0.0667,0.5282,medium,주의
6838392,2023060,2023,1120011500,11200001,서울 성동구1,서울 성동구 성수동2가(성수역 2호선 부근),서울 성동구 성수동2가(성수역 2호선 부근),7,10,0,8,2,0,127.057104857975,37.54429326212,41.0,0.08,0.6361,medium,주의
6838492,2023060,2023,1120011200,11200002,서울 성동구2,서울 성동구 금호동4가(금남시장교차로 부근),서울 성동구 금호동4가(금남시장교차로 부근),7,7,1,6,0,0,127.021008220428,37.548230971038,41.0,0.08,0.6361,medium,주의
6838524,2023060,2023,1121510700,11215001,서울 광진구1,서울 광진구 화양동(건대입구역교차로 부근),서울 광진구 화양동(건대입구역교차로 부근),8,11,1,7,2,1,127.069799831976,37.540441840932,48.5,0.18,0.7959,medium,주의
6838570,2023060,2023,1123010300,11230001,서울 동대문구1,서울 동대문구 제기동(경동시장사거리 부근),서울 동대문구 제기동(경동시장사거리 부근),13,14,0,14,0,0,127.038794688589,37.57826263831,69.0,0.4533,0.9718,high,고위험
6838245,2023060,2023,1123010300,11230002,서울 동대문구2,서울 동대문구 제기동(성바오로병원교차로 부근),서울 동대문구 제기동(성바오로병원교차로 부근),10,11,1,10,0,0,127.042690044032,37.579273781908,60.0,0.3333,0.935,high,고위험
6838156,2023060,2023,1123010300,11230003,서울 동대문구3,서울 동대문구 제기동(제기동역 1호선 부근),서울 동대문구 제기동(제기동역 1호선 부근),9,9,0,9,0,0,127.034528054195,37.57810269274,45.0,0.1333,0.7283,medium,주의
6838529,2023060,2023,1123010300,11230004,서울 동대문구4,서울 동대문구 제기동(청량리 종합시장 부근),서울 동대문구 제기동(청량리 종합시장 부근),8,8,0,8,0,0,127.040862264667,37.580170089748,40.0,0.0667,0.5282,medium,주의
6838533,2023060,2023,1123010700,11230005,서울 동대문구5,서울 동대문구 청량리동(청량리역교차로 부근),서울 동대문구 청량리동(청량리역교차로 부근),9,10,1,9,0,0,127.044979805561,37.580688598478,55.0,0.2667,0.9007,high,고위험
6838517,2023060,2023,1123010200,11230006,서울 동대문구6,서울 동대문구 용두동(용신동주민센터 부근),서울 동대문구 용두동(용신동주민센터 부근),7,7,1,6,0,0,127.03741568095,37.576115480914,41.0,0.08,0.6361,medium,주의
6838307,2023060,2023,1123010300,11230007,서울 동대문구7,서울 동대문구 제기동(청량 종합도매시장 부근),서울 동대문구 제기동(청량 종합도매시장 부근),7,7,0,7,0,0,127.039822530357,37.582428674289,35.0,0.0,0.3196,low,관심
6838188,2023060,2023,1123010900,11230008,서울 동대문구8,서울 동대문구 휘경동(삼육서울병원앞교차로 부근),서울 동대문구 휘경동(삼육서울병원앞교차로 부근),8,8,0,8,0,0,127.063049943524,37.589626407553,40.0,0.0667,0.5282,medium,주의
6838263,2023060,2023,1123010400,11230009,서울 동대문구9,서울 동대문구 전농동(전농동사거리 부근),서울 동대문구 전농동(전농동사거리 부근),9,9,0,9,0,0,127.057440799141,37.578410630899,45.0,0.1333,0.7283,medium,주의
6838464,2023060,2023,1123010100,11230010,서울 동대문구10,서울 동대문구 신설동(신설동역교차로 부근),서울 동대문구 신설동(신설동역교차로 부근),9,10,0,9,1,0,127.023532622213,37.575098744341,46.0,0.1467,0.7722,medium,주의
6838389,2023060,2023,1126010500,11260001,서울 중랑구1,서울 중랑구 망우동(유디치과의원 상봉점 부근),서울 중랑구 망우동(유디치과의원 상봉점 부근),9,9,0,9,0,0,127.094871427486,37.598144823745,45.0,0.1333,0.7283,medium,주의
6838201,2023060,2023,1126010500,11260002,서울 중랑구2,서울 중랑구 망우동(망우사거리 부근),서울 중랑구 망우동(망우사거리 부근),7,7,0,7,0,0,127.10064873795,37.59922359488,35.0,0.0,0.3196,low,관심
6838172,2023060,2023,1126010100,11260003,서울 중랑구3,서울 중랑구 면목동(면목7동주민센터 임시청사 부근),서울 중랑구 면목동(면목7동주민센터 임시청사 부근),11,13,0,11,2,0,127.087294098521,37.579451673475,57.0,0.2933,0.9183,high,고위험
6838410,2023060,2023,1126010100,11260004,서울 중랑구4,서울 중랑구 면목동(면목시장 부근),서울 중랑구 면목동(면목시장 부근),7,7,0,7,0,0,127.08545642671,37.578963012905,35.0,0.0,0.3196,low,관심
6838469,2023060,2023,1126010100,11260005,서울 중랑구5,서울 중랑구 면목동(상봉파출소 부근),서울 중랑구 면목동(상봉파출소 부근),7,7,0,7,0,0,127.072702901224,37.590909163099,35.0,0.0,0.3196,low,관심
6838268,2023060,2023,1126010100,11260006,서울 중랑구6,서울 중랑구 면목동(면목역교차로 부근),서울 중랑구 면목동(면목역교차로 부근),9,11,1,8,0,2,127.087323715429,37.588011722789,52.0,0.2267,0.8705,high,고위험
6838288,2023060,2023,1126010400,11260007,서울 중랑구7,서울 중랑구 묵동(묵2동문화체육복합센터 부근),서울 중랑구 묵동(묵2동문화체육복합센터 부근),7,7,0,7,0,0,127.07718112152,37.609372113985,35.0,0.0,0.3196,low,관심
6838289,2023060,2023,1126010300,11260008,서울 중랑구8,서울 중랑구 중화동(중화2동주민센터 부근),서울 중랑구 중화동(중화2동주민센터 부근),7,7,1,6,0,0,127.079813586934,37.598883077694,41.0,0.08,0.6361,medium,주의
6838462,2023060,2023,1126010500,11260009,서울 중랑구9,서울 중랑구 망우동(우림시장교차로 부근),서울 중랑구 망우동(우림시장교차로 부근),7,7,0,7,0,0,127.100177381712,37.594966298374,35.0,0.0,0.3196,low,관심
6838465,2023060,2023,1126010600,11260010,서울 중랑구10,서울 중랑구 신내동(중랑구청사거리 부근),서울 중랑구 신내동(중랑구청사거리 부근),7,10,0,8,1,1,127.095190387221,37.606181410919,40.5,0.0733,0.5323,medium,주의
6838583,2023060,2023,1129011600,11290001,서울 성북구1,서울 성북구 동선동1가(율치과교정과치과의원 부근),서울 성북구 동선동1가(율치과교정과치과의원 부근),9,13,0,11,2,0,127.018230436442,37.593715188035,55.0,0.2667,0.9007,high,고위험
6838197,2023060,2023,1129013400,11290002,서울 성북구2,서울 성북구 길음동(길음역교차로 부근),서울 성북구 길음동(길음역교차로 부근),11,11,0,11,0,0,127.024948812402,37.603603569326,55.0,0.2667,0.9007,high,고위험
6838508,2023060,2023,1129013300,11290003,서울 성북구3,서울 성북구 정릉동(정릉아산내과의원 부근),서울 성북구 정릉동(정릉아산내과의원 부근),7,7,1,6,0,0,127.009988181096,37.60775572399,41.0,0.08,0.6361,medium,주의
6838373,2023060,2023,1129010500,11290004,서울 성북구4,서울 성북구 동소문동2가(서울바른소아치과의원 부근),서울 성북구 동소문동2가(서울바른소아치과의원 부근),7,7,0,7,0,0,127.009365996458,37.588857339018,35.0,0.0,0.3196,low,관심
6838495,2023060,2023,1129010200,11290005,서울 성북구5,서울 성북구 성북동1가(한성대입구역교차로 부근),서울 성북구 성북동1가(한성대입구역교차로 부근),7,7,0,7,0,0,127.005521769001,37.588279802622,35.0,0.0,0.3196,low,관심
6838565,2023060,2023,1130510100,11305001,서울 강북구1,서울 강북구 미아동(삼양시장교차로 부근),서울 강북구 미아동(삼양시장교차로 부근),7,8,0,7,1,0,127.017846969257,37.624608912958,36.0,0.0133,0.3785,low,관심
6838183,2023060,2023,1130510200,11305002,서울 강북구2,서울 강북구 번동(강북구청사거리 부근),서울 강북구 번동(강북구청사거리 부근),11,15,2,10,3,0,127.026848225361,37.639704914989,74.0,0.52,0.9829,high,고위험
6838539,2023060,2023,1130510200,11305003,서울 강북구3,서울 강북구 번동(수유역교차로 부근),서울 강북구 번동(수유역교차로 부근),8,8,0,8,0,0,127.025748268671,37.638001477351,40.0,0.0667,0.5282,medium,주의
6838536,2023060,2023,1130510200,11305004,서울 강북구4,서울 강북구 번동(구립번1동어린이집 부근),서울 강북구 번동(구립번1동어린이집 부근),7,8,1,7,0,0,127.029539537481,37.641603979442,45.0,0.1333,0.7283,medium,주의
6838388,2023060,2023,1130510300,11305005,서울 강북구5,서울 강북구 수유동(수유2동주민센터 부근),서울 강북구 수유동(수유2동주민센터 부근),7,7,0,7,0,0,127.020596659964,37.644680580084,35.0,0.0,0.3196,low,관심
6838446,2023060,2023,1130510100,11305006,서울 강북구6,서울 강북구 미아동(미아사거리역 4호선 부근),서울 강북구 미아동(미아사거리역 4호선 부근),14,16,0,14,2,0,127.030553678247,37.612987516502,72.0,0.4933,0.9803,high,고위험
6838262,2023060,2023,1130510100,11305007,서울 강북구7,서울 강북구 미아동(미아역교차로 부근),서울 강북구 미아동(미아역교차로 부근),14,15,1,13,1,0,127.026433876942,37.625644375241,77.0,0.56,0.9889,high,고위험
6838141,2023060,2023,1132010600,11320001,서울 도봉구1,서울 도봉구 방학동(녹산교회 부근),서울 도봉구 방학동(녹산교회 부근),8,9,0,8,1,0,127.043956959919,37.666365418498,41.0,0.08,0.6361,medium,주의
6838586,2023060,2023,1132010800,11320002,서울 도봉구2,서울 도봉구 도봉동(신도봉사거리 부근),서울 도봉구 도봉동(신도봉사거리 부근),7,7,1,6,0,0,127.043336014605,37.670685952521,41.0,0.08,0.6361,medium,주의
6838546,2023060,2023,1132010600,11320003,서울 도봉구3,서울 도봉구 방학동(도봉소방서 부근),서울 도봉구 방학동(도봉소방서 부근),7,8,0,7,1,0,127.043458961219,37.664450900235,36.0,0.0133,0.3785,low,관심
6838489,2023060,2023,1132010700,11320004,서울 도봉구4,서울 도봉구 창동(쌍문역 4호선 부근),서울 도봉구 창동(쌍문역 4호선 부근),7,9,0,7,2,0,127.033847226266,37.648786706169,37.0,0.0267,0.3891,low,관심
6838191,2023060,2023,1132010700,11320005,서울 도봉구5,서울 도봉구 창동(창동역 2번출구 부근),서울 도봉구 창동(창동역 2번출구 부근),7,7,0,7,0,0,127.045923250207,37.653146533358,35.0,0.0,0.3196,low,관심
6838292,2023060,2023,1132010700,11320006,서울 도봉구6,서울 도봉구 창동(초안교 부근),서울 도봉구 창동(초안교 부근),7,8,0,8,0,0,127.041887144279,37.630968280528,39.0,0.0533,0.432,medium,주의
6838431,2023060,2023,1132010700,11320007,서울 도봉구7,서울 도봉구 창동(도봉보건소교차로 부근),서울 도봉구 창동(도봉보건소교차로 부근),8,9,0,9,0,0,127.039105043565,37.657515154521,44.0,0.12,0.6779,medium,주의
6838270,2023060,2023,1135010500,11350001,서울 노원구1,서울 노원구 상계동(상계역교차로 부근),서울 노원구 상계동(상계역교차로 부근),7,9,0,8,1,0,127.073493343701,37.659914984526,40.0,0.0667,0.5282,medium,주의
6838504,2023060,2023,1135010500,11350002,서울 노원구2,서울 노원구 상계동(수락산역교차로 부근),서울 노원구 상계동(수락산역교차로 부근),7,8,1,6,1,0,127.054535035057,37.678137546139,42.0,0.0933,0.6542,medium,주의
6838454,2023060,2023,1135010300,11350003,서울 노원구3,서울 노원구 공릉동(태능약국부근),서울 노원구 공릉동(태능약국부근),9,11,0,9,2,0,127.077937914389,37.618802869877,47.0,0.16,0.7893,medium,주의
6838162,2023060,2023,1138010900,11380001,서울 은평구1,서울 은평구 신사동(신사종합사회복지관 방과후어린이집 부근),서울 은평구 신사동(신사종합사회복지관 방과후어린이집 부근),8,8,0,8,0,0,126.91263746203,37.598469219422,40.0,0.0667,0.5282,medium,주의
6838275,2023060,2023,1138010300,11380002,서울 은평구2,서울 은평구 불광동(연신내역교차로 부근),서울 은평구 불광동(연신내역교차로 부근),7,9,0,7,2,0,126.920925048224,37.618654180594,37.0,0.0267,0.3891,low,관심
6838599,2023060,2023,1138010300,11380003,서울 은평구3,서울 은평구 불광동(불광2치안센터 부근),서울 은평구 불광동(불광2치안센터 부근),7,7,0,7,0,0,126.919269321224,37.624072988821,35.0,0.0,0.3196,low,관심
6838487,2023060,2023,1138010300,11380004,서울 은평구4,서울 은평구 불광동(세븐일레븐 연신내중앙점 부근),서울 은평구 불광동(세븐일레븐 연신내중앙점 부근),7,7,0,7,0,0,126.919444567606,37.62058346459,35.0,0.0,0.3196,low,관심
6838286,2023060,2023,1138010700,11380005,서울 은평구5,서울 은평구 응암동(대림골목시장 부근),서울 은평구 응암동(대림골목시장 부근),7,7,0,7,0,0,126.91685588263,37.587754272884,35.0,0.0,0.3196,low,관심
6838302,2023060,2023,1138010600,11380006,서울 은평구6,서울 은평구 대조동(불광역교차로 부근),서울 은평구 대조동(불광역교차로 부근),8,9,1,8,0,0,126.929180733451,37.611281805695,50.0,0.2,0.8407,high,고위험
6838350,2023060,2023,1138010800,11380007,서울 은평구7,서울 은평구 역촌동(뚜레쥬르 역촌2동점 부근),서울 은평구 역촌동(뚜레쥬르 역촌2동점 부근),7,7,0,7,0,0,126.909813889172,37.605999338341,35.0,0.0,0.3196,low,관심
6838177,2023060,2023,1141011100,11410001,서울 서대문구1,서울 서대문구 홍제동(홍제역 3호선 부근),서울 서대문구 홍제동(홍제역 3호선 부근),11,12,1,10,1,0,126.944862571469,37.588295822335,62.0,0.36,0.9486,high,고위험
6838221,2023060,2023,1141011800,11410002,서울 서대문구2,서울 서대문구 홍은동(홍은사거리 부근),서울 서대문구 홍은동(홍은사거리 부근),9,9,0,9,0,0,126.941580500367,37.590924515136,45.0,0.1333,0.7283,medium,주의
6838380,2023060,2023,1141012000,11410003,서울 서대문구3,서울 서대문구 남가좌동(가좌삼거리 부근),서울 서대문구 남가좌동(가좌삼거리 부근),7,8,0,7,0,1,126.912145821722,37.570343585415,35.5,0.0067,0.3276,low,관심
6838251,2023060,2023,1144010400,11440001,서울 마포구1,서울 마포구 도화동(도화동주민센터 부근),서울 마포구 도화동(도화동주민센터 부근),8,9,1,8,0,0,126.949184040978,37.541346930459,50.0,0.2,0.8407,high,고위험
6838555,2023060,2023,1144010400,11440002,서울 마포구2,서울 마포구 도화동(가든치과의원 부근),서울 마포구 도화동(가든치과의원 부근),7,7,2,5,0,0,126.947603102025,37.540064135807,47.0,0.16,0.7893,medium,주의
6838192,2023060,2023,1147010300,11470001,서울 양천구1,서울 양천구 신월동(해나어린이집 부근),서울 양천구 신월동(해나어린이집 부근),7,8,0,8,0,0,126.843419451848,37.521895384953,39.0,0.0533,0.432,medium,주의
6838328,2023060,2023,1147010300,11470002,서울 양천구2,서울 양천구 신월동(신월1동주민센터 부근),서울 양천구 신월동(신월1동주민센터 부근),7,9,0,8,1,0,126.832121938203,37.532809215067,40.0,0.0667,0.5282,medium,주의
6838243,2023060,2023,1147010300,11470003,서울 양천구3,서울 양천구 신월1동(신명전기 부근),서울 양천구 신월1동(신명전기 부근),7,8,0,8,0,0,126.833814900604,37.52976718489,39.0,0.0533,0.432,medium,주의
6838225,2023060,2023,1147010200,11470004,서울 양천구4,서울 양천구 목동(전비뇨기과의원 부근),서울 양천구 목동(전비뇨기과의원 부근),7,7,0,7,0,0,126.864159852994,37.548039453243,35.0,0.0,0.3196,low,관심
6838424,2023060,2023,1147010100,11470005,서울 양천구5,서울 양천구 신정동(우신동물병원 부근),서울 양천구 신정동(우신동물병원 부근),11,13,0,11,0,2,126.851096261889,37.522808477418,56.0,0.28,0.9108,high,고위험
6838341,2023060,2023,1147010200,11470006,서울 양천구6,서울 양천구 목동(대명교회 부근),서울 양천구 목동(대명교회 부근),15,15,1,14,0,0,126.871276450618,37.547138862187,81.0,0.6133,0.9934,high,고위험
6838294,2023060,2023,1147010200,11470007,서울 양천구7,서울 양천구 목동(염창역 부근),서울 양천구 목동(염창역 부근),8,8,1,7,0,0,126.874471203285,37.546753320706,46.0,0.1467,0.7722,medium,주의
6838460,2023060,2023,1147010100,11470008,서울 양천구8,서울 양천구 신정동(신정1동주민센터 부근),서울 양천구 신정동(신정1동주민센터 부근),7,7,0,7,0,0,126.853528686752,37.518077947401,35.0,0.0,0.3196,low,관심
6838451,2023060,2023,1150010300,11500001,서울 강서구1,서울 강서구 화곡동(주함지역아동센터 부근),서울 강서구 화곡동(주함지역아동센터 부근),9,9,0,9,0,0,126.847437814178,37.534235144095,45.0,0.1333,0.7283,medium,주의
6838217,2023060,2023,1150010300,11500002,서울 강서구2,서울 강서구 화곡동(곰달래사거리 부근),서울 강서구 화곡동(곰달래사거리 부근),9,9,0,9,0,0,126.83918936878,37.530079137035,45.0,0.1333,0.7283,medium,주의
6838234,2023060,2023,1150010300,11500003,서울 강서구3,서울 강서구 화곡동(신월초교입구교차로 부근),서울 강서구 화곡동(신월초교입구교차로 부근),7,7,1,6,0,0,126.841260046383,37.54070058201,41.0,0.08,0.6361,medium,주의
6838362,2023060,2023,1150010300,11500004,서울 강서구4,서울 강서구 화곡동(우장산역교차로 부근),서울 강서구 화곡동(우장산역교차로 부근),8,9,0,8,0,1,126.8361651864,37.548215263433,40.5,0.0733,0.5323,medium,주의
6838473,2023060,2023,1150010300,11500005,서울 강서구5,서울 강서구 화곡동(화곡본동시장 부근),서울 강서구 화곡동(화곡본동시장 부근),9,11,0,9,2,0,126.843553768875,37.543143467348,47.0,0.16,0.7893,medium,주의
6838360,2023060,2023,1153010200,11530001,서울 구로구1,서울 구로구 구로동(서울구로4동우체국 부근),서울 구로구 구로동(서울구로4동우체국 부근),7,7,0,7,0,0,126.884732835288,37.490214266443,35.0,0.0,0.3196,low,관심
6838584,2023060,2023,1153010200,11530002,서울 구로구2,서울 구로구 구로동(구로4동주민센터 부근),서울 구로구 구로동(구로4동주민센터 부근),7,12,0,10,2,0,126.889569459638,37.491059926564,49.0,0.1867,0.8065,high,고위험
6838159,2023060,2023,1153010200,11530003,서울 구로구3,서울 구로구 구로동(구로2동자치회관 부근),서울 구로구 구로동(구로2동자치회관 부근),8,10,1,7,2,0,126.882991953168,37.500017210529,48.0,0.1733,0.7939,medium,주의
6838344,2023060,2023,1153010200,11530004,서울 구로구4,서울 구로구 구로동(디지털단지입구교차로 부근),서울 구로구 구로동(디지털단지입구교차로 부근),9,9,0,9,0,0,126.900344781521,37.482769008764,45.0,0.1333,0.7283,medium,주의
6838538,2023060,2023,1153010200,11530005,서울 구로구5,서울 구로구 구로동(구로디지털단지역교차로 부근),서울 구로구 구로동(구로디지털단지역교차로 부근),7,8,0,7,1,0,126.902807813225,37.484530115485,36.0,0.0133,0.3785,low,관심
6838353,2023060,2023,1153010800,11530006,서울 구로구6,서울 구로구 오류동(오류동역앞교차로 부근),서울 구로구 오류동(오류동역앞교차로 부근),7,7,0,7,0,0,126.843865086124,37.496182317006,35.0,0.0,0.3196,low,관심
6838167,2023060,2023,1154510300,11545001,서울 금천구1,서울 금천구 시흥동(시흥사거리 부근),서울 금천구 시흥동(시흥사거리 부근),11,12,1,10,1,0,126.900601890676,37.454823693265,62.0,0.36,0.9486,high,고위험
6838331,2023060,2023,1154510200,11545002,서울 금천구2,서울 금천구 독산2동(뜰이삭어린이집 부근),서울 금천구 독산2동(뜰이삭어린이집 부근),7,12,0,9,3,0,126.902889930852,37.464240719384,46.0,0.1467,0.7722,medium,주의
6838209,2023060,2023,1154510200,11545003,서울 금천구3,서울 금천구 독산동(향기어린이집 부근),서울 금천구 독산동(향기어린이집 부근),9,15,0,11,3,1,126.902136991563,37.468451064906,56.5,0.2867,0.9118,high,고위험
6838321,2023060,2023,1154510200,11545004,서울 금천구4,서울 금천구 독산동(관악농협 신독산지점 부근),서울 금천구 독산동(관악농협 신독산지점 부근),7,7,2,5,0,0,126.894792883813,37.473025631005,47.0,0.16,0.7893,medium,주의
6838484,2023060,2023,1156013300,11560001,서울 영등포구1,서울 영등포구 대림2동(조개창고 부근),서울 영등포구 대림2동(조개창고 부근),8,8,0,8,0,0,126.900829968033,37.49123922746,40.0,0.0667,0.5282,medium,주의
6838274,2023060,2023,1156013200,11560002,서울 영등포구2,서울 영등포구 신길동(온누리종합동물병원 부근),서울 영등포구 신길동(온누리종합동물병원 부근),7,8,0,7,1,0,126.912788222421,37.511167991492,36.0,0.0133,0.3785,low,관심
6838352,2023060,2023,1156010100,11560003,서울 영등포구3,서울 영등포구 영등포동(경인동물의료센터 부근),서울 영등포구 영등포동(경인동물의료센터 부근),17,18,0,17,0,1,126.904496419224,37.515746246934,85.5,0.6733,0.9945,high,고위험
6838394,2023060,2023,1156010300,11560004,서울 영등포구4,서울 영등포구 영등포동2가(영등포전통시장 부근),서울 영등포구 영등포동2가(영등포전통시장 부근),10,12,1,9,2,0,126.907762208618,37.519136015926,58.0,0.3067,0.9234,high,고위험
6838435,2023060,2023,1156010500,11560005,서울 영등포구5,서울 영등포구 영등포동4가(영등포역교차로 부근),서울 영등포구 영등포동4가(영등포역교차로 부근),8,8,1,7,0,0,126.907199296477,37.517086601851,46.0,0.1467,0.7722,medium,주의
6838181,2023060,2023,1159010700,11590001,서울 동작구1,서울 동작구 사당동(남성역교차로 부근),서울 동작구 사당동(남성역교차로 부근),7,7,0,7,0,0,126.968496016467,37.486195927333,35.0,0.0,0.3196,low,관심
6838315,2023060,2023,1159010500,11590002,서울 동작구2,서울 동작구 흑석동(김연두내과의원 부근),서울 동작구 흑석동(김연두내과의원 부근),12,12,1,11,0,0,126.961492250898,37.507189656502,66.0,0.4133,0.9647,high,고위험
6838339,2023060,2023,1159010200,11590003,서울 동작구3,서울 동작구 상도동(행복한어린이집 부근),서울 동작구 상도동(행복한어린이집 부근),9,10,0,10,0,0,126.932523852458,37.500707204923,49.0,0.1867,0.8065,high,고위험
6838333,2023060,2023,1159010200,11590004,서울 동작구4,서울 동작구 상도동(상도3치안센터 부근),서울 동작구 상도동(상도3치안센터 부근),7,7,0,7,0,0,126.930403212832,37.499264339395,35.0,0.0,0.3196,low,관심
6838427,2023060,2023,1159010700,11590005,서울 동작구5,서울 동작구 사당동(이수역 먹자골목 부근),서울 동작구 사당동(이수역 먹자골목 부근),8,8,0,8,0,0,126.981508042602,37.487958429697,40.0,0.0667,0.5282,medium,주의
6838434,2023060,2023,1159010200,11590006,서울 동작구6,서울 동작구 상도동(상도1동주민센터 부근),서울 동작구 상도동(상도1동주민센터 부근),7,7,1,6,0,0,126.95245956807,37.49764789783,41.0,0.08,0.6361,medium,주의
6838182,2023060,2023,1162010200,11620001,서울 관악구1,서울 관악구 신림동(난곡우체국앞교차로 부근),서울 관악구 신림동(난곡우체국앞교차로 부근),7,8,0,7,0,1,126.916231253727,37.477423642614,35.5,0.0067,0.3276,low,관심
6838237,2023060,2023,1162010100,11620002,서울 관악구2,서울 관악구 봉천동(서울어린이집 부근),서울 관악구 봉천동(서울어린이집 부근),9,10,0,9,1,0,126.966378991905,37.474522793352,46.0,0.1467,0.7722,medium,주의
6838597,2023060,2023,1162010100,11620003,서울 관악구3,서울 관악구 봉천동(관악중앙새마을금고본점 부근),서울 관악구 봉천동(관악중앙새마을금고본점 부근),7,7,0,7,0,0,126.946549065079,37.481421463626,35.0,0.0,0.3196,low,관심
6838448,2023060,2023,1162010100,11620004,서울 관악구4,서울 관악구 봉천동(봉천제일종합시장 부근),서울 관악구 봉천동(봉천제일종합시장 부근),7,9,2,5,1,1,126.944091070159,37.481734562085,48.5,0.18,0.7959,medium,주의
6838589,2023060,2023,1162010100,11620005,서울 관악구5,서울 관악구 봉천동(세븐일레븐 관악타워점 부근),서울 관악구 봉천동(세븐일레븐 관악타워점 부근),8,8,0,8,0,0,126.950322532195,37.482130183062,40.0,0.0667,0.5282,medium,주의
6838301,2023060,2023,1162010200,11620006,서울 관악구6,서울 관악구 신림동(메디Q의원 부근),서울 관악구 신림동(메디Q의원 부근),9,13,2,9,2,0,126.926558477955,37.483738762313,67.0,0.4267,0.9682,high,고위험
6838559,2023060,2023,1162010200,11620007,서울 관악구7,서울 관악구 신림동(서원치안센터 부근),서울 관악구 신림동(서원치안센터 부근),8,8,0,8,0,0,126.929804865144,37.482675549537,40.0,0.0667,0.5282,medium,주의
6838498,2023060,2023,1162010200,11620008,서울 관악구8,서울 관악구 신림동(신원동주민센터 부근),서울 관악구 신림동(신원동주민센터 부근),7,8,0,7,1,0,126.928138667762,37.481208198458,36.0,0.0133,0.3785,low,관심
6838562,2023060,2023,1162010200,11620009,서울 관악구9,서울 관악구 신림동(신림역교차로 부근),서울 관악구 신림동(신림역교차로 부근),7,13,1,7,5,0,126.929707223905,37.484796225464,50.0,0.2,0.8407,high,고위험
6838171,2023060,2023,1165010600,11650001,서울 서초구1,서울 서초구 반포동(고속터미널역 9호선 부근),서울 서초구 반포동(고속터미널역 9호선 부근),7,7,0,7,0,0,127.003768848749,37.506071067779,35.0,0.0,0.3196,low,관심
6838497,2023060,2023,1165010100,11650002,서울 서초구2,서울 서초구 방배동(사당역사거리 부근),서울 서초구 방배동(사당역사거리 부근),10,10,0,10,0,0,126.982015646902,37.477575706784,50.0,0.2,0.8407,high,고위험
6838254,2023060,2023,1165010800,11650003,서울 서초구3,서울 서초구 서초동(에스엠성형외과 부근),서울 서초구 서초동(에스엠성형외과 부근),9,12,0,9,3,0,127.02529726164,37.501096088779,48.0,0.1733,0.7939,medium,주의
6838290,2023060,2023,1165010200,11650004,서울 서초구4,서울 서초구 서초동(양재역 신분당선 부근),서울 서초구 서초동(양재역 신분당선 부근),7,9,0,7,2,0,127.036113360201,37.482990357332,37.0,0.0267,0.3891,low,관심
6838313,2023060,2023,1165010800,11650005,서울 서초구5,서울 서초구 서초동(서초1교 부근),서울 서초구 서초동(서초1교 부근),10,11,0,11,0,0,127.020541152727,37.496518337832,54.0,0.2533,0.8805,high,고위험
6838282,2023060,2023,1168010100,11680001,서울 강남구1,서울 강남구 역삼동(우리누리어린이집 부근),서울 강남구 역삼동(우리누리어린이집 부근),8,8,0,8,0,0,127.030621834928,37.497783521338,40.0,0.0667,0.5282,medium,주의
6838241,2023060,2023,1168010100,11680002,서울 강남구2,서울 강남구 역삼동(강남역 신분당선 부근),서울 강남구 역삼동(강남역 신분당선 부근),7,7,0,7,0,0,127.028414562543,37.496572564511,35.0,0.0,0.3196,low,관심
6838507,2023060,2023,1168010100,11680003,서울 강남구3,서울 강남구 역삼동(비타바른이치과의원 부근),서울 강남구 역삼동(비타바른이치과의원 부근),7,9,0,7,2,0,127.030133150278,37.494921522349,37.0,0.0267,0.3891,low,관심
6838348,2023060,2023,1168010100,11680004,서울 강남구4,서울 강남구 역삼동(도곡지구대 부근),서울 강남구 역삼동(도곡지구대 부근),8,10,0,9,1,0,127.04383096171,37.501170324502,45.0,0.1333,0.7283,medium,주의
6838132,2023060,2023,1171010700,11710001,서울 송파구1,서울 송파구 가락동(가락시장역 3호선 부근),서울 송파구 가락동(가락시장역 3호선 부근),7,7,0,7,0,0,127.116905992438,37.491777058741,35.0,0.0,0.3196,low,관심
6838189,2023060,2023,1171011100,11710002,서울 송파구2,서울 송파구 방이동(방이동먹자골목 부근),서울 송파구 방이동(방이동먹자골목 부근),10,11,0,11,0,0,127.109432772095,37.514845834624,54.0,0.2533,0.8805,high,고위험
6838195,2023060,2023,1171011300,11710003,서울 송파구3,서울 송파구 거여동(거여역교차로 부근),서울 송파구 거여동(거여역교차로 부근),7,9,0,7,2,0,127.144282987829,37.492620192262,37.0,0.0267,0.3891,low,관심
6838273,2023060,2023,1171010100,11710004,서울 송파구4,서울 송파구 잠실동(잠실어린이집 부근),서울 송파구 잠실동(잠실어린이집 부근),9,11,0,10,1,0,127.083511329997,37.510764533151,50.0,0.2,0.8407,high,고위험
6838218,2023060,2023,1171011400,11710005,서울 송파구5,서울 송파구 마천동(마천사거리 부근),서울 송파구 마천동(마천사거리 부근),7,8,1,6,0,1,127.146454148834,37.498141955294,41.5,0.0867,0.6391,medium,주의
6838592,2023060,2023,1174010800,11740001,서울 강동구1,서울 강동구 천호동(천호역 5호선 부근),서울 강동구 천호동(천호역 5호선 부근),9,10,0,9,1,0,127.123816916511,37.538879219356,46.0,0.1467,0.7722,medium,주의
6838369,2023060,2023,1174010900,11740002,서울 강동구2,서울 강동구 천호동(천호시장교차로 부근),서울 강동구 천호동(천호시장교차로 부근),8,9,0,8,1,0,127.126823456365,37.54019216305,41.0,0.08,0.6361,medium,주의
6838310,2023060,2023,1174010900,11740003,서울 강동구3,서울 강동구 천호동(천사약국 부근),서울 강동구 천호동(천사약국 부근),8,8,0,8,0,0,127.133581347211,37.546319178364,40.0,0.0667,0.5282,medium,주의
6838461,2023060,2023,1174010900,11740004,서울 강동구4,서울 강동구 천호동(천호초교입구교차로 부근),서울 강동구 천호동(천호초교입구교차로 부근),7,8,0,7,1,0,127.133969291766,37.547460707952,36.0,0.0133,0.3785,low,관심
6838399,2023060,2023,1174010500,11740005,서울 강동구5,서울 강동구 길동(길동사거리 부근),서울 강동구 길동(길동사거리 부근),7,7,0,7,0,0,127.138946721796,37.534246833827,35.0,0.0,0.3196,low,관심
6838594,2023060,2023,2611014000,26110001,부산 중구1,부산 중구 남포동5가(남포사거리 부근),부산 중구 남포동5가(남포사거리 부근),17,17,1,16,0,0,129.02883901303,35.097300388601,91.0,0.7467,0.9975,high,고위험
6838151,2023060,2023,2611014100,26110002,부산 중구2,부산 중구 남포동6가(자갈치교차로 부근),부산 중구 남포동6가(자갈치교차로 부근),10,11,0,10,1,0,129.026361807238,35.097267198945,51.0,0.2133,0.8629,high,고위험
6838207,2023060,2023,2611013900,26110003,부산 중구3,부산 중구 남포동4가(남포동주민센터 부근),부산 중구 남포동4가(남포동주민센터 부근),8,8,0,8,0,0,129.031361223739,35.097422844134,40.0,0.0667,0.5282,medium,주의
6838557,2023060,2023,2611013200,26110004,부산 중구4,부산 중구 창선동2가(국제시장사거리 부근),부산 중구 창선동2가(국제시장사거리 부근),7,9,0,8,1,0,129.026834851729,35.099658245697,40.0,0.0667,0.5282,medium,주의
6838574,2023060,2023,2611012100,26110005,부산 중구5,부산 중구 보수동2가(보수사거리 부근),부산 중구 보수동2가(보수사거리 부근),7,8,0,7,1,0,129.025148411721,35.103383071341,36.0,0.0133,0.3785,low,관심
6838491,2023060,2023,2614012000,26140001,부산 서구1,부산 서구 충무동1가(장수한의원 부근),부산 서구 충무동1가(장수한의원 부근),7,8,2,5,1,0,129.024297896154,35.095352693684,48.0,0.1733,0.7939,medium,주의
6838530,2023060,2023,2614011200,26140002,부산 서구2,부산 서구 토성동1가(만박동물병원 부근),부산 서구 토성동1가(만박동물병원 부근),7,7,0,7,0,0,129.024184918154,35.100005928908,35.0,0.0,0.3196,low,관심
6838411,2023060,2023,2617010200,26170001,부산 동구1,부산 동구 수정동(수정치안센터 부근),부산 동구 수정동(수정치안센터 부근),9,9,0,9,0,0,129.047186698412,35.12943582274,45.0,0.1333,0.7283,medium,주의
6838227,2023060,2023,2617010200,26170002,부산 동구2,부산 동구 수정동(부산동부경찰서 부근),부산 동구 수정동(부산동부경찰서 부근),8,14,0,8,6,0,129.049390981403,35.130219108239,46.0,0.1467,0.7722,medium,주의
6838455,2023060,2023,2617010400,26170003,부산 동구3,부산 동구 범일동(부산진시장앞교차로 부근),부산 동구 범일동(부산진시장앞교차로 부근),8,8,1,7,0,0,129.059381121637,35.13721887336,46.0,0.1467,0.7722,medium,주의
6838402,2023060,2023,2617010100,26170004,부산 동구4,부산 동구 초량동(길탑비뇨기과의원 부근),부산 동구 초량동(길탑비뇨기과의원 부근),9,10,1,8,1,0,129.039918599575,35.115380055707,52.0,0.2267,0.8705,high,고위험
6838588,2023060,2023,2617010100,26170005,부산 동구5,부산 동구 초량동(초량교차로 부근),부산 동구 초량동(초량교차로 부근),9,9,0,9,0,0,129.042622889583,35.119444833422,45.0,0.1333,0.7283,medium,주의
6838343,2023060,2023,2617010100,26170006,부산 동구6,부산 동구 초량동(초량3동행정복지센터 부근),부산 동구 초량동(초량3동행정복지센터 부근),7,7,0,7,0,0,129.040407375229,35.122020764198,35.0,0.0,0.3196,low,관심
6838585,2023060,2023,2617010100,26170007,부산 동구7,부산 동구 초량동(초량박이비인후과의원 부근),부산 동구 초량동(초량박이비인후과의원 부근),7,8,0,7,1,0,129.03961337191,35.119152344988,36.0,0.0133,0.3785,low,관심
6838503,2023060,2023,2617010400,26170008,부산 동구8,부산 동구 범일동(범일골목시장 부근),부산 동구 범일동(범일골목시장 부근),8,8,0,8,0,0,129.055079391747,35.141655299727,40.0,0.0667,0.5282,medium,주의
6838199,2023060,2023,2620010900,26200001,부산 영도구1,부산 영도구 영선동2가(남항시장사거리 부근),부산 영도구 영선동2가(남항시장사거리 부근),10,12,0,11,1,0,129.041163601769,35.087880431761,55.0,0.2667,0.9007,high,고위험
6838370,2023060,2023,2620012000,26200002,부산 영도구2,부산 영도구 청학동(서승도치과의원 부근),부산 영도구 청학동(서승도치과의원 부근),9,10,1,9,0,0,129.061875169956,35.096237071974,55.0,0.2667,0.9007,high,고위험
6838291,2023060,2023,2620010200,26200003,부산 영도구3,부산 영도구 대교동2가(늘찬마취통증의학과의원 부근),부산 영도구 대교동2가(늘찬마취통증의학과의원 부근),9,10,0,9,1,0,129.041337309819,35.091107372792,46.0,0.1467,0.7722,medium,주의
6838526,2023060,2023,2620010800,26200004,부산 영도구4,부산 영도구 영선동1가(소방서앞사거리 부근),부산 영도구 영선동1가(소방서앞사거리 부근),7,8,1,7,0,0,129.043370673211,35.091162614692,45.0,0.1333,0.7283,medium,주의
6838349,2023060,2023,2620012100,26200005,부산 영도구5,부산 영도구 동삼동(동삼시장 부근),부산 영도구 동삼동(동삼시장 부근),11,11,0,11,0,0,129.070357937134,35.078805518425,55.0,0.2667,0.9007,high,고위험
6838578,2023060,2023,2623010300,26230001,부산 부산진구1,부산 부산진구 부전동(강철신경외과의원 부근),부산 부산진구 부전동(강철신경외과의원 부근),15,15,0,15,0,0,129.058724244473,35.158976147346,75.0,0.5333,0.9864,high,고위험
6838276,2023060,2023,2623010300,26230002,부산 부산진구2,부산 부산진구 부전동(상상마당사거리 부근),부산 부산진구 부전동(상상마당사거리 부근),13,15,0,14,0,1,129.057404773264,35.154011801104,69.5,0.46,0.9723,high,고위험
6838463,2023060,2023,2623010300,26230003,부산 부산진구3,부산 부산진구 부전동(열린이비인후과의원 부근),부산 부산진구 부전동(열린이비인후과의원 부근),12,15,0,12,3,0,129.059985249711,35.155228618411,63.0,0.3733,0.9511,high,고위험
6838364,2023060,2023,2623010300,26230004,부산 부산진구4,부산 부산진구 부전동(주한코트디브와르영사관 부근),부산 부산진구 부전동(주한코트디브와르영사관 부근),11,15,0,13,2,0,129.061139404038,35.160172571743,65.0,0.4,0.9597,high,고위험
6838377,2023060,2023,2623010200,26230005,부산 부산진구5,부산 부산진구 전포동(로덴치과의원 부근),부산 부산진구 전포동(로덴치과의원 부근),10,16,0,12,4,0,129.062339023692,35.1546532017,62.0,0.36,0.9486,high,고위험
6838516,2023060,2023,2623010300,26230006,부산 부산진구6,부산 부산진구 부전동(부전역 부산1호선 부근),부산 부산진구 부전동(부전역 부산1호선 부근),12,13,0,12,1,0,129.062164321689,35.162787620041,61.0,0.3467,0.943,high,고위험
6838265,2023060,2023,2623010300,26230007,부산 부산진구7,부산 부산진구 부전동(아루다의원 부근),부산 부산진구 부전동(아루다의원 부근),10,11,0,10,1,0,129.057183086537,35.156494454553,51.0,0.2133,0.8629,high,고위험
6838250,2023060,2023,2623010300,26230008,부산 부산진구8,부산 부산진구 부전동(제이린안과 부근),부산 부산진구 부전동(제이린안과 부근),9,16,0,11,5,0,129.06000577429,35.153341277398,58.0,0.3067,0.9234,high,고위험
6838535,2023060,2023,2623010300,26230009,부산 부산진구9,부산 부산진구 부전동(삼전교차로 부근),부산 부산진구 부전동(삼전교차로 부근),7,7,0,7,0,0,129.063633329219,35.1636284695,35.0,0.0,0.3196,low,관심
6838386,2023060,2023,2623010400,26230010,부산 부산진구10,부산 부산진구 범천동(CU ATM 범천영광점 부근),부산 부산진구 범천동(CU ATM 범천영광점 부근),9,9,0,9,0,0,129.0640228302,35.14211269521,45.0,0.1333,0.7283,medium,주의
6838582,2023060,2023,2623010400,26230011,부산 부산진구11,부산 부산진구 범천동(중앙시장앞교차로 부근),부산 부산진구 범천동(중앙시장앞교차로 부근),7,7,0,7,0,0,129.059690151457,35.144109265058,35.0,0.0,0.3196,low,관심
6838205,2023060,2023,2623010900,26230012,부산 부산진구12,부산 부산진구 당감동(봄여름가을겨울어린이집 부근),부산 부산진구 당감동(봄여름가을겨울어린이집 부근),8,8,0,8,0,0,129.050083083678,35.159774058993,40.0,0.0667,0.5282,medium,주의
6838537,2023060,2023,2623010800,26230013,부산 부산진구13,부산 부산진구 부암동(호암어린이집 부근),부산 부산진구 부암동(호암어린이집 부근),7,7,0,7,0,0,129.040709479364,35.168506724747,35.0,0.0,0.3196,low,관심
6838379,2023060,2023,2623011100,26230014,부산 부산진구14,부산 부산진구 개금동(해바라기어린이집 부근),부산 부산진구 개금동(해바라기어린이집 부근),7,7,0,7,0,0,129.024437798095,35.156889796633,35.0,0.0,0.3196,low,관심
6838579,2023060,2023,2623010900,26230015,부산 부산진구15,부산 부산진구 당감동(당감1동주민센터 부근),부산 부산진구 당감동(당감1동주민센터 부근),7,8,1,7,0,0,129.034899869485,35.165023641853,45.0,0.1333,0.7283,medium,주의
6838357,2023060,2023,2626010600,26260001,부산 동래구1,부산 동래구 수안동(부산동래경찰서 부근),부산 동래구 수안동(부산동래경찰서 부근),7,7,1,6,0,0,129.085110538174,35.201051305778,41.0,0.08,0.6361,medium,주의
6838374,2023060,2023,2626010900,26260002,부산 동래구2,부산 동래구 사직동(사직사거리 부근),부산 동래구 사직동(사직사거리 부근),9,10,0,9,1,0,129.059761993193,35.198053640389,46.0,0.1467,0.7722,medium,주의
6838384,2023060,2023,2626010800,26260003,부산 동래구3,부산 동래구 온천동(미남교 부근),부산 동래구 온천동(미남교 부근),7,7,0,7,0,0,129.065048069768,35.209936130392,35.0,0.0,0.3196,low,관심
6838144,2023060,2023,2629010600,26290001,부산 남구1,부산 남구 대연동(아둘람커뮤니티교회 부근),부산 남구 대연동(아둘람커뮤니티교회 부근),10,10,0,10,0,0,129.100925002448,35.136221055729,50.0,0.2,0.8407,high,고위험
6838418,2023060,2023,2629010600,26290002,부산 남구2,부산 남구 대연동(대연지구대 부근),부산 남구 대연동(대연지구대 부근),7,9,0,7,2,0,129.102153742992,35.138037754925,37.0,0.0267,0.3891,low,관심
6838323,2023060,2023,2629010600,26290003,부산 남구3,부산 남구 대연동(대연동못골시장 부근),부산 남구 대연동(대연동못골시장 부근),12,12,0,12,0,0,129.089779213899,35.135783362801,60.0,0.3333,0.935,high,고위험
6838554,2023060,2023,2629010600,26290004,부산 남구4,부산 남구 대연동(대연사거리 부근),부산 남구 대연동(대연사거리 부근),10,10,0,10,0,0,129.091925059014,35.13545156063,50.0,0.2,0.8407,high,고위험
6838478,2023060,2023,2629010600,26290005,부산 남구5,부산 남구 대연동(못골사거리 부근),부산 남구 대연동(못골사거리 부근),7,7,1,6,0,0,129.087489895376,35.135514664683,41.0,0.08,0.6361,medium,주의
6838442,2023060,2023,2629010600,26290006,부산 남구6,부산 남구 대연동(유엔교차로 부근),부산 남구 대연동(유엔교차로 부근),7,8,0,7,1,0,129.092239571488,35.130392710998,36.0,0.0133,0.3785,low,관심
6838244,2023060,2023,2629010900,26290007,부산 남구7,부산 남구 문현동(성신유치원 부근),부산 남구 문현동(성신유치원 부근),9,9,1,8,0,0,129.072747493858,35.136671246114,51.0,0.2133,0.8629,high,고위험
6838287,2023060,2023,2629010900,26290008,부산 남구8,부산 남구 문현동(CU ATM 문현로타리점 부근),부산 남구 문현동(CU ATM 문현로타리점 부근),8,8,0,8,0,0,129.067800799904,35.135769603299,40.0,0.0667,0.5282,medium,주의
6838332,2023060,2023,2632010400,26320001,부산 북구1,부산 북구 덕천동(구포119안전센터 부근),부산 북구 덕천동(구포119안전센터 부근),8,10,0,9,1,0,129.008395503491,35.210215797056,45.0,0.1333,0.7283,medium,주의
6838425,2023060,2023,2635010600,26350001,부산 해운대구1,부산 해운대구 중동(리치치과의원 부근),부산 해운대구 중동(리치치과의원 부근),7,7,0,7,0,0,129.16052139125,35.161605695515,35.0,0.0,0.3196,low,관심
6838248,2023060,2023,2635010100,26350002,부산 해운대구2,부산 해운대구 반송동(반송도서관교차로 부근),부산 해운대구 반송동(반송도서관교차로 부근),9,9,1,8,0,0,129.149154296067,35.224975910802,51.0,0.2133,0.8629,high,고위험
6838499,2023060,2023,2635010700,26350003,부산 해운대구3,부산 해운대구 좌동(장산역 부산2호선 부근),부산 해운대구 좌동(장산역 부산2호선 부근),7,7,0,7,0,0,129.177775061444,35.169346927102,35.0,0.0,0.3196,low,관심
6838148,2023060,2023,2638010100,26380001,부산 사하구1,부산 사하구 괴정1동(남다른감자탕부산괴정점 부근),부산 사하구 괴정1동(남다른감자탕부산괴정점 부근),7,7,0,7,0,0,128.99041879681,35.099908289609,35.0,0.0,0.3196,low,관심
6838544,2023060,2023,2638010100,26380002,부산 사하구2,부산 사하구 괴정동(괴정골목시장 부근),부산 사하구 괴정동(괴정골목시장 부근),7,7,0,7,0,0,128.993870503356,35.099166401828,35.0,0.0,0.3196,low,관심
6838556,2023060,2023,2638010300,26380003,부산 사하구3,부산 사하구 하단동(부산자생한방병원 부근),부산 사하구 하단동(부산자생한방병원 부근),11,13,0,11,1,1,128.967712662547,35.107193940257,56.5,0.2867,0.9118,high,고위험
6838186,2023060,2023,2638010200,26380004,부산 사하구4,부산 사하구 당리동(오거리약국 부근),부산 사하구 당리동(오거리약국 부근),9,11,0,9,2,0,128.969788172793,35.105214660225,47.0,0.16,0.7893,medium,주의
6838483,2023060,2023,2638010300,26380005,부산 사하구5,부산 사하구 하단동(하단역 부산1호선 부근),부산 사하구 하단동(하단역 부산1호선 부근),9,9,0,9,0,0,128.966220281681,35.105492253268,45.0,0.1333,0.7283,medium,주의
6838214,2023060,2023,2638010600,26380006,부산 사하구6,부산 사하구 다대동(다대농협사거리 부근),부산 사하구 다대동(다대농협사거리 부근),8,8,1,7,0,0,128.971309463798,35.057066388032,46.0,0.1467,0.7722,medium,주의
6838312,2023060,2023,2638010800,26380007,부산 사하구7,부산 사하구 감천동(삼성여고앞 부근),부산 사하구 감천동(삼성여고앞 부근),8,9,0,8,1,0,128.996904430395,35.090950524043,41.0,0.08,0.6361,medium,주의
6838509,2023060,2023,2641011000,26410001,부산 금정구1,부산 금정구 서동(서동제일요양병원 부근),부산 금정구 서동(서동제일요양병원 부근),15,15,0,15,0,0,129.105321409495,35.214774566104,75.0,0.5333,0.9864,high,고위험
6838450,2023060,2023,2641011000,26410002,부산 금정구2,부산 금정구 서동(동상제일침례교회 부근),부산 금정구 서동(동상제일침례교회 부근),11,11,0,11,0,0,129.103095551601,35.214462245216,55.0,0.2667,0.9007,high,고위험
6838137,2023060,2023,2641011000,26410003,부산 금정구3,부산 금정구 서동(금사교차로 부근),부산 금정구 서동(금사교차로 부근),11,12,0,12,0,0,129.108195433597,35.214945584168,59.0,0.32,0.9259,high,고위험
6838577,2023060,2023,2641011000,26410004,부산 금정구4,부산 금정구 서동(서3치안센터 부근),부산 금정구 서동(서3치안센터 부근),9,10,0,9,1,0,129.101125832952,35.215613171507,46.0,0.1467,0.7722,medium,주의
6838372,2023060,2023,2641010700,26410005,부산 금정구5,부산 금정구 구서동(구서역 부산1호선 부근),부산 금정구 구서동(구서역 부산1호선 부근),7,8,0,7,1,0,129.090691496437,35.24697740371,36.0,0.0133,0.3785,low,관심
6838382,2023060,2023,2641010900,26410006,부산 금정구6,부산 금정구 부곡동(삼한골든뷰어린이집 부근),부산 금정구 부곡동(삼한골든뷰어린이집 부근),8,8,0,8,0,0,129.089392644134,35.230645955714,40.0,0.0667,0.5282,medium,주의
6838398,2023060,2023,2641011000,26410007,부산 금정구7,부산 금정구 서동(새소망교회 부근),부산 금정구 서동(새소망교회 부근),7,7,0,7,0,0,129.095476012008,35.21742785212,35.0,0.0,0.3196,low,관심
6838346,2023060,2023,2647010200,26470001,부산 연제구1,부산 연제구 연산동(연제로하스의원 부근),부산 연제구 연산동(연제로하스의원 부근),9,12,1,9,2,0,129.084269590859,35.187669518443,57.0,0.2933,0.9183,high,고위험
6838247,2023060,2023,2647010200,26470002,부산 연제구2,부산 연제구 연산동(정진 포교원 부근),부산 연제구 연산동(정진 포교원 부근),7,7,0,7,0,0,129.083589006335,35.185762071369,35.0,0.0,0.3196,low,관심
6838390,2023060,2023,2647010200,26470003,부산 연제구3,부산 연제구 연산동(시티요양병원 부근),부산 연제구 연산동(시티요양병원 부근),7,8,0,8,0,0,129.080402025012,35.183354061445,39.0,0.0533,0.432,medium,주의
6838327,2023060,2023,2647010200,26470004,부산 연제구4,부산 연제구 연산동(민지학치과의원 부근),부산 연제구 연산동(민지학치과의원 부근),7,9,1,6,0,2,129.107215222761,35.18380930396,42.0,0.0933,0.6542,medium,주의
6838531,2023060,2023,2647010200,26470005,부산 연제구5,부산 연제구 연산동(복음가득한교회 부근),부산 연제구 연산동(복음가득한교회 부근),7,7,0,7,0,0,129.076835445696,35.182631943531,35.0,0.0,0.3196,low,관심
6838178,2023060,2023,2650010200,26500001,부산 수영구1,부산 수영구 수영동(수영동산어린이집 부근),부산 수영구 수영동(수영동산어린이집 부근),10,12,2,9,1,0,129.116062464868,35.168538812254,67.0,0.4267,0.9682,high,고위험
6838260,2023060,2023,2650010100,26500002,부산 수영구2,부산 수영구 망미동(망미역교차로 부근),부산 수영구 망미동(망미역교차로 부근),8,8,0,8,0,0,129.109010356694,35.171438654959,40.0,0.0667,0.5282,medium,주의
6838407,2023060,2023,2650010100,26500003,부산 수영구3,부산 수영구 망미동(사도행전교회 부근),부산 수영구 망미동(사도행전교회 부근),7,7,1,6,0,0,129.108092706088,35.174940295687,41.0,0.08,0.6361,medium,주의
6838298,2023060,2023,2650010400,26500004,부산 수영구4,부산 수영구 광안동(장대골삼거리 부근),부산 수영구 광안동(장대골삼거리 부근),7,7,0,7,0,0,129.112989649327,35.1571651112,35.0,0.0,0.3196,low,관심
6838285,2023060,2023,2650010400,26500005,부산 수영구5,부산 수영구 광안동(광안시장 부근),부산 수영구 광안동(광안시장 부근),7,7,0,7,0,0,129.113410323443,35.159055269504,35.0,0.0,0.3196,low,관심
6838190,2023060,2023,2653010400,26530001,부산 사상구1,부산 사상구 괘법동(사상동물병원 부근),부산 사상구 괘법동(사상동물병원 부근),12,12,1,11,0,0,128.986809124137,35.159349815453,66.0,0.4133,0.9647,high,고위험
6838456,2023060,2023,2653010300,26530002,부산 사상구2,부산 사상구 덕포동(해늘어린이집 부근),부산 사상구 덕포동(해늘어린이집 부근),7,8,0,7,1,0,128.98106520298,35.168265321878,36.0,0.0133,0.3785,low,관심
6838252,2023060,2023,2671025021,26710001,부산 기장군1,부산 기장군 기장읍 동부리(하늘소망교회 부근),부산 기장군 기장읍 동부리(하늘소망교회 부근),7,7,0,7,0,0,129.216169546843,35.245484531799,35.0,0.0,0.3196,low,관심
6838414,2023060,2023,2711015400,27110001,대구 중구1,대구 중구 대신동(서문시장치안센터 부근),대구 중구 대신동(서문시장치안센터 부근),7,7,0,7,0,0,128.579719955628,35.869344185426,35.0,0.0,0.3196,low,관심
6838242,2023060,2023,2711010500,27110002,대구 중구2,대구 중구 삼덕동1가(CU ATM 동성로로데오점 부근),대구 중구 삼덕동1가(CU ATM 동성로로데오점 부근),14,15,0,14,1,0,128.599036727598,35.866312490777,71.0,0.48,0.9778,high,고위험
6838563,2023060,2023,2711011500,27110003,대구 중구3,대구 중구 사일동(중앙네거리 부근),대구 중구 사일동(중앙네거리 부근),7,7,0,7,0,0,128.593781642245,35.871673815325,35.0,0.0,0.3196,low,관심
6838176,2023060,2023,2711011700,27110004,대구 중구4,대구 중구 동성로2가(베러미의원 부근),대구 중구 동성로2가(베러미의원 부근),7,14,1,7,5,1,128.594452652826,35.868631362531,50.5,0.2067,0.8412,high,고위험
6838299,2023060,2023,2714010300,27140001,대구 동구1,대구 동구 효목동(동구시장 부근),대구 동구 효목동(동구시장 부근),7,8,0,7,0,1,128.63971919543,35.874214223937,35.5,0.0067,0.3276,low,관심
6838453,2023060,2023,2714010300,27140002,대구 동구2,대구 동구 효목1동(아양아파트 부근),대구 동구 효목1동(아양아파트 부근),7,8,0,7,1,0,128.641199031841,35.885638214373,36.0,0.0133,0.3785,low,관심
6838131,2023060,2023,2723010100,27230001,대구 북구1,대구 북구 칠성동1가(칠성교네거리 부근),대구 북구 칠성동1가(칠성교네거리 부근),12,14,1,11,2,0,128.605122573649,35.875684372465,68.0,0.44,0.9703,high,고위험
6838277,2023060,2023,2723010200,27230002,대구 북구2,대구 북구 칠성동2가(302-241 부근),대구 북구 칠성동2가(302-241 부근),7,8,0,7,1,0,128.600989080886,35.875050936657,36.0,0.0133,0.3785,low,관심
6838471,2023060,2023,2726011200,27260001,대구 수성구1,대구 수성구 지산동(지산목련시장 부근),대구 수성구 지산동(지산목련시장 부근),8,8,0,8,0,0,128.632375375476,35.821161665155,40.0,0.0667,0.5282,medium,주의
6838428,2023060,2023,2726011800,27260002,대구 수성구2,대구 수성구 신매동(시지활기찬마취통증의학과의원 부근),대구 수성구 신매동(시지활기찬마취통증의학과의원 부근),7,7,1,6,0,0,128.706608606404,35.840141701801,41.0,0.08,0.6361,medium,주의
6838459,2023060,2023,2726011200,27260003,대구 수성구3,대구 수성구 지산동(지산축복교회 부근),대구 수성구 지산동(지산축복교회 부근),8,9,0,8,1,0,128.641352472924,35.822874781541,41.0,0.08,0.6361,medium,주의
6838140,2023060,2023,2729011500,27290001,대구 달서구1,대구 달서구 상인동(상인3동행정복지센터 부근),대구 달서구 상인동(상인3동행정복지센터 부근),7,7,0,7,0,0,128.551417953949,35.808976907261,35.0,0.0,0.3196,low,관심
6838157,2023060,2023,2729012000,27290002,대구 달서구2,대구 달서구 월성2동(김창희치과 부근),대구 달서구 월성2동(김창희치과 부근),7,7,0,7,0,0,128.530319472184,35.831621969955,35.0,0.0,0.3196,low,관심
6838445,2023060,2023,2729012200,27290003,대구 달서구3,대구 달서구 송현동(삼정빌딩 부근),대구 달서구 송현동(삼정빌딩 부근),7,8,0,7,0,1,128.553865095256,35.833804177368,35.5,0.0067,0.3276,low,관심
6838318,2023060,2023,2729010700,27290004,대구 달서구4,대구 달서구 신당동(한빛어린이집 부근),대구 달서구 신당동(한빛어린이집 부근),7,7,0,7,0,0,128.497907388355,35.854135078873,35.0,0.0,0.3196,low,관심
6838496,2023060,2023,2729011700,27290005,대구 달서구5,대구 달서구 진천동(사랑마을어린이집 부근),대구 달서구 진천동(사랑마을어린이집 부근),7,7,0,7,0,0,128.525501450092,35.81256187746,35.0,0.0,0.3196,low,관심
6838281,2023060,2023,2817710400,28177001,인천 미추홀구1,인천 미추홀구 도화동(도화초교사거리 부근),인천 미추홀구 도화동(도화초교사거리 부근),7,9,0,8,1,0,126.669043265515,37.464256558899,40.0,0.0667,0.5282,medium,주의
6838523,2023060,2023,2817710200,28177002,인천 미추홀구2,인천 미추홀구 용현동(예은어린이집 부근),인천 미추홀구 용현동(예은어린이집 부근),7,7,1,6,0,0,126.63861084707,37.453103486855,41.0,0.08,0.6361,medium,주의
6838500,2023060,2023,2820010200,28200001,인천 남동구1,인천 남동구 간석동(간석자유시장 부근),인천 남동구 간석동(간석자유시장 부근),8,9,0,8,1,0,126.715246810907,37.463587737191,41.0,0.08,0.6361,medium,주의
6838203,2023060,2023,2824510100,28245001,인천 계양구1,인천 계양구 효성동(효성1동행정복지센터 부근),인천 계양구 효성동(효성1동행정복지센터 부근),7,7,0,7,0,0,126.711210115665,37.532542996271,35.0,0.0,0.3196,low,관심
6838436,2023060,2023,2826010700,28260001,인천 서구1,인천 서구 심곡동(제스트빌오피스텔 부근),인천 서구 심곡동(제스트빌오피스텔 부근),7,8,0,7,1,0,126.672328948352,37.544120445075,36.0,0.0133,0.3785,low,관심
6838391,2023060,2023,2911012200,29110001,광주 동구1,광주 동구 학동(전대병원응급실앞교차로 부근),광주 동구 학동(전대병원응급실앞교차로 부근),7,7,0,7,0,0,126.921215755769,35.14080155845,35.0,0.0,0.3196,low,관심
6838153,2023060,2023,2915511500,29155001,광주 남구1,광주 남구 봉선동(다온유치원 부근),광주 남구 봉선동(다온유치원 부근),9,9,0,9,0,0,126.918733430221,35.128094823284,45.0,0.1333,0.7283,medium,주의
6838238,2023060,2023,2915511300,29155002,광주 남구2,광주 남구 양림동(남구구립참좋은어린이집 부근),광주 남구 양림동(남구구립참좋은어린이집 부근),8,8,0,8,0,0,126.917827087777,35.136007462549,40.0,0.0667,0.5282,medium,주의
6838206,2023060,2023,2917011000,29170001,광주 북구1,광주 북구 우산동(말바우시장 부근),광주 북구 우산동(말바우시장 부근),7,10,0,9,1,0,126.921139407808,35.172097282798,44.0,0.12,0.6779,medium,주의
6838385,2023060,2023,2917011500,29170002,광주 북구2,광주 북구 오치동(광주북부경찰서 부근),광주 북구 오치동(광주북부경찰서 부근),7,8,0,8,0,0,126.899709682712,35.187315258225,39.0,0.0533,0.432,medium,주의
6838326,2023060,2023,2920010100,29200001,광주 광산구1,광주 광산구 송정동(영광통사거리 부근),광주 광산구 송정동(영광통사거리 부근),7,7,0,7,0,0,126.79493355311,35.141599047994,35.0,0.0,0.3196,low,관심
6838405,2023060,2023,2920010100,29200002,광주 광산구2,광주 광산구 송정동(롯데리아광주송정점 부근),광주 광산구 송정동(롯데리아광주송정점 부근),7,8,1,6,1,0,126.79628823979,35.139989075383,42.0,0.0933,0.6542,medium,주의
6838355,2023060,2023,2920012000,29200003,광주 광산구3,광주 광산구 운남동(수 치과의원 부근),광주 광산구 운남동(수 치과의원 부근),7,7,0,7,0,0,126.824971452661,35.178352032132,35.0,0.0,0.3196,low,관심
6838591,2023060,2023,3011011900,30110001,대전 동구1,대전 동구 정동(대전역지구대 부근),대전 동구 정동(대전역지구대 부근),8,9,0,9,0,0,127.433532089688,36.33049298851,44.0,0.12,0.6779,medium,주의
6838224,2023060,2023,3011011900,30110002,대전 동구2,대전 동구 정동(해켓신경외과의원 부근),대전 동구 정동(해켓신경외과의원 부근),7,8,1,6,1,0,127.431992571766,36.332696398007,42.0,0.0933,0.6542,medium,주의
6838300,2023060,2023,3011011700,30110003,대전 동구3,대전 동구 홍도동(한우리교회 부근),대전 동구 홍도동(한우리교회 부근),7,7,1,6,0,0,127.430743865149,36.347345959419,41.0,0.08,0.6361,medium,주의
6838359,2023060,2023,3011011500,30110004,대전 동구4,대전 동구 용전동(예닮교회 부근),대전 동구 용전동(예닮교회 부근),7,9,1,8,0,0,127.432018683902,36.350561938331,49.0,0.1867,0.8065,high,고위험
6838179,2023060,2023,3017011200,30170001,대전 서구1,대전 서구 둔산3동(둔산성광교회 부근),대전 서구 둔산3동(둔산성광교회 부근),7,8,1,6,1,0,127.399112649081,36.34905419507,42.0,0.0933,0.6542,medium,주의
6838421,2023060,2023,3017010300,30170002,대전 서구2,대전 서구 도마동(신협365코너 도마지점 부근),대전 서구 도마동(신협365코너 도마지점 부근),7,7,0,7,0,0,127.38411219981,36.314993789293,35.0,0.0,0.3196,low,관심
6838184,2023060,2023,3017010600,30170003,대전 서구3,대전 서구 탄방동(탄방네거리 부근),대전 서구 탄방동(탄방네거리 부근),7,7,0,7,0,0,127.388966013295,36.340778059181,35.0,0.0,0.3196,low,관심
6838236,2023060,2023,3017011300,30170004,대전 서구4,대전 서구 월평동(아랫둔지미네거리 부근),대전 서구 월평동(아랫둔지미네거리 부근),7,10,0,8,1,1,127.377056088686,36.360460561139,40.5,0.0733,0.5323,medium,주의
6838330,2023060,2023,3017011200,30170005,대전 서구5,대전 서구 둔산동(둔산엔도내과의원 부근),대전 서구 둔산동(둔산엔도내과의원 부근),14,15,0,14,1,0,127.376086525386,36.349963215354,71.0,0.48,0.9778,high,고위험
6838324,2023060,2023,3017011200,30170006,대전 서구6,대전 서구 둔산동(은하수네거리 부근),대전 서구 둔산동(은하수네거리 부근),7,7,0,7,0,0,127.378005955995,36.351914550716,35.0,0.0,0.3196,low,관심
6838590,2023060,2023,3020011100,30200001,대전 유성구1,대전 유성구 봉명동(비엔피병원 부근),대전 유성구 봉명동(비엔피병원 부근),7,8,1,7,0,0,127.340245116022,36.355253900694,45.0,0.1333,0.7283,medium,주의
6838480,2023060,2023,3023011100,30230001,대전 대덕구1,대전 대덕구 석봉동(신탄진시장 부근),대전 대덕구 석봉동(신탄진시장 부근),7,7,0,7,0,0,127.42598824383,36.450099180548,35.0,0.0,0.3196,low,관심
6838368,2023060,2023,3111010600,31110001,울산 중구1,울산 중구 성남동(성남치안센터 부근),울산 중구 성남동(성남치안센터 부근),7,8,0,7,0,1,129.320707930214,35.555038744026,35.5,0.0067,0.3276,low,관심
6838528,2023060,2023,3114010400,31140001,울산 남구1,울산 남구 신정동(신정시장사거리 부근),울산 남구 신정동(신정시장사거리 부근),9,9,0,9,0,0,129.311034802858,35.542126023862,45.0,0.1333,0.7283,medium,주의
6838147,2023060,2023,3114010400,31140002,울산 남구2,울산 남구 신정동(사자교회 부근),울산 남구 신정동(사자교회 부근),7,7,0,7,0,0,129.309595369385,35.543656931454,35.0,0.0,0.3196,low,관심
6838173,2023060,2023,3114010600,31140003,울산 남구3,울산 남구 삼산동(농수산물시장사거리 부근),울산 남구 삼산동(농수산물시장사거리 부근),8,8,0,8,0,0,129.343296415018,35.53921647485,40.0,0.0667,0.5282,medium,주의
6838542,2023060,2023,3114010500,31140004,울산 남구4,울산 남구 달동(이튼치과의원 부근),울산 남구 달동(이튼치과의원 부근),7,7,0,7,0,0,129.333042586927,35.537906323491,35.0,0.0,0.3196,low,관심
6838200,2023060,2023,3117010300,31170001,울산 동구1,울산 동구 일산동(일산해수욕장사거리 부근),울산 동구 일산동(일산해수욕장사거리 부근),8,10,0,8,1,1,129.427810046543,35.496868534718,41.5,0.0867,0.6391,medium,주의
6838226,2023060,2023,3117010200,31170002,울산 동구2,울산 동구 화정동(등대사거리 부근),울산 동구 화정동(등대사거리 부근),7,8,0,8,0,0,129.426554809236,35.492264567448,39.0,0.0533,0.432,medium,주의
6838433,2023060,2023,3120010500,31200001,울산 북구1,울산 북구 신천동(신천교교차로 부근),울산 북구 신천동(신천교교차로 부근),7,7,0,7,0,0,129.349892370103,35.633595256858,35.0,0.0,0.3196,low,관심
6838426,2023060,2023,4111113400,41111001,경기 수원시 장안구1,경기 수원시 장안구 영화동(장안문로터리 부근),경기 수원시 장안구 영화동(장안문로터리 부근),7,7,0,7,0,0,127.014458958702,37.290083264005,35.0,0.0,0.3196,low,관심
6838363,2023060,2023,4111312600,41113001,경기 수원시 권선구1,경기 수원시 권선구 세류2동(소명어린이집 부근),경기 수원시 권선구 세류2동(소명어린이집 부근),7,7,0,7,0,0,127.009487447214,37.259552472417,35.0,0.0,0.3196,low,관심
6838598,2023060,2023,4111513700,41115001,경기 수원시 팔달구1,경기 수원시 팔달구 고등동(수원중앙교회 부근),경기 수원시 팔달구 고등동(수원중앙교회 부근),7,7,0,7,0,0,127.001618901624,37.270604918145,35.0,0.0,0.3196,low,관심
6838249,2023060,2023,4111514100,41115002,경기 수원시 팔달구2,경기 수원시 팔달구 인계동(무비사거리 부근),경기 수원시 팔달구 인계동(무비사거리 부근),9,12,0,9,3,0,127.031658826001,37.26430120737,48.0,0.1733,0.7939,medium,주의
6838573,2023060,2023,4111514100,41115003,경기 수원시 팔달구3,경기 수원시 팔달구 인계동(현진빌딩 부근),경기 수원시 팔달구 인계동(현진빌딩 부근),7,7,0,7,0,0,127.029559242667,37.265222557181,35.0,0.0,0.3196,low,관심
6838476,2023060,2023,4111512200,41115004,경기 수원시 팔달구4,경기 수원시 팔달구 팔달로3가(팔달문로터리 부근),경기 수원시 팔달구 팔달로3가(팔달문로터리 부근),8,8,0,8,0,0,127.017190902379,37.277633519797,40.0,0.0667,0.5282,medium,주의
6838512,2023060,2023,4111512200,41115005,경기 수원시 팔달구5,경기 수원시 팔달구 팔달로3가(중동사거리 부근),경기 수원시 팔달구 팔달로3가(중동사거리 부근),7,7,0,7,0,0,127.017632294385,37.275453137607,35.0,0.0,0.3196,low,관심
6838553,2023060,2023,4111513800,41115006,경기 수원시 팔달구6,경기 수원시 팔달구 화서동(수원시365특별방범기동순찰대 부근),경기 수원시 팔달구 화서동(수원시365특별방범기동순찰대 부근),7,8,1,6,1,0,127.00608634793,37.282540040752,42.0,0.0933,0.6542,medium,주의
6838160,2023060,2023,4113110300,41131001,경기 성남시 수정구1,경기 성남시 수정구 수진동(수진지구대 부근),경기 성남시 수정구 수진동(수진지구대 부근),7,8,0,7,1,0,127.12789227579,37.433552776365,36.0,0.0133,0.3785,low,관심
6838163,2023060,2023,4113110600,41131002,경기 성남시 수정구2,경기 성남시 수정구 양지동(양지동행정복지센터 부근),경기 성남시 수정구 양지동(양지동행정복지센터 부근),8,10,0,8,1,1,127.161013170995,37.455250547623,41.5,0.0867,0.6391,medium,주의
6838180,2023060,2023,4113110600,41131003,경기 성남시 수정구3,경기 성남시 수정구 양지동(양지어린이집 부근),경기 성남시 수정구 양지동(양지어린이집 부근),8,9,0,9,0,0,127.163462475809,37.457997103078,44.0,0.12,0.6779,medium,주의
6838228,2023060,2023,4113110200,41131004,경기 성남시 수정구4,경기 성남시 수정구 태평동(중앙시장사거리 부근),경기 성남시 수정구 태평동(중앙시장사거리 부근),10,11,0,11,0,0,127.131982043819,37.440469985917,54.0,0.2533,0.8805,high,고위험
6838423,2023060,2023,4113110200,41131005,경기 성남시 수정구5,경기 성남시 수정구 태평동(탄리사거리 부근),경기 성남시 수정구 태평동(탄리사거리 부근),8,8,1,7,0,0,127.136303133951,37.442207811389,46.0,0.1467,0.7722,medium,주의
6838561,2023060,2023,4113110300,41131006,경기 성남시 수정구6,경기 성남시 수정구 수진동(아이미소가득어린이집 부근),경기 성남시 수정구 수진동(아이미소가득어린이집 부근),7,7,0,7,0,0,127.134706360564,37.440909690814,35.0,0.0,0.3196,low,관심
6838296,2023060,2023,4113110100,41131007,경기 성남시 수정구7,경기 성남시 수정구 신흥동(쉴만한물가교회 부근),경기 성남시 수정구 신흥동(쉴만한물가교회 부근),7,8,0,7,1,0,127.144466678676,37.440145578622,36.0,0.0133,0.3785,low,관심
6838452,2023060,2023,4113110300,41131008,경기 성남시 수정구8,경기 성남시 수정구 수진동(성남정병원 부근),경기 성남시 수정구 수진동(성남정병원 부근),8,8,0,8,0,0,127.129373237288,37.439916978125,40.0,0.0667,0.5282,medium,주의
6838587,2023060,2023,4113310100,41133001,경기 성남시 중원구1,경기 성남시 중원구 성남동(모란역 수인분당선 부근),경기 성남시 중원구 성남동(모란역 수인분당선 부근),12,13,1,11,1,0,127.129087962685,37.431669202433,67.0,0.4267,0.9682,high,고위험
6838317,2023060,2023,4113310100,41133002,경기 성남시 중원구2,경기 성남시 중원구 성남동(모란시장사거리 부근),경기 성남시 중원구 성남동(모란시장사거리 부근),9,9,0,9,0,0,127.129411291349,37.429992423366,45.0,0.1333,0.7283,medium,주의
6838420,2023060,2023,4113310100,41133003,경기 성남시 중원구3,경기 성남시 중원구 성남동(모란연세의원 부근),경기 성남시 중원구 성남동(모란연세의원 부근),8,8,0,8,0,0,127.130438220675,37.433230374683,40.0,0.0667,0.5282,medium,주의
6838340,2023060,2023,4113310300,41133004,경기 성남시 중원구4,경기 성남시 중원구 금광동(단대오거리 부근),경기 성남시 중원구 금광동(단대오거리 부근),8,8,0,8,0,0,127.157775711884,37.445427850256,40.0,0.0667,0.5282,medium,주의
6838283,2023060,2023,4113310500,41133005,경기 성남시 중원구5,경기 성남시 중원구 상대원동(상대원시장앞교차로 부근),경기 성남시 중원구 상대원동(상대원시장앞교차로 부근),7,7,1,6,0,0,127.157964960446,37.436829871988,41.0,0.08,0.6361,medium,주의
6838449,2023060,2023,4113510700,41135001,경기 성남시 분당구1,경기 성남시 분당구 야탑동(분당척병원 부근),경기 성남시 분당구 야탑동(분당척병원 부근),7,11,0,10,1,0,127.128912785345,37.412869197509,48.0,0.1733,0.7939,medium,주의
6838576,2023060,2023,4115010100,41150001,경기 의정부시1,경기 의정부시 의정부동(미소텔레콤부근),경기 의정부시 의정부동(미소텔레콤부근),8,8,0,8,0,0,127.051555827572,37.741383372199,40.0,0.0667,0.5282,medium,주의
6838474,2023060,2023,4115010100,41150002,경기 의정부시2,경기 의정부시 의정부동(이문내과의원 부근),경기 의정부시 의정부동(이문내과의원 부근),7,7,0,7,0,0,127.051139990136,37.738802965482,35.0,0.0,0.3196,low,관심
6838255,2023060,2023,4117110100,41171001,경기 안양시 만안구1,경기 안양시 만안구 안양동(중앙사거리 부근),경기 안양시 만안구 안양동(중앙사거리 부근),7,7,0,7,0,0,126.920529131014,37.399832007743,35.0,0.0,0.3196,low,관심
6838521,2023060,2023,4117110100,41171002,경기 안양시 만안구2,경기 안양시 만안구 안양동(안양유치원 부근),경기 안양시 만안구 안양동(안양유치원 부근),7,7,0,7,0,0,126.921317866703,37.396504918348,35.0,0.0,0.3196,low,관심
6838403,2023060,2023,4117110100,41171003,경기 안양시 만안구3,경기 안양시 만안구 안양동(고진성한국무용연구소 부근),경기 안양시 만안구 안양동(고진성한국무용연구소 부근),7,7,0,7,0,0,126.936046356296,37.382329014307,35.0,0.0,0.3196,low,관심
6838502,2023060,2023,4117310400,41173001,경기 안양시 동안구1,경기 안양시 동안구 호계동(범계역사거리 부근),경기 안양시 동안구 호계동(범계역사거리 부근),7,8,0,8,0,0,126.950417489702,37.39078483418,39.0,0.0533,0.432,medium,주의
6838378,2023060,2023,4117310200,41173002,경기 안양시 동안구2,경기 안양시 동안구 관양동(안양사랑의교회 부근),경기 안양시 동안구 관양동(안양사랑의교회 부근),7,7,0,7,0,0,126.95738169435,37.404152789709,35.0,0.0,0.3196,low,관심
6838422,2023060,2023,4117310400,41173003,경기 안양시 동안구3,경기 안양시 동안구 호계동(호계사거리 부근),경기 안양시 동안구 호계동(호계사거리 부근),8,8,1,7,0,0,126.957943858677,37.370804560879,46.0,0.1467,0.7722,medium,주의
6838134,2023060,2023,4119011300,41190001,경기 부천시1,경기 부천시 괴안동(괴안삼거리 부근),경기 부천시 괴안동(괴안삼거리 부근),9,9,2,7,0,0,126.805109010764,37.481079797934,57.0,0.2933,0.9183,high,고위험
6838593,2023060,2023,4119010200,41190002,경기 부천시2,경기 부천시 심곡동(북부역사거리 부근),경기 부천시 심곡동(북부역사거리 부근),12,12,0,12,0,0,126.783556127608,37.485321744969,60.0,0.3333,0.935,high,고위험
6838541,2023060,2023,4119010200,41190003,경기 부천시3,경기 부천시 심곡동(전화국사거리 부근),경기 부천시 심곡동(전화국사거리 부근),8,8,0,8,0,0,126.777547422467,37.486480687379,40.0,0.0667,0.5282,medium,주의
6838304,2023060,2023,4119010200,41190004,경기 부천시4,경기 부천시 심곡동(바로이치과 부근),경기 부천시 심곡동(바로이치과 부근),7,7,0,7,0,0,126.781443976512,37.485714240904,35.0,0.0,0.3196,low,관심
6838416,2023060,2023,4119010200,41190005,경기 부천시5,경기 부천시 심곡동(소명사거리 부근),경기 부천시 심곡동(소명사거리 부근),7,7,0,7,0,0,126.789590666526,37.485733326281,35.0,0.0,0.3196,low,관심
6838581,2023060,2023,4119011100,41190006,경기 부천시6,경기 부천시 심곡본동(자유시장앞교차로 부근),경기 부천시 심곡본동(자유시장앞교차로 부근),7,7,2,5,0,0,126.779408296931,37.482701182511,47.0,0.16,0.7893,medium,주의
6838198,2023060,2023,4119011000,41190007,경기 부천시7,경기 부천시 소사본동(소사사거리 부근),경기 부천시 소사본동(소사사거리 부근),8,9,1,7,1,0,126.794773891199,37.481230583097,47.0,0.16,0.7893,medium,주의
6838211,2023060,2023,4119012000,41190008,경기 부천시8,경기 부천시 원종동(쇠기마을앞교차로 부근),경기 부천시 원종동(쇠기마을앞교차로 부근),7,7,0,7,0,0,126.804061238564,37.523359716729,35.0,0.0,0.3196,low,관심
6838439,2023060,2023,4119010100,41190009,경기 부천시9,경기 부천시 원미동(부천주사랑교회 부근),경기 부천시 원미동(부천주사랑교회 부근),7,7,0,7,0,0,126.78703652161,37.492568978671,35.0,0.0,0.3196,low,관심
6838547,2023060,2023,4119010100,41190010,경기 부천시10,경기 부천시 원미동(북교사거리 부근),경기 부천시 원미동(북교사거리 부근),8,8,1,7,0,0,126.784672130706,37.492662069406,46.0,0.1467,0.7722,medium,주의
6838259,2023060,2023,4119011300,41190011,경기 부천시11,경기 부천시 괴안동(역곡남부역사거리 부근),경기 부천시 괴안동(역곡남부역사거리 부근),10,10,3,7,0,0,126.811906596674,37.483981582361,68.0,0.44,0.9703,high,고위험
6838396,2023060,2023,4119010700,41190012,경기 부천시12,경기 부천시 역곡동(역곡북부역사거리 부근),경기 부천시 역곡동(역곡북부역사거리 부근),8,9,1,8,0,0,126.810769723544,37.485725778102,50.0,0.2,0.8407,high,고위험
6838303,2023060,2023,4119012100,41190013,경기 부천시13,경기 부천시 고강동(고강사거리 부근),경기 부천시 고강동(고강사거리 부근),9,10,0,9,1,0,126.81564923841,37.527497916564,46.0,0.1467,0.7722,medium,주의
6838314,2023060,2023,4119012100,41190014,경기 부천시14,경기 부천시 고강동(소화유치원 부근),경기 부천시 고강동(소화유치원 부근),7,7,0,7,0,0,126.811420810781,37.527400079532,35.0,0.0,0.3196,low,관심
6838387,2023060,2023,4119010100,41190015,경기 부천시15,경기 부천시 원미동(원미1동삼거리 부근),경기 부천시 원미동(원미1동삼거리 부근),7,8,0,7,1,0,126.786074426093,37.497249637436,36.0,0.0133,0.3785,low,관심
6838138,2023060,2023,4121010200,41210001,경기 광명시1,경기 광명시 철산동(시청사거리 부근),경기 광명시 철산동(시청사거리 부근),7,8,0,7,0,1,126.863327481848,37.476455126642,35.5,0.0067,0.3276,low,관심
6838316,2023060,2023,4121010300,41210002,경기 광명시2,경기 광명시 하안동(하안사거리 부근),경기 광명시 하안동(하안사거리 부근),7,9,0,7,1,1,126.87913477715,37.462046838411,36.5,0.02,0.381,low,관심
6838404,2023060,2023,4121010100,41210003,경기 광명시3,경기 광명시 광명동(설이비인후과의원 부근),경기 광명시 광명동(설이비인후과의원 부근),9,10,0,9,1,0,126.857741950795,37.478263661689,46.0,0.1467,0.7722,medium,주의
6838543,2023060,2023,4121010100,41210004,경기 광명시4,경기 광명시 광명동(광명사거리 부근),경기 광명시 광명동(광명사거리 부근),7,9,0,7,2,0,126.854715832695,37.478995045209,37.0,0.0267,0.3891,low,관심
6838139,2023060,2023,4122010100,41220001,경기 평택시1,경기 평택시 서정동(복창육교 부근),경기 평택시 서정동(복창육교 부근),7,8,0,8,0,0,127.054372214225,37.071899324536,39.0,0.0533,0.432,medium,주의
6838518,2023060,2023,4122011300,41220002,경기 평택시2,경기 평택시 평택동(박건주의원 부근),경기 평택시 평택동(박건주의원 부근),9,9,0,9,0,0,127.086865510539,36.99253613647,45.0,0.1333,0.7283,medium,주의
6838175,2023060,2023,4122011300,41220003,경기 평택시3,경기 평택시 평택동(서울리더스치과의원 평택점 부근),경기 평택시 평택동(서울리더스치과의원 평택점 부근),8,9,0,9,0,0,127.087592454772,36.990613084733,44.0,0.12,0.6779,medium,주의
6838366,2023060,2023,4122011300,41220004,경기 평택시4,경기 평택시 평택동(국민은행사거리 부근),경기 평택시 평택동(국민은행사거리 부근),7,8,0,7,1,0,127.089676199073,36.992188797251,36.0,0.0133,0.3785,low,관심
6838164,2023060,2023,4122011300,41220005,경기 평택시5,경기 평택시 평택동(김기혁동물병원 평택동점 부근),경기 평택시 평택동(김기혁동물병원 평택동점 부근),7,8,1,7,0,0,127.084342504398,36.994741486655,45.0,0.1333,0.7283,medium,주의
6838337,2023060,2023,4122011000,41220006,경기 평택시6,경기 평택시 지산동(송탄시장 부근),경기 평택시 지산동(송탄시장 부근),8,8,2,6,0,0,127.056811342044,37.081544976956,52.0,0.2267,0.8705,high,고위험
6838309,2023060,2023,4122010200,41220007,경기 평택시7,경기 평택시 장당동(코지어린이집 부근),경기 평택시 장당동(코지어린이집 부근),8,8,0,8,0,0,127.054722352076,37.052323570571,40.0,0.0667,0.5282,medium,주의
6838485,2023060,2023,4127110200,41271001,경기 안산시 상록구1,경기 안산시 상록구 이동(이동파출소 부근),경기 안산시 상록구 이동(이동파출소 부근),7,7,0,7,0,0,126.850815252134,37.30723634691,35.0,0.0,0.3196,low,관심
6838185,2023060,2023,4127310900,41273001,경기 안산시 단원구1,경기 안산시 단원구 선부3동(시립달미어린이집 부근),경기 안산시 단원구 선부3동(시립달미어린이집 부근),7,7,1,6,0,0,126.812377697339,37.335448666088,41.0,0.08,0.6361,medium,주의
6838208,2023060,2023,4127310200,41273002,경기 안산시 단원구2,경기 안산시 단원구 와동(바른맘어린이집 부근),경기 안산시 단원구 와동(바른맘어린이집 부근),7,9,0,7,2,0,126.821385585466,37.343018140041,37.0,0.0267,0.3891,low,관심
6838550,2023060,2023,4127310800,41273003,경기 안산시 단원구3,경기 안산시 단원구 원곡동(주택희망공원 부근),경기 안산시 단원구 원곡동(주택희망공원 부근),7,7,0,7,0,0,126.792861560945,37.331191663812,35.0,0.0,0.3196,low,관심
6838505,2023060,2023,4128111600,41281001,경기 고양시 덕양구1,경기 고양시 덕양구 고양동(아이사랑가정어린이집 부근),경기 고양시 덕양구 고양동(아이사랑가정어린이집 부근),7,8,1,6,1,0,126.901972626688,37.702992592772,42.0,0.0933,0.6542,medium,주의
6838253,2023060,2023,4128112800,41281002,경기 고양시 덕양구2,경기 고양시 덕양구 행신동(가라뫼사거리 부근),경기 고양시 덕양구 행신동(가라뫼사거리 부근),9,10,0,9,1,0,126.843414726158,37.618831543204,46.0,0.1467,0.7722,medium,주의
6838494,2023060,2023,4128110100,41281003,경기 고양시 덕양구3,경기 고양시 덕양구 주교동(드림정형외과 부근),경기 고양시 덕양구 주교동(드림정형외과 부근),7,7,0,7,0,0,126.835246306401,37.657415470216,35.0,0.0,0.3196,low,관심
6838143,2023060,2023,4128510400,41285001,경기 고양시 일산동구1,경기 고양시 일산동구 장항동(목민교회 부근),경기 고양시 일산동구 장항동(목민교회 부근),7,7,0,7,0,0,126.768174838466,37.663022799018,35.0,0.0,0.3196,low,관심
6838230,2023060,2023,4128510500,41285002,경기 고양시 일산동구2,경기 고양시 일산동구 마두동(일산동구청사거리 부근),경기 고양시 일산동구 마두동(일산동구청사거리 부근),7,8,0,7,1,0,126.773517147919,37.658064560603,36.0,0.0133,0.3785,low,관심
6838519,2023060,2023,4128510400,41285003,경기 고양시 일산동구3,경기 고양시 일산동구 마두동(마두역 3호선 부근),경기 고양시 일산동구 마두동(마두역 3호선 부근),7,7,0,7,0,0,126.778161839103,37.652371844601,35.0,0.0,0.3196,low,관심
6838527,2023060,2023,4128710200,41287001,경기 고양시 일산서구1,경기 고양시 일산서구 주엽동(주엽역 3호선 부근),경기 고양시 일산서구 주엽동(주엽역 3호선 부근),7,7,0,7,0,0,126.760511005145,37.67014649614,35.0,0.0,0.3196,low,관심
6838142,2023060,2023,4131010300,41310001,경기 구리시1,경기 구리시 인창동(동원서머힐어린이집 부근),경기 구리시 인창동(동원서머힐어린이집 부근),8,8,1,7,0,0,127.13340347969,37.608096989735,46.0,0.1467,0.7722,medium,주의
6838320,2023060,2023,4131010400,41310002,경기 구리시2,경기 구리시 교문동(한성아파트앞사거리 부근),경기 구리시 교문동(한성아파트앞사거리 부근),7,7,0,7,0,0,127.13870758617,37.592167251643,35.0,0.0,0.3196,low,관심
6838347,2023060,2023,4131010500,41310003,경기 구리시3,경기 구리시 수택동(구리전통시장 부근),경기 구리시 수택동(구리전통시장 부근),7,9,1,6,2,0,127.139281578165,37.599834415581,43.0,0.1067,0.6628,medium,주의
6838367,2023060,2023,4136025021,41360001,경기 남양주시1,경기 남양주시 와부읍 덕소리(덕소삼거리 부근),경기 남양주시 와부읍 덕소리(덕소삼거리 부근),9,10,1,8,1,0,127.21261660168,37.586403812556,52.0,0.2267,0.8705,high,고위험
6838345,2023060,2023,4136025321,41360002,경기 남양주시2,경기 남양주시 진접읍 장현리(진접파출소 부근),경기 남양주시 진접읍 장현리(진접파출소 부근),9,9,0,9,0,0,127.183832464234,37.719340344748,45.0,0.1333,0.7283,medium,주의
6838376,2023060,2023,4136025622,41360003,경기 남양주시3,경기 남양주시 화도읍 묵현리(법인 진달래어린이집 부근),경기 남양주시 화도읍 묵현리(법인 진달래어린이집 부근),7,7,0,7,0,0,127.274995898401,37.656726385065,35.0,0.0,0.3196,low,관심
6838235,2023060,2023,4137010100,41370001,경기 오산시1,경기 오산시 오산동(중앙파출소 부근),경기 오산시 오산동(중앙파출소 부근),10,10,0,10,0,0,127.068002211333,37.146116937272,50.0,0.2,0.8407,high,고위험
6838187,2023060,2023,4139013200,41390001,경기 시흥시1,경기 시흥시 정왕동(정왕역 수인분당선 부근),경기 시흥시 정왕동(정왕역 수인분당선 부근),7,7,2,5,0,0,126.741581467851,37.352515494165,47.0,0.16,0.7893,medium,주의
6838545,2023060,2023,4139010200,41390002,경기 시흥시2,경기 시흥시 신천동(시흥아이사랑어린이집 부근),경기 시흥시 신천동(시흥아이사랑어린이집 부근),8,8,0,8,0,0,126.783916954051,37.438976468618,40.0,0.0667,0.5282,medium,주의
6838432,2023060,2023,4139013200,41390003,경기 시흥시3,경기 시흥시 정왕동(공단선교어린이집 부근),경기 시흥시 정왕동(공단선교어린이집 부근),12,12,0,12,0,0,126.74802802912,37.344702202539,60.0,0.3333,0.935,high,고위험
6838279,2023060,2023,4145010600,41450001,경기 하남시1,경기 하남시 신장동(신장사거리 부근),경기 하남시 신장동(신장사거리 부근),13,13,0,13,0,0,127.20417552703,37.5382205153,65.0,0.4,0.9597,high,고위험
6838513,2023060,2023,4145010600,41450002,경기 하남시2,경기 하남시 신장동(덕보교교차로 부근),경기 하남시 신장동(덕보교교차로 부근),8,8,0,8,0,0,127.208994947953,37.53638715374,40.0,0.0667,0.5282,medium,주의
6838558,2023060,2023,4145010600,41450003,경기 하남시3,경기 하남시 신장동(사무엘어린이집 부근),경기 하남시 신장동(사무엘어린이집 부근),7,7,0,7,0,0,127.206206680523,37.540242567784,35.0,0.0,0.3196,low,관심
6838441,2023060,2023,4145010600,41450004,경기 하남시4,경기 하남시 신장동(신장시장 부근),경기 하남시 신장동(신장시장 부근),7,7,0,7,0,0,127.207020935996,37.537660202078,35.0,0.0,0.3196,low,관심
6838477,2023060,2023,4148010100,41480001,경기 파주시1,경기 파주시 금촌동(금촌로터리 부근),경기 파주시 금촌동(금촌로터리 부근),8,9,0,9,0,0,126.7725861124,37.758064234848,44.0,0.12,0.6779,medium,주의
6838168,2023060,2023,4148010100,41480002,경기 파주시2,경기 파주시 금촌동(미래사진관 부근),경기 파주시 금촌동(미래사진관 부근),7,8,0,8,0,0,126.773288260782,37.756024393435,39.0,0.0533,0.432,medium,주의
6838174,2023060,2023,4148025021,41480003,경기 파주시3,경기 파주시 문산읍 문산리(신성어린이집 부근),경기 파주시 문산읍 문산리(신성어린이집 부근),7,7,0,7,0,0,126.784957554795,37.857988086088,35.0,0.0,0.3196,low,관심
6838267,2023060,2023,4148037035,41480004,경기 파주시4,경기 파주시 적성면 마지리(굿모닝치과 부근),경기 파주시 적성면 마지리(굿모닝치과 부근),7,8,0,7,1,0,126.918781821199,37.954689368713,36.0,0.0133,0.3785,low,관심
6838595,2023060,2023,4150010300,41500001,경기 이천시1,경기 이천시 중리동(터미널사거리 부근),경기 이천시 중리동(터미널사거리 부근),8,9,1,8,0,0,127.446401006053,37.278586126018,50.0,0.2,0.8407,high,고위험
6838361,2023060,2023,4155011800,41550001,경기 안성시1,경기 안성시 석정동(크리스탈빌딩 부근),경기 안성시 석정동(크리스탈빌딩 부근),8,10,1,8,1,0,127.266593541069,37.007772900745,51.0,0.2133,0.8629,high,고위험
6838193,2023060,2023,4155011300,41550002,경기 안성시2,경기 안성시 인지동(성가의원 부근),경기 안성시 인지동(성가의원 부근),7,7,0,7,0,0,127.26808388496,37.005833159744,35.0,0.0,0.3196,low,관심
6838443,2023060,2023,4155011800,41550003,경기 안성시3,경기 안성시 석정동(동화나라어린이집 부근),경기 안성시 석정동(동화나라어린이집 부근),7,8,0,7,1,0,127.26291083093,37.008247118731,36.0,0.0133,0.3785,low,관심
6838338,2023060,2023,4157010900,41570001,경기 김포시1,경기 김포시 구래동(구래역 김포골드라인 부근),경기 김포시 구래동(구래역 김포골드라인 부근),7,7,0,7,0,0,126.628168365507,37.645023449371,35.0,0.0,0.3196,low,관심
6838493,2023060,2023,4157010500,41570002,경기 김포시2,경기 김포시 감정동(독자골입구교차로 부근),경기 김포시 감정동(독자골입구교차로 부근),7,7,0,7,0,0,126.698981361514,37.622882305249,35.0,0.0,0.3196,low,관심
6838232,2023060,2023,4159025921,41590001,경기 화성시1,경기 화성시 향남읍 평리(발안파출소 부근),경기 화성시 향남읍 평리(발안파출소 부근),7,8,0,7,1,0,126.908221636626,37.132091128607,36.0,0.0133,0.3785,low,관심
6838219,2023060,2023,4161010100,41610001,경기 광주시1,경기 광주시 경안동(광주열린의원 부근),경기 광주시 경안동(광주열린의원 부근),12,13,1,12,0,0,127.258440286021,37.41021356048,70.0,0.4667,0.9753,high,고위험
6838571,2023060,2023,4161011200,41610002,경기 광주시2,경기 광주시 역동(강남성모안과의원 부근),경기 광주시 역동(강남성모안과의원 부근),7,7,0,7,0,0,127.258292307672,37.40780991639,35.0,0.0,0.3196,low,관심
6838305,2023060,2023,4165025021,41650001,경기 포천시1,경기 포천시 소흘읍 송우리(만물백화점 부근),경기 포천시 소흘읍 송우리(만물백화점 부근),7,8,0,8,0,0,127.147691208397,37.829014135581,39.0,0.0533,0.432,medium,주의
6838514,2023060,2023,4165025021,41650002,경기 포천시2,경기 포천시 소흘읍 송우리(729-11 부근),경기 포천시 소흘읍 송우리(729-11 부근),7,8,0,7,1,0,127.141527823588,37.828355522575,36.0,0.0133,0.3785,low,관심
6838329,2023060,2023,4180025321,41800001,경기 연천군1,경기 연천군 전곡읍 전곡리(청솔한의원 부근),경기 연천군 전곡읍 전곡리(청솔한의원 부근),7,7,0,7,0,0,127.067072300356,38.027386594761,35.0,0.0,0.3196,low,관심
6838525,2023060,2023,4183025021,41830001,경기 양평군1,경기 양평군 양평읍 양근리(양평물맑은시장 부근),경기 양평군 양평읍 양근리(양평물맑은시장 부근),8,8,0,8,0,0,127.49258309067,37.490026013096,40.0,0.0667,0.5282,medium,주의
6838133,2023060,2023,4211012000,42110001,강원 춘천시1,강원 춘천시 후평동(본수치과의원 부근),강원 춘천시 후평동(본수치과의원 부근),8,9,0,8,1,0,127.750342626849,37.880607041718,41.0,0.08,0.6361,medium,주의
6838430,2023060,2023,4213010800,42130001,강원 원주시1,강원 원주시 일산동(지하상가사거리 부근),강원 원주시 일산동(지하상가사거리 부근),8,8,0,8,0,0,127.948170642539,37.351271282236,40.0,0.0667,0.5282,medium,주의
6838466,2023060,2023,4221010600,42210001,강원 속초시1,강원 속초시 교동(만천사거리 부근),강원 속초시 교동(만천사거리 부근),7,7,0,7,0,0,128.575440956198,38.197167523585,35.0,0.0,0.3196,low,관심
6838202,2023060,2023,4311111100,43111001,충북 청주시 상당구1,충북 청주시 상당구 석교동(형통한교회 부근),충북 청주시 상당구 석교동(형통한교회 부근),11,11,0,11,0,0,127.490376222359,36.627032070233,55.0,0.2667,0.9007,high,고위험
6838284,2023060,2023,4311210200,43112001,충북 청주시 서원구1,충북 청주시 서원구 사창동(사창동행정복지센터 부근),충북 청주시 서원구 사창동(사창동행정복지센터 부근),7,7,0,7,0,0,127.459349740585,36.633663390357,35.0,0.0,0.3196,low,관심
6838152,2023060,2023,4311210200,43112002,충북 청주시 서원구2,충북 청주시 서원구 사창동(우리사랑교회 부근),충북 청주시 서원구 사창동(우리사랑교회 부근),7,7,0,7,0,0,127.459600434219,36.635685192384,35.0,0.0,0.3196,low,관심
6838170,2023060,2023,4311210700,43112003,충북 청주시 서원구3,충북 청주시 서원구 수곡동(배꼽어린이집 부근),충북 청주시 서원구 수곡동(배꼽어린이집 부근),7,9,0,9,0,0,127.473194939824,36.617484298761,43.0,0.1067,0.6628,medium,주의
6838233,2023060,2023,4311210200,43112004,충북 청주시 서원구4,충북 청주시 서원구 사창동(목양교회 부근),충북 청주시 서원구 사창동(목양교회 부근),7,7,0,7,0,0,127.46436604371,36.63441763548,35.0,0.0,0.3196,low,관심
6838280,2023060,2023,4313010300,43130001,충북 충주시1,충북 충주시 성서동(충주육류백화점 부근),충북 충주시 성서동(충주육류백화점 부근),8,8,0,8,0,0,127.929696472293,36.973321869089,40.0,0.0667,0.5282,medium,주의
6838438,2023060,2023,4313012400,43130002,충북 충주시2,충북 충주시 충의동(24시열린슈퍼 부근),충북 충주시 충의동(24시열린슈퍼 부근),7,7,0,7,0,0,127.930185444304,36.975697688813,35.0,0.0,0.3196,low,관심
6838429,2023060,2023,4315010600,43150001,충북 제천시1,충북 제천시 중앙로1가(내토재래시장 부근),충북 제천시 중앙로1가(내토재래시장 부근),7,7,1,6,0,0,128.212585983582,37.137969575157,41.0,0.08,0.6361,medium,주의
6838532,2023060,2023,4373025036,43730001,충북 옥천군1,충북 옥천군 옥천읍 금구리(활어도매시장 부근),충북 옥천군 옥천읍 금구리(활어도매시장 부근),7,7,0,7,0,0,127.567483773437,36.302120425731,35.0,0.0,0.3196,low,관심
6838194,2023060,2023,4374025021,43740001,충북 영동군1,충북 영동군 영동읍 계산리(중앙회전사거리 부근),충북 영동군 영동읍 계산리(중앙회전사거리 부근),7,8,0,7,1,0,127.777154587453,36.175028334449,36.0,0.0133,0.3785,low,관심
6838306,2023060,2023,4374525026,43745001,충북 증평군1,충북 증평군 증평읍 창동리(증평읍행정복지센터 부근),충북 증평군 증평읍 창동리(증평읍행정복지센터 부근),8,9,1,7,1,0,127.581203410213,36.783966379058,47.0,0.16,0.7893,medium,주의
6838256,2023060,2023,4413110900,44131001,충남 천안시 동남구1,충남 천안시 동남구 청수동(청수 행복어린이집 부근),충남 천안시 동남구 청수동(청수 행복어린이집 부근),7,8,1,6,1,0,127.152843360176,36.797266053194,42.0,0.0933,0.6542,medium,주의
6838229,2023060,2023,4413110400,44131002,충남 천안시 동남구2,충남 천안시 동남구 사직동(순복음온누리평화교회 부근),충남 천안시 동남구 사직동(순복음온누리평화교회 부근),7,7,0,7,0,0,127.148803970436,36.800612165561,35.0,0.0,0.3196,low,관심
6838580,2023060,2023,4413111800,44131003,충남 천안시 동남구3,충남 천안시 동남구 신부동(에이프릴의원 부근),충남 천안시 동남구 신부동(에이프릴의원 부근),9,10,0,10,0,0,127.15549406511,36.818597975209,49.0,0.1867,0.8065,high,고위험
6838567,2023060,2023,4413111800,44131004,충남 천안시 동남구4,충남 천안시 동남구 신부동(방죽안오거리 부근),충남 천안시 동남구 신부동(방죽안오거리 부근),7,10,0,8,2,0,127.152005828767,36.818862765322,41.0,0.08,0.6361,medium,주의
6838540,2023060,2023,4413310400,44133001,충남 천안시 서북구1,충남 천안시 서북구 두정동(시엘치과 부근),충남 천안시 서북구 두정동(시엘치과 부근),7,7,0,7,0,0,127.139384906775,36.833616387808,35.0,0.0,0.3196,low,관심
6838293,2023060,2023,4413310400,44133002,충남 천안시 서북구2,충남 천안시 서북구 두정동(송하유승훈소아치과의원 부근),충남 천안시 서북구 두정동(송하유승훈소아치과의원 부근),7,9,2,7,0,0,127.13750292755,36.832124219126,55.0,0.2667,0.9007,high,고위험
6838239,2023060,2023,4415010500,44150001,충남 공주시1,충남 공주시 산성동(공주산성시장 부근),충남 공주시 산성동(공주산성시장 부근),11,11,0,11,0,0,127.124188721229,36.458271351097,55.0,0.2667,0.9007,high,고위험
6838145,2023060,2023,4418010100,44180001,충남 보령시1,충남 보령시 대천동(명문당사거리 부근),충남 보령시 대천동(명문당사거리 부근),10,10,0,10,0,0,126.597477782581,36.350232159308,50.0,0.2,0.8407,high,고위험
6838212,2023060,2023,4418010100,44180002,충남 보령시2,충남 보령시 대천동(박 치과의원 부근),충남 보령시 대천동(박 치과의원 부근),9,9,0,9,0,0,126.593837959338,36.349370716805,45.0,0.1333,0.7283,medium,주의
6838417,2023060,2023,4420011300,44200001,충남 아산시1,충남 아산시 모종동(터미널앞교차로 부근),충남 아산시 모종동(터미널앞교차로 부근),10,13,1,12,0,0,127.016289369528,36.783944418436,68.0,0.44,0.9703,high,고위험
6838223,2023060,2023,4420010100,44200002,충남 아산시2,충남 아산시 온천동(꼬마쎄어린이집 부근),충남 아산시 온천동(꼬마쎄어린이집 부근),12,12,0,12,0,0,126.999491490251,36.780714076066,60.0,0.3333,0.935,high,고위험
6838161,2023060,2023,4420010100,44200003,충남 아산시3,충남 아산시 온천동(역전삼거리 부근),충남 아산시 온천동(역전삼거리 부근),8,8,0,8,0,0,127.004404615548,36.782200198005,40.0,0.0667,0.5282,medium,주의
6838551,2023060,2023,4420010100,44200004,충남 아산시4,충남 아산시 온천동(온양온천역 풍물5일장 부근),충남 아산시 온천동(온양온천역 풍물5일장 부근),7,7,0,7,0,0,127.004630825981,36.780368674363,35.0,0.0,0.3196,low,관심
6838440,2023060,2023,4421010200,44210001,충남 서산시1,충남 서산시 동문동(약천사 부근),충남 서산시 동문동(약천사 부근),10,11,0,10,1,0,126.459124534951,36.781328162951,51.0,0.2133,0.8629,high,고위험
6838166,2023060,2023,4421010200,44210002,충남 서산시2,충남 서산시 동문동(동문동사거리 부근),충남 서산시 동문동(동문동사거리 부근),7,7,1,6,0,0,126.459865286225,36.783317796795,41.0,0.08,0.6361,medium,주의
6838415,2023060,2023,4421010200,44210003,충남 서산시3,충남 서산시 동문동(올림픽어린이집 부근),충남 서산시 동문동(올림픽어린이집 부근),7,7,0,7,0,0,126.457514538211,36.783168745663,35.0,0.0,0.3196,low,관심
6838401,2023060,2023,4421010100,44210004,충남 서산시4,충남 서산시 읍내동(부춘동주민자치센터 부근),충남 서산시 읍내동(부춘동주민자치센터 부근),7,8,0,7,1,0,126.448683977721,36.779816585025,36.0,0.0133,0.3785,low,관심
6838600,2023060,2023,4421010100,44210005,충남 서산시5,충남 서산시 읍내동(625 부근),충남 서산시 읍내동(625 부근),7,7,0,7,0,0,126.448492317426,36.785232501334,35.0,0.0,0.3196,low,관심
6838136,2023060,2023,4427010100,44270001,충남 당진시1,충남 당진시 읍내동(당진구터미널로터리 부근),충남 당진시 읍내동(당진구터미널로터리 부근),10,11,1,9,1,0,126.630166014562,36.894047546517,57.0,0.2933,0.9183,high,고위험
6838511,2023060,2023,4427010100,44270002,충남 당진시2,충남 당진시 읍내동(당진전통시장 부근),충남 당진시 읍내동(당진전통시장 부근),7,7,0,7,0,0,126.62947342111,36.890980453985,35.0,0.0,0.3196,low,관심
6838271,2023060,2023,4476025029,44760001,충남 부여군1,충남 부여군 부여읍 구아리(고려약국 부근),충남 부여군 부여읍 구아리(고려약국 부근),10,10,0,10,0,0,126.908674302172,36.281659401502,50.0,0.2,0.8407,high,고위험
6838336,2023060,2023,4477025321,44770001,충남 서천군1,충남 서천군 서천읍 군사리(서천특화시장 부근),충남 서천군 서천읍 군사리(서천특화시장 부근),11,11,0,11,0,0,126.687772673493,36.075125210751,55.0,0.2667,0.9007,high,고위험
6838486,2023060,2023,4482525021,44825001,충남 태안군1,충남 태안군 태안읍 동문리(메꿀레분식 부근),충남 태안군 태안읍 동문리(메꿀레분식 부근),9,10,0,9,1,0,126.297721135031,36.753099044853,46.0,0.1467,0.7722,medium,주의
6838356,2023060,2023,4511114000,45111001,전북 전주시 완산구1,전북 전주시 완산구 효자동1가(명동부동산 부근),전북 전주시 완산구 효자동1가(명동부동산 부근),7,8,0,8,0,0,127.11775270505,35.812726099895,39.0,0.0533,0.432,medium,주의
6838158,2023060,2023,4511113200,45111002,전북 전주시 완산구2,전북 전주시 완산구 평화동1가(평화1동행정복지센터 부근),전북 전주시 완산구 평화동1가(평화1동행정복지센터 부근),7,7,1,6,0,0,127.140945526901,35.797800559665,41.0,0.08,0.6361,medium,주의
6838566,2023060,2023,4511113700,45111003,전북 전주시 완산구3,전북 전주시 완산구 삼천동1가(신현주의원 부근),전북 전주시 완산구 삼천동1가(신현주의원 부근),8,8,0,8,0,0,127.127280399692,35.798273799262,40.0,0.0667,0.5282,medium,주의
6838408,2023060,2023,4511114200,45111004,전북 전주시 완산구4,전북 전주시 완산구 효자동3가(닥터e플란트치과의원 부근),전북 전주시 완산구 효자동3가(닥터e플란트치과의원 부근),7,10,0,8,2,0,127.109009491489,35.816652712035,41.0,0.08,0.6361,medium,주의
6838490,2023060,2023,4511113300,45111005,전북 전주시 완산구5,전북 전주시 완산구 평화동2가(평화119안전센터 부근),전북 전주시 완산구 평화동2가(평화119안전센터 부근),7,7,0,7,0,0,127.133534791887,35.786513362675,35.0,0.0,0.3196,low,관심
6838210,2023060,2023,4513012700,45130001,전북 군산시1,전북 군산시 대명동(군산화물역사거리 부근),전북 군산시 대명동(군산화물역사거리 부근),9,9,1,8,0,0,126.720370172255,35.980266995551,51.0,0.2133,0.8629,high,고위험
6838311,2023060,2023,4513012900,45130002,전북 군산시2,전북 군산시 미원동(흥남동주민센터 부근),전북 군산시 미원동(흥남동주민센터 부근),7,9,1,8,0,0,126.715778239683,35.97754185278,49.0,0.1867,0.8065,high,고위험
6838358,2023060,2023,4514012200,45140001,전북 익산시1,전북 익산시 영등동(조은치과의원 부근),전북 익산시 영등동(조은치과의원 부근),7,8,0,7,1,0,126.976769146924,35.959093700258,36.0,0.0133,0.3785,low,관심
6838501,2023060,2023,4518010400,45180001,전북 정읍시1,전북 정읍시 시기동(권혁철피부과의원 부근),전북 정읍시 시기동(권혁철피부과의원 부근),7,7,0,7,0,0,126.854318748925,35.565859818456,35.0,0.0,0.3196,low,관심
6838342,2023060,2023,4521010100,45210001,전북 김제시1,전북 김제시 요촌동(단골시장 테스트 부근),전북 김제시 요촌동(단골시장 테스트 부근),7,7,0,7,0,0,126.884361156721,35.801979887935,35.0,0.0,0.3196,low,관심
6838130,2023060,2023,4611010100,46110001,전남 목포시1,전남 목포시 용당동(연동파출소 부근),전남 목포시 용당동(연동파출소 부근),7,7,0,7,0,0,126.393507410218,34.803313843363,35.0,0.0,0.3196,low,관심
6838215,2023060,2023,4611010200,46110002,전남 목포시2,전남 목포시 산정동(미치과의원 부근),전남 목포시 산정동(미치과의원 부근),7,9,0,7,1,1,126.376302645449,34.804651461516,36.5,0.02,0.381,low,관심
6838295,2023060,2023,4611015800,46110003,전남 목포시3,전남 목포시 상동(버스터미널교차로 부근),전남 목포시 상동(버스터미널교차로 부근),10,10,1,9,0,0,126.418328279507,34.811066649699,56.0,0.28,0.9108,high,고위험
6838264,2023060,2023,4613010700,46130001,전남 여수시1,전남 여수시 중앙동(중앙동로터리 부근),전남 여수시 중앙동(중앙동로터리 부근),9,9,1,8,0,0,127.736451673023,34.740594254205,51.0,0.2133,0.8629,high,고위험
6838569,2023060,2023,4613010800,46130002,전남 여수시2,전남 여수시 교동(여객선터미널입구교차로 부근),전남 여수시 교동(여객선터미널입구교차로 부근),11,11,0,11,0,0,127.731311327643,34.739621477921,55.0,0.2667,0.9007,high,고위험
6838409,2023060,2023,4613011200,46130003,전남 여수시3,전남 여수시 서교동(한재사거리 부근),전남 여수시 서교동(한재사거리 부근),7,28,5,7,15,1,127.728811362847,34.742484414058,100.5,0.8733,0.9985,high,고위험
6838400,2023060,2023,4613012800,46130004,전남 여수시4,전남 여수시 학동(국민은행앞교차로 부근),전남 여수시 학동(국민은행앞교차로 부근),8,9,0,8,1,0,127.663611503781,34.764367560126,41.0,0.08,0.6361,medium,주의
6838351,2023060,2023,4615010700,46150001,전남 순천시1,전남 순천시 매곡동(진실한교회 부근),전남 순천시 매곡동(진실한교회 부근),8,8,1,7,0,0,127.484358566,34.960055700506,46.0,0.1467,0.7722,medium,주의
6838365,2023060,2023,4677025026,46770001,전남 고흥군1,전남 고흥군 고흥읍 남계리(고흥전통시장 부근),전남 고흥군 고흥읍 남계리(고흥전통시장 부근),8,8,0,8,0,0,127.286425649276,34.608064325372,40.0,0.0667,0.5282,medium,주의
6838468,2023060,2023,4711125622,47111001,경북 포항시 남구1,경북 포항시 남구 오천읍 문덕리(오천읍 행정복지센터 부근),경북 포항시 남구 오천읍 문덕리(오천읍 행정복지센터 부근),7,7,0,7,0,0,129.415002158522,35.962932557286,35.0,0.0,0.3196,low,관심
6838325,2023060,2023,4711125021,47111002,경북 포항시 남구2,경북 포항시 남구 구룡포읍 구룡포리(수협교차로 부근),경북 포항시 남구 구룡포읍 구룡포리(수협교차로 부근),7,8,0,7,1,0,129.554336256169,35.989926428274,36.0,0.0133,0.3785,low,관심
6838467,2023060,2023,4711311600,47113001,경북 포항시 북구1,경북 포항시 북구 죽도동(죽도동맑은물작은도서관 부근),경북 포항시 북구 죽도동(죽도동맑은물작은도서관 부근),15,15,1,14,0,0,129.364948190497,36.034222602188,81.0,0.6133,0.9934,high,고위험
6838220,2023060,2023,4711311600,47113002,경북 포항시 북구2,경북 포항시 북구 죽도동(포항철물 부근),경북 포항시 북구 죽도동(포항철물 부근),8,8,2,6,0,0,129.362715493158,36.034805659997,52.0,0.2267,0.8705,high,고위험
6838575,2023060,2023,4711311600,47113003,경북 포항시 북구3,경북 포항시 북구 죽도동(포항새마을금고 제2지점 부근),경북 포항시 북구 죽도동(포항새마을금고 제2지점 부근),7,7,0,7,0,0,129.369181514277,36.035161207739,35.0,0.0,0.3196,low,관심
6838240,2023060,2023,4715010800,47150001,경북 김천시1,경북 김천시 신음동(도토리어린이집 부근),경북 김천시 신음동(도토리어린이집 부근),7,7,0,7,0,0,128.117399798338,36.132557823288,35.0,0.0,0.3196,low,관심
6838269,2023060,2023,4715010400,47150002,경북 김천시2,경북 김천시 성내동(행복한e치과 부근),경북 김천시 성내동(행복한e치과 부근),9,9,0,9,0,0,128.118006770265,36.123979184679,45.0,0.1333,0.7283,medium,주의
6838146,2023060,2023,4717013300,47170001,경북 안동시1,경북 안동시 옥동(리세비뇨기과의원 부근),경북 안동시 옥동(리세비뇨기과의원 부근),8,8,0,8,0,0,128.700982419536,36.562815037616,40.0,0.0667,0.5282,medium,주의
6838246,2023060,2023,4717011800,47170002,경북 안동시2,경북 안동시 대석동(경안노회유지재단 부근),경북 안동시 대석동(경안노회유지재단 부근),8,8,0,8,0,0,128.726373201509,36.566086884625,40.0,0.0667,0.5282,medium,주의
6838297,2023060,2023,4717013600,47170003,경북 안동시3,경북 안동시 송현동(옥동3주공교차로 부근),경북 안동시 송현동(옥동3주공교차로 부근),7,7,1,6,0,0,128.698046979256,36.567862851696,41.0,0.08,0.6361,medium,주의
6838470,2023060,2023,4721010100,47210001,경북 영주시1,경북 영주시 영주동(347-4 부근),경북 영주시 영주동(347-4 부근),7,8,0,8,0,0,128.621026635069,36.827573154751,39.0,0.0533,0.432,medium,주의
6838457,2023060,2023,4721010400,47210002,경북 영주시2,경북 영주시 휴천동(신영주파출소 부근),경북 영주시 휴천동(신영주파출소 부근),7,7,0,7,0,0,128.6239421211,36.811193650805,35.0,0.0,0.3196,low,관심
6838564,2023060,2023,4721010500,47210003,경북 영주시3,경북 영주시 가흥동(꽃동산회전교차로 부근),경북 영주시 가흥동(꽃동산회전교차로 부근),7,7,0,7,0,0,128.61865472693,36.814126842787,35.0,0.0,0.3196,low,관심
6838444,2023060,2023,4723011300,47230001,경북 영천시1,경북 영천시 완산동(완산동 행정복지센터 부근),경북 영천시 완산동(완산동 행정복지센터 부근),8,8,0,8,0,0,128.939195759828,35.965469470682,40.0,0.0667,0.5282,medium,주의
6838278,2023060,2023,4725010700,47250001,경북 상주시1,경북 상주시 남성동(풍물시장 부근),경북 상주시 남성동(풍물시장 부근),7,7,0,7,0,0,128.160205034171,36.413200223523,35.0,0.0,0.3196,low,관심
6838165,2023060,2023,4790025025,47900001,경북 예천군1,경북 예천군 예천읍 남본리(황승민치과의원 부근),경북 예천군 예천읍 남본리(황승민치과의원 부근),7,8,0,8,0,0,128.454523016668,36.655925842337,39.0,0.0533,0.432,medium,주의
6838393,2023060,2023,4812110600,48121001,경남 창원시 의창구1,경남 창원시 의창구 동정동(더서울병원 부근),경남 창원시 의창구 동정동(더서울병원 부근),7,7,1,6,0,0,128.617757142797,35.263402540438,41.0,0.08,0.6361,medium,주의
6838155,2023060,2023,4812312700,48123001,경남 창원시 성산구1,경남 창원시 성산구 상남동(상남시장사거리 부근),경남 창원시 성산구 상남동(상남시장사거리 부근),10,10,0,10,0,0,128.684829797886,35.222721176785,50.0,0.2,0.8407,high,고위험
6838481,2023060,2023,4812312700,48123002,경남 창원시 성산구2,경남 창원시 성산구 상남동(고인돌사거리 부근),경남 창원시 성산구 상남동(고인돌사거리 부근),7,8,0,7,0,1,128.682639417358,35.221152549107,35.5,0.0067,0.3276,low,관심
6838169,2023060,2023,4812510400,48125001,경남 창원시 마산합포구1,경남 창원시 마산합포구 남성동(노홍기내과의원 부근),경남 창원시 마산합포구 남성동(노홍기내과의원 부근),10,11,0,10,1,0,128.576187074793,35.203957979484,51.0,0.2133,0.8629,high,고위험
6838322,2023060,2023,4812511100,48125002,경남 창원시 마산합포구2,경남 창원시 마산합포구 동성동(한일요양병원 부근),경남 창원시 마산합포구 동성동(한일요양병원 부근),8,9,1,8,0,0,128.577820797198,35.205386102418,50.0,0.2,0.8407,high,고위험
6838560,2023060,2023,4812513300,48125003,경남 창원시 마산합포구3,경남 창원시 마산합포구 월남동5가(롯데마트 부근),경남 창원시 마산합포구 월남동5가(롯데마트 부근),8,9,0,9,0,0,128.560088927194,35.181202262923,44.0,0.12,0.6779,medium,주의
6838479,2023060,2023,4812510300,48125004,경남 창원시 마산합포구4,경남 창원시 마산합포구 교원동(자이별밭어린이집 부근),경남 창원시 마산합포구 교원동(자이별밭어린이집 부근),8,9,0,8,1,0,128.569925398581,35.215261681011,41.0,0.08,0.6361,medium,주의
6838447,2023060,2023,4812710600,48127001,경남 창원시 마산회원구1,경남 창원시 마산회원구 합성동(이종흔안과의원 부근),경남 창원시 마산회원구 합성동(이종흔안과의원 부근),7,8,1,6,1,0,128.583642409801,35.238803630274,42.0,0.0933,0.6542,medium,주의
6838308,2023060,2023,4812710400,48127002,경남 창원시 마산회원구2,경남 창원시 마산회원구 석전동(석전교사거리 부근),경남 창원시 마산회원구 석전동(석전교사거리 부근),10,12,0,11,1,0,128.574458313813,35.229040585538,55.0,0.2667,0.9007,high,고위험
6838437,2023060,2023,4812913500,48129001,경남 창원시 진해구1,경남 창원시 진해구 충무동(중앙삼거리 부근),경남 창원시 진해구 충무동(중앙삼거리 부근),7,8,0,7,1,0,128.665373226623,35.152152841073,36.0,0.0133,0.3785,low,관심
6838419,2023060,2023,4817011700,48170001,경남 진주시1,경남 진주시 장대동(구부산교통사거리 부근),경남 진주시 장대동(구부산교통사거리 부근),7,8,0,8,0,0,128.088774095395,35.194278085032,39.0,0.0533,0.432,medium,주의
6838354,2023060,2023,4817011300,48170002,경남 진주시2,경남 진주시 봉곡동(봉곡광장교차로 부근),경남 진주시 봉곡동(봉곡광장교차로 부근),8,9,0,9,0,0,128.077138454102,35.195752447341,44.0,0.12,0.6779,medium,주의
6838375,2023060,2023,4817010300,48170003,경남 진주시3,경남 진주시 강남동(통계청사거리 부근),경남 진주시 강남동(통계청사거리 부근),7,7,0,7,0,0,128.087350799864,35.185271498976,35.0,0.0,0.3196,low,관심
6838319,2023060,2023,4822010200,48220001,경남 통영시1,경남 통영시 서호동(통영소방서 서호119안전센터 부근),경남 통영시 서호동(통영소방서 서호119안전센터 부근),9,9,1,8,0,0,128.419167224502,34.841704147354,51.0,0.2133,0.8629,high,고위험
6838549,2023060,2023,4822010400,48220002,경남 통영시2,경남 통영시 항남동(윤의원 부근),경남 통영시 항남동(윤의원 부근),8,8,0,8,0,0,128.422511940604,34.84249939653,40.0,0.0667,0.5282,medium,주의
6838150,2023060,2023,4822010900,48220003,경남 통영시3,경남 통영시 정량동(삼성타워아파트 부근),경남 통영시 정량동(삼성타워아파트 부근),8,8,0,8,0,0,128.430024592845,34.845561941012,40.0,0.0667,0.5282,medium,주의
6838572,2023060,2023,4822010900,48220004,경남 통영시4,경남 통영시 정량동(정량교회 부근),경남 통영시 정량동(정량교회 부근),7,7,1,6,0,0,128.433044665908,34.846321638292,41.0,0.08,0.6361,medium,주의
6838231,2023060,2023,4822011000,48220005,경남 통영시5,경남 통영시 북신동(북신사거리 부근),경남 통영시 북신동(북신사거리 부근),7,8,0,7,0,1,128.42858346491,34.853496738877,35.5,0.0067,0.3276,low,관심
6838472,2023060,2023,4822011000,48220006,경남 통영시6,경남 통영시 북신동(북신동행정복지센터 부근),경남 통영시 북신동(북신동행정복지센터 부근),7,8,0,7,1,0,128.426141093378,34.857503032889,36.0,0.0133,0.3785,low,관심
6838213,2023060,2023,4824010200,48240001,경남 사천시1,경남 사천시 서동(서부치안센터 부근),경남 사천시 서동(서부치안센터 부근),9,9,0,9,0,0,128.068904525189,34.927536868378,45.0,0.1333,0.7283,medium,주의
6838383,2023060,2023,4825010300,48250001,경남 김해시1,경남 김해시 부원동(밀양돼지국밥 부근),경남 김해시 부원동(밀양돼지국밥 부근),9,9,1,8,0,0,128.883331155046,35.227834578388,51.0,0.2133,0.8629,high,고위험
6838534,2023060,2023,4825010200,48250002,경남 김해시2,경남 김해시 서상동(분성사거리 부근),경남 김해시 서상동(분성사거리 부근),7,7,0,7,0,0,128.881102457226,35.234102027644,35.0,0.0,0.3196,low,관심
6838381,2023060,2023,4825012600,48250003,경남 김해시3,경남 김해시 무계동(장유농협삼거리 부근),경남 김해시 무계동(장유농협삼거리 부근),8,8,1,7,0,0,128.815461991898,35.19954797242,46.0,0.1467,0.7722,medium,주의
6838522,2023060,2023,4825010900,48250004,경남 김해시4,경남 김해시 외동(한국1차사거리 부근),경남 김해시 외동(한국1차사거리 부근),7,7,1,6,0,0,128.865227963858,35.232127007233,41.0,0.08,0.6361,medium,주의
6838266,2023060,2023,4827010400,48270001,경남 밀양시1,경남 밀양시 삼문동(연세이비인후과의원 부근),경남 밀양시 삼문동(연세이비인후과의원 부근),8,9,0,8,1,0,128.755989850105,35.485279988403,41.0,0.08,0.6361,medium,주의
6838510,2023060,2023,4831010900,48310001,경남 거제시1,경남 거제시 고현동(밝은세상안경 부근),경남 거제시 고현동(밝은세상안경 부근),7,8,0,7,1,0,128.624747479879,34.883601254851,36.0,0.0133,0.3785,low,관심
6838272,2023060,2023,4831010900,48310002,경남 거제시2,경남 거제시 고현동(7번교차로 부근),경남 거제시 고현동(7번교차로 부근),9,9,1,8,0,0,128.624783614635,34.891465967787,51.0,0.2133,0.8629,high,고위험
6838406,2023060,2023,4831010600,48310003,경남 거제시3,경남 거제시 옥포동(거제수협 부근),경남 거제시 옥포동(거제수협 부근),7,7,0,7,0,0,128.694323135352,34.894055454037,35.0,0.0,0.3196,low,관심
6838413,2023060,2023,4833010300,48330001,경남 양산시1,경남 양산시 중부동(원광어린이집 부근),경남 양산시 중부동(원광어린이집 부근),8,9,0,8,1,0,129.037766868697,35.342590170512,41.0,0.08,0.6361,medium,주의
6838335,2023060,2023,4873025021,48730001,경남 함안군1,경남 함안군 가야읍 말산리(미래약국부근),경남 함안군 가야읍 말산리(미래약국부근),8,9,1,8,0,0,128.405698770963,35.275944660342,50.0,0.2,0.8407,high,고위험
6838548,2023060,2023,4882025024,48820001,경남 고성군1,경남 고성군 고성읍 동외리(고성플란트치과의원 부근),경남 고성군 고성읍 동외리(고성플란트치과의원 부근),9,9,0,9,0,0,128.32561528175,34.975702821711,45.0,0.1333,0.7283,medium,주의
6838506,2023060,2023,4882025022,48820002,경남 고성군2,경남 고성군 고성읍 서외리(고성시장 부근),경남 고성군 고성읍 서외리(고성시장 부근),7,9,0,8,1,0,128.322243935673,34.977376712729,40.0,0.0667,0.5282,medium,주의
6838257,2023060,2023,4889025021,48890001,경남 합천군1,경남 합천군 합천읍 합천리(시장사거리 부근),경남 합천군 합천읍 합천리(시장사거리 부근),8,8,0,8,0,0,128.162255526732,35.567976463638,40.0,0.0667,0.5282,medium,주의
6838204,2023060,2023,5011010500,50110001,제주 제주시1,제주 제주시 삼도일동(예수제자교회 부근),제주 제주시 삼도일동(예수제자교회 부근),9,10,1,8,1,0,126.52114050129,33.499917561194,52.0,0.2267,0.8705,high,고위험
6838482,2023060,2023,5011010400,50110002,제주 제주시2,제주 제주시 이도2동(광양사거리 부근),제주 제주시 이도2동(광양사거리 부근),9,9,1,8,0,0,126.528843558142,33.500608931465,51.0,0.2133,0.8629,high,고위험
6838458,2023060,2023,5011013700,50110003,제주 제주시3,제주 제주시 연동(에이플러스약국 부근),제주 제주시 연동(에이플러스약국 부근),7,7,0,7,0,0,126.487124110823,33.486082875923,35.0,0.0,0.3196,low,관심
6838568,2023060,2023,5013010100,50130001,제주 서귀포시1,제주 서귀포시 서귀동(천지동사무소교차로 부근),제주 서귀포시 서귀동(천지동사무소교차로 부근),9,12,1,8,2,1,126.561552569356,33.248154693968,53.5,0.2467,0.8735,high,고위험
6838552,2023060,2023,5013010100,50130002,제주 서귀포시2,제주 서귀포시 서귀동(엘리트 서귀포점 부근),제주 서귀포시 서귀동(엘리트 서귀포점 부근),7,7,0,7,0,0,126.561740512088,33.251626614622,35.0,0.0,0.3196,low,관심
6838397,2023060,2023,5013010100,50130003,제주 서귀포시3,제주 서귀포시 서귀동(서귀포상설시장 부근),제주 서귀포시 서귀동(서귀포상설시장 부근),7,7,0,7,0,0,126.56507328892,33.247905032904,35.0,0.0,0.3196,low,관심
6838371,2023060,2023,5013025022,50130004,제주 서귀포시4,제주 서귀포시 대정읍 하모리(모슬포중앙시장 부근),제주 서귀포시 대정읍 하모리(모슬포중앙시장 부근),8,8,1,7,0,0,126.254133668154,33.221613379612,46.0,0.1467,0.7722,medium,주의
6931961,2024051,2024,1111015600,11110001,서울 종로구1,서울 종로구 종로3가(정약국 부근),서울 종로구 종로3가(정약국 부근),12,12,1,11,0,0,126.99002131862,37.570986437256,66.0,0.4133,0.9647,high,고위험
6931791,2024051,2024,1111017700,11110002,서울 종로구2,서울 종로구 평동(서대문역 5호선 부근),서울 종로구 평동(서대문역 5호선 부근),11,13,0,13,0,0,126.966857116575,37.566140011373,63.0,0.3733,0.9511,high,고위험
6932107,2024051,2024,1111017100,11110003,서울 종로구3,서울 종로구 명륜2가(성균관대입구교차로 부근),서울 종로구 명륜2가(성균관대입구교차로 부근),8,8,1,7,0,0,126.999213102697,37.583329159465,46.0,0.1467,0.7722,medium,주의
6931790,2024051,2024,1111017400,11110004,서울 종로구4,서울 종로구 창신동(동묘앞역교차로 부근),서울 종로구 창신동(동묘앞역교차로 부근),7,7,1,6,0,0,127.014685196265,37.572735365735,41.0,0.08,0.6361,medium,주의
6932219,2024051,2024,1111013500,11110005,서울 종로구5,서울 종로구 관철동(종로1가교차로 부근),서울 종로구 관철동(종로1가교차로 부근),7,7,0,7,0,0,126.982178978323,37.570226714616,35.0,0.0,0.3196,low,관심
6932158,2024051,2024,1111017500,11110006,서울 종로구6,서울 종로구 숭인동(정성약국 부근),서울 종로구 숭인동(정성약국 부근),7,7,0,7,0,0,127.02140424876,37.574255910909,35.0,0.0,0.3196,low,관심
6932052,2024051,2024,1114016200,11140001,서울 중구1,서울 중구 신당동(신평화패션타운 부근),서울 중구 신당동(신평화패션타운 부근),9,10,0,10,0,0,127.012163013616,37.569127244821,49.0,0.1867,0.8065,high,고위험
6932167,2024051,2024,1114016200,11140002,서울 중구2,서울 중구 신당동(약수역사거리 부근),서울 중구 신당동(약수역사거리 부근),7,7,1,6,0,0,127.010965050289,37.554777085446,41.0,0.08,0.6361,medium,주의
6932043,2024051,2024,1114017100,11140003,서울 중구3,서울 중구 중림동(충정로호프 부근),서울 중구 중림동(충정로호프 부근),7,7,0,7,0,0,126.964278424501,37.559578551567,35.0,0.0,0.3196,low,관심
6931870,2024051,2024,1117013100,11170001,서울 용산구1,서울 용산구 한남동(옵티마찬미약국 부근),서울 용산구 한남동(옵티마찬미약국 부근),13,20,0,17,3,0,127.006078471615,37.532774118339,84.0,0.6533,0.994,high,고위험
6932118,2024051,2024,1117010800,11170002,서울 용산구2,서울 용산구 서계동(소아제일약국 부근),서울 용산구 서계동(소아제일약국 부근),7,7,0,7,0,0,126.968553997386,37.554384025741,35.0,0.0,0.3196,low,관심
6932047,2024051,2024,1120010900,11200001,서울 성동구1,서울 성동구 금호동1가(신금호역교차로 부근),서울 성동구 금호동1가(신금호역교차로 부근),8,8,0,8,0,0,127.01981985489,37.55391106749,40.0,0.0667,0.5282,medium,주의
6931983,2024051,2024,1121510700,11215001,서울 광진구1,서울 광진구 화양동(건대입구역교차로 부근),서울 광진구 화양동(건대입구역교차로 부근),8,11,1,7,2,1,127.069776298595,37.540498991166,48.5,0.18,0.7959,medium,주의
6932029,2024051,2024,1123010300,11230001,서울 동대문구1,서울 동대문구 제기동(경동시장사거리 부근),서울 동대문구 제기동(경동시장사거리 부근),12,12,0,12,0,0,127.038681439086,37.578262195788,60.0,0.3333,0.935,high,고위험
6931950,2024051,2024,1123010300,11230002,서울 동대문구2,서울 동대문구 제기동(청량리종합시장 부근),서울 동대문구 제기동(청량리종합시장 부근),12,16,0,12,4,0,127.040389662131,37.579490184443,64.0,0.3867,0.9536,high,고위험
6931899,2024051,2024,1123010300,11230003,서울 동대문구3,서울 동대문구 제기동(제기동역 1호선 부근),서울 동대문구 제기동(제기동역 1호선 부근),10,10,0,10,0,0,127.034106280147,37.578134263166,50.0,0.2,0.8407,high,고위험
6932083,2024051,2024,1123010900,11230004,서울 동대문구4,서울 동대문구 휘경동(삼육서울병원앞교차로 부근),서울 동대문구 휘경동(삼육서울병원앞교차로 부근),10,10,0,10,0,0,127.062019553728,37.589437661943,50.0,0.2,0.8407,high,고위험
6931917,2024051,2024,1123010300,11230005,서울 동대문구5,서울 동대문구 제기동(청량리청과물시장 부근),서울 동대문구 제기동(청량리청과물시장 부근),9,10,1,9,0,0,127.042730206127,37.579193976363,55.0,0.2667,0.9007,high,고위험
6932137,2024051,2024,1123010200,11230006,서울 동대문구6,서울 동대문구 용두동(용신동주민센터 부근),서울 동대문구 용두동(용신동주민센터 부근),8,8,1,7,0,0,127.037894215458,37.576412056482,46.0,0.1467,0.7722,medium,주의
6931948,2024051,2024,1123010200,11230007,서울 동대문구7,서울 동대문구 용두동(시립동부병원앞교차로 부근),서울 동대문구 용두동(시립동부병원앞교차로 부근),7,8,1,7,0,0,127.031370028195,37.573249181535,45.0,0.1333,0.7283,medium,주의
6931949,2024051,2024,1123010500,11230008,서울 동대문구8,서울 동대문구 답십리동(답십리1동교차로 부근),서울 동대문구 답십리동(답십리1동교차로 부근),7,7,1,6,0,0,127.054830227937,37.566061352886,41.0,0.08,0.6361,medium,주의
6932156,2024051,2024,1123010600,11230009,서울 동대문구9,서울 동대문구 장안동(장한평역교차로 부근),서울 동대문구 장안동(장한평역교차로 부근),7,7,1,6,0,0,127.065527596606,37.561743177258,41.0,0.08,0.6361,medium,주의
6931815,2024051,2024,1123010700,11230010,서울 동대문구10,서울 동대문구 청량리동(청량리역교차로 부근),서울 동대문구 청량리동(청량리역교차로 부근),7,7,1,6,0,0,127.045373181715,37.580365762574,41.0,0.08,0.6361,medium,주의
6932061,2024051,2024,1123010100,11230011,서울 동대문구11,서울 동대문구 신설동(신설동역교차로 부근),서울 동대문구 신설동(신설동역교차로 부근),7,7,0,7,0,0,127.023709969388,37.575521231298,35.0,0.0,0.3196,low,관심
6931866,2024051,2024,1123010600,11230012,서울 동대문구12,서울 동대문구 장안동(장안동사거리 부근),서울 동대문구 장안동(장안동사거리 부근),7,8,0,7,1,0,127.07103991333,37.571815045665,36.0,0.0133,0.3785,low,관심
6932074,2024051,2024,1123010400,11230013,서울 동대문구13,서울 동대문구 전농동(전농로타리시장 부근),서울 동대문구 전농동(전농로타리시장 부근),7,7,0,7,0,0,127.057530199072,37.578613769264,35.0,0.0,0.3196,low,관심
6931906,2024051,2024,1126010500,11260001,서울 중랑구1,서울 중랑구 망우동(망우사거리 부근),서울 중랑구 망우동(망우사거리 부근),11,11,0,11,0,0,127.100721263534,37.599431149799,55.0,0.2667,0.9007,high,고위험
6931839,2024051,2024,1126010100,11260002,서울 중랑구2,서울 중랑구 면목동(면목7동주민센터 임시청사 부근),서울 중랑구 면목동(면목7동주민센터 임시청사 부근),10,10,0,10,0,0,127.08700572901,37.57937405031,50.0,0.2,0.8407,high,고위험
6931941,2024051,2024,1126010100,11260003,서울 중랑구3,서울 중랑구 면목동(로데오약국 부근),서울 중랑구 면목동(로데오약국 부근),9,9,0,9,0,0,127.089057512509,37.581936632143,45.0,0.1333,0.7283,medium,주의
6932174,2024051,2024,1126010200,11260004,서울 중랑구4,서울 중랑구 상봉동(자연약국 부근),서울 중랑구 상봉동(자연약국 부근),9,9,0,9,0,0,127.09481809529,37.598157564451,45.0,0.1333,0.7283,medium,주의
6932164,2024051,2024,1126010500,11260005,서울 중랑구5,서울 중랑구 망우동(신내지하차도교차로 부근),서울 중랑구 망우동(신내지하차도교차로 부근),8,8,2,6,0,0,127.097956758819,37.599498379338,52.0,0.2267,0.8705,high,고위험
6931877,2024051,2024,1126010100,11260006,서울 중랑구6,서울 중랑구 면목동(면목역교차로 부근),서울 중랑구 면목동(면목역교차로 부근),8,8,1,7,0,0,127.087454278578,37.587990595863,46.0,0.1467,0.7722,medium,주의
6932084,2024051,2024,1126010600,11260007,서울 중랑구7,서울 중랑구 신내동(신내2동주민센터 부근),서울 중랑구 신내동(신내2동주민센터 부근),8,10,0,9,1,0,127.095151760656,37.605991996045,45.0,0.1333,0.7283,medium,주의
6932056,2024051,2024,1126010500,11260008,서울 중랑구8,서울 중랑구 망우동(우림시장교차로 부근),서울 중랑구 망우동(우림시장교차로 부근),8,8,0,8,0,0,127.099548253949,37.594835522107,40.0,0.0667,0.5282,medium,주의
6931819,2024051,2024,1126010600,11260009,서울 중랑구9,서울 중랑구 신내동(예쁜별어린이집 부근),서울 중랑구 신내동(예쁜별어린이집 부근),7,9,0,8,1,0,127.097560428402,37.607879537715,40.0,0.0667,0.5282,medium,주의
6932193,2024051,2024,1126010100,11260010,서울 중랑구10,서울 중랑구 면목동(겸재삼거리 부근),서울 중랑구 면목동(겸재삼거리 부근),7,9,0,7,2,0,127.097436186554,37.589857973193,37.0,0.0267,0.3891,low,관심
6932225,2024051,2024,1126010100,11260011,서울 중랑구11,서울 중랑구 면목동(동일유치원 부근),서울 중랑구 면목동(동일유치원 부근),7,7,0,7,0,0,127.085079010634,37.578605654257,35.0,0.0,0.3196,low,관심
6931936,2024051,2024,1126010100,11260012,서울 중랑구12,서울 중랑구 면목동(예아랑어린이집 부근),서울 중랑구 면목동(예아랑어린이집 부근),7,7,0,7,0,0,127.084920145759,37.576474703018,35.0,0.0,0.3196,low,관심
6932245,2024051,2024,1126010200,11260013,서울 중랑구13,서울 중랑구 상봉동(동백섬 부근),서울 중랑구 상봉동(동백섬 부근),7,7,0,7,0,0,127.089439372074,37.596111544828,35.0,0.0,0.3196,low,관심
6931940,2024051,2024,1126010200,11260014,서울 중랑구14,서울 중랑구 상봉동(상봉역 7호선 부근),서울 중랑구 상봉동(상봉역 7호선 부근),7,7,0,7,0,0,127.085619942217,37.595246247719,35.0,0.0,0.3196,low,관심
6931799,2024051,2024,1126010300,11260015,서울 중랑구15,서울 중랑구 중화동(중화2동주민센터 부근),서울 중랑구 중화동(중화2동주민센터 부근),7,7,0,7,0,0,127.080003374038,37.599102358205,35.0,0.0,0.3196,low,관심
6931800,2024051,2024,1129013400,11290001,서울 성북구1,서울 성북구 길음동(길음역교차로 부근),서울 성북구 길음동(길음역교차로 부근),11,11,0,11,0,0,127.024557505259,37.603675002336,55.0,0.2667,0.9007,high,고위험
6931979,2024051,2024,1129011900,11290002,서울 성북구2,서울 성북구 동선동4가(새성신약국 부근),서울 성북구 동선동4가(새성신약국 부근),8,11,0,9,2,0,127.018230436442,37.593715188035,46.0,0.1467,0.7722,medium,주의
6931838,2024051,2024,1129011400,11290003,서울 성북구3,서울 성북구 동소문동3가(늘벗다리 부근),서울 성북구 동소문동3가(늘벗다리 부근),7,7,0,7,0,0,127.009365996458,37.588857339018,35.0,0.0,0.3196,low,관심
6932238,2024051,2024,1129010200,11290004,서울 성북구4,서울 성북구 성북동1가(한성대입구역교차로 부근),서울 성북구 성북동1가(한성대입구역교차로 부근),7,8,0,7,1,0,127.005949323147,37.588645403593,36.0,0.0133,0.3785,low,관심
6931814,2024051,2024,1130510100,11305001,서울 강북구1,서울 강북구 미아동(미아사거리역 4호선 부근),서울 강북구 미아동(미아사거리역 4호선 부근),16,16,0,16,0,0,127.030566064752,37.61300389636,80.0,0.6,0.9909,high,고위험
6932231,2024051,2024,1130510200,11305002,서울 강북구2,서울 강북구 번동(수유역교차로 부근),서울 강북구 번동(수유역교차로 부근),11,11,0,11,0,0,127.02607808477,37.63828258617,55.0,0.2667,0.9007,high,고위험
6932030,2024051,2024,1130510100,11305003,서울 강북구3,서울 강북구 미아동(미아역교차로 부근),서울 강북구 미아동(미아역교차로 부근),9,9,1,8,0,0,127.026672369536,37.625605612758,51.0,0.2133,0.8629,high,고위험
6932169,2024051,2024,1130510200,11305004,서울 강북구4,서울 강북구 번동(강북구청사거리 부근),서울 강북구 번동(강북구청사거리 부근),9,9,1,8,0,0,127.026864506173,37.639859611035,51.0,0.2133,0.8629,high,고위험
6931803,2024051,2024,1130510200,11305005,서울 강북구5,서울 강북구 번동(구립번1동어린이집 부근),서울 강북구 번동(구립번1동어린이집 부근),8,8,1,7,0,0,127.02925774646,37.641353635663,46.0,0.1467,0.7722,medium,주의
6932163,2024051,2024,1130510100,11305006,서울 강북구6,서울 강북구 미아동(송중동주민센터 부근),서울 강북구 미아동(송중동주민센터 부근),8,8,0,8,0,0,127.033763185775,37.615977643898,40.0,0.0667,0.5282,medium,주의
6932121,2024051,2024,1130510300,11305007,서울 강북구7,서울 강북구 수유동(세계로약국 부근),서울 강북구 수유동(세계로약국 부근),7,7,1,6,0,0,127.024286837101,37.630959748477,41.0,0.08,0.6361,medium,주의
6932013,2024051,2024,1130510100,11305008,서울 강북구8,서울 강북구 미아동(삼양시장교차로 부근),서울 강북구 미아동(삼양시장교차로 부근),7,8,0,7,1,0,127.018179254738,37.624482280081,36.0,0.0133,0.3785,low,관심
6931793,2024051,2024,1132010700,11320001,서울 도봉구1,서울 도봉구 창동(쌍문역 4호선 부근),서울 도봉구 창동(쌍문역 4호선 부근),7,7,1,6,0,0,127.034822122535,37.64878559706,41.0,0.08,0.6361,medium,주의
6931963,2024051,2024,1132010600,11320002,서울 도봉구2,서울 도봉구 방학동(지안약국 부근),서울 도봉구 방학동(지안약국 부근),7,8,0,7,1,0,127.043468496001,37.665373749278,36.0,0.0133,0.3785,low,관심
6931934,2024051,2024,1135010300,11350001,서울 노원구1,서울 노원구 공릉동(태능약국 부근),서울 노원구 공릉동(태능약국 부근),7,7,0,7,0,0,127.078005239068,37.618920285145,35.0,0.0,0.3196,low,관심
6932001,2024051,2024,1135010500,11350002,서울 노원구2,서울 노원구 상계동(수락산역교차로 부근),서울 노원구 상계동(수락산역교차로 부근),7,7,0,7,0,0,127.05487820633,37.677742192148,35.0,0.0,0.3196,low,관심
6931895,2024051,2024,1135010600,11350003,서울 노원구3,서울 노원구 중계동(상계1번약국 부근),서울 노원구 중계동(상계1번약국 부근),7,8,0,7,1,0,127.073930116887,37.659767587547,36.0,0.0133,0.3785,low,관심
6931931,2024051,2024,1138010300,11380001,서울 은평구1,서울 은평구 불광동(연신내역교차로 부근),서울 은평구 불광동(연신내역교차로 부근),11,13,0,11,2,0,126.920718400411,37.619000180911,57.0,0.2933,0.9183,high,고위험
6931807,2024051,2024,1138010700,11380002,서울 은평구2,서울 은평구 응암동(응암오거리 부근),서울 은평구 응암동(응암오거리 부근),10,12,0,10,2,0,126.917532441858,37.590320068366,52.0,0.2267,0.8705,high,고위험
6931955,2024051,2024,1138010800,11380003,서울 은평구3,서울 은평구 신사동(신사오거리 부근),서울 은평구 신사동(신사오거리 부근),9,10,0,10,0,0,126.914843556906,37.598840713701,49.0,0.1867,0.8065,high,고위험
6931821,2024051,2024,1138010400,11380004,서울 은평구4,서울 은평구 갈현동(청구프라자약국 부근),서울 은평구 갈현동(청구프라자약국 부근),8,9,0,8,1,0,126.919600717446,37.620750083538,41.0,0.08,0.6361,medium,주의
6932180,2024051,2024,1138011000,11380005,서울 은평구5,서울 은평구 증산동(증산3교교차로 부근),서울 은평구 증산동(증산3교교차로 부근),7,8,1,6,1,0,126.905280409568,37.580161539069,42.0,0.0933,0.6542,medium,주의
6932123,2024051,2024,1138010800,11380006,서울 은평구6,서울 은평구 역촌동(전주식당 부근),서울 은평구 역촌동(전주식당 부근),7,7,0,7,0,0,126.919285038934,37.607568842827,35.0,0.0,0.3196,low,관심
6931836,2024051,2024,1141011800,11410001,서울 서대문구1,서울 서대문구 홍은동(홍은사거리 부근),서울 서대문구 홍은동(홍은사거리 부근),11,11,0,11,0,0,126.941580500367,37.590924515136,55.0,0.2667,0.9007,high,고위험
6931797,2024051,2024,1141011100,11410002,서울 서대문구2,서울 서대문구 홍제동(홍제역 3호선 부근),서울 서대문구 홍제동(홍제역 3호선 부근),10,10,1,9,0,0,126.944862571469,37.588295822335,56.0,0.28,0.9108,high,고위험
6932094,2024051,2024,1144010400,11440001,서울 마포구1,서울 마포구 도화동(마포역 5호선 부근),서울 마포구 도화동(마포역 5호선 부근),10,12,2,9,1,0,126.94662164557,37.539613372461,67.0,0.4267,0.9682,high,고위험
6932051,2024051,2024,1144010400,11440002,서울 마포구2,서울 마포구 도화동(도화동주민센터 부근),서울 마포구 도화동(도화동주민센터 부근),7,7,2,5,0,0,126.949211050147,37.541141448041,47.0,0.16,0.7893,medium,주의
6932135,2024051,2024,1144010200,11440003,서울 마포구3,서울 마포구 공덕동(152약국 부근),서울 마포구 공덕동(152약국 부근),7,7,0,7,0,0,126.945979149581,37.545303825824,35.0,0.0,0.3196,low,관심
6931805,2024051,2024,1147010200,11470001,서울 양천구1,서울 양천구 목동(목2동주민센터 부근),서울 양천구 목동(목2동주민센터 부근),15,15,0,15,0,0,126.871457312448,37.546831399158,75.0,0.5333,0.9864,high,고위험
6932127,2024051,2024,1147010200,11470002,서울 양천구2,서울 양천구 목동(혜림어린이집 부근),서울 양천구 목동(혜림어린이집 부근),7,7,1,6,0,0,126.867160043379,37.548838244681,41.0,0.08,0.6361,medium,주의
6932246,2024051,2024,1147010200,11470003,서울 양천구3,서울 양천구 목동(목동깨비시장 부근),서울 양천구 목동(목동깨비시장 부근),7,8,0,7,1,0,126.863680448807,37.548145922559,36.0,0.0133,0.3785,low,관심
6932126,2024051,2024,1147010200,11470004,서울 양천구4,서울 양천구 목동(양천구목2동시장 부근),서울 양천구 목동(양천구목2동시장 부근),7,7,0,7,0,0,126.874354033956,37.546559183339,35.0,0.0,0.3196,low,관심
6932129,2024051,2024,1147010100,11470005,서울 양천구5,서울 양천구 신정동(목동제일큰약국 부근),서울 양천구 신정동(목동제일큰약국 부근),7,7,0,7,0,0,126.862494349182,37.525907813435,35.0,0.0,0.3196,low,관심
6932108,2024051,2024,1147010100,11470006,서울 양천구6,서울 양천구 신정동(신정119안전센터 부근),서울 양천구 신정동(신정119안전센터 부근),7,7,0,7,0,0,126.850995821795,37.522482717854,35.0,0.0,0.3196,low,관심
6932040,2024051,2024,1147010100,11470007,서울 양천구7,서울 양천구 신정동(신정1동주민센터 부근),서울 양천구 신정동(신정1동주민센터 부근),7,7,0,7,0,0,126.85351972145,37.518101056619,35.0,0.0,0.3196,low,관심
6932188,2024051,2024,1150010300,11500001,서울 강서구1,서울 강서구 화곡동(화곡본동시장 부근),서울 강서구 화곡동(화곡본동시장 부근),8,9,0,8,1,0,126.843553768875,37.543143467348,41.0,0.08,0.6361,medium,주의
6931904,2024051,2024,1150010300,11500002,서울 강서구2,서울 강서구 화곡동(까치산메가약국 부근),서울 강서구 화곡동(까치산메가약국 부근),7,7,0,7,0,0,126.84784494541,37.534273447031,35.0,0.0,0.3196,low,관심
6931808,2024051,2024,1150010300,11500003,서울 강서구3,서울 강서구 화곡동(우장산역교차로 부근),서울 강서구 화곡동(우장산역교차로 부근),7,7,0,7,0,0,126.83643948419,37.548326282861,35.0,0.0,0.3196,low,관심
6931925,2024051,2024,1150010300,11500004,서울 강서구4,서울 강서구 화곡동(화곡역교차로 부근),서울 강서구 화곡동(화곡역교차로 부근),7,7,0,7,0,0,126.84040729786,37.540802385326,35.0,0.0,0.3196,low,관심
6932005,2024051,2024,1153010800,11530001,서울 구로구1,서울 구로구 오류동(오류동삼거리 부근),서울 구로구 오류동(오류동삼거리 부근),8,8,0,8,0,0,126.840777489747,37.49501564768,40.0,0.0667,0.5282,medium,주의
6932113,2024051,2024,1153010700,11530002,서울 구로구2,서울 구로구 개봉동(개봉2동주민센터 부근),서울 구로구 개봉동(개봉2동주민센터 부근),7,7,0,7,0,0,126.855824484381,37.490827112874,35.0,0.0,0.3196,low,관심
6932111,2024051,2024,1153010200,11530003,서울 구로구3,서울 구로구 구로동(구로4동주민센터 부근),서울 구로구 구로동(구로4동주민센터 부근),7,7,0,7,0,0,126.889074518952,37.491411282176,35.0,0.0,0.3196,low,관심
6932195,2024051,2024,1153010200,11530004,서울 구로구4,서울 구로구 구로동(구로디지털단지역교차로 부근),서울 구로구 구로동(구로디지털단지역교차로 부근),7,7,0,7,0,0,126.902807813225,37.484530115485,35.0,0.0,0.3196,low,관심
6931865,2024051,2024,1153010200,11530005,서울 구로구5,서울 구로구 구로동(서울약국 부근),서울 구로구 구로동(서울약국 부근),7,7,0,7,0,0,126.884306322062,37.49012495022,35.0,0.0,0.3196,low,관심
6932006,2024051,2024,1153010800,11530006,서울 구로구6,서울 구로구 오류동(예쁜별어린이집 부근),서울 구로구 오류동(예쁜별어린이집 부근),7,7,0,7,0,0,126.842867733309,37.492430942462,35.0,0.0,0.3196,low,관심
6932015,2024051,2024,1154510300,11545001,서울 금천구1,서울 금천구 시흥동(시흥사거리 부근),서울 금천구 시흥동(시흥사거리 부근),12,12,1,11,0,0,126.900975697261,37.454563337127,66.0,0.4133,0.9647,high,고위험
6931943,2024051,2024,1154510300,11545002,서울 금천구2,서울 금천구 시흥동(시흥5동주민센터 부근),서울 금천구 시흥동(시흥5동주민센터 부근),9,9,0,9,0,0,126.909121608918,37.45109308015,45.0,0.1333,0.7283,medium,주의
6932069,2024051,2024,1154510200,11545003,서울 금천구3,서울 금천구 독산동(막고 금천본점 부근),서울 금천구 독산동(막고 금천본점 부근),7,7,2,5,0,0,126.894659297687,37.473884184798,47.0,0.16,0.7893,medium,주의
6932139,2024051,2024,1154510200,11545004,서울 금천구4,서울 금천구 독산동(협진정육 부산물도매시장 부근),서울 금천구 독산동(협진정육 부산물도매시장 부근),7,8,1,6,1,0,126.896708782334,37.467005903581,42.0,0.0933,0.6542,medium,주의
6931916,2024051,2024,1156010500,11560001,서울 영등포구1,서울 영등포구 영등포동4가(영등포역교차로 부근),서울 영등포구 영등포동4가(영등포역교차로 부근),15,15,1,14,0,0,126.906288186299,37.516109467143,81.0,0.6133,0.9934,high,고위험
6932092,2024051,2024,1156010300,11560002,서울 영등포구2,서울 영등포구 영등포동2가(영등포전통시장 부근),서울 영등포구 영등포동2가(영등포전통시장 부근),8,9,1,7,1,0,126.907790431516,37.519136806046,47.0,0.16,0.7893,medium,주의
6931850,2024051,2024,1156013200,11560003,서울 영등포구3,서울 영등포구 신길동(신길동홍어거리 부근),서울 영등포구 신길동(신길동홍어거리 부근),7,8,0,8,0,0,126.912788222421,37.511167991492,39.0,0.0533,0.432,medium,주의
6931929,2024051,2024,1156013300,11560004,서울 영등포구4,서울 영등포구 대림동(대림2동주민센터 부근),서울 영등포구 대림동(대림2동주민센터 부근),7,7,0,7,0,0,126.898124689929,37.493169529748,35.0,0.0,0.3196,low,관심
6932142,2024051,2024,1156013300,11560005,서울 영등포구5,서울 영등포구 대림동(이레약국 부근),서울 영등포구 대림동(이레약국 부근),7,7,0,7,0,0,126.900829968033,37.49123922746,35.0,0.0,0.3196,low,관심
6932141,2024051,2024,1156013200,11560006,서울 영등포구6,서울 영등포구 신길동(대신시장 부근),서울 영등포구 신길동(대신시장 부근),7,7,0,7,0,0,126.917737535963,37.511586693402,35.0,0.0,0.3196,low,관심
6931825,2024051,2024,1159010500,11590001,서울 동작구1,서울 동작구 흑석동(소망메디컬약국 부근),서울 동작구 흑석동(소망메디컬약국 부근),15,15,0,15,0,0,126.961720627105,37.507306575137,75.0,0.5333,0.9864,high,고위험
6931952,2024051,2024,1159010200,11590002,서울 동작구2,서울 동작구 상도동(행복한어린이집 부근),서울 동작구 상도동(행복한어린이집 부근),10,11,0,11,0,0,126.932580956312,37.4997537493,54.0,0.2533,0.8805,high,고위험
6931875,2024051,2024,1159010200,11590003,서울 동작구3,서울 동작구 상도동(구립로야어린이집 부근),서울 동작구 상도동(구립로야어린이집 부근),8,8,1,7,0,0,126.952083399669,37.497537541572,46.0,0.1467,0.7722,medium,주의
6932079,2024051,2024,1159010800,11590004,서울 동작구4,서울 동작구 대방동(신대방삼거리역교차로 부근),서울 동작구 대방동(신대방삼거리역교차로 부근),8,9,0,8,1,0,126.92797286481,37.498873531279,41.0,0.08,0.6361,medium,주의
6932044,2024051,2024,1159010700,11590005,서울 동작구5,서울 동작구 사당동(광주약국 부근),서울 동작구 사당동(광주약국 부근),7,7,1,6,0,0,126.982096468077,37.488032006913,41.0,0.08,0.6361,medium,주의
6931913,2024051,2024,1159010200,11590006,서울 동작구6,서울 동작구 상도동(상도3동주민센터 부근),서울 동작구 상도동(상도3동주민센터 부근),7,7,0,7,0,0,126.930862008438,37.499054236903,35.0,0.0,0.3196,low,관심
6932014,2024051,2024,1162010200,11620001,서울 관악구1,서울 관악구 신림동(신원약국 부근),서울 관악구 신림동(신원약국 부근),12,12,2,10,0,0,126.92609347454,37.484255039421,72.0,0.4933,0.9803,high,고위험
6932184,2024051,2024,1162010100,11620002,서울 관악구2,서울 관악구 봉천동(서울어린이집 부근),서울 관악구 봉천동(서울어린이집 부근),9,9,0,9,0,0,126.96674008152,37.474221226031,45.0,0.1333,0.7283,medium,주의
6931869,2024051,2024,1162010200,11620003,서울 관악구3,서울 관악구 신림동(서원치안센터 부근),서울 관악구 신림동(서원치안센터 부근),9,9,0,9,0,0,126.928405740946,37.481411845653,45.0,0.1333,0.7283,medium,주의
6931844,2024051,2024,1162010100,11620004,서울 관악구4,서울 관악구 봉천동(봉천제일종합시장 부근),서울 관악구 봉천동(봉천제일종합시장 부근),8,9,2,6,0,1,126.943918915723,37.481842365626,52.5,0.2333,0.871,high,고위험
6932191,2024051,2024,1162010300,11620005,서울 관악구5,서울 관악구 남현동(사랑약국 부근),서울 관악구 남현동(사랑약국 부근),7,8,1,6,1,0,126.980898731541,37.4765145359,42.0,0.0933,0.6542,medium,주의
6932214,2024051,2024,1162010200,11620006,서울 관악구6,서울 관악구 신림동(구로전화국교차로 부근),서울 관악구 신림동(구로전화국교차로 부근),7,7,1,6,0,0,126.902914480998,37.479735296123,41.0,0.08,0.6361,medium,주의
6931890,2024051,2024,1162010100,11620007,서울 관악구7,서울 관악구 봉천동(늘푸른어린이집 부근),서울 관악구 봉천동(늘푸른어린이집 부근),7,7,0,7,0,0,126.94526754873,37.480180741511,35.0,0.0,0.3196,low,관심
6931964,2024051,2024,1162010200,11620008,서울 관악구8,서울 관악구 신림동(새난곡약국 부근),서울 관악구 신림동(새난곡약국 부근),7,7,0,7,0,0,126.918363392966,37.47354078145,35.0,0.0,0.3196,low,관심
6932109,2024051,2024,1162010200,11620009,서울 관악구9,서울 관악구 신림동(편한M약국 부근),서울 관악구 신림동(편한M약국 부근),7,7,0,7,0,0,126.930208870861,37.482558506555,35.0,0.0,0.3196,low,관심
6931988,2024051,2024,1165010800,11650001,서울 서초구1,서울 서초구 서초동(에이원약국 부근),서울 서초구 서초동(에이원약국 부근),11,11,0,11,0,0,127.025904216861,37.499728451935,55.0,0.2667,0.9007,high,고위험
6931827,2024051,2024,1165010100,11650002,서울 서초구2,서울 서초구 방배동(사당13번약국 부근),서울 서초구 방배동(사당13번약국 부근),9,10,0,10,0,0,126.982629037313,37.477651431707,49.0,0.1867,0.8065,high,고위험
6931930,2024051,2024,1165010200,11650003,서울 서초구3,서울 서초구 양재동(엔스온누리약국 부근),서울 서초구 양재동(엔스온누리약국 부근),8,8,1,7,0,0,127.036400393111,37.482214756874,46.0,0.1467,0.7722,medium,주의
6932151,2024051,2024,1165010800,11650004,서울 서초구4,서울 서초구 서초동(한나어린이집 부근),서울 서초구 서초동(한나어린이집 부근),8,8,0,8,0,0,127.020321725522,37.496623556217,40.0,0.0667,0.5282,medium,주의
6932152,2024051,2024,1165010600,11650005,서울 서초구5,서울 서초구 잠원동(반포역 7호선 부근),서울 서초구 잠원동(반포역 7호선 부근),7,7,1,6,0,0,127.012189780783,37.508672581181,41.0,0.08,0.6361,medium,주의
6931923,2024051,2024,1165010800,11650006,서울 서초구6,서울 서초구 서초동(서초우리약국 부근),서울 서초구 서초동(서초우리약국 부근),7,7,0,7,0,0,127.008430520331,37.490185372774,35.0,0.0,0.3196,low,관심
6931887,2024051,2024,1168010600,11680001,서울 강남구1,서울 강남구 대치동(테헤란건강약국 부근),서울 강남구 대치동(테헤란건강약국 부근),9,10,0,10,0,0,127.051202977226,37.503573909776,49.0,0.1867,0.8065,high,고위험
6931957,2024051,2024,1168010100,11680002,서울 강남구2,서울 강남구 역삼동(센터필드교차로 부근),서울 강남구 역삼동(센터필드교차로 부근),7,9,0,8,1,0,127.042906951933,37.502042190992,40.0,0.0667,0.5282,medium,주의
6932031,2024051,2024,1168010800,11680003,서울 강남구3,서울 강남구 논현동(민트약국 부근),서울 강남구 논현동(민트약국 부근),7,7,0,7,0,0,127.02079077358,37.5144164982,35.0,0.0,0.3196,low,관심
6932130,2024051,2024,1168010600,11680004,서울 강남구4,서울 강남구 대치동(동명온누리약국 부근),서울 강남구 대치동(동명온누리약국 부근),7,9,0,7,2,0,127.053392967778,37.497593530406,37.0,0.0267,0.3891,low,관심
6931893,2024051,2024,1168010600,11680005,서울 강남구5,서울 강남구 대치동(메디칼청실약국 부근),서울 강남구 대치동(메디칼청실약국 부근),7,7,0,7,0,0,127.059160498217,37.492745861722,35.0,0.0,0.3196,low,관심
6932091,2024051,2024,1168010100,11680006,서울 강남구6,서울 강남구 역삼동(강남역사거리 부근),서울 강남구 역삼동(강남역사거리 부근),7,7,0,7,0,0,127.028034831743,37.4984838571,35.0,0.0,0.3196,low,관심
6931920,2024051,2024,1171010100,11710001,서울 송파구1,서울 송파구 잠실동(헬로팜약국 부근),서울 송파구 잠실동(헬로팜약국 부근),13,17,0,15,2,0,127.082811466656,37.511000648513,75.0,0.5333,0.9864,high,고위험
6932032,2024051,2024,1171011100,11710002,서울 송파구2,서울 송파구 방이동(친절한약국 부근),서울 송파구 방이동(친절한약국 부근),10,11,0,11,0,0,127.109530178548,37.514627606426,54.0,0.2533,0.8805,high,고위험
6932002,2024051,2024,1171011400,11710003,서울 송파구3,서울 송파구 마천동(마천2동주민센터 부근),서울 송파구 마천동(마천2동주민센터 부근),8,8,0,8,0,0,127.149465218968,37.497048067393,40.0,0.0667,0.5282,medium,주의
6932235,2024051,2024,1171011400,11710004,서울 송파구4,서울 송파구 마천동(마천사거리 부근),서울 송파구 마천동(마천사거리 부근),7,7,1,6,0,0,127.145938457202,37.497534599617,41.0,0.08,0.6361,medium,주의
6932027,2024051,2024,1171011300,11710005,서울 송파구5,서울 송파구 거여동(거여역교차로 부근),서울 송파구 거여동(거여역교차로 부근),7,7,0,7,0,0,127.143926141452,37.492727280848,35.0,0.0,0.3196,low,관심
6931901,2024051,2024,1171010100,11710006,서울 송파구6,서울 송파구 잠실동(잠실새내역교차로 부근),서울 송파구 잠실동(잠실새내역교차로 부근),7,7,0,7,0,0,127.085227204921,37.511456695804,35.0,0.0,0.3196,low,관심
6932042,2024051,2024,1174010800,11740001,서울 강동구1,서울 강동구 천호동(강동역 5호선 부근),서울 강동구 천호동(강동역 5호선 부근),7,7,0,7,0,0,127.132638065165,37.535637793045,35.0,0.0,0.3196,low,관심
6932068,2024051,2024,1174010900,11740002,서울 강동구2,서울 강동구 천호동(상미어린이집 부근),서울 강동구 천호동(상미어린이집 부근),7,7,0,7,0,0,127.13326522518,37.546336970127,35.0,0.0,0.3196,low,관심
6932088,2024051,2024,1174010900,11740003,서울 강동구3,서울 강동구 천호동(새실로암약국 부근),서울 강동구 천호동(새실로암약국 부근),7,7,0,7,0,0,127.143792119324,37.549494460371,35.0,0.0,0.3196,low,관심
6931968,2024051,2024,2611014000,26110001,부산 중구1,부산 중구 남포동5가(남포사거리 부근),부산 중구 남포동5가(남포사거리 부근),16,16,1,15,0,0,129.028611253322,35.097673167988,86.0,0.68,0.995,high,고위험
6932159,2024051,2024,2611014100,26110002,부산 중구2,부산 중구 남포동6가(자갈치교차로 부근),부산 중구 남포동6가(자갈치교차로 부근),8,8,0,8,0,0,129.026648325584,35.096832349696,40.0,0.0667,0.5282,medium,주의
6932149,2024051,2024,2611013200,26110003,부산 중구3,부산 중구 창선동2가(국제시장사거리 부근),부산 중구 창선동2가(국제시장사거리 부근),8,8,0,8,0,0,129.027057921417,35.099383283633,40.0,0.0667,0.5282,medium,주의
6932132,2024051,2024,2611012100,26110004,부산 중구4,부산 중구 보수동2가(보수사거리 부근),부산 중구 보수동2가(보수사거리 부근),7,9,1,6,2,0,129.024978693094,35.102312675921,43.0,0.1067,0.6628,medium,주의
6932243,2024051,2024,2611013900,26110005,부산 중구5,부산 중구 남포동4가(남포대동약국 부근),부산 중구 남포동4가(남포대동약국 부근),7,7,0,7,0,0,129.032678372532,35.097823970632,35.0,0.0,0.3196,low,관심
6931828,2024051,2024,2614010600,26140001,부산 서구1,부산 서구 서대신동3가(마리아유치원 부근),부산 서구 서대신동3가(마리아유치원 부근),8,9,0,8,1,0,129.01500662465,35.113608802279,41.0,0.08,0.6361,medium,주의
6932196,2024051,2024,2614012000,26140002,부산 서구2,부산 서구 충무동1가(명성약국 부근),부산 서구 충무동1가(명성약국 부근),7,7,1,6,0,0,129.024607062188,35.095463353523,41.0,0.08,0.6361,medium,주의
6931980,2024051,2024,2617010100,26170001,부산 동구1,부산 동구 초량동(부산역온누리약국 부근),부산 동구 초량동(부산역온누리약국 부근),14,15,1,13,1,0,129.039657679263,35.115421450288,77.0,0.56,0.9889,high,고위험
6932112,2024051,2024,2617010400,26170002,부산 동구2,부산 동구 범일동(부산진시장앞교차로 부근),부산 동구 범일동(부산진시장앞교차로 부근),10,10,2,8,0,0,129.059773184764,35.137133628232,62.0,0.36,0.9486,high,고위험
6932244,2024051,2024,2617010200,26170003,부산 동구3,부산 동구 수정동(해피투데이 부근),부산 동구 수정동(해피투데이 부근),8,9,0,9,0,0,129.045895321921,35.128176522358,44.0,0.12,0.6779,medium,주의
6931966,2024051,2024,2617010400,26170004,부산 동구4,부산 동구 범일동(다정온누리약국 부근),부산 동구 범일동(다정온누리약국 부근),7,8,0,8,0,0,129.059837319264,35.139051595687,39.0,0.0533,0.432,medium,주의
6932233,2024051,2024,2617010100,26170005,부산 동구5,부산 동구 초량동(초량교차로 부근),부산 동구 초량동(초량교차로 부근),7,7,0,7,0,0,129.042622889583,35.119444833422,35.0,0.0,0.3196,low,관심
6932200,2024051,2024,2617010100,26170006,부산 동구6,부산 동구 초량동(초량이편한어린이집 부근),부산 동구 초량동(초량이편한어린이집 부근),7,7,0,7,0,0,129.039996643468,35.122936615566,35.0,0.0,0.3196,low,관심
6931802,2024051,2024,2620012100,26200001,부산 영도구1,부산 영도구 동삼동(동삼시장 부근),부산 영도구 동삼동(동삼시장 부근),11,11,0,11,0,0,129.070421560851,35.078881399298,55.0,0.2667,0.9007,high,고위험
6931812,2024051,2024,2620010200,26200002,부산 영도구2,부산 영도구 대교동2가(효승당약국 부근),부산 영도구 대교동2가(효승당약국 부근),10,10,0,10,0,0,129.041606216278,35.091086371969,50.0,0.2,0.8407,high,고위험
6931804,2024051,2024,2620010900,26200003,부산 영도구3,부산 영도구 영선동2가(남항시장사거리 부근),부산 영도구 영선동2가(남항시장사거리 부근),8,8,0,8,0,0,129.041257984156,35.087912141014,40.0,0.0667,0.5282,medium,주의
6932182,2024051,2024,2620010800,26200004,부산 영도구4,부산 영도구 영선동1가(소방서앞사거리 부근),부산 영도구 영선동1가(소방서앞사거리 부근),7,8,1,7,0,0,129.043239465409,35.090469170901,45.0,0.1333,0.7283,medium,주의
6931969,2024051,2024,2620011700,26200005,부산 영도구5,부산 영도구 봉래동3가(봉래교차로 부근),부산 영도구 봉래동3가(봉래교차로 부근),7,7,0,7,0,0,129.044041524609,35.092539860898,35.0,0.0,0.3196,low,관심
6932116,2024051,2024,2623010300,26230001,부산 부산진구1,부산 부산진구 부전동(새봄약국 부근),부산 부산진구 부전동(새봄약국 부근),17,23,0,21,2,0,129.058794371693,35.159153606742,103.0,0.9067,0.9995,high,고위험
6932237,2024051,2024,2623010300,26230002,부산 부산진구2,부산 부산진구 부전동(상상마당사거리 부근),부산 부산진구 부전동(상상마당사거리 부근),12,13,0,13,0,0,129.057465013801,35.153967868687,64.0,0.3867,0.9536,high,고위험
6932143,2024051,2024,2623010300,26230003,부산 부산진구3,부산 부산진구 부전동(부전지구대 부근),부산 부산진구 부전동(부전지구대 부근),12,12,0,12,0,0,129.061629241912,35.163132008556,60.0,0.3333,0.935,high,고위험
6932185,2024051,2024,2623010300,26230004,부산 부산진구4,부산 부산진구 부전동(주한코트디브와르영사관 부근),부산 부산진구 부전동(주한코트디브와르영사관 부근),12,14,0,12,2,0,129.061150553883,35.160294931402,62.0,0.36,0.9486,high,고위험
6932218,2024051,2024,2623010300,26230005,부산 부산진구5,부산 부산진구 부전동(편안한약국 부근),부산 부산진구 부전동(편안한약국 부근),12,12,0,12,0,0,129.057195053858,35.157640694805,60.0,0.3333,0.935,high,고위험
6932212,2024051,2024,2623010300,26230006,부산 부산진구6,부산 부산진구 부전동(선화약국 부근),부산 부산진구 부전동(선화약국 부근),11,13,0,11,2,0,129.060003172241,35.155677376129,57.0,0.2933,0.9183,high,고위험
6931907,2024051,2024,2623010900,26230007,부산 부산진구7,부산 부산진구 당감동(당감꼬리 부근),부산 부산진구 당감동(당감꼬리 부근),10,11,1,10,0,0,129.034680579793,35.165068796325,60.0,0.3333,0.935,high,고위험
6932234,2024051,2024,2623010300,26230008,부산 부산진구8,부산 부산진구 부전동(삼전교차로 부근),부산 부산진구 부전동(삼전교차로 부근),8,8,0,8,0,0,129.063686295142,35.16334454108,40.0,0.0667,0.5282,medium,주의
6932217,2024051,2024,2623010300,26230009,부산 부산진구9,부산 부산진구 부전동(서면공구골목 부근),부산 부산진구 부전동(서면공구골목 부근),8,11,0,8,3,0,129.061515475234,35.156800677262,43.0,0.1067,0.6628,medium,주의
6932189,2024051,2024,2623010400,26230010,부산 부산진구10,부산 부산진구 범천동(무지개다리 부근),부산 부산진구 범천동(무지개다리 부근),7,8,0,8,0,0,129.063939097005,35.142103845733,39.0,0.0533,0.432,medium,주의
6931841,2024051,2024,2623010300,26230011,부산 부산진구11,부산 부산진구 부전동(중앙치안센터 부근),부산 부산진구 부전동(중앙치안센터 부근),7,8,0,8,0,0,129.061971120059,35.154793234753,39.0,0.0533,0.432,medium,주의
6932049,2024051,2024,2623010300,26230012,부산 부산진구12,부산 부산진구 부전동(부전사거리 부근),부산 부산진구 부전동(부전사거리 부근),7,7,0,7,0,0,129.062965471407,35.161354496621,35.0,0.0,0.3196,low,관심
6932229,2024051,2024,2623010300,26230013,부산 부산진구13,부산 부산진구 부전동(서면시장 부근),부산 부산진구 부전동(서면시장 부근),7,8,0,7,1,0,129.057291453856,35.155786651723,36.0,0.0133,0.3785,low,관심
6932177,2024051,2024,2623010300,26230014,부산 부산진구14,부산 부산진구 부전동(순풍약국 부근),부산 부산진구 부전동(순풍약국 부근),7,7,0,7,0,0,129.056354396948,35.160695020055,35.0,0.0,0.3196,low,관심
6931986,2024051,2024,2623010300,26230015,부산 부산진구15,부산 부산진구 부전동(엘살바도르명예영사관 부근),부산 부산진구 부전동(엘살바도르명예영사관 부근),7,7,0,7,0,0,129.055465560114,35.154448683865,35.0,0.0,0.3196,low,관심
6932228,2024051,2024,2623010200,26230016,부산 부산진구16,부산 부산진구 전포동(전포동부산은행앞사거리 부근),부산 부산진구 전포동(전포동부산은행앞사거리 부근),7,8,0,7,1,0,129.065570545386,35.155008233417,36.0,0.0133,0.3785,low,관심
6931829,2024051,2024,2626010900,26260001,부산 동래구1,부산 동래구 사직동(사직2동 행정복지센터 부근),부산 동래구 사직동(사직2동 행정복지센터 부근),7,7,0,7,0,0,129.05843853252,35.199272803228,35.0,0.0,0.3196,low,관심
6931876,2024051,2024,2626010800,26260002,부산 동래구2,부산 동래구 온천동(미남교 부근),부산 동래구 온천동(미남교 부근),7,7,0,7,0,0,129.065048069768,35.209936130392,35.0,0.0,0.3196,low,관심
6931796,2024051,2024,2629010600,26290001,부산 남구1,부산 남구 대연동(대연동못골시장 부근),부산 남구 대연동(대연동못골시장 부근),13,13,0,13,0,0,129.089567432356,35.135609537603,65.0,0.4,0.9597,high,고위험
6932248,2024051,2024,2629010900,26290002,부산 남구2,부산 남구 문현동(21세기우리네약국 부근),부산 남구 문현동(21세기우리네약국 부근),10,10,2,8,0,0,129.073295205409,35.13650931246,62.0,0.36,0.9486,high,고위험
6931982,2024051,2024,2629010600,26290003,부산 남구3,부산 남구 대연동(대연사거리 부근),부산 남구 대연동(대연사거리 부근),10,10,1,9,0,0,129.091924557958,35.135542937178,56.0,0.28,0.9108,high,고위험
6931859,2024051,2024,2629010900,26290004,부산 남구4,부산 남구 문현동(문현주유소 부근),부산 남구 문현동(문현주유소 부근),9,9,0,9,0,0,129.067809264582,35.135798856954,45.0,0.1333,0.7283,medium,주의
6931854,2024051,2024,2629010600,26290005,부산 남구5,부산 남구 대연동(못골사거리 부근),부산 남구 대연동(못골사거리 부근),8,8,1,7,0,0,129.08685432473,35.135084406447,46.0,0.1467,0.7722,medium,주의
6932138,2024051,2024,2629010600,26290006,부산 남구6,부산 남구 대연동(유엔교차로 부근),부산 남구 대연동(유엔교차로 부근),8,8,0,8,0,0,129.092259975426,35.130272451849,40.0,0.0667,0.5282,medium,주의
6931885,2024051,2024,2629010600,26290007,부산 남구7,부산 남구 대연동(용소삼거리 부근),부산 남구 대연동(용소삼거리 부근),7,8,0,7,1,0,129.100846714888,35.136981759724,36.0,0.0133,0.3785,low,관심
6932053,2024051,2024,2629010700,26290008,부산 남구8,부산 남구 용호동(용호2치안센터 부근),부산 남구 용호동(용호2치안센터 부근),7,7,0,7,0,0,129.110731315888,35.112239701391,35.0,0.0,0.3196,low,관심
6931856,2024051,2024,2632010400,26320001,부산 북구1,부산 북구 덕천동(구포119안전센터 부근),부산 북구 덕천동(구포119안전센터 부근),10,10,0,10,0,0,129.007841944349,35.210608130689,50.0,0.2,0.8407,high,고위험
6932054,2024051,2024,2632010500,26320002,부산 북구2,부산 북구 구포동(덕천교차로 부근),부산 북구 구포동(덕천교차로 부근),7,8,1,7,0,0,129.005635827499,35.210087858638,45.0,0.1333,0.7283,medium,주의
6932086,2024051,2024,2635010300,26350001,부산 해운대구1,부산 해운대구 반여동(반여2동행정복지센터 부근),부산 해운대구 반여동(반여2동행정복지센터 부근),7,7,1,6,0,0,129.131029023529,35.195514171871,41.0,0.08,0.6361,medium,주의
6932075,2024051,2024,2635010100,26350002,부산 해운대구2,부산 해운대구 반송동(반송도서관교차로 부근),부산 해운대구 반송동(반송도서관교차로 부근),7,7,0,7,0,0,129.148575843046,35.22568342149,35.0,0.0,0.3196,low,관심
6932183,2024051,2024,2635010600,26350003,부산 해운대구3,부산 해운대구 중동(미포교차로 부근),부산 해운대구 중동(미포교차로 부근),7,7,0,7,0,0,129.171045727185,35.161127361677,35.0,0.0,0.3196,low,관심
6932025,2024051,2024,2638010200,26380001,부산 사하구1,부산 사하구 당리동(삼성온누리약국 부근),부산 사하구 당리동(삼성온누리약국 부근),8,9,0,8,1,0,128.969788172793,35.105214660225,41.0,0.08,0.6361,medium,주의
6932077,2024051,2024,2638010100,26380002,부산 사하구2,부산 사하구 괴정동(괴정골목시장 부근),부산 사하구 괴정동(괴정골목시장 부근),7,7,0,7,0,0,128.993870503356,35.099166401828,35.0,0.0,0.3196,low,관심
6931962,2024051,2024,2638010400,26380003,부산 사하구3,부산 사하구 신평동(강동병원앞교차로 부근),부산 사하구 신평동(강동병원앞교차로 부근),7,7,0,7,0,0,128.977592574994,35.090348925895,35.0,0.0,0.3196,low,관심
6932207,2024051,2024,2638010300,26380004,부산 사하구4,부산 사하구 하단동(누리마을감자탕 하단점 부근),부산 사하구 하단동(누리마을감자탕 하단점 부근),7,7,0,7,0,0,128.967491709101,35.107330413661,35.0,0.0,0.3196,low,관심
6932076,2024051,2024,2638010300,26380005,부산 사하구5,부산 사하구 하단동(하단초등학교 부근),부산 사하구 하단동(하단초등학교 부근),7,7,0,7,0,0,128.965508373621,35.105602397223,35.0,0.0,0.3196,low,관심
6932223,2024051,2024,2641011000,26410001,부산 금정구1,부산 금정구 서동(굿모닝약국 부근),부산 금정구 서동(굿모닝약국 부근),18,18,0,18,0,0,129.105219994253,35.21458973222,90.0,0.7333,0.996,high,고위험
6932105,2024051,2024,2641011000,26410002,부산 금정구2,부산 금정구 서동(동서약국 부근),부산 금정구 서동(동서약국 부근),8,8,0,8,0,0,129.10296392891,35.214389724432,40.0,0.0667,0.5282,medium,주의
6932066,2024051,2024,2641011000,26410003,부산 금정구3,부산 금정구 서동(금사교차로 부근),부산 금정구 서동(금사교차로 부근),7,7,0,7,0,0,129.108247505873,35.214939933545,35.0,0.0,0.3196,low,관심
6931911,2024051,2024,2647010200,26470001,부산 연제구1,부산 연제구 연산동(세이 부근),부산 연제구 연산동(세이 부근),10,10,0,10,0,0,129.076712698963,35.182495879473,50.0,0.2,0.8407,high,고위험
6931818,2024051,2024,2647010200,26470002,부산 연제구2,부산 연제구 연산동(애니팜약국 부근),부산 연제구 연산동(애니팜약국 부근),8,8,0,8,0,0,129.08122535531,35.188132038119,40.0,0.0667,0.5282,medium,주의
6932175,2024051,2024,2647010200,26470003,부산 연제구3,부산 연제구 연산동(오호약국 부근),부산 연제구 연산동(오호약국 부근),7,7,0,7,0,0,129.080620910923,35.184732907171,35.0,0.0,0.3196,low,관심
6932215,2024051,2024,2647010200,26470004,부산 연제구4,부산 연제구 연산동(포포약국 부근),부산 연제구 연산동(포포약국 부근),7,8,0,7,1,0,129.083465318837,35.188505109785,36.0,0.0133,0.3785,low,관심
6931915,2024051,2024,2650010200,26500001,부산 수영구1,부산 수영구 수영동(수영팔도시장 부근),부산 수영구 수영동(수영팔도시장 부근),9,10,2,8,0,0,129.116002444416,35.1682562117,61.0,0.3467,0.943,high,고위험
6931863,2024051,2024,2650010100,26500002,부산 수영구2,부산 수영구 망미동(망미역교차로 부근),부산 수영구 망미동(망미역교차로 부근),8,8,0,8,0,0,129.10904931017,35.171465185355,40.0,0.0667,0.5282,medium,주의
6931944,2024051,2024,2650010100,26500003,부산 수영구3,부산 수영구 망미동(망미중앙시장 부근),부산 수영구 망미동(망미중앙시장 부근),7,8,1,6,1,0,129.107056182357,35.175627194618,42.0,0.0933,0.6542,medium,주의
6932038,2024051,2024,2650010400,26500004,부산 수영구4,부산 수영구 광안동(광안시장 부근),부산 수영구 광안동(광안시장 부근),7,7,0,7,0,0,129.113293241459,35.159931076843,35.0,0.0,0.3196,low,관심
6932064,2024051,2024,2650010400,26500005,부산 수영구5,부산 수영구 광안동(광안약국 부근),부산 수영구 광안동(광안약국 부근),7,7,0,7,0,0,129.109952723965,35.162635184279,35.0,0.0,0.3196,low,관심
6932239,2024051,2024,2650010400,26500006,부산 수영구6,부산 수영구 광안동(수영건강약국 부근),부산 수영구 광안동(수영건강약국 부근),7,8,0,7,1,0,129.114521736245,35.164772442437,36.0,0.0133,0.3785,low,관심
6932104,2024051,2024,2650010300,26500007,부산 수영구7,부산 수영구 민락동(센텀비스타동원2차어린이집 부근),부산 수영구 민락동(센텀비스타동원2차어린이집 부근),7,7,0,7,0,0,129.118321075232,35.166884756433,35.0,0.0,0.3196,low,관심
6932017,2024051,2024,2653010300,26530001,부산 사상구1,부산 사상구 덕포동(대한약국 부근),부산 사상구 덕포동(대한약국 부근),8,9,2,6,1,0,128.983064870913,35.171360444873,53.0,0.24,0.8725,high,고위험
6932178,2024051,2024,2653010600,26530002,부산 사상구2,부산 사상구 주례동(부일약국 부근),부산 사상구 주례동(부일약국 부근),7,9,1,7,1,0,129.013160559693,35.149534528138,46.0,0.1467,0.7722,medium,주의
6932153,2024051,2024,2653010600,26530003,부산 사상구3,부산 사상구 주례동(주례역교차로 부근),부산 사상구 주례동(주례역교차로 부근),7,7,0,7,0,0,129.003910784116,35.150469927317,35.0,0.0,0.3196,low,관심
6932154,2024051,2024,2671025026,26710001,부산 기장군1,부산 기장군 기장읍(대영약국 부근),부산 기장군 기장읍(대영약국 부근),7,7,0,7,0,0,129.216343708783,35.243441280045,35.0,0.0,0.3196,low,관심
6931956,2024051,2024,2711010500,27110001,대구 중구1,대구 중구 삼덕동1가(동성로로데오거리 부근),대구 중구 삼덕동1가(동성로로데오거리 부근),13,15,0,13,2,0,128.598976595214,35.866322092554,67.0,0.4267,0.9682,high,고위험
6931861,2024051,2024,2711011700,27110002,대구 중구2,대구 중구 남일동(크레이지팡팡 부근),대구 중구 남일동(크레이지팡팡 부근),7,13,1,7,5,0,128.594013469954,35.868828980093,50.0,0.2,0.8407,high,고위험
6932080,2024051,2024,2714010300,27140001,대구 동구1,대구 동구 효목동(동구시장 부근),대구 동구 효목동(동구시장 부근),8,8,0,8,0,0,128.639106864895,35.874873984607,40.0,0.0667,0.5282,medium,주의
6931831,2024051,2024,2714011100,27140002,대구 동구2,대구 동구 방촌동(방촌역 대구1호선 부근),대구 동구 방촌동(방촌역 대구1호선 부근),7,8,0,7,1,0,128.670137597922,35.879876317238,36.0,0.0133,0.3785,low,관심
6931894,2024051,2024,2717010200,27170001,대구 서구1,대구 서구 비산동(북비산네거리 부근),대구 서구 비산동(북비산네거리 부근),7,8,0,7,1,0,128.570642739924,35.879652552061,36.0,0.0133,0.3785,low,관심
6931840,2024051,2024,2720010300,27200001,대구 남구1,대구 남구 대명동(서부정류장역 대구1호선 부근),대구 남구 대명동(서부정류장역 대구1호선 부근),7,7,2,5,0,0,128.557903331292,35.837296991478,47.0,0.16,0.7893,medium,주의
6932120,2024051,2024,2720010300,27200002,대구 남구2,대구 남구 대명동(원두막 부근),대구 남구 대명동(원두막 부근),7,7,0,7,0,0,128.561461967089,35.842620932465,35.0,0.0,0.3196,low,관심
6931954,2024051,2024,2723011800,27230001,대구 북구1,대구 북구 읍내동(칠곡네거리 부근),대구 북구 읍내동(칠곡네거리 부근),8,8,1,7,0,0,128.548467374388,35.932238976756,46.0,0.1467,0.7722,medium,주의
6931857,2024051,2024,2723012400,27230002,대구 북구2,대구 북구 동천동(동평초등네거리 부근),대구 북구 동천동(동평초등네거리 부근),8,8,0,8,0,0,128.558960470234,35.936885522347,40.0,0.0667,0.5282,medium,주의
6932067,2024051,2024,2723010100,27230003,대구 북구3,대구 북구 칠성동1가(칠성시장네거리 부근),대구 북구 칠성동1가(칠성시장네거리 부근),8,8,0,8,0,0,128.604425143718,35.876204603427,40.0,0.0667,0.5282,medium,주의
6932089,2024051,2024,2723010900,27230004,대구 북구4,대구 북구 노원동3가(팔달시장역 대구3호선 부근),대구 북구 노원동3가(팔달시장역 대구3호선 부근),7,7,2,5,0,0,128.567268651994,35.88910747279,47.0,0.16,0.7893,medium,주의
6932171,2024051,2024,2726011200,27260001,대구 수성구1,대구 수성구 지산동(대구용지초등학교 부근),대구 수성구 지산동(대구용지초등학교 부근),8,9,0,8,1,0,128.632422095375,35.821246887446,41.0,0.08,0.6361,medium,주의
6932241,2024051,2024,2726011200,27260002,대구 수성구2,대구 수성구 지산동(비바채플린 부근),대구 수성구 지산동(비바채플린 부근),7,8,0,7,1,0,128.640433345526,35.822332721357,36.0,0.0133,0.3785,low,관심
6931937,2024051,2024,2729012000,27290001,대구 달서구1,대구 달서구 월성동(월성무지개어린이집 부근),대구 달서구 월성동(월성무지개어린이집 부근),9,9,0,9,0,0,128.530299720736,35.831663083038,45.0,0.1333,0.7283,medium,주의
6932161,2024051,2024,2729011300,27290002,대구 달서구2,대구 달서구 감삼동(키즈앤맘어린이집 부근),대구 달서구 감삼동(키즈앤맘어린이집 부근),7,7,1,6,0,0,128.534507418029,35.850041538942,41.0,0.08,0.6361,medium,주의
6931953,2024051,2024,2729011300,27290003,대구 달서구3,대구 달서구 감삼동(파리바게뜨 대구월드마크점 부근),대구 달서구 감삼동(파리바게뜨 대구월드마크점 부근),7,7,1,6,0,0,128.537137438096,35.84791369865,41.0,0.08,0.6361,medium,주의
6931993,2024051,2024,2729011700,27290004,대구 달서구4,대구 달서구 진천동(사랑마을어린이집 부근),대구 달서구 진천동(사랑마을어린이집 부근),7,7,0,7,0,0,128.525392548479,35.812528546587,35.0,0.0,0.3196,low,관심
6931938,2024051,2024,2817710200,28177001,인천 미추홀구1,인천 미추홀구 용현동(예은어린이집 부근),인천 미추홀구 용현동(예은어린이집 부근),9,9,1,8,0,0,126.63861084707,37.453103486855,51.0,0.2133,0.8629,high,고위험
6932004,2024051,2024,2820010200,28200001,인천 남동구1,인천 남동구 간석동(간석자유시장 부근),인천 남동구 간석동(간석자유시장 부근),8,9,1,7,1,0,126.715246810907,37.463587737191,47.0,0.16,0.7893,medium,주의
6931971,2024051,2024,2823710100,28237001,인천 부평구1,인천 부평구 부평동(시장회전교차로 부근),인천 부평구 부평동(시장회전교차로 부근),7,7,0,7,0,0,126.727079291992,37.493924757648,35.0,0.0,0.3196,low,관심
6932039,2024051,2024,2911011000,29110001,광주 동구1,광주 동구 산수동(산수오거리 부근),광주 동구 산수동(산수오거리 부근),7,7,2,5,0,0,126.931357960363,35.154238775761,47.0,0.16,0.7893,medium,주의
6932071,2024051,2024,2911012200,29110002,광주 동구2,광주 동구 학동(전대병원응급실앞교차로 부근),광주 동구 학동(전대병원응급실앞교차로 부근),7,7,0,7,0,0,126.921252719112,35.140811571672,35.0,0.0,0.3196,low,관심
6932146,2024051,2024,2914012000,29140001,광주 서구1,광주 서구 치평동(타임 부근),광주 서구 치평동(타임 부근),7,7,0,7,0,0,126.854057597741,35.153608853163,35.0,0.0,0.3196,low,관심
6931959,2024051,2024,2917011300,29170001,광주 북구1,광주 북구 각화동(문흥지구입구교차로 부근),광주 북구 각화동(문흥지구입구교차로 부근),7,7,1,6,0,0,126.930664603661,35.180094223769,41.0,0.08,0.6361,medium,주의
6932198,2024051,2024,2917011000,29170002,광주 북구2,광주 북구 우산동(사랑이네생태한마리 부근),광주 북구 우산동(사랑이네생태한마리 부근),7,8,0,8,0,0,126.921139407808,35.172097282798,39.0,0.0533,0.432,medium,주의
6931987,2024051,2024,2917011400,29170003,광주 북구3,광주 북구 두암동(브레드세븐 두암점 부근),광주 북구 두암동(브레드세븐 두암점 부근),7,7,0,7,0,0,126.932845080843,35.166592428948,35.0,0.0,0.3196,low,관심
6931892,2024051,2024,2917012800,29170004,광주 북구4,광주 북구 양산동(명문약국 부근),광주 북구 양산동(명문약국 부근),7,7,0,7,0,0,126.874777499042,35.211495750632,35.0,0.0,0.3196,low,관심
6931881,2024051,2024,2920010100,29200001,광주 광산구1,광주 광산구 송정동(꿀단지약국 부근),광주 광산구 송정동(꿀단지약국 부근),7,7,1,6,0,0,126.796010400123,35.139562958251,41.0,0.08,0.6361,medium,주의
6931873,2024051,2024,3011011900,30110001,대전 동구1,대전 동구 정동(동해당약국 부근),대전 동구 정동(동해당약국 부근),12,14,0,12,2,0,127.431742615824,36.331839788637,62.0,0.36,0.9486,high,고위험
6932090,2024051,2024,3011011900,30110002,대전 동구2,대전 동구 정동(대전역지구대 부근),대전 동구 정동(대전역지구대 부근),8,11,0,9,2,0,127.433504219253,36.330511003895,46.0,0.1467,0.7722,medium,주의
6932194,2024051,2024,3014011300,30140001,대전 중구1,대전 중구 오류동(유명약국 부근),대전 중구 오류동(유명약국 부근),7,7,0,7,0,0,127.410053821637,36.322512477698,35.0,0.0,0.3196,low,관심
6931918,2024051,2024,3017011200,30170001,대전 서구1,대전 서구 둔산동(둔산탑약국 부근),대전 서구 둔산동(둔산탑약국 부근),14,14,0,14,0,0,127.375849526046,36.350261365335,70.0,0.4667,0.9753,high,고위험
6932114,2024051,2024,3017011200,30170002,대전 서구2,대전 서구 둔산동(은하수네거리 부근),대전 서구 둔산동(은하수네거리 부근),8,9,0,8,1,0,127.377877614792,36.351228880613,41.0,0.08,0.6361,medium,주의
6932012,2024051,2024,3017011200,30170003,대전 서구3,대전 서구 둔산동(온유네닭매운탕 부근),대전 서구 둔산동(온유네닭매운탕 부근),7,8,0,8,0,0,127.398418960507,36.349266796402,39.0,0.0533,0.432,medium,주의
6932102,2024051,2024,3023011100,30230001,대전 대덕구1,대전 대덕구 석봉동(신탄진시장 부근),대전 대덕구 석봉동(신탄진시장 부근),8,8,1,7,0,0,127.425999029957,36.450094639875,46.0,0.1467,0.7722,medium,주의
6932157,2024051,2024,3111011800,31110001,울산 중구1,울산 중구 반구동(중울산새마을금고교차로 부근),울산 중구 반구동(중울산새마을금고교차로 부근),7,7,2,5,0,0,129.338005502447,35.562024355421,47.0,0.16,0.7893,medium,주의
6931999,2024051,2024,3111010600,31110002,울산 중구2,울산 중구 성남동(성남치안센터 부근),울산 중구 성남동(성남치안센터 부근),7,7,0,7,0,0,129.320747558045,35.554839812655,35.0,0.0,0.3196,low,관심
6931832,2024051,2024,3111010600,31110003,울산 중구3,울산 중구 성남동(황제약국 부근),울산 중구 성남동(황제약국 부근),7,7,0,7,0,0,129.318318756399,35.555737421167,35.0,0.0,0.3196,low,관심
6932016,2024051,2024,3111010800,31110004,울산 중구4,울산 중구 우정동(태화약국 부근),울산 중구 우정동(태화약국 부근),7,7,0,7,0,0,129.306829201396,35.556778276058,35.0,0.0,0.3196,low,관심
6932055,2024051,2024,3114010800,31140001,울산 남구1,울산 남구 야음동(수암사거리 부근),울산 남구 야음동(수암사거리 부근),10,11,0,11,0,0,129.320790947094,35.527326047084,54.0,0.2533,0.8805,high,고위험
6932136,2024051,2024,3114010400,31140002,울산 남구2,울산 남구 신정동(신정시장사거리 부근),울산 남구 신정동(신정시장사거리 부근),10,10,0,10,0,0,129.311278514701,35.542316312334,50.0,0.2,0.8407,high,고위험
6932023,2024051,2024,3114010500,31140003,울산 남구3,울산 남구 달동(MH컨벤션사거리 부근),울산 남구 달동(MH컨벤션사거리 부근),7,7,0,7,0,0,129.332280612577,35.538325146002,35.0,0.0,0.3196,low,관심
6932011,2024051,2024,3117010300,31170001,울산 동구1,울산 동구 일산동(일산해수욕장사거리 부근),울산 동구 일산동(일산해수욕장사거리 부근),7,7,0,7,0,0,129.427988230955,35.497287439875,35.0,0.0,0.3196,low,관심
6931843,2024051,2024,3171025332,31710001,울산 울주군1,울산 울주군 언양읍(장터할매소머리국밥 부근),울산 울주군 언양읍(장터할매소머리국밥 부근),7,7,0,7,0,0,129.125170053421,35.562715565445,35.0,0.0,0.3196,low,관심
6931958,2024051,2024,3611025025,36110001,세종1,세종 조치원읍(좋은약국 부근),세종 조치원읍(좋은약국 부근),7,7,0,7,0,0,127.298563856947,36.600038103173,35.0,0.0,0.3196,low,관심
6932046,2024051,2024,4111113200,41111001,경기 수원시 장안구1,경기 수원시 장안구 율전동(성대역사거리 부근),경기 수원시 장안구 율전동(성대역사거리 부근),7,7,0,7,0,0,126.972718143358,37.300590628306,35.0,0.0,0.3196,low,관심
6932140,2024051,2024,4111113000,41111002,경기 수원시 장안구2,경기 수원시 장안구 정자동(정자시장 부근),경기 수원시 장안구 정자동(정자시장 부근),7,7,0,7,0,0,126.999762522022,37.290355578793,35.0,0.0,0.3196,low,관심
6932026,2024051,2024,4111312600,41113001,경기 수원시 권선구1,경기 수원시 권선구 세류동(정조사거리 부근),경기 수원시 권선구 세류동(정조사거리 부근),7,7,0,7,0,0,127.014579670891,37.261930056083,35.0,0.0,0.3196,low,관심
6932220,2024051,2024,4111514100,41115001,경기 수원시 팔달구1,경기 수원시 팔달구 인계동(무비사거리 부근),경기 수원시 팔달구 인계동(무비사거리 부근),12,13,0,12,1,0,127.030848336853,37.264879278668,61.0,0.3467,0.943,high,고위험
6932085,2024051,2024,4111513900,41115002,경기 수원시 팔달구2,경기 수원시 팔달구 지동(지동시장 부근),경기 수원시 팔달구 지동(지동시장 부근),9,10,0,10,0,0,127.018639043321,37.277686872905,49.0,0.1867,0.8065,high,고위험
6932082,2024051,2024,4111513800,41115003,경기 수원시 팔달구3,경기 수원시 팔달구 화서동(경기도지사공관교차로 부근),경기 수원시 팔달구 화서동(경기도지사공관교차로 부근),8,8,1,7,0,0,127.006553890894,37.282280501508,46.0,0.1467,0.7722,medium,주의
6931902,2024051,2024,4111512200,41115004,경기 수원시 팔달구4,경기 수원시 팔달구 팔달로3가(중동사거리 부근),경기 수원시 팔달구 팔달로3가(중동사거리 부근),8,8,0,8,0,0,127.016414438417,37.275633552929,40.0,0.0667,0.5282,medium,주의
6931872,2024051,2024,4111513800,41115005,경기 수원시 팔달구5,경기 수원시 팔달구 화서동(화서사거리 부근),경기 수원시 팔달구 화서동(화서사거리 부근),7,7,1,6,0,0,127.003783579438,37.278989487711,41.0,0.08,0.6361,medium,주의
6932224,2024051,2024,4111513700,41115006,경기 수원시 팔달구6,경기 수원시 팔달구 고등동(갓매산삼거리 부근),경기 수원시 팔달구 고등동(갓매산삼거리 부근),7,7,0,7,0,0,127.004203815475,37.269434947551,35.0,0.0,0.3196,low,관심
6931972,2024051,2024,4111514100,41115007,경기 수원시 팔달구7,경기 수원시 팔달구 인계동(라화플러스 본점 부근),경기 수원시 팔달구 인계동(라화플러스 본점 부근),7,7,0,7,0,0,127.031389901452,37.258703109076,35.0,0.0,0.3196,low,관심
6932232,2024051,2024,4111514100,41115008,경기 수원시 팔달구8,경기 수원시 팔달구 지동(영동사거리 부근),경기 수원시 팔달구 지동(영동사거리 부근),7,7,0,7,0,0,127.019478108867,37.275203747623,35.0,0.0,0.3196,low,관심
6932206,2024051,2024,4111512200,41115009,경기 수원시 팔달구9,경기 수원시 팔달구 팔달로3가(팔달문로터리 부근),경기 수원시 팔달구 팔달로3가(팔달문로터리 부근),7,7,0,7,0,0,127.016489538452,37.277765053515,35.0,0.0,0.3196,low,관심
6932186,2024051,2024,4111710100,41117001,경기 수원시 영통구1,경기 수원시 영통구 매탄동(행복한어린이집 부근),경기 수원시 영통구 매탄동(행복한어린이집 부근),7,7,0,7,0,0,127.042540773878,37.273239766641,35.0,0.0,0.3196,low,관심
6931965,2024051,2024,4113110300,41131001,경기 성남시 수정구1,경기 성남시 수정구 수진동(녹용당 약국 부근),경기 성남시 수정구 수진동(녹용당 약국 부근),12,12,0,12,0,0,127.132211658674,37.439749603875,60.0,0.3333,0.935,high,고위험
6931882,2024051,2024,4113110300,41131002,경기 성남시 수정구2,경기 성남시 수정구 수진동(365수정메디약국 부근),경기 성남시 수정구 수진동(365수정메디약국 부근),9,9,0,9,0,0,127.133950931826,37.441237758258,45.0,0.1333,0.7283,medium,주의
6932148,2024051,2024,4113110200,41131003,경기 성남시 수정구3,경기 성남시 수정구 태평동(탄리사거리 부근),경기 성남시 수정구 태평동(탄리사거리 부근),8,9,0,9,0,0,127.136288693459,37.441833367248,44.0,0.12,0.6779,medium,주의
6931823,2024051,2024,4113110100,41131004,경기 성남시 수정구4,경기 성남시 수정구 신흥동(숯골사거리 부근),경기 성남시 수정구 신흥동(숯골사거리 부근),7,8,0,8,0,0,127.141657389376,37.443669406826,39.0,0.0533,0.432,medium,주의
6931970,2024051,2024,4113110300,41131005,경기 성남시 수정구5,경기 성남시 수정구 수진동(수진지구대 부근),경기 성남시 수정구 수진동(수진지구대 부근),7,7,0,7,0,0,127.128558456158,37.434415582396,35.0,0.0,0.3196,low,관심
6932110,2024051,2024,4113110300,41131006,경기 성남시 수정구6,경기 성남시 수정구 수진동(정다운약국 부근),경기 성남시 수정구 수진동(정다운약국 부근),7,7,0,7,0,0,127.129290205184,37.440061815954,35.0,0.0,0.3196,low,관심
6932063,2024051,2024,4113110100,41131007,경기 성남시 수정구7,경기 성남시 수정구 신흥동(신흥지구대 부근),경기 성남시 수정구 신흥동(신흥지구대 부근),7,8,0,7,1,0,127.143925922165,37.441511599835,36.0,0.0133,0.3785,low,관심
6932100,2024051,2024,4113110600,41131008,경기 성남시 수정구8,경기 성남시 수정구 양지동(양지동행정복지센터 부근),경기 성남시 수정구 양지동(양지동행정복지센터 부근),7,7,0,7,0,0,127.160488437114,37.454995261484,35.0,0.0,0.3196,low,관심
6932211,2024051,2024,4113310100,41133001,경기 성남시 중원구1,경기 성남시 중원구 성남동(상아약국 부근),경기 성남시 중원구 성남동(상아약국 부근),11,11,0,11,0,0,127.130535997448,37.432708608559,55.0,0.2667,0.9007,high,고위험
6932155,2024051,2024,4113310100,41133002,경기 성남시 중원구2,경기 성남시 중원구 성남동(모란역 수인분당선 부근),경기 성남시 중원구 성남동(모란역 수인분당선 부근),9,9,1,8,0,0,127.12869412655,37.431725997813,51.0,0.2133,0.8629,high,고위험
6932065,2024051,2024,4113310500,41133003,경기 성남시 중원구3,경기 성남시 중원구 상대원동(조은어린이집 부근),경기 성남시 중원구 상대원동(조은어린이집 부근),7,7,1,6,0,0,127.158708185016,37.437453967035,41.0,0.08,0.6361,medium,주의
6931853,2024051,2024,4113310300,41133004,경기 성남시 중원구4,경기 성남시 중원구 금광동(단대오거리 부근),경기 성남시 중원구 금광동(단대오거리 부근),7,7,0,7,0,0,127.157350000482,37.44526492758,35.0,0.0,0.3196,low,관심
6931858,2024051,2024,4115010100,41150001,경기 의정부시1,경기 의정부시 의정부동(시장보건약국 부근),경기 의정부시 의정부동(시장보건약국 부근),11,11,0,11,0,0,127.051575876566,37.74134105307,55.0,0.2667,0.9007,high,고위험
6932022,2024051,2024,4115010100,41150002,경기 의정부시2,경기 의정부시 의정부동(스타약국 부근),경기 의정부시 의정부동(스타약국 부근),7,7,1,6,0,0,127.052299600933,37.744466708951,41.0,0.08,0.6361,medium,주의
6932060,2024051,2024,4115010100,41150003,경기 의정부시3,경기 의정부시 의정부동(의정부제일시장 부근),경기 의정부시 의정부동(의정부제일시장 부근),7,7,0,7,0,0,127.05008465885,37.73910441882,35.0,0.0,0.3196,low,관심
6931933,2024051,2024,4117110100,41171001,경기 안양시 만안구1,경기 안양시 만안구 안양동(안양유치원 부근),경기 안양시 만안구 안양동(안양유치원 부근),13,13,0,13,0,0,126.921079028121,37.396711064391,65.0,0.4,0.9597,high,고위험
6931833,2024051,2024,4117110100,41171002,경기 안양시 만안구2,경기 안양시 만안구 안양동(안양역로터리 부근),경기 안양시 만안구 안양동(안양역로터리 부근),8,8,0,8,0,0,126.921634802198,37.400837551864,40.0,0.0667,0.5282,medium,주의
6931975,2024051,2024,4117110100,41171003,경기 안양시 만안구3,경기 안양시 만안구 안양동(삼덕공원약국 부근),경기 안양시 만안구 안양동(삼덕공원약국 부근),7,7,0,7,0,0,126.918554371516,37.398852950898,35.0,0.0,0.3196,low,관심
6932166,2024051,2024,4117310400,41173001,경기 안양시 동안구1,경기 안양시 동안구 호계동(범계역사거리 부근),경기 안양시 동안구 호계동(범계역사거리 부근),7,7,0,7,0,0,126.950176090051,37.391008249537,35.0,0.0,0.3196,low,관심
6932098,2024051,2024,4119210200,41192001,경기 부천시 원미구1,경기 부천시 원미구 심곡동(북부역사거리 부근),경기 부천시 원미구 심곡동(북부역사거리 부근),10,10,0,10,0,0,126.783312576634,37.485302941367,50.0,0.2,0.8407,high,고위험
6931927,2024051,2024,4119210100,41192002,경기 부천시 원미구2,경기 부천시 원미구 원미동(원미1동삼거리 부근),경기 부천시 원미구 원미동(원미1동삼거리 부근),8,9,0,8,1,0,126.786074426093,37.497249637436,41.0,0.08,0.6361,medium,주의
6931868,2024051,2024,4119210100,41192003,경기 부천시 원미구3,경기 부천시 원미구 원미동(북교사거리 부근),경기 부천시 원미구 원미동(북교사거리 부근),7,7,1,6,0,0,126.784643494546,37.492661346229,41.0,0.08,0.6361,medium,주의
6931919,2024051,2024,4119210600,41192004,경기 부천시 원미구4,경기 부천시 원미구 소사동(다나어린이집 부근),경기 부천시 원미구 소사동(다나어린이집 부근),7,7,0,7,0,0,126.791081303048,37.485466675876,35.0,0.0,0.3196,low,관심
6931891,2024051,2024,4119210200,41192005,경기 부천시 원미구5,경기 부천시 원미구 심곡동(김호미닭발 부근),경기 부천시 원미구 심곡동(김호미닭발 부근),7,7,0,7,0,0,126.778986758561,37.486884502226,35.0,0.0,0.3196,low,관심
6931951,2024051,2024,4119210700,41192006,경기 부천시 원미구6,경기 부천시 원미구 역곡동(역곡북부역사거리 부근),경기 부천시 원미구 역곡동(역곡북부역사거리 부근),7,7,0,7,0,0,126.810901841442,37.485620693482,35.0,0.0,0.3196,low,관심
6931862,2024051,2024,4119410400,41194001,경기 부천시 소사구1,경기 부천시 소사구 괴안동(역곡남부역사거리 부근),경기 부천시 소사구 괴안동(역곡남부역사거리 부근),9,9,1,8,0,0,126.811928969203,37.484008753223,51.0,0.2133,0.8629,high,고위험
6932176,2024051,2024,4119410200,41194002,경기 부천시 소사구2,경기 부천시 소사구 심곡본동(자유시장앞교차로 부근),경기 부천시 소사구 심곡본동(자유시장앞교차로 부근),7,7,2,5,0,0,126.780197850499,37.483034845982,47.0,0.16,0.7893,medium,주의
6932165,2024051,2024,4119410100,41194003,경기 부천시 소사구3,경기 부천시 소사구 소사본동(부천교 부근),경기 부천시 소사구 소사본동(부천교 부근),7,8,1,6,1,0,126.794890844966,37.4817955643,42.0,0.0933,0.6542,medium,주의
6932028,2024051,2024,4119410400,41194004,경기 부천시 소사구4,경기 부천시 소사구 괴안동(성심고가사거리 부근),경기 부천시 소사구 괴안동(성심고가사거리 부근),7,7,1,6,0,0,126.805952310911,37.481440995041,41.0,0.08,0.6361,medium,주의
6931851,2024051,2024,4119610500,41196001,경기 부천시 오정구1,경기 부천시 오정구 고강동(고강사거리 부근),경기 부천시 오정구 고강동(고강사거리 부근),9,9,0,9,0,0,126.816349936203,37.528145344067,45.0,0.1333,0.7283,medium,주의
6931974,2024051,2024,4119610400,41196002,경기 부천시 오정구2,경기 부천시 오정구 원종동(성곡사거리 부근),경기 부천시 오정구 원종동(성곡사거리 부근),8,9,0,9,0,0,126.804561718071,37.519190338655,44.0,0.12,0.6779,medium,주의
6931994,2024051,2024,4119610400,41196003,경기 부천시 오정구3,경기 부천시 오정구 원종동(원종사거리 부근),경기 부천시 오정구 원종동(원종사거리 부근),8,8,0,8,0,0,126.805523588491,37.523463872474,40.0,0.0667,0.5282,medium,주의
6932181,2024051,2024,4121010100,41210001,경기 광명시1,경기 광명시 광명동(광명4동 행정복지센터 임시청사 부근),경기 광명시 광명동(광명4동 행정복지센터 임시청사 부근),12,12,1,11,0,0,126.857622617062,37.478220984085,66.0,0.4133,0.9647,high,고위험
6931849,2024051,2024,4121010100,41210002,경기 광명시2,경기 광명시 광명동(광명사거리 부근),경기 광명시 광명동(광명사거리 부근),11,11,0,11,0,0,126.854715832695,37.478995045209,55.0,0.2667,0.9007,high,고위험
6931995,2024051,2024,4121010300,41210003,경기 광명시3,경기 광명시 하안동(하안사거리 부근),경기 광명시 하안동(하안사거리 부근),7,9,0,7,1,1,126.879230579461,37.461939803506,36.5,0.02,0.381,low,관심
6931889,2024051,2024,4122011300,41220001,경기 평택시1,경기 평택시 평택동(국민은행사거리 부근),경기 평택시 평택동(국민은행사거리 부근),10,10,0,10,0,0,127.08942227308,36.99210268239,50.0,0.2,0.8407,high,고위험
6932172,2024051,2024,4122011400,41220002,경기 평택시2,경기 평택시 통복동(경기약국 부근),경기 평택시 통복동(경기약국 부근),9,9,1,8,0,0,127.085685661126,36.995131661198,51.0,0.2133,0.8629,high,고위험
6932008,2024051,2024,4122011300,41220003,경기 평택시3,경기 평택시 평택동(영진약국 부근),경기 평택시 평택동(영진약국 부근),8,8,1,7,0,0,127.087046172968,36.992341410357,46.0,0.1467,0.7722,medium,주의
6932227,2024051,2024,4122011700,41220004,경기 평택시4,경기 평택시 합정동(민들레어린이집 부근),경기 평택시 합정동(민들레어린이집 부근),8,9,0,9,0,0,127.088731872971,36.990247157372,44.0,0.12,0.6779,medium,주의
6931888,2024051,2024,4122010100,41220005,경기 평택시5,"경기 평택시 서정동(서정P,B사거리 부근)","경기 평택시 서정동(서정P,B사거리 부근)",8,8,0,8,0,0,127.05627027357,37.057166856223,40.0,0.0667,0.5282,medium,주의
6931897,2024051,2024,4122011800,41220006,경기 평택시6,경기 평택시 비전동(평택경찰서오거리 부근),경기 평택시 비전동(평택경찰서오거리 부근),7,7,0,7,0,0,127.090074582391,36.993566675587,35.0,0.0,0.3196,low,관심
6932230,2024051,2024,4122011200,41220007,경기 평택시7,경기 평택시 신장동(수약국 부근),경기 평택시 신장동(수약국 부근),7,7,0,7,0,0,127.055427781457,37.081945917003,35.0,0.0,0.3196,low,관심
6931912,2024051,2024,4127310900,41273001,경기 안산시 단원구1,경기 안산시 단원구 선부동(시립달미어린이집 부근),경기 안산시 단원구 선부동(시립달미어린이집 부근),9,9,1,8,0,0,126.812909926126,37.335128967195,51.0,0.2133,0.8629,high,고위험
6932236,2024051,2024,4127310800,41273002,경기 안산시 단원구2,경기 안산시 단원구 원곡동(계림약국 부근),경기 안산시 단원구 원곡동(계림약국 부근),7,7,0,7,0,0,126.792628922906,37.330577488927,35.0,0.0,0.3196,low,관심
6931985,2024051,2024,4128111600,41281001,경기 고양시 덕양구1,경기 고양시 덕양구 고양동(시립고양어린이집 부근),경기 고양시 덕양구 고양동(시립고양어린이집 부근),8,8,0,8,0,0,126.901541785733,37.703093514667,40.0,0.0667,0.5282,medium,주의
6932072,2024051,2024,4128110100,41281002,경기 고양시 덕양구2,경기 고양시 덕양구 주교동(맛있는고깃집 부근),경기 고양시 덕양구 주교동(맛있는고깃집 부근),7,8,0,8,0,0,126.834973063121,37.657164704276,39.0,0.0533,0.432,medium,주의
6931896,2024051,2024,4128112800,41281003,경기 고양시 덕양구3,경기 고양시 덕양구 행신동(가라뫼사거리 부근),경기 고양시 덕양구 행신동(가라뫼사거리 부근),7,7,0,7,0,0,126.844161757537,37.618866839078,35.0,0.0,0.3196,low,관심
6932093,2024051,2024,4128112300,41281004,경기 고양시 덕양구4,경기 고양시 덕양구 화정동(백양초등학교앞교차로 부근),경기 고양시 덕양구 화정동(백양초등학교앞교차로 부근),7,7,0,7,0,0,126.833659951614,37.634876700056,35.0,0.0,0.3196,low,관심
6931816,2024051,2024,4128510400,41285001,경기 고양시 일산동구1,경기 고양시 일산동구 마두동(마두역 3호선 부근),경기 고양시 일산동구 마두동(마두역 3호선 부근),7,7,0,7,0,0,126.777267614804,37.652057565308,35.0,0.0,0.3196,low,관심
6932199,2024051,2024,4128510600,41285002,경기 고양시 일산동구2,경기 고양시 일산동구 백석동(백석역사거리 부근),경기 고양시 일산동구 백석동(백석역사거리 부근),7,7,0,7,0,0,126.787473968623,37.642857366301,35.0,0.0,0.3196,low,관심
6932134,2024051,2024,4128710200,41287001,경기 고양시 일산서구1,경기 고양시 일산서구 주엽동(주엽역 3호선 부근),경기 고양시 일산서구 주엽동(주엽역 3호선 부근),9,9,0,9,0,0,126.760511005145,37.67014649614,45.0,0.1333,0.7283,medium,주의
6931860,2024051,2024,4131010500,41310001,경기 구리시1,경기 구리시 수택동(구리전통시장 부근),경기 구리시 수택동(구리전통시장 부근),7,9,1,6,2,0,127.139374486084,37.599871921748,43.0,0.1067,0.6628,medium,주의
6931976,2024051,2024,4131010500,41310002,경기 구리시2,경기 구리시 수택동(수택2동행정복지센터 부근),경기 구리시 수택동(수택2동행정복지센터 부근),7,7,0,7,0,0,127.139812348562,37.592512868517,35.0,0.0,0.3196,low,관심
6931810,2024051,2024,4136025021,41360001,경기 남양주시1,경기 남양주시 와부읍(덕소삼거리 부근),경기 남양주시 와부읍(덕소삼거리 부근),9,9,1,8,0,0,127.212085683623,37.586235117683,51.0,0.2133,0.8629,high,고위험
6931978,2024051,2024,4136025621,41360002,경기 남양주시2,경기 남양주시 화도읍(송우약국 부근),경기 남양주시 화도읍(송우약국 부근),8,9,1,7,1,0,127.307457412197,37.652301807226,47.0,0.16,0.7893,medium,주의
6931848,2024051,2024,4136025622,41360003,경기 남양주시3,경기 남양주시 화도읍(법인 진달래어린이집 부근),경기 남양주시 화도읍(법인 진달래어린이집 부근),7,7,0,7,0,0,127.274995898401,37.656726385065,35.0,0.0,0.3196,low,관심
6931924,2024051,2024,4137010100,41370001,경기 오산시1,경기 오산시 오산동(중앙파출소 부근),경기 오산시 오산동(중앙파출소 부근),11,11,1,10,0,0,127.068288985234,37.146187288285,61.0,0.3467,0.943,high,고위험
6931989,2024051,2024,4139013200,41390001,경기 시흥시1,경기 시흥시 정왕동(공단선교어린이집 부근),경기 시흥시 정왕동(공단선교어린이집 부근),10,10,0,10,0,0,126.74790519515,37.344689429906,50.0,0.2,0.8407,high,고위험
6931926,2024051,2024,4139010200,41390002,경기 시흥시2,경기 시흥시 신천동(태광약국 부근),경기 시흥시 신천동(태광약국 부근),7,7,0,7,0,0,126.782991494707,37.439463020922,35.0,0.0,0.3196,low,관심
6931864,2024051,2024,4141010400,41410001,경기 군포시1,경기 군포시 산본동(솔약국 부근),경기 군포시 산본동(솔약국 부근),8,8,0,8,0,0,126.931519654151,37.360603125871,40.0,0.0667,0.5282,medium,주의
6931871,2024051,2024,4141010100,41410002,경기 군포시2,경기 군포시 당동(당동우체국사거리 부근),경기 군포시 당동(당동우체국사거리 부근),7,7,1,6,0,0,126.944021284695,37.350522053243,41.0,0.08,0.6361,medium,주의
6932050,2024051,2024,4143010300,41430001,경기 의왕시1,경기 의왕시 삼동(오로라어린이집 부근),경기 의왕시 삼동(오로라어린이집 부근),7,7,0,7,0,0,126.952189138011,37.318029319747,35.0,0.0,0.3196,low,관심
6931883,2024051,2024,4145010600,41450001,경기 하남시1,경기 하남시 신장동(신장사거리 부근),경기 하남시 신장동(신장사거리 부근),10,10,0,10,0,0,127.204313187582,37.538169226164,50.0,0.2,0.8407,high,고위험
6932221,2024051,2024,4145010600,41450002,경기 하남시2,경기 하남시 신장동(사무엘어린이집 부근),경기 하남시 신장동(사무엘어린이집 부근),8,10,0,8,2,0,127.206279726361,37.540377953107,42.0,0.0933,0.6542,medium,주의
6932210,2024051,2024,4145010800,41450003,경기 하남시3,경기 하남시 덕풍동(건강한약국 부근),경기 하남시 덕풍동(건강한약국 부근),7,7,0,7,0,0,127.202064456774,37.540060931717,35.0,0.0,0.3196,low,관심
6932222,2024051,2024,4145010600,41450004,경기 하남시4,경기 하남시 신장동(덕보교교차로 부근),경기 하남시 신장동(덕보교교차로 부근),7,7,0,7,0,0,127.208994947953,37.53638715374,35.0,0.0,0.3196,low,관심
6932133,2024051,2024,4146110100,41461001,경기 용인시 처인구1,경기 용인시 처인구 김량장동(처인구청 부근),경기 용인시 처인구 김량장동(처인구청 부근),7,7,0,7,0,0,127.201418081253,37.234001481559,35.0,0.0,0.3196,low,관심
6931981,2024051,2024,4146510100,41465001,경기 용인시 수지구1,경기 용인시 수지구 풍덕천동(시립수지어린이집 부근),경기 용인시 수지구 풍덕천동(시립수지어린이집 부근),7,7,0,7,0,0,127.097163673954,37.323398038179,35.0,0.0,0.3196,low,관심
6932147,2024051,2024,4148010100,41480001,경기 파주시1,경기 파주시 금촌동(금촌로터리 부근),경기 파주시 금촌동(금촌로터리 부근),10,11,0,11,0,0,126.773491955354,37.757345687422,54.0,0.2533,0.8805,high,고위험
6931960,2024051,2024,4148010100,41480002,경기 파주시2,경기 파주시 금촌동(금촌역 경의중앙선 부근),경기 파주시 금촌동(금촌역 경의중앙선 부근),8,8,0,8,0,0,126.775329523896,37.765762152558,40.0,0.0667,0.5282,medium,주의
6932115,2024051,2024,4150010300,41500001,경기 이천시1,경기 이천시 중리동(터미널사거리 부근),경기 이천시 중리동(터미널사거리 부근),8,11,1,8,2,0,127.447026978964,37.27837920931,52.0,0.2267,0.8705,high,고위험
6932190,2024051,2024,4155011800,41550001,경기 안성시1,경기 안성시 석정동(굿모닝약국 부근),경기 안성시 석정동(굿모닝약국 부근),9,11,0,10,1,0,127.26737507458,37.007687722432,50.0,0.2,0.8407,high,고위험
6931886,2024051,2024,4155011300,41550002,경기 안성시2,경기 안성시 인지동(인지사거리 부근),경기 안성시 인지동(인지사거리 부근),7,7,1,6,0,0,127.269641155177,37.004680776075,41.0,0.08,0.6361,medium,주의
6931879,2024051,2024,4155011800,41550003,경기 안성시3,경기 안성시 석정동(중앙지구대 부근),경기 안성시 석정동(중앙지구대 부근),7,7,0,7,0,0,127.262660324481,37.009094051175,35.0,0.0,0.3196,low,관심
6931798,2024051,2024,4157010900,41570001,경기 김포시1,경기 김포시 구래동(리슈빌하나어린이집 부근),경기 김포시 구래동(리슈빌하나어린이집 부근),7,7,0,7,0,0,126.626272740444,37.643547306664,35.0,0.0,0.3196,low,관심
6932073,2024051,2024,4159026221,41590001,경기 화성시1,경기 화성시 남양읍(남양시장 부근),경기 화성시 남양읍(남양시장 부근),7,8,1,6,1,0,126.817077087969,37.208906772354,42.0,0.0933,0.6542,medium,주의
6931855,2024051,2024,4161010100,41610001,경기 광주시1,경기 광주 경안동(감초당약국 부근),경기 광주 경안동(감초당약국 부근),9,11,1,9,1,0,127.258998664133,37.410159223783,56.0,0.28,0.9108,high,고위험
6931942,2024051,2024,4161011200,41610002,경기 광주시2,경기 광주 역동(시장입구교차로 부근),경기 광주 역동(시장입구교차로 부근),7,8,1,7,0,0,127.259819533297,37.406600674234,45.0,0.1333,0.7283,medium,주의
6931834,2024051,2024,4161011200,41610003,경기 광주시3,경기 광주 역동(중앙약국 부근),경기 광주 역동(중앙약국 부근),7,9,0,8,1,0,127.258825453482,37.408279721994,40.0,0.0667,0.5282,medium,주의
6932124,2024051,2024,4165025021,41650001,경기 포천시1,경기 포천시 소흘읍(BHC치킨 소흘점 부근),경기 포천시 소흘읍(BHC치킨 소흘점 부근),8,9,0,8,1,0,127.141780285177,37.828234697822,41.0,0.08,0.6361,medium,주의
6931794,2024051,2024,4180025321,41800001,경기 연천군1,경기 연천군 전곡읍(성심미소약국 부근),경기 연천군 전곡읍(성심미소약국 부근),7,7,0,7,0,0,127.067076726647,38.027380720534,35.0,0.0,0.3196,low,관심
6932168,2024051,2024,4183025021,41830001,경기 양평군1,경기 양평군 양평읍(양평물맑은시장 부근),경기 양평군 양평읍(양평물맑은시장 부근),7,7,0,7,0,0,127.492694260566,37.490045975897,35.0,0.0,0.3196,low,관심
6931847,2024051,2024,5111012000,51110001,강원 춘천시1,강원 춘천시 후평동(21세기약국 부근),강원 춘천시 후평동(21세기약국 부근),8,9,0,8,1,0,127.750610444593,37.880028056316,41.0,0.08,0.6361,medium,주의
6931908,2024051,2024,5111012000,51110002,강원 춘천시2,강원 춘천시 후평동(모이자호프 부근),강원 춘천시 후평동(모이자호프 부근),7,7,1,6,0,0,127.74251003652,37.879643090911,41.0,0.08,0.6361,medium,주의
6932205,2024051,2024,5113011000,51130001,강원 원주시1,강원 원주시 단계동(D마트약국 부근),강원 원주시 단계동(D마트약국 부근),7,8,0,8,0,0,127.931281106649,37.347414336309,39.0,0.0533,0.432,medium,주의
6931928,2024051,2024,5121010600,51210001,강원 속초시1,강원 속초시 교동(만천사거리 부근),강원 속초시 교동(만천사거리 부근),7,7,0,7,0,0,128.575391687386,38.197154013165,35.0,0.0,0.3196,low,관심
6932058,2024051,2024,4311111100,43111001,충북 청주시 상당구1,충북 청주시 상당구 석교동(상당건강약국 부근),충북 청주시 상당구 석교동(상당건강약국 부근),9,9,0,9,0,0,127.490376222359,36.627032070233,45.0,0.1333,0.7283,medium,주의
6931846,2024051,2024,4313012400,43130001,충북 충주시1,충북 충주시 충의동(장춘당약국 부근),충북 충주시 충의동(장춘당약국 부근),9,9,0,9,0,0,127.929728322807,36.973302617862,45.0,0.1333,0.7283,medium,주의
6932208,2024051,2024,4313010400,43130002,충북 충주시2,충북 충주시 충인동(대가미교 부근),충북 충주시 충인동(대가미교 부근),7,7,0,7,0,0,127.930178688402,36.97575597063,35.0,0.0,0.3196,low,관심
6932034,2024051,2024,4315010700,43150001,충북 제천시1,충북 제천시 중앙로2가(동문시장 부근),충북 제천시 중앙로2가(동문시장 부근),7,7,1,6,0,0,128.212777467906,37.138341998066,41.0,0.08,0.6361,medium,주의
6931990,2024051,2024,4373025036,43730001,충북 옥천군1,충북 옥천군 옥천읍(활어도매시장 부근),충북 옥천군 옥천읍(활어도매시장 부근),7,7,0,7,0,0,127.567483773437,36.302120425731,35.0,0.0,0.3196,low,관심
6932128,2024051,2024,4374025021,43740001,충북 영동군1,충북 영동군 영동읍(중앙회전사거리 부근),충북 영동군 영동읍(중앙회전사거리 부근),8,10,0,8,2,0,127.777441995878,36.175030807929,42.0,0.0933,0.6542,medium,주의
6932150,2024051,2024,4374525023,43745001,충북 증평군1,충북 증평군 증평읍(우정약국 부근),충북 증평군 증평읍(우정약국 부근),8,8,1,7,0,0,127.582281929434,36.784297644041,46.0,0.1467,0.7722,medium,주의
6932033,2024051,2024,4374525025,43745002,충북 증평군2,충북 증평군 증평읍(가족사랑종로약국 부근),충북 증평군 증평읍(가족사랑종로약국 부근),7,7,1,6,0,0,127.580262760979,36.78344880161,41.0,0.08,0.6361,medium,주의
6931922,2024051,2024,4375025026,43750001,충북 진천군1,충북 진천군 진천읍(터미널약국 부근),충북 진천군 진천읍(터미널약국 부근),7,7,1,6,0,0,127.438674543797,36.859800471598,41.0,0.08,0.6361,medium,주의
6931801,2024051,2024,4380025026,43800001,충북 단양군1,충북 단양군 단양읍(시장약국 부근),충북 단양군 단양읍(시장약국 부근),7,8,0,8,0,0,128.368681423991,36.981899685147,39.0,0.0533,0.432,medium,주의
6932024,2024051,2024,4413110500,44131001,충남 천안시 동남구1,충남 천안시 동남구 영성동(건강누리약국 부근),충남 천안시 동남구 영성동(건강누리약국 부근),9,10,2,7,1,0,127.152233654263,36.797863587657,58.0,0.3067,0.9234,high,고위험
6932106,2024051,2024,4413111800,44131002,충남 천안시 동남구2,충남 천안시 동남구 신부동(조인약국 부근),충남 천안시 동남구 신부동(조인약국 부근),7,7,1,6,0,0,127.155826465965,36.818622528186,41.0,0.08,0.6361,medium,주의
6932247,2024051,2024,4413111800,44131003,충남 천안시 동남구3,충남 천안시 동남구 신부동(방죽안오거리 부근),충남 천안시 동남구 신부동(방죽안오거리 부근),7,10,0,8,2,0,127.152960475914,36.818509476208,41.0,0.08,0.6361,medium,주의
6932087,2024051,2024,4413110400,44131004,충남 천안시 동남구4,충남 천안시 동남구 사직동(사직천안종합약국 부근),충남 천안시 동남구 사직동(사직천안종합약국 부근),7,7,0,7,0,0,127.149840239626,36.800750441248,35.0,0.0,0.3196,low,관심
6931792,2024051,2024,4413310700,44133001,충남 천안시 서북구1,충남 천안시 서북구 쌍용동(일봉산사거리 부근),충남 천안시 서북구 쌍용동(일봉산사거리 부근),8,8,0,8,0,0,127.130309656463,36.797923830022,40.0,0.0667,0.5282,medium,주의
6931878,2024051,2024,4413310400,44133002,충남 천안시 서북구2,충남 천안시 서북구 두정동(두정먹자골목 부근),충남 천안시 서북구 두정동(두정먹자골목 부근),7,7,0,7,0,0,127.135991466691,36.832805831477,35.0,0.0,0.3196,low,관심
6932021,2024051,2024,4415010500,44150001,충남 공주시1,충남 공주시 산성동(공주산성시장 부근),충남 공주시 산성동(공주산성시장 부근),7,7,0,7,0,0,127.123863641032,36.458429943386,35.0,0.0,0.3196,low,관심
6932099,2024051,2024,4418010100,44180001,충남 보령시1,충남 보령시 대천동(명문당사거리 부근),충남 보령시 대천동(명문당사거리 부근),12,12,0,12,0,0,126.597399972012,36.34975534151,60.0,0.3333,0.935,high,고위험
6931998,2024051,2024,4418010100,44180002,충남 보령시2,충남 보령시 대천동(시장약국 부근),충남 보령시 대천동(시장약국 부근),8,8,0,8,0,0,126.593739793147,36.349667469891,40.0,0.0667,0.5282,medium,주의
6932209,2024051,2024,4420010100,44200001,충남 아산시1,충남 아산시 온천동(역전삼거리 부근),충남 아산시 온천동(역전삼거리 부근),12,13,0,12,0,1,127.004620922533,36.781307978583,60.5,0.34,0.936,high,고위험
6931884,2024051,2024,4420010100,44200002,충남 아산시2,충남 아산시 온천동(꼬마쎄어린이집 부근),충남 아산시 온천동(꼬마쎄어린이집 부근),8,8,0,8,0,0,126.999152186454,36.780329524714,40.0,0.0667,0.5282,medium,주의
6931852,2024051,2024,4420010100,44200003,충남 아산시3,충남 아산시 온천동(온양상설시장 부근),충남 아산시 온천동(온양상설시장 부근),7,7,0,7,0,0,127.001612034208,36.784184939025,35.0,0.0,0.3196,low,관심
6932144,2024051,2024,4420010100,44200004,충남 아산시4,충남 아산시 온천동(온양온천시장 부근),충남 아산시 온천동(온양온천시장 부근),7,7,0,7,0,0,127.003470882005,36.783018421246,35.0,0.0,0.3196,low,관심
6932145,2024051,2024,4420010100,44200005,충남 아산시5,충남 아산시 온천동(온양온천역 족욕체험장 부근),충남 아산시 온천동(온양온천역 족욕체험장 부근),7,7,0,7,0,0,127.004382205566,36.780004364872,35.0,0.0,0.3196,low,관심
6932170,2024051,2024,4421010200,44210001,충남 서산시1,충남 서산시 동문동(독일약국 부근),충남 서산시 동문동(독일약국 부근),7,7,0,7,0,0,126.457412964579,36.783503496871,35.0,0.0,0.3196,low,관심
6931903,2024051,2024,4421010200,44210002,충남 서산시2,충남 서산시 동문동(새봄약국 부근),충남 서산시 동문동(새봄약국 부근),7,7,0,7,0,0,126.460027122862,36.782371011939,35.0,0.0,0.3196,low,관심
6931991,2024051,2024,4421010100,44210003,충남 서산시3,충남 서산시 읍내동(또순이순대국감자탕 부근),충남 서산시 읍내동(또순이순대국감자탕 부근),7,7,0,7,0,0,126.448492317426,36.785232501334,35.0,0.0,0.3196,low,관심
6932202,2024051,2024,4421010100,44210004,충남 서산시4,충남 서산시 읍내동(부춘동주민자치센터 부근),충남 서산시 읍내동(부춘동주민자치센터 부근),7,7,0,7,0,0,126.449607987828,36.7800493971,35.0,0.0,0.3196,low,관심
6931813,2024051,2024,4427010100,44270001,충남 당진시1,충남 당진시 읍내동(당진구터미널로터리 부근),충남 당진시 읍내동(당진구터미널로터리 부근),11,12,1,10,1,0,126.630649218966,36.894488276474,62.0,0.36,0.9486,high,고위험
6932097,2024051,2024,4427010100,44270002,충남 당진시2,충남 당진시 읍내동(맹구버거 부근),충남 당진시 읍내동(맹구버거 부근),7,7,0,7,0,0,126.628111559894,36.892017656342,35.0,0.0,0.3196,low,관심
6931822,2024051,2024,4476025029,44760001,충남 부여군1,충남 부여군 부여읍(제일약국 부근),충남 부여군 부여읍(제일약국 부근),12,13,0,12,1,0,126.909673310711,36.281939487078,61.0,0.3467,0.943,high,고위험
6931817,2024051,2024,4477025321,44770001,충남 서천군1,충남 서천군 서천읍(서천특화시장 부근),충남 서천군 서천읍(서천특화시장 부근),10,10,0,10,0,0,126.687458320977,36.075328360522,50.0,0.2,0.8407,high,고위험
6932242,2024051,2024,4482525021,44825001,충남 태안군1,충남 태안군 태안읍(종합약국 부근),충남 태안군 태안읍(종합약국 부근),8,8,0,8,0,0,126.297389076319,36.753110185125,40.0,0.0667,0.5282,medium,주의
6931973,2024051,2024,4482525022,44825002,충남 태안군2,충남 태안군 태안읍(우체국사거리 부근),충남 태안군 태안읍(우체국사거리 부근),7,7,0,7,0,0,126.298115862078,36.751269810355,35.0,0.0,0.3196,low,관심
6932096,2024051,2024,5211112800,52111001,전북 전주시 완산구1,전북 전주시 완산구 중화산동2가(고향숯불에구운 족발보쌈 전북본점 부근),전북 전주시 완산구 중화산동2가(고향숯불에구운 족발보쌈 전북본점 부근),7,7,0,7,0,0,127.117608124466,35.812911065625,35.0,0.0,0.3196,low,관심
6931898,2024051,2024,5211113300,52111002,전북 전주시 완산구2,전북 전주시 완산구 평화동2가(평화119안전센터 부근),전북 전주시 완산구 평화동2가(평화119안전센터 부근),7,7,0,7,0,0,127.133534791887,35.786513362675,35.0,0.0,0.3196,low,관심
6931935,2024051,2024,5211113300,52111003,전북 전주시 완산구3,전북 전주시 완산구 평화동2가(학산어린이집 부근),전북 전주시 완산구 평화동2가(학산어린이집 부근),7,7,0,7,0,0,127.131938869925,35.791810659588,35.0,0.0,0.3196,low,관심
6931946,2024051,2024,5214011200,52140001,전북 익산시1,전북 익산시 마동(동산오거리 부근),전북 익산시 마동(동산오거리 부근),7,10,1,6,3,0,126.965425404692,35.935239318131,44.0,0.12,0.6779,medium,주의
6931845,2024051,2024,5214012200,52140002,전북 익산시2,전북 익산시 영등동(영등2동주민센터 복지민원 부근),전북 익산시 영등동(영등2동주민센터 복지민원 부근),7,8,0,7,1,0,126.97667238797,35.959352651604,36.0,0.0133,0.3785,low,관심
6931945,2024051,2024,5221010100,52210001,전북 김제시1,전북 김제시 요촌동(전통시장사거리 부근),전북 김제시 요촌동(전통시장사거리 부근),7,8,0,8,0,0,126.88451402555,35.800807802927,39.0,0.0533,0.432,medium,주의
6932057,2024051,2024,4611015800,46110001,전남 목포시1,전남 목포시 상동(옵티마현대약국 부근),전남 목포시 상동(옵티마현대약국 부근),7,7,1,6,0,0,126.418378024341,34.810385986674,41.0,0.08,0.6361,medium,주의
6931867,2024051,2024,4613011200,46130001,전남 여수시1,전남 여수시 서교동(한재사거리 부근),전남 여수시 서교동(한재사거리 부근),9,14,5,8,1,0,127.728725988346,34.742381192307,92.0,0.76,0.998,high,고위험
6932078,2024051,2024,4613010800,46130002,전남 여수시2,전남 여수시 교동(여수바이킹야시장 부근),전남 여수시 교동(여수바이킹야시장 부근),9,9,0,9,0,0,127.732125356486,34.738537499394,45.0,0.1333,0.7283,medium,주의
6932125,2024051,2024,4613011300,46130003,전남 여수시3,전남 여수시 서교동(여수전통서시장 부근),전남 여수시 서교동(여수전통서시장 부근),8,9,0,8,0,1,127.728902256246,34.74033363316,40.5,0.0733,0.5323,medium,주의
6932213,2024051,2024,4613010800,46130004,전남 여수시4,전남 여수시 교동(교동사거리 부근),전남 여수시 교동(교동사거리 부근),7,7,0,7,0,0,127.731446840203,34.740512868392,35.0,0.0,0.3196,low,관심
6932192,2024051,2024,4613011900,46130005,전남 여수시5,전남 여수시 여서동(여서농협삼거리 부근),전남 여수시 여서동(여서농협삼거리 부근),7,7,0,7,0,0,127.705699690751,34.754230012929,35.0,0.0,0.3196,low,관심
6932117,2024051,2024,4613011900,46130006,전남 여수시6,전남 여수시 여서동(태평양약국 부근),전남 여수시 여서동(태평양약국 부근),7,7,0,7,0,0,127.703393932887,34.753015837368,35.0,0.0,0.3196,low,관심
6931939,2024051,2024,4613012800,46130007,전남 여수시7,전남 여수시 학동(국민은행앞교차로 부근),전남 여수시 학동(국민은행앞교차로 부근),7,8,0,7,1,0,127.663584114053,34.764331525811,36.0,0.0133,0.3785,low,관심
6932003,2024051,2024,4615010700,46150001,전남 순천시1,전남 순천시 매곡동(행림당약국 부근),전남 순천시 매곡동(행림당약국 부근),7,7,1,6,0,0,127.484454856711,34.961118532176,41.0,0.08,0.6361,medium,주의
6931809,2024051,2024,4677025026,46770001,전남 고흥군1,전남 고흥군 고흥읍(고흥전통시장 부근),전남 고흥군 고흥읍(고흥전통시장 부근),8,8,0,8,0,0,127.286884248119,34.607801123091,40.0,0.0667,0.5282,medium,주의
6931900,2024051,2024,4680025037,46800001,전남 장흥군1,전남 장흥군 장흥읍(신화약국 부근),전남 장흥군 장흥읍(신화약국 부근),7,7,0,7,0,0,126.907795373796,34.677650576659,35.0,0.0,0.3196,low,관심
6931795,2024051,2024,4686025022,46860001,전남 함평군1,전남 함평군 함평읍(이기세약국 부근),전남 함평군 함평읍(이기세약국 부근),8,8,0,8,0,0,126.522039474434,35.063493342618,40.0,0.0667,0.5282,medium,주의
6931811,2024051,2024,4711125021,47111001,경북 포항시 남구1,경북 포항시 남구 구룡포읍(구룡포파출소 부근),경북 포항시 남구 구룡포읍(구룡포파출소 부근),8,8,1,7,0,0,129.552371395812,35.988716211642,46.0,0.1467,0.7722,medium,주의
6932122,2024051,2024,4711125629,47111002,경북 포항시 남구2,경북 포항시 남구 오천읍(오천지구대사거리 부근),경북 포항시 남구 오천읍(오천지구대사거리 부근),7,7,0,7,0,0,129.41589147061,35.966826873357,35.0,0.0,0.3196,low,관심
6932131,2024051,2024,4711311600,47113001,경북 포항시 북구1,경북 포항시 북구 죽도동(수퍼약국 부근),경북 포항시 북구 죽도동(수퍼약국 부근),11,11,1,10,0,0,129.363734952029,36.034266977999,61.0,0.3467,0.943,high,고위험
6931977,2024051,2024,4711311600,47113002,경북 포항시 북구2,경북 포항시 북구 죽도동(죽도시장 부근),경북 포항시 북구 죽도동(죽도시장 부근),7,8,0,8,0,0,129.368590406834,36.036377380229,39.0,0.0533,0.432,medium,주의
6932035,2024051,2024,4711310100,47113003,경북 포항시 북구3,경북 포항시 북구 대흥동(구포항역사교차로 부근),경북 포항시 북구 대흥동(구포항역사교차로 부근),7,7,0,7,0,0,129.362079118501,36.036012661185,35.0,0.0,0.3196,low,관심
6931824,2024051,2024,4715010500,47150001,경북 김천시1,경북 김천시 평화동(고바우약국 부근),경북 김천시 평화동(고바우약국 부근),9,9,0,9,0,0,128.117979025222,36.123983835613,45.0,0.1333,0.7283,medium,주의
6931910,2024051,2024,4715010700,47150002,경북 김천시2,경북 김천시 황금동(시장약국 부근),경북 김천시 황금동(시장약국 부근),7,7,0,7,0,0,128.124485314519,36.115547555573,35.0,0.0,0.3196,low,관심
6932160,2024051,2024,4717013300,47170001,경북 안동시1,경북 안동시 옥동(마을과아이들 어린이집 부근),경북 안동시 옥동(마을과아이들 어린이집 부근),8,9,0,8,1,0,128.700583381044,36.564227022167,41.0,0.08,0.6361,medium,주의
6932070,2024051,2024,4717013600,47170002,경북 안동시2,경북 안동시 송현동(옥동3주공교차로 부근),경북 안동시 송현동(옥동3주공교차로 부근),7,7,1,6,0,0,128.697148247083,36.568282041013,41.0,0.08,0.6361,medium,주의
6931826,2024051,2024,4717011800,47170003,경북 안동시3,경북 안동시 대석동(한솔약국 부근),경북 안동시 대석동(한솔약국 부근),7,7,0,7,0,0,128.726300676934,36.566159446387,35.0,0.0,0.3196,low,관심
6932162,2024051,2024,4717013300,47170004,경북 안동시4,경북 안동시 옥동(역전할머니맥주 안동옥동점 부근),경북 안동시 옥동(역전할머니맥주 안동옥동점 부근),7,7,0,7,0,0,128.70032902939,36.562232868757,35.0,0.0,0.3196,low,관심
6932119,2024051,2024,4721010500,47210001,경북 영주시1,경북 영주시 가흥동(꽃동산회전교차로 부근),경북 영주시 가흥동(꽃동산회전교차로 부근),10,10,0,10,0,0,128.618786459343,36.81386724698,50.0,0.2,0.8407,high,고위험
6931830,2024051,2024,4721010100,47210002,경북 영주시2,경북 영주시 영주동(보영반점 부근),경북 영주시 영주동(보영반점 부근),7,8,0,8,0,0,128.620819150922,36.827546570754,39.0,0.0533,0.432,medium,주의
6932173,2024051,2024,4723011300,47230001,경북 영천시1,경북 영천시 완산동(선린약국 부근),경북 영천시 완산동(선린약국 부근),8,8,0,8,0,0,128.93920014496,35.965382695971,40.0,0.0667,0.5282,medium,주의
6931996,2024051,2024,4723011300,47230002,경북 영천시2,경북 영천시 완산동(영천오일장 부근),경북 영천시 완산동(영천오일장 부근),7,7,1,6,0,0,128.937938436454,35.964189509071,41.0,0.08,0.6361,medium,주의
6932000,2024051,2024,4725010700,47250001,경북 상주시1,경북 상주시 남성동(풍물시장 부근),경북 상주시 남성동(풍물시장 부근),7,7,0,7,0,0,128.160205034171,36.413200223523,35.0,0.0,0.3196,low,관심
6932036,2024051,2024,4790025024,47900001,경북 예천군1,경북 예천군 예천읍(예천중앙시장 부근),경북 예천군 예천읍(예천중앙시장 부근),7,7,0,7,0,0,128.455804822556,36.655959324763,35.0,0.0,0.3196,low,관심
6931909,2024051,2024,4812110400,48121001,경남 창원시 의창구1,경남 창원시 의창구 소답동(뉴금호온천 부근),경남 창원시 의창구 소답동(뉴금호온천 부근),7,7,1,6,0,0,128.628744663262,35.261760371161,41.0,0.08,0.6361,medium,주의
6932179,2024051,2024,4812312700,48123001,경남 창원시 성산구1,경남 창원시 성산구 상남동(상남시장사거리 부근),경남 창원시 성산구 상남동(상남시장사거리 부근),8,8,0,8,0,0,128.685250076218,35.222201252689,40.0,0.0667,0.5282,medium,주의
6932095,2024051,2024,4812312700,48123002,경남 창원시 성산구2,경남 창원시 성산구 상남동(조선화로집 창원상남점 부근),경남 창원시 성산구 상남동(조선화로집 창원상남점 부근),7,7,0,7,0,0,128.68255714508,35.221202751962,35.0,0.0,0.3196,low,관심
6932059,2024051,2024,4812511100,48125001,경남 창원시 마산합포구1,경남 창원시 마산합포구 동성동(정우새어시장 부근),경남 창원시 마산합포구 동성동(정우새어시장 부근),10,10,0,10,0,0,128.578467220013,35.204734588914,50.0,0.2,0.8407,high,고위험
6932041,2024051,2024,4812513300,48125002,경남 창원시 마산합포구2,경남 창원시 마산합포구 월남동5가(행복온누리약국 부근),경남 창원시 마산합포구 월남동5가(행복온누리약국 부근),9,10,0,10,0,0,128.559777078078,35.181290650358,49.0,0.1867,0.8065,high,고위험
6931837,2024051,2024,4812510300,48125003,경남 창원시 마산합포구3,경남 창원시 마산합포구 교원동(자이별밭어린이집 부근),경남 창원시 마산합포구 교원동(자이별밭어린이집 부근),7,7,0,7,0,0,128.569925398581,35.215261681011,35.0,0.0,0.3196,low,관심
6932101,2024051,2024,4812510400,48125004,경남 창원시 마산합포구4,경남 창원시 마산합포구 남성동(마산어시장약국 부근),경남 창원시 마산합포구 남성동(마산어시장약국 부근),7,8,0,7,1,0,128.576473713248,35.204451344267,36.0,0.0133,0.3785,low,관심
6932007,2024051,2024,4812710400,48127001,경남 창원시 마산회원구1,경남 창원시 마산회원구 석전동(석전교사거리 부근),경남 창원시 마산회원구 석전동(석전교사거리 부근),7,9,0,8,1,0,128.574140452703,35.228722168348,40.0,0.0667,0.5282,medium,주의
6931820,2024051,2024,4812914200,48129001,경남 창원시 진해구1,경남 창원시 진해구 자은동(자은교사거리 부근),경남 창원시 진해구 자은동(자은교사거리 부근),8,9,2,7,0,0,128.706808615239,35.149781569624,56.0,0.28,0.9108,high,고위험
6931992,2024051,2024,4812913500,48129002,경남 창원시 진해구2,경남 창원시 진해구 충무동(중앙삼거리 부근),경남 창원시 진해구 충무동(중앙삼거리 부근),7,7,0,7,0,0,128.665351339941,35.152263586741,35.0,0.0,0.3196,low,관심
6931984,2024051,2024,4817011300,48170001,경남 진주시1,경남 진주시 봉곡동(봉곡광장교차로 부근),경남 진주시 봉곡동(봉곡광장교차로 부근),14,15,0,15,0,0,128.077039819432,35.195926512927,74.0,0.52,0.9829,high,고위험
6932010,2024051,2024,4817010700,48170002,경남 진주시2,경남 진주시 남성동(인사광장교차로 부근),경남 진주시 남성동(인사광장교차로 부근),8,8,0,8,0,0,128.078941602922,35.191410357288,40.0,0.0667,0.5282,medium,주의
6932019,2024051,2024,4822010200,48220001,경남 통영시1,경남 통영시 서호동(통영소방서 서호119안전센터 부근),경남 통영시 서호동(통영소방서 서호119안전센터 부근),10,10,0,10,0,0,128.41949619158,34.841748023,50.0,0.2,0.8407,high,고위험
6932009,2024051,2024,4822010900,48220002,경남 통영시2,경남 통영시 정량동(초콜렛어린이집 부근),경남 통영시 정량동(초콜렛어린이집 부근),7,7,1,6,0,0,128.431582391434,34.845936080694,41.0,0.08,0.6361,medium,주의
6932240,2024051,2024,4822011100,48220003,경남 통영시3,경남 통영시 무전동(24시약국 부근),경남 통영시 무전동(24시약국 부근),7,7,0,7,0,0,128.430194903867,34.858139492283,35.0,0.0,0.3196,low,관심
6932197,2024051,2024,4822011000,48220004,경남 통영시4,경남 통영시 북신동(북신사거리 부근),경남 통영시 북신동(북신사거리 부근),7,8,0,7,0,1,128.428629189168,34.853507594077,35.5,0.0067,0.3276,low,관심
6932020,2024051,2024,4824010200,48240001,경남 사천시1,경남 사천시 서동(서부치안센터 부근),경남 사천시 서동(서부치안센터 부근),7,7,0,7,0,0,128.068904525189,34.927536868378,35.0,0.0,0.3196,low,관심
6932226,2024051,2024,4825012600,48250001,경남 김해시1,경남 김해시 무계동(장유농협삼거리 부근),경남 김해시 무계동(장유농협삼거리 부근),10,10,1,9,0,0,128.815440899038,35.199602299632,56.0,0.28,0.9108,high,고위험
6932187,2024051,2024,4825010300,48250002,경남 김해시2,경남 김해시 부원동(부원동 새벽시장 부근),경남 김해시 부원동(부원동 새벽시장 부근),7,8,1,7,0,0,128.882804545422,35.227881637995,45.0,0.1333,0.7283,medium,주의
6931842,2024051,2024,4825010900,48250003,경남 김해시3,경남 김해시 외동(한국1차사거리 부근),경남 김해시 외동(한국1차사거리 부근),7,7,1,6,0,0,128.865227963858,35.232127007233,41.0,0.08,0.6361,medium,주의
6931835,2024051,2024,4825010200,48250004,경남 김해시4,경남 김해시 서상동(분성사거리 부근),경남 김해시 서상동(분성사거리 부근),7,7,0,7,0,0,128.88090960347,35.232843988785,35.0,0.0,0.3196,low,관심
6932062,2024051,2024,4825011800,48250005,경남 김해시5,경남 김해시 어방동(인제삼거리 부근),경남 김해시 어방동(인제삼거리 부근),7,8,0,7,1,0,128.903936987191,35.245890965034,36.0,0.0133,0.3785,low,관심
6931905,2024051,2024,4827010400,48270001,경남 밀양시1,경남 밀양시 삼문동(세종셀메드약국 부근),경남 밀양시 삼문동(세종셀메드약국 부근),10,12,0,10,2,0,128.757002952203,35.485357004568,52.0,0.2267,0.8705,high,고위험
6931880,2024051,2024,4831010900,48310001,경남 거제시1,경남 거제시 고현동(새조은약국 부근),경남 거제시 고현동(새조은약국 부근),7,7,0,7,0,0,128.624361160749,34.89056426688,35.0,0.0,0.3196,low,관심
6932048,2024051,2024,4831010900,48310002,경남 거제시2,경남 거제시 고현동(진세이우동 거제점 부근),경남 거제시 고현동(진세이우동 거제점 부근),7,7,0,7,0,0,128.6250264321,34.883443056493,35.0,0.0,0.3196,low,관심
6932045,2024051,2024,4831010600,48310003,경남 거제시3,경남 거제시 옥포동(자성어린이집 부근),경남 거제시 옥포동(자성어린이집 부근),7,8,0,7,1,0,128.693185859915,34.894116217106,36.0,0.0133,0.3785,low,관심
6931967,2024051,2024,4833010300,48330001,경남 양산시1,경남 양산시 중부동(남부시장 부근),경남 양산시 중부동(남부시장 부근),7,7,0,7,0,0,129.036736890117,35.34232970214,35.0,0.0,0.3196,low,관심
6932018,2024051,2024,4873025021,48730001,경남 함안군1,경남 함안군 가야읍(고려약국 부근),경남 함안군 가야읍(고려약국 부근),9,10,1,9,0,0,128.405698770963,35.275944660342,55.0,0.2667,0.9007,high,고위험
6931947,2024051,2024,4882025024,48820001,경남 고성군1,경남 고성군 고성읍(푸른약국 부근),경남 고성군 고성읍(푸른약국 부근),10,10,0,10,0,0,128.326064018267,34.976124972274,50.0,0.2,0.8407,high,고위험
6932201,2024051,2024,4882025022,48820002,경남 고성군2,경남 고성군 고성읍(고성시장 부근),경남 고성군 고성읍(고성시장 부근),7,7,0,7,0,0,128.322243935673,34.977376712729,35.0,0.0,0.3196,low,관심
6931806,2024051,2024,4884025021,48840001,경남 남해군1,경남 남해군 남해읍(남해읍사무소 부근),경남 남해군 남해읍(남해읍사무소 부근),9,9,1,8,0,0,127.89411079528,34.83822185387,51.0,0.2133,0.8629,high,고위험
6932216,2024051,2024,4884025021,48840002,경남 남해군2,경남 남해군 남해읍(창원지방법원 진주지원 남해군법원 부근),경남 남해군 남해읍(창원지방법원 진주지원 남해군법원 부근),8,9,0,9,0,0,127.894575672845,34.840597445225,44.0,0.12,0.6779,medium,주의
6932037,2024051,2024,4885025021,48850001,경남 하동군1,경남 하동군 하동읍(읍내파출소 부근),경남 하동군 하동읍(읍내파출소 부근),7,7,0,7,0,0,127.749548553146,35.070354647748,35.0,0.0,0.3196,low,관심
6931914,2024051,2024,4888025023,48880001,경남 거창군1,경남 거창군 거창읍(진명약국 부근),경남 거창군 거창읍(진명약국 부근),7,7,0,7,0,0,127.915284602876,35.686937793578,35.0,0.0,0.3196,low,관심
6932203,2024051,2024,4889025021,48890001,경남 합천군1,경남 합천군 합천읍(시장사거리 부근),경남 합천군 합천읍(시장사거리 부근),8,8,1,7,0,0,128.16119699744,35.567809368663,46.0,0.1467,0.7722,medium,주의
6932103,2024051,2024,5011010500,50110001,제주 제주시1,제주 제주 삼도일동(리라어린이집 부근),제주 제주 삼도일동(리라어린이집 부근),11,12,0,11,1,0,126.522109040637,33.499718081581,56.0,0.28,0.9108,high,고위험
6931874,2024051,2024,5011010400,50110002,제주 제주시2,제주 제주 이도이동(광양사거리 부근),제주 제주 이도이동(광양사거리 부근),9,9,1,8,0,0,126.528834619194,33.500733064233,51.0,0.2133,0.8629,high,고위험
6932204,2024051,2024,5011010400,50110003,제주 제주시3,제주 제주 이도이동(힐링약국 부근),제주 제주 이도이동(힐링약국 부근),7,9,0,9,0,0,126.526457258369,33.499601203103,43.0,0.1067,0.6628,medium,주의
6931997,2024051,2024,5011012200,50110004,제주 제주시4,제주 제주 노형동(흘천5교 부근),제주 제주 노형동(흘천5교 부근),7,7,0,7,0,0,126.487080986871,33.486079235221,35.0,0.0,0.3196,low,관심
6931921,2024051,2024,5013010100,50130001,제주 서귀포시1,제주 서귀포시 서귀동(천지동주민센터 부근),제주 서귀포시 서귀동(천지동주민센터 부근),11,13,1,10,2,0,126.561428728356,33.248169901064,63.0,0.3733,0.9511,high,고위험
6931932,2024051,2024,5013025022,50130002,제주 서귀포시2,제주 서귀포시 대정읍(모슬포중앙시장 부근),제주 서귀포시 대정읍(모슬포중앙시장 부근),8,8,1,7,0,0,126.254016005605,33.221549066805,46.0,0.1467,0.7722,medium,주의
6932081,2024051,2024,5013010100,50130003,제주 서귀포시3,제주 서귀포시 서귀동(동산프라자약국 부근),제주 서귀포시 서귀동(동산프라자약국 부근),7,7,0,7,0,0,126.561740512088,33.251626614622,35.0,0.0,0.3196,low,관심
7125946,2025083,2025,1111015600,11110001,서울 종로구1,서울 종로구 종로3가(정약국 부근),서울 종로구 종로3가(정약국 부근),11,11,1,10,0,0,126.990040055758,37.570729634422,61.0,0.3467,0.943,high,고위험
7125952,2025083,2025,1111017400,11110002,서울 종로구2,서울 종로구 창신동(365열린동대문약국 부근),서울 종로구 창신동(365열린동대문약국 부근),10,10,3,7,0,0,127.013171056208,37.572224376896,68.0,0.44,0.9703,high,고위험
7126065,2025083,2025,1111017500,11110003,서울 종로구3,서울 종로구 숭인동(숭인약국 부근),서울 종로구 숭인동(숭인약국 부근),9,9,0,9,0,0,127.022103876351,37.575203775527,45.0,0.1333,0.7283,medium,주의
7126191,2025083,2025,1111017700,11110004,서울 종로구4,서울 종로구 평동(서대문역 5호선 부근),서울 종로구 평동(서대문역 5호선 부근),8,9,0,9,0,0,126.966857116575,37.566140011373,44.0,0.12,0.6779,medium,주의
7126068,2025083,2025,1111013500,11110005,서울 종로구5,서울 종로구 관철동(국일약국 부근),서울 종로구 관철동(국일약국 부근),7,8,1,7,0,0,126.987806931197,37.569235250128,45.0,0.1333,0.7283,medium,주의
7126017,2025083,2025,1111017500,11110006,서울 종로구6,서울 종로구 숭인동(동묘벼룩시장 부근),서울 종로구 숭인동(동묘벼룩시장 부근),7,8,0,8,0,0,127.017757876906,37.573906188852,39.0,0.0533,0.432,medium,주의
7126276,2025083,2025,1111013500,11110007,서울 종로구7,서울 종로구 관철동(종로1가교차로 부근),서울 종로구 관철동(종로1가교차로 부근),7,7,0,7,0,0,126.982025980947,37.570050984695,35.0,0.0,0.3196,low,관심
7126138,2025083,2025,1111017100,11110008,서울 종로구8,서울 종로구 명륜2가(성균관대입구교차로 부근),서울 종로구 명륜2가(성균관대입구교차로 부근),7,7,0,7,0,0,126.999213102697,37.583329159465,35.0,0.0,0.3196,low,관심
7126284,2025083,2025,1114016200,11140001,서울 중구1,서울 중구 신당동(신평화패션타운 부근),서울 중구 신당동(신평화패션타운 부근),10,11,0,11,0,0,127.012201766731,37.569181882649,54.0,0.2533,0.8805,high,고위험
7125992,2025083,2025,1114012000,11140002,서울 중구2,서울 중구 봉래동2가(서울역 GTX-A 부근),서울 중구 봉래동2가(서울역 GTX-A 부근),7,7,1,6,0,0,126.97318831811,37.554868540169,41.0,0.08,0.6361,medium,주의
7126205,2025083,2025,1114016200,11140003,서울 중구3,서울 중구 신당동(약수역사거리 부근),서울 중구 신당동(약수역사거리 부근),7,7,1,6,0,0,127.010871374101,37.554297133327,41.0,0.08,0.6361,medium,주의
7126115,2025083,2025,1117013100,11170001,서울 용산구1,서울 용산구 한남동(자연약국 부근),서울 용산구 한남동(자연약국 부근),12,15,0,15,0,0,127.005441662297,37.533159877536,72.0,0.4933,0.9803,high,고위험
7126147,2025083,2025,1117010800,11170002,서울 용산구2,서울 용산구 서계동(소아제일약국 부근),서울 용산구 서계동(소아제일약국 부근),7,7,0,7,0,0,126.968565895177,37.554394229036,35.0,0.0,0.3196,low,관심
7126081,2025083,2025,1117013000,11170003,서울 용산구3,서울 용산구 이태원동(10.29 기억과 안전의 길 부근),서울 용산구 이태원동(10.29 기억과 안전의 길 부근),7,7,0,7,0,0,126.992654704917,37.534462105523,35.0,0.0,0.3196,low,관심
7126195,2025083,2025,1120011000,11200001,서울 성동구1,"서울 성동구 금호동2가(금호2,3가동주민센터 부근)","서울 성동구 금호동2가(금호2,3가동주민센터 부근)",7,7,0,7,0,0,127.019916513846,37.553687048706,35.0,0.0,0.3196,low,관심
7125929,2025083,2025,1123010300,11230001,서울 동대문구1,서울 동대문구 제기동(청량리종합시장 부근),서울 동대문구 제기동(청량리종합시장 부근),13,13,0,13,0,0,127.041248891966,37.579492688121,65.0,0.4,0.9597,high,고위험
7126126,2025083,2025,1123010900,11230002,서울 동대문구2,서울 동대문구 휘경동(삼육서울병원앞교차로 부근),서울 동대문구 휘경동(삼육서울병원앞교차로 부근),11,11,0,11,0,0,127.062008943085,37.589458592283,55.0,0.2667,0.9007,high,고위험
7126028,2025083,2025,1123010300,11230003,서울 동대문구3,서울 동대문구 제기동(경동시장교차로 부근),서울 동대문구 제기동(경동시장교차로 부근),10,10,1,9,0,0,127.038971308257,37.578274006421,56.0,0.28,0.9108,high,고위험
7125926,2025083,2025,1123010500,11230004,서울 동대문구4,서울 동대문구 답십리동(답십리1동교차로 부근),서울 동대문구 답십리동(답십리1동교차로 부근),7,7,1,6,0,0,127.054896840805,37.565997359073,41.0,0.08,0.6361,medium,주의
7126286,2025083,2025,1123010100,11230005,서울 동대문구5,서울 동대문구 신설동(남화루 부근),서울 동대문구 신설동(남화루 부근),7,7,1,6,0,0,127.023721728287,37.573693737026,41.0,0.08,0.6361,medium,주의
7126135,2025083,2025,1123010600,11230006,서울 동대문구6,서울 동대문구 장안동(장안동사거리 부근),서울 동대문구 장안동(장안동사거리 부근),7,7,1,6,0,0,127.071031573558,37.571813179305,41.0,0.08,0.6361,medium,주의
7125925,2025083,2025,1123010200,11230007,서울 동대문구7,서울 동대문구 용두동(용두동사거리 부근),서울 동대문구 용두동(용두동사거리 부근),7,7,0,7,0,0,127.030268280108,37.577643709918,35.0,0.0,0.3196,low,관심
7126180,2025083,2025,1123010300,11230008,서울 동대문구8,서울 동대문구 제기동(제1제기교 부근),서울 동대문구 제기동(제1제기교 부근),7,7,0,7,0,0,127.037190808151,37.586715497392,35.0,0.0,0.3196,low,관심
7125964,2025083,2025,1123010300,11230009,서울 동대문구9,서울 동대문구 제기동(제기동역 1호선 부근),서울 동대문구 제기동(제기동역 1호선 부근),7,7,0,7,0,0,127.035181414327,37.578347614048,35.0,0.0,0.3196,low,관심
7125927,2025083,2025,1123010700,11230010,서울 동대문구10,서울 동대문구 청량리동(떡전교사거리 부근),서울 동대문구 청량리동(떡전교사거리 부근),7,7,0,7,0,0,127.052220075237,37.585353264783,35.0,0.0,0.3196,low,관심
7126099,2025083,2025,1123010800,11230011,서울 동대문구11,서울 동대문구 회기동(회기역앞교차로 부근),서울 동대문구 회기동(회기역앞교차로 부근),7,7,0,7,0,0,127.056080122695,37.589840773784,35.0,0.0,0.3196,low,관심
7125864,2025083,2025,1126010500,11260001,서울 중랑구1,서울 중랑구 망우동(망우사거리 부근),서울 중랑구 망우동(망우사거리 부근),11,11,0,11,0,0,127.100504147232,37.599781939935,55.0,0.2667,0.9007,high,고위험
7126116,2025083,2025,1126010100,11260002,서울 중랑구2,서울 중랑구 면목동(면목역교차로 부근),서울 중랑구 면목동(면목역교차로 부근),9,11,1,10,0,0,127.086594554205,37.588192299103,59.0,0.32,0.9259,high,고위험
7126201,2025083,2025,1126010500,11260003,서울 중랑구3,서울 중랑구 망우동(신내지하차도교차로 부근),서울 중랑구 망우동(신내지하차도교차로 부근),8,8,1,7,0,0,127.098019815874,37.599358885536,46.0,0.1467,0.7722,medium,주의
7125917,2025083,2025,1126010100,11260004,서울 중랑구4,서울 중랑구 면목동(면목시장 부근),서울 중랑구 면목동(면목시장 부근),8,8,0,8,0,0,127.086385585811,37.578876137362,40.0,0.0667,0.5282,medium,주의
7126208,2025083,2025,1126010500,11260005,서울 중랑구5,서울 중랑구 망우동(망우지구대 부근),서울 중랑구 망우동(망우지구대 부근),7,8,1,7,0,0,127.095269157309,37.598474967992,45.0,0.1333,0.7283,medium,주의
7126113,2025083,2025,1126010600,11260006,서울 중랑구6,서울 중랑구 신내동(구신내교 부근),서울 중랑구 신내동(구신내교 부근),7,7,1,6,0,0,127.100624640559,37.613742153503,41.0,0.08,0.6361,medium,주의
7126022,2025083,2025,1126010600,11260007,서울 중랑구7,서울 중랑구 신내동(중랑구청사거리 부근),서울 중랑구 신내동(중랑구청사거리 부근),7,8,0,8,0,0,127.095847736147,37.607184156345,39.0,0.0533,0.432,medium,주의
7126112,2025083,2025,1126010500,11260008,서울 중랑구8,서울 중랑구 망우동(우림시장교차로 부근),서울 중랑구 망우동(우림시장교차로 부근),7,7,0,7,0,0,127.099548253949,37.594835522107,35.0,0.0,0.3196,low,관심
7126140,2025083,2025,1126010500,11260009,서울 중랑구9,서울 중랑구 망우동(참약사삼흥약국 부근),서울 중랑구 망우동(참약사삼흥약국 부근),7,7,0,7,0,0,127.10307282351,37.600326907443,35.0,0.0,0.3196,low,관심
7125916,2025083,2025,1126010100,11260010,서울 중랑구10,서울 중랑구 면목동(로데오약국 부근),서울 중랑구 면목동(로데오약국 부근),7,7,0,7,0,0,127.088667849352,37.581926162754,35.0,0.0,0.3196,low,관심
7126234,2025083,2025,1126010200,11260011,서울 중랑구11,서울 중랑구 상봉동(상봉역 7호선 부근),서울 중랑구 상봉동(상봉역 7호선 부근),7,7,0,7,0,0,127.086002184529,37.594936802061,35.0,0.0,0.3196,low,관심
7126100,2025083,2025,1126010200,11260012,서울 중랑구12,서울 중랑구 상봉동(인제약국 부근),서울 중랑구 상봉동(인제약국 부근),7,7,0,7,0,0,127.076022584514,37.593909894985,35.0,0.0,0.3196,low,관심
7126071,2025083,2025,1129013400,11290001,서울 성북구1,서울 성북구 길음동(길음역교차로 부근),서울 성북구 길음동(길음역교차로 부근),12,12,0,12,0,0,127.02427170542,37.603812206744,60.0,0.3333,0.935,high,고위험
7125972,2025083,2025,1129011600,11290002,서울 성북구2,서울 성북구 동선동4가(성신여대입구역 4호선 부근),서울 성북구 동선동4가(성신여대입구역 4호선 부근),10,11,0,11,0,0,127.018166104999,37.59315158534,54.0,0.2533,0.8805,high,고위험
7125974,2025083,2025,1129010500,11290003,서울 성북구3,서울 성북구 동소문동2가(올리브한성약국 부근),서울 성북구 동소문동2가(올리브한성약국 부근),7,7,0,7,0,0,127.008889195144,37.589094862654,35.0,0.0,0.3196,low,관심
7125989,2025083,2025,1129013800,11290004,서울 성북구4,서울 성북구 장위동(장위1동주민센터 부근),서울 성북구 장위동(장위1동주민센터 부근),7,7,0,7,0,0,127.043065354482,37.613789936557,35.0,0.0,0.3196,low,관심
7126069,2025083,2025,1129013500,11290005,서울 성북구5,서울 성북구 종암동(종암중앙어린이집 부근),서울 성북구 종암동(종암중앙어린이집 부근),7,7,0,7,0,0,127.033646471274,37.599284319562,35.0,0.0,0.3196,low,관심
7125963,2025083,2025,1130510100,11305001,서울 강북구1,서울 강북구 미아동(미아사거리역 4호선 부근),서울 강북구 미아동(미아사거리역 4호선 부근),22,22,0,22,0,0,127.030288014848,37.612888751869,110.0,1.0,1.0,high,고위험
7125869,2025083,2025,1130510200,11305002,서울 강북구2,서울 강북구 번동(수유역교차로 부근),서울 강북구 번동(수유역교차로 부근),13,13,0,13,0,0,127.025438089411,37.638069827665,65.0,0.4,0.9597,high,고위험
7126210,2025083,2025,1130510100,11305003,서울 강북구3,서울 강북구 미아동(미아역교차로 부근),서울 강북구 미아동(미아역교차로 부근),9,9,2,7,0,0,127.026720064786,37.625586208516,57.0,0.2933,0.9183,high,고위험
7126143,2025083,2025,1130510200,11305004,서울 강북구4,서울 강북구 번동(강북구청사거리 부근),서울 강북구 번동(강북구청사거리 부근),9,9,0,9,0,0,127.026800780363,37.639706459006,45.0,0.1333,0.7283,medium,주의
7126242,2025083,2025,1130510100,11305005,서울 강북구5,서울 강북구 미아동(수유시장약국 부근),서울 강북구 미아동(수유시장약국 부근),8,9,1,8,0,0,127.024527134777,37.630420815202,50.0,0.2,0.8407,high,고위험
7126249,2025083,2025,1130510100,11305006,서울 강북구6,서울 강북구 미아동(파스타잇 부근),서울 강북구 미아동(파스타잇 부근),8,9,1,8,0,0,127.029054160138,37.618834221923,50.0,0.2,0.8407,high,고위험
7126014,2025083,2025,1130510100,11305007,서울 강북구7,서울 강북구 미아동(삼양시장교차로 부근),서울 강북구 미아동(삼양시장교차로 부근),7,7,0,7,0,0,127.01914928424,37.624470544255,35.0,0.0,0.3196,low,관심
7126170,2025083,2025,1132010700,11320001,서울 도봉구1,서울 도봉구 창동(쌍문역 4호선 부근),서울 도봉구 창동(쌍문역 4호선 부근),7,7,1,6,0,0,127.034570876078,37.649012131613,41.0,0.08,0.6361,medium,주의
7126037,2025083,2025,1135010500,11350001,서울 노원구1,서울 노원구 상계동(친절한약국 부근),서울 노원구 상계동(친절한약국 부근),8,9,0,9,0,0,127.057672564913,37.65428208687,44.0,0.12,0.6779,medium,주의
7125910,2025083,2025,1135010300,11350002,서울 노원구2,서울 노원구 공릉동(건강약국 부근),서울 노원구 공릉동(건강약국 부근),8,8,0,8,0,0,127.078005239068,37.618920285145,40.0,0.0667,0.5282,medium,주의
7126075,2025083,2025,1135010200,11350003,서울 노원구3,서울 노원구 월계동(석계역교차로 부근),서울 노원구 월계동(석계역교차로 부근),8,8,0,8,0,0,127.064843889574,37.615019246592,40.0,0.0667,0.5282,medium,주의
7125999,2025083,2025,1135010500,11350004,서울 노원구4,서울 노원구 상계동(건강한생활약국 부근),서울 노원구 상계동(건강한생활약국 부근),7,7,1,6,0,0,127.062900861777,37.654189410205,41.0,0.08,0.6361,medium,주의
7125905,2025083,2025,1138010400,11380001,서울 은평구1,서울 은평구 갈현동(연신내역 GTX-A 부근),서울 은평구 갈현동(연신내역 GTX-A 부근),14,15,0,15,0,0,126.92027223655,37.619133102731,74.0,0.52,0.9829,high,고위험
7125912,2025083,2025,1138010700,11380002,서울 은평구2,서울 은평구 응암동(응암오거리 부근),서울 은평구 응암동(응암오거리 부근),11,11,0,11,0,0,126.917952938797,37.590144636177,55.0,0.2667,0.9007,high,고위험
7125935,2025083,2025,1138010800,11380003,서울 은평구3,서울 은평구 신사동(신사오거리 부근),서울 은평구 신사동(신사오거리 부근),7,8,0,8,0,0,126.915108808743,37.598963709355,39.0,0.0533,0.432,medium,주의
7126251,2025083,2025,1138010400,11380004,서울 은평구4,서울 은평구 갈현동(오은약국 부근),서울 은평구 갈현동(오은약국 부근),7,7,0,7,0,0,126.914664250547,37.61263809513,35.0,0.0,0.3196,low,관심
7126148,2025083,2025,1138010600,11380005,서울 은평구5,서울 은평구 대조동(불광시장 부근),서울 은평구 대조동(불광시장 부근),7,7,0,7,0,0,126.929125471796,37.609274099771,35.0,0.0,0.3196,low,관심
7125939,2025083,2025,1141011100,11410001,서울 서대문구1,서울 서대문구 홍제동(홍제1동주민센터 부근),서울 서대문구 홍제동(홍제1동주민센터 부근),10,10,0,10,0,0,126.945331296121,37.587799818563,50.0,0.2,0.8407,high,고위험
7126227,2025083,2025,1141011600,11410002,서울 서대문구2,서울 서대문구 창천동(신촌1번약국 부근),서울 서대문구 창천동(신촌1번약국 부근),8,8,1,7,0,0,126.935984380563,37.555525298161,46.0,0.1467,0.7722,medium,주의
7126246,2025083,2025,1141011800,11410003,서울 서대문구3,서울 서대문구 홍은동(홍은사거리 부근),서울 서대문구 홍은동(홍은사거리 부근),8,8,0,8,0,0,126.94116462733,37.590985141444,40.0,0.0667,0.5282,medium,주의
7126109,2025083,2025,1144010400,11440001,서울 마포구1,서울 마포구 도화동(마포역 5호선 부근),서울 마포구 도화동(마포역 5호선 부근),11,12,2,10,0,0,126.94662164557,37.539613372461,71.0,0.48,0.9778,high,고위험
7126259,2025083,2025,1144010400,11440002,서울 마포구2,서울 마포구 도화동(도화동주민센터 부근),서울 마포구 도화동(도화동주민센터 부근),8,8,2,6,0,0,126.949003364805,37.54128749982,52.0,0.2267,0.8705,high,고위험
7125884,2025083,2025,1147010200,11470001,서울 양천구1,서울 양천구 목동(목2동주민센터 부근),서울 양천구 목동(목2동주민센터 부근),13,13,0,13,0,0,126.871362876515,37.546887145326,65.0,0.4,0.9597,high,고위험
7126155,2025083,2025,1147010200,11470002,서울 양천구2,서울 양천구 목동(약초원한약국 부근),서울 양천구 목동(약초원한약국 부근),12,12,1,11,0,0,126.867286369075,37.548778214703,66.0,0.4133,0.9647,high,고위험
7126097,2025083,2025,1147010200,11470003,서울 양천구3,서울 양천구 목동(옹달샘어린이집 부근),서울 양천구 목동(옹달샘어린이집 부근),7,7,0,7,0,0,126.863258911895,37.547129637072,35.0,0.0,0.3196,low,관심
7126159,2025083,2025,1147010100,11470004,서울 양천구4,서울 양천구 신정동(목동제일큰약국 부근),서울 양천구 신정동(목동제일큰약국 부근),7,7,0,7,0,0,126.862494349182,37.525907813435,35.0,0.0,0.3196,low,관심
7126232,2025083,2025,1147010100,11470005,서울 양천구5,서울 양천구 신정동(양강중교앞교차로 부근),서울 양천구 신정동(양강중교앞교차로 부근),7,7,0,7,0,0,126.851063923938,37.523952728091,35.0,0.0,0.3196,low,관심
7125896,2025083,2025,1150010300,11500001,서울 강서구1,서울 강서구 화곡동(화곡역교차로 부근),서울 강서구 화곡동(화곡역교차로 부근),10,10,0,10,0,0,126.840983552186,37.541096191954,50.0,0.2,0.8407,high,고위험
7125861,2025083,2025,1150010300,11500002,서울 강서구2,서울 강서구 화곡동(불만난곱창 부근),서울 강서구 화곡동(불만난곱창 부근),9,9,0,9,0,0,126.847522889767,37.533564111216,45.0,0.1333,0.7283,medium,주의
7126052,2025083,2025,1150010200,11500003,서울 강서구3,서울 강서구 등촌동(가양역교차로 부근),서울 강서구 등촌동(가양역교차로 부근),7,7,0,7,0,0,126.854804992459,37.560635446673,35.0,0.0,0.3196,low,관심
7126004,2025083,2025,1153010800,11530001,서울 구로구1,서울 구로구 오류동(오류동삼거리 부근),서울 구로구 오류동(오류동삼거리 부근),10,10,0,10,0,0,126.840721502771,37.494867480809,50.0,0.2,0.8407,high,고위험
7126087,2025083,2025,1153010700,11530002,서울 구로구2,서울 구로구 개봉동(세진약국 부근),서울 구로구 개봉동(세진약국 부근),8,8,0,8,0,0,126.855526626875,37.491300676753,40.0,0.0667,0.5282,medium,주의
7126016,2025083,2025,1154510300,11545001,서울 금천구1,서울 금천구 시흥동(시흥사거리 부근),서울 금천구 시흥동(시흥사거리 부근),9,9,0,9,0,0,126.900434062613,37.454602008571,45.0,0.1333,0.7283,medium,주의
7126119,2025083,2025,1154510100,11545002,서울 금천구2,서울 금천구 가산동(진도식당 부근),서울 금천구 가산동(진도식당 부근),8,8,1,7,0,0,126.893889135741,37.474226895492,46.0,0.1467,0.7722,medium,주의
7126090,2025083,2025,1154510200,11545003,서울 금천구3,서울 금천구 독산동(독산중앙약국 부근),서울 금천구 독산동(독산중앙약국 부근),7,7,2,5,0,0,126.903909906352,37.4786506963,47.0,0.16,0.7893,medium,주의
7126120,2025083,2025,1154510200,11545004,서울 금천구4,서울 금천구 독산동(명수약국 부근),서울 금천구 독산동(명수약국 부근),7,7,0,7,0,0,126.898958743283,37.473405373843,35.0,0.0,0.3196,low,관심
7126189,2025083,2025,1154510300,11545005,서울 금천구5,서울 금천구 시흥동(수약국 부근),서울 금천구 시흥동(수약국 부근),7,7,0,7,0,0,126.901099851251,37.451928342738,35.0,0.0,0.3196,low,관심
7125919,2025083,2025,1154510300,11545006,서울 금천구6,서울 금천구 시흥동(은행나무시장교차로 부근),서울 금천구 시흥동(은행나무시장교차로 부근),7,7,0,7,0,0,126.909122884991,37.45103581916,35.0,0.0,0.3196,low,관심
7125878,2025083,2025,1156010500,11560001,서울 영등포구1,서울 영등포구 영등포동4가(영등포역교차로 부근),서울 영등포구 영등포동4가(영등포역교차로 부근),17,17,1,16,0,0,126.906213121914,37.516585904757,91.0,0.7467,0.9975,high,고위험
7126266,2025083,2025,1156010300,11560002,서울 영등포구2,서울 영등포구 영등포동2가(영등포전통시장 부근),서울 영등포구 영등포동2가(영등포전통시장 부근),10,10,1,9,0,0,126.907760868377,37.519103594643,56.0,0.28,0.9108,high,고위험
7126059,2025083,2025,1159010700,11590001,서울 동작구1,서울 동작구 사당동(시장약국 부근),서울 동작구 사당동(시장약국 부근),15,15,1,14,0,0,126.981379145543,37.488240920023,81.0,0.6133,0.9934,high,고위험
7125933,2025083,2025,1159010200,11590002,서울 동작구2,서울 동작구 상도동(상도3동주민센터 부근),서울 동작구 상도동(상도3동주민센터 부근),14,14,0,14,0,0,126.932071712028,37.499830614012,70.0,0.4667,0.9753,high,고위험
7126003,2025083,2025,1159010500,11590003,서울 동작구3,서울 동작구 흑석동(흑석시장 부근),서울 동작구 흑석동(흑석시장 부근),12,12,0,12,0,0,126.962169212721,37.50749686225,60.0,0.3333,0.935,high,고위험
7126207,2025083,2025,1159010900,11590004,서울 동작구4,서울 동작구 신대방동(메디칼우리약국 부근),서울 동작구 신대방동(메디칼우리약국 부근),11,11,0,11,0,0,126.927801334254,37.498372448448,55.0,0.2667,0.9007,high,고위험
7125932,2025083,2025,1159010100,11590005,서울 동작구5,서울 동작구 노량진동(서울동작경찰서 부근),서울 동작구 노량진동(서울동작경찰서 부근),10,10,0,10,0,0,126.943514577258,37.513003248903,50.0,0.2,0.8407,high,고위험
7126039,2025083,2025,1159010700,11590006,서울 동작구6,서울 동작구 사당동(남성역골목시장 부근),서울 동작구 사당동(남성역골목시장 부근),7,7,1,6,0,0,126.972748643059,37.483610698724,41.0,0.08,0.6361,medium,주의
7126141,2025083,2025,1159010200,11590007,서울 동작구7,서울 동작구 상도동(아이세상어린이집 부근),서울 동작구 상도동(아이세상어린이집 부근),7,8,0,8,0,0,126.933564180538,37.501523417464,39.0,0.0533,0.432,medium,주의
7125862,2025083,2025,1162010200,11620001,서울 관악구1,서울 관악구 신림동(봉림교 부근),서울 관악구 신림동(봉림교 부근),9,9,1,8,0,0,126.925922619453,37.48442836742,51.0,0.2133,0.8629,high,고위험
7126287,2025083,2025,1162010200,11620002,서울 관악구2,서울 관악구 신림동(리춘시장 신림역점 부근),서울 관악구 신림동(리춘시장 신림역점 부근),8,8,0,8,0,0,126.928838309561,37.482769213375,40.0,0.0667,0.5282,medium,주의
7126093,2025083,2025,1162010200,11620003,서울 관악구3,서울 관악구 신림동(중앙온누리약국 부근),서울 관악구 신림동(중앙온누리약국 부근),8,8,0,8,0,0,126.902696465892,37.484308720328,40.0,0.0667,0.5282,medium,주의
7126275,2025083,2025,1162010100,11620004,서울 관악구4,서울 관악구 봉천동(그린약국 부근),서울 관악구 봉천동(그린약국 부근),7,7,1,6,0,0,126.943861524663,37.482208346413,41.0,0.08,0.6361,medium,주의
7126176,2025083,2025,1162010100,11620005,서울 관악구5,서울 관악구 봉천동(원당종합시장 부근),서울 관악구 봉천동(원당종합시장 부근),7,7,0,7,0,0,126.966914992404,37.474691964478,35.0,0.0,0.3196,low,관심
7126139,2025083,2025,1162010200,11620006,서울 관악구6,서울 관악구 신림동(당곡사거리 부근),서울 관악구 신림동(당곡사거리 부근),7,7,0,7,0,0,126.927961498173,37.489981601564,35.0,0.0,0.3196,low,관심
7125953,2025083,2025,1162010200,11620007,서울 관악구7,서울 관악구 신림동(새난곡약국 부근),서울 관악구 신림동(새난곡약국 부근),7,7,0,7,0,0,126.917859385851,37.47352971701,35.0,0.0,0.3196,low,관심
7125942,2025083,2025,1165010800,11650001,서울 서초구1,서울 서초구 서초동(강남성지약국 부근),서울 서초구 서초동(강남성지약국 부근),14,14,0,14,0,0,127.026551519715,37.499589171802,70.0,0.4667,0.9753,high,고위험
7125903,2025083,2025,1165010200,11650002,서울 서초구2,서울 서초구 양재동(엔스온누리약국 부근),서울 서초구 양재동(엔스온누리약국 부근),10,10,1,9,0,0,127.036311254433,37.482669233682,56.0,0.28,0.9108,high,고위험
7126244,2025083,2025,1165010600,11650003,서울 서초구3,서울 서초구 반포동(고속터미널역 9호선 부근),서울 서초구 반포동(고속터미널역 9호선 부근),8,9,0,9,0,0,127.003747802518,37.506080138312,44.0,0.12,0.6779,medium,주의
7125889,2025083,2025,1165010800,11650004,서울 서초구4,서울 서초구 서초동(미유끼 부근),서울 서초구 서초동(미유끼 부근),8,8,0,8,0,0,127.008355001705,37.490140640368,40.0,0.0667,0.5282,medium,주의
7125907,2025083,2025,1165010100,11650005,서울 서초구5,서울 서초구 방배동(사당역사거리 부근),서울 서초구 방배동(사당역사거리 부근),7,8,0,8,0,0,126.982318899011,37.477468057592,39.0,0.0533,0.432,medium,주의
7126067,2025083,2025,1165010800,11650006,서울 서초구6,서울 서초구 서초동(강남드림약국 부근),서울 서초구 서초동(강남드림약국 부근),7,7,0,7,0,0,127.025492766822,37.501138684579,35.0,0.0,0.3196,low,관심
7126063,2025083,2025,1168010600,11680001,서울 강남구1,서울 강남구 대치동(테헤란건강약국 부근),서울 강남구 대치동(테헤란건강약국 부근),10,11,0,11,0,0,127.05119608834,37.503466753912,54.0,0.2533,0.8805,high,고위험
7126146,2025083,2025,1168010100,11680002,서울 강남구2,서울 강남구 역삼동(유니팜서울약국 부근),서울 강남구 역삼동(유니팜서울약국 부근),8,8,0,8,0,0,127.028822726171,37.498975641676,40.0,0.0667,0.5282,medium,주의
7125901,2025083,2025,1168010800,11680003,서울 강남구3,서울 강남구 논현동(블루밍약국 부근),서울 강남구 논현동(블루밍약국 부근),7,8,0,8,0,0,127.024339277041,37.505907818869,39.0,0.0533,0.432,medium,주의
7125940,2025083,2025,1168010100,11680004,서울 강남구4,서울 강남구 역삼동(센터필드교차로 부근),서울 강남구 역삼동(센터필드교차로 부근),7,8,0,8,0,0,127.04309472231,37.502346290956,39.0,0.0533,0.432,medium,주의
7125870,2025083,2025,1168010600,11680005,서울 강남구5,서울 강남구 대치동(한가족약국 부근),서울 강남구 대치동(한가족약국 부근),7,7,0,7,0,0,127.060012330471,37.493526193539,35.0,0.0,0.3196,low,관심
7126161,2025083,2025,1168010100,11680006,서울 강남구6,서울 강남구 역삼동(도곡시장 부근),서울 강남구 역삼동(도곡시장 부근),7,7,0,7,0,0,127.052360551028,37.497966508017,35.0,0.0,0.3196,low,관심
7125958,2025083,2025,1168010100,11680007,서울 강남구7,서울 강남구 역삼동(일번지약국 부근),서울 강남구 역삼동(일번지약국 부근),7,7,0,7,0,0,127.030723588263,37.497385023194,35.0,0.0,0.3196,low,관심
7125881,2025083,2025,1171010100,11710001,서울 송파구1,서울 송파구 잠실동(유한약국 부근),서울 송파구 잠실동(유한약국 부근),11,13,0,13,0,0,127.082811466656,37.511000648513,63.0,0.3733,0.9511,high,고위험
7126038,2025083,2025,1171011100,11710002,서울 송파구2,서울 송파구 방이동(친절한약국 부근),서울 송파구 방이동(친절한약국 부근),10,11,0,11,0,0,127.109003644795,37.515282315476,54.0,0.2533,0.8805,high,고위험
7125853,2025083,2025,1171010100,11710003,서울 송파구3,서울 송파구 잠실동(잠실새내역교차로 부근),서울 송파구 잠실동(잠실새내역교차로 부근),8,8,0,8,0,0,127.085129065081,37.51136034133,40.0,0.0667,0.5282,medium,주의
7126031,2025083,2025,1171011300,11710004,서울 송파구4,서울 송파구 거여동(거여역교차로 부근),서울 송파구 거여동(거여역교차로 부근),7,7,1,6,0,0,127.143883293592,37.492797504233,41.0,0.08,0.6361,medium,주의
7126268,2025083,2025,1171011400,11710005,서울 송파구5,서울 송파구 마천동(마천사거리 부근),서울 송파구 마천동(마천사거리 부근),7,7,1,6,0,0,127.146058263874,37.49754875432,41.0,0.08,0.6361,medium,주의
7126153,2025083,2025,1171010200,11710006,서울 송파구6,서울 송파구 신천동(잠실역사거리 부근),서울 송파구 신천동(잠실역사거리 부근),7,8,0,8,0,0,127.100448929197,37.513091144871,39.0,0.0533,0.432,medium,주의
7125997,2025083,2025,1171011400,11710007,서울 송파구7,서울 송파구 마천동(마천2동주민센터 부근),서울 송파구 마천동(마천2동주민센터 부근),7,7,0,7,0,0,127.149465218968,37.497048067393,35.0,0.0,0.3196,low,관심
7126057,2025083,2025,1174010900,11740001,서울 강동구1,서울 강동구 천호동(천호초교입구교차로 부근),서울 강동구 천호동(천호초교입구교차로 부근),9,9,0,9,0,0,127.133695604568,37.546682328158,45.0,0.1333,0.7283,medium,주의
7126007,2025083,2025,1174010800,11740002,서울 강동구2,서울 강동구 천호동(천호역 5호선 부근),서울 강동구 천호동(천호역 5호선 부근),8,8,1,7,0,0,127.123750106493,37.539030663058,46.0,0.1467,0.7722,medium,주의
7125960,2025083,2025,1174010900,11740003,서울 강동구3,서울 강동구 천호동(리춘시장 천호역점 부근),서울 강동구 천호동(리춘시장 천호역점 부근),7,7,0,7,0,0,127.126955464197,37.538223680548,35.0,0.0,0.3196,low,관심
7126101,2025083,2025,1174010900,11740004,서울 강동구4,서울 강동구 천호동(새실로암약국 부근),서울 강동구 천호동(새실로암약국 부근),7,7,0,7,0,0,127.143792119324,37.549494460371,35.0,0.0,0.3196,low,관심
7126177,2025083,2025,2611014000,26110001,부산 중구1,부산 중구 남포동5가(남포사거리 부근),부산 중구 남포동5가(남포사거리 부근),16,16,0,16,0,0,129.02861981181,35.09764642559,80.0,0.6,0.9909,high,고위험
7125973,2025083,2025,2611014100,26110002,부산 중구2,부산 중구 남포동6가(자갈치교차로 부근),부산 중구 남포동6가(자갈치교차로 부근),8,8,0,8,0,0,129.025344176314,35.097786452386,40.0,0.0667,0.5282,medium,주의
7126256,2025083,2025,2611012100,26110003,부산 중구3,부산 중구 보수동2가(보수사거리 부근),부산 중구 보수동2가(보수사거리 부근),7,7,1,6,0,0,129.024576552339,35.102516090978,41.0,0.08,0.6361,medium,주의
7126280,2025083,2025,2611012300,26110004,부산 중구4,부산 중구 부평동1가(부평동주민센터 부근),부산 중구 부평동1가(부평동주민센터 부근),7,7,0,7,0,0,129.026446626927,35.100043635663,35.0,0.0,0.3196,low,관심
7126196,2025083,2025,2611010700,26110005,부산 중구5,부산 중구 중앙동4가(육장갈비 부산중부점 부근),부산 중구 중앙동4가(육장갈비 부산중부점 부근),7,7,0,7,0,0,129.037240253401,35.109690807326,35.0,0.0,0.3196,low,관심
7126005,2025083,2025,2614010600,26140001,부산 서구1,부산 서구 서대신동3가(별미집 부근),부산 서구 서대신동3가(별미집 부근),9,9,0,9,0,0,129.01500662465,35.113608802279,45.0,0.1333,0.7283,medium,주의
7125872,2025083,2025,2614010400,26140002,부산 서구2,부산 서구 서대신동1가(난다김밥 부근),부산 서구 서대신동1가(난다김밥 부근),7,7,0,7,0,0,129.016100916182,35.108361192055,35.0,0.0,0.3196,low,관심
7126049,2025083,2025,2614012100,26140003,부산 서구3,부산 서구 충무동2가(해동산어린이집 부근),부산 서구 충무동2가(해동산어린이집 부근),7,7,0,7,0,0,129.023170790027,35.09614908882,35.0,0.0,0.3196,low,관심
7125955,2025083,2025,2617010100,26170001,부산 동구1,부산 동구 초량동(부산역 부산1호선 부근),부산 동구 초량동(부산역 부산1호선 부근),15,15,1,14,0,0,129.039735747759,35.115290667236,81.0,0.6133,0.9934,high,고위험
7126073,2025083,2025,2617010200,26170002,부산 동구2,부산 동구 수정동(부산동부경찰서 부근),부산 동구 수정동(부산동부경찰서 부근),10,10,0,10,0,0,129.048528537901,35.13046004442,50.0,0.2,0.8407,high,고위험
7126060,2025083,2025,2617010400,26170003,부산 동구3,부산 동구 범일동(부산진시장앞교차로 부근),부산 동구 범일동(부산진시장앞교차로 부근),8,8,1,7,0,0,129.059854153215,35.137348801462,46.0,0.1467,0.7722,medium,주의
7125977,2025083,2025,2617010200,26170004,부산 동구4,부산 동구 수정동(수정쭈꾸미전문점 부근),부산 동구 수정동(수정쭈꾸미전문점 부근),7,8,0,8,0,0,129.045515210257,35.127807201611,39.0,0.0533,0.432,medium,주의
7125957,2025083,2025,2617010100,26170005,부산 동구5,부산 동구 초량동(초량119안전센터 부근),부산 동구 초량동(초량119안전센터 부근),7,7,0,7,0,0,129.043150934464,35.119294087696,35.0,0.0,0.3196,low,관심
7126127,2025083,2025,2620010200,26200001,부산 영도구1,부산 영도구 대교동2가(영도건강약국 부근),부산 영도구 대교동2가(영도건강약국 부근),8,8,0,8,0,0,129.041494850718,35.090997626196,40.0,0.0667,0.5282,medium,주의
7125961,2025083,2025,2620012100,26200002,부산 영도구2,부산 영도구 동삼동(동삼시장 부근),부산 영도구 동삼동(동삼시장 부근),7,7,0,7,0,0,129.070405304313,35.078862010943,35.0,0.0,0.3196,low,관심
7125875,2025083,2025,2623010300,26230001,부산 부산진구1,부산 부산진구 부전동(부전대형약국 부근),부산 부산진구 부전동(부전대형약국 부근),15,19,0,19,0,0,129.058839307172,35.159056398122,91.0,0.7467,0.9975,high,고위험
7126272,2025083,2025,2623010300,26230002,부산 부산진구2,부산 부산진구 부전동(가까운약국 부근),부산 부산진구 부전동(가까운약국 부근),13,14,0,14,0,0,129.056664255206,35.158077921964,69.0,0.4533,0.9718,high,고위험
7126095,2025083,2025,2623010300,26230003,부산 부산진구3,부산 부산진구 부전동(부전역 부산1호선 부근),부산 부산진구 부전동(부전역 부산1호선 부근),12,12,1,11,0,0,129.062156180879,35.163036041118,66.0,0.4133,0.9647,high,고위험
7125985,2025083,2025,2623010300,26230004,부산 부산진구4,부산 부산진구 부전동(엘살바도르명예영사관 부근),부산 부산진구 부전동(엘살바도르명예영사관 부근),11,11,0,11,0,0,129.05619043522,35.154594618244,55.0,0.2667,0.9007,high,고위험
7126230,2025083,2025,2623011100,26230005,부산 부산진구5,부산 부산진구 개금동(개금금성당약국 부근),부산 부산진구 개금동(개금금성당약국 부근),9,9,1,8,0,0,129.023672280287,35.150867638127,51.0,0.2133,0.8629,high,고위험
7126228,2025083,2025,2623010300,26230006,부산 부산진구6,부산 부산진구 부전동(서면공구골목 부근),부산 부산진구 부전동(서면공구골목 부근),9,10,0,10,0,0,129.06131173167,35.156983230841,49.0,0.1867,0.8065,high,고위험
7125866,2025083,2025,2623010900,26230007,부산 부산진구7,부산 부산진구 당감동(교촌치킨 당감점 부근),부산 부산진구 당감동(교촌치킨 당감점 부근),8,9,1,8,0,0,129.034680579793,35.165068796325,50.0,0.2,0.8407,high,고위험
7126288,2025083,2025,2623010300,26230008,부산 부산진구8,부산 부산진구 부전동(상상마당사거리 부근),부산 부산진구 부전동(상상마당사거리 부근),8,9,0,9,0,0,129.058287624893,35.153986521794,44.0,0.12,0.6779,medium,주의
7125886,2025083,2025,2623010300,26230009,부산 부산진구9,부산 부산진구 부전동(주한코트디브와르영사관 부근),부산 부산진구 부전동(주한코트디브와르영사관 부근),8,9,0,9,0,0,129.060650182883,35.160298575294,44.0,0.12,0.6779,medium,주의
7125852,2025083,2025,2623011000,26230010,부산 부산진구10,부산 부산진구 가야동(가야1치안센터 부근),부산 부산진구 가야동(가야1치안센터 부근),8,8,0,8,0,0,129.036994671027,35.154720524195,40.0,0.0667,0.5282,medium,주의
7126240,2025083,2025,2623010300,26230011,부산 부산진구11,부산 부산진구 부전동(부전사거리 부근),부산 부산진구 부전동(부전사거리 부근),8,8,0,8,0,0,129.06269829855,35.161243867744,40.0,0.0667,0.5282,medium,주의
7126218,2025083,2025,2623010300,26230012,부산 부산진구12,부산 부산진구 부전동(순풍약국 부근),부산 부산진구 부전동(순풍약국 부근),8,8,0,8,0,0,129.056448454373,35.160797752141,40.0,0.0667,0.5282,medium,주의
7125983,2025083,2025,2623010300,26230013,부산 부산진구13,부산 부산진구 부전동(중앙치안센터 부근),부산 부산진구 부전동(중앙치안센터 부근),7,8,0,8,0,0,129.061547285528,35.154837242419,39.0,0.0533,0.432,medium,주의
7126102,2025083,2025,2623010900,26230014,부산 부산진구14,부산 부산진구 부암동(예스약국 부근),부산 부산진구 부암동(예스약국 부근),7,7,0,7,0,0,129.038677645956,35.168011425456,35.0,0.0,0.3196,low,관심
7126033,2025083,2025,2623010800,26230015,부산 부산진구15,부산 부산진구 부암동(조방낙지 부근),부산 부산진구 부암동(조방낙지 부근),7,7,0,7,0,0,129.051416217292,35.163785052065,35.0,0.0,0.3196,low,관심
7126171,2025083,2025,2623010300,26230016,부산 부산진구16,부산 부산진구 부전동(바로약국 부근),부산 부산진구 부전동(바로약국 부근),7,7,0,7,0,0,129.059460430076,35.155927370592,35.0,0.0,0.3196,low,관심
7126048,2025083,2025,2623010300,26230017,부산 부산진구17,부산 부산진구 부전동(서면종합시장 부근),부산 부산진구 부전동(서면종합시장 부근),7,7,0,7,0,0,129.05909936735,35.16179589938,35.0,0.0,0.3196,low,관심
7126086,2025083,2025,2623010100,26230018,부산 부산진구18,부산 부산진구 양정동(양정중앙어린이집 부근),부산 부산진구 양정동(양정중앙어린이집 부근),7,7,0,7,0,0,129.069669991601,35.170674664013,35.0,0.0,0.3196,low,관심
7126056,2025083,2025,2626010800,26260001,부산 동래구1,부산 동래구 온천동(내성교차로 부근),부산 동래구 온천동(내성교차로 부근),8,8,0,8,0,0,129.078662621466,35.204082606486,40.0,0.0667,0.5282,medium,주의
7126151,2025083,2025,2626010700,26260002,부산 동래구2,부산 동래구 명륜동(상무초밥 부산동래점 부근),부산 동래구 명륜동(상무초밥 부산동래점 부근),7,8,0,8,0,0,129.082195475574,35.206036417019,39.0,0.0533,0.432,medium,주의
7125994,2025083,2025,2626010700,26260003,부산 동래구3,부산 동래구 명륜동(동래충무김밥 부근),부산 동래구 명륜동(동래충무김밥 부근),7,7,0,7,0,0,129.083633670869,35.203906158079,35.0,0.0,0.3196,low,관심
7126202,2025083,2025,2626010900,26260004,부산 동래구4,부산 동래구 사직동(사직2치안센터 부근),부산 동래구 사직동(사직2치안센터 부근),7,7,0,7,0,0,129.057784455126,35.199277196698,35.0,0.0,0.3196,low,관심
7126058,2025083,2025,2626010900,26260005,부산 동래구5,부산 동래구 사직동(이화약국 부근),부산 동래구 사직동(이화약국 부근),7,7,0,7,0,0,129.060756152481,35.1962928043,35.0,0.0,0.3196,low,관심
7125976,2025083,2025,2629010600,26290001,부산 남구1,부산 남구 대연동(못골약국 부근),부산 남구 대연동(못골약국 부근),13,13,1,12,0,0,129.091432951457,35.1359453199,71.0,0.48,0.9778,high,고위험
7126025,2025083,2025,2629010600,26290002,부산 남구2,부산 남구 대연동(못골사거리 부근),부산 남구 대연동(못골사거리 부근),12,12,2,10,0,0,129.086831059394,35.135087284815,72.0,0.4933,0.9803,high,고위험
7126200,2025083,2025,2629010600,26290003,부산 남구3,부산 남구 대연동(대연시장 부근),부산 남구 대연동(대연시장 부근),12,12,1,11,0,0,129.089102154034,35.13529228455,66.0,0.4133,0.9647,high,고위험
7126294,2025083,2025,2629010900,26290004,부산 남구4,부산 남구 문현동(21세기우리네약국 부근),부산 남구 문현동(21세기우리네약국 부근),10,10,1,9,0,0,129.072708687738,35.136879119722,56.0,0.28,0.9108,high,고위험
7126000,2025083,2025,2629010900,26290005,부산 남구5,부산 남구 문현동(문현주유소 부근),부산 남구 문현동(문현주유소 부근),8,8,0,8,0,0,129.067843654287,35.135801698626,40.0,0.0667,0.5282,medium,주의
7126204,2025083,2025,2629010700,26290006,부산 남구6,부산 남구 용호동(용호2치안센터 부근),부산 남구 용호동(용호2치안센터 부근),7,7,1,6,0,0,129.110758354978,35.11222525968,41.0,0.08,0.6361,medium,주의
7126009,2025083,2025,2629010600,26290007,부산 남구7,부산 남구 대연동(용소삼거리 부근),부산 남구 대연동(용소삼거리 부근),7,7,0,7,0,0,129.099396945573,35.136687658955,35.0,0.0,0.3196,low,관심
7125971,2025083,2025,2629010900,26290008,부산 남구8,부산 남구 문현동(문현4동행정복지센터 부근),부산 남구 문현동(문현4동행정복지센터 부근),7,7,0,7,0,0,129.070187903209,35.136600180319,35.0,0.0,0.3196,low,관심
7126019,2025083,2025,2629010700,26290009,부산 남구9,부산 남구 용호동(성심약국 부근),부산 남구 용호동(성심약국 부근),7,7,0,7,0,0,129.111557999738,35.11779734883,35.0,0.0,0.3196,low,관심
7126054,2025083,2025,2629010700,26290010,부산 남구10,부산 남구 용호동(신중앙약국 부근),부산 남구 용호동(신중앙약국 부근),7,7,0,7,0,0,129.111958264168,35.119665580917,35.0,0.0,0.3196,low,관심
7126078,2025083,2025,2632010400,26320001,부산 북구1,부산 북구 덕천동(드림약국 부근),부산 북구 덕천동(드림약국 부근),12,12,0,12,0,0,129.007595364945,35.210313671491,60.0,0.3333,0.935,high,고위험
7126290,2025083,2025,2632010500,26320002,부산 북구2,부산 북구 구포동(구포시장 부근),부산 북구 구포동(구포시장 부근),8,8,0,8,0,0,129.003191492967,35.209791408968,40.0,0.0667,0.5282,medium,주의
7126271,2025083,2025,2632010500,26320003,부산 북구3,부산 북구 구포동(덕천교차로 부근),부산 북구 구포동(덕천교차로 부근),7,8,2,6,0,0,129.00564472111,35.210763665916,51.0,0.2133,0.8629,high,고위험
7126185,2025083,2025,2632010200,26320004,부산 북구4,부산 북구 화명동(와석교차로 부근),부산 북구 화명동(와석교차로 부근),7,7,0,7,0,0,129.012990017833,35.234914274276,35.0,0.0,0.3196,low,관심
7126209,2025083,2025,2635010100,26350001,부산 해운대구1,부산 해운대구 반송동(반송도서관교차로 부근),부산 해운대구 반송동(반송도서관교차로 부근),7,7,0,7,0,0,129.1486502034,35.225041381871,35.0,0.0,0.3196,low,관심
7126051,2025083,2025,2635010500,26350002,부산 해운대구2,부산 해운대구 우동(해운대역 부산2호선 부근),부산 해운대구 우동(해운대역 부산2호선 부근),7,7,0,7,0,0,129.158930302774,35.16326839559,35.0,0.0,0.3196,low,관심
7125998,2025083,2025,2638010300,26380001,부산 사하구1,부산 사하구 하단동(하단오일상설시장 부근),부산 사하구 하단동(하단오일상설시장 부근),7,8,1,7,0,0,128.970101922368,35.104793912335,45.0,0.1333,0.7283,medium,주의
7125947,2025083,2025,2638010100,26380002,부산 사하구2,부산 사하구 괴정동(괴정동교차로 부근),부산 사하구 괴정동(괴정동교차로 부근),7,8,0,8,0,0,128.993277239119,35.096893613489,39.0,0.0533,0.432,medium,주의
7126254,2025083,2025,2638010100,26380003,부산 사하구3,부산 사하구 괴정동(괴정골목시장 부근),부산 사하구 괴정동(괴정골목시장 부근),7,7,0,7,0,0,128.99382708938,35.099133139324,35.0,0.0,0.3196,low,관심
7126238,2025083,2025,2638010100,26380004,부산 사하구4,부산 사하구 괴정동(신괴정약국 부근),부산 사하구 괴정동(신괴정약국 부근),7,7,0,7,0,0,128.990453568296,35.099347502076,35.0,0.0,0.3196,low,관심
7125948,2025083,2025,2638010400,26380005,부산 사하구5,부산 사하구 신평동(강동병원앞교차로 부근),부산 사하구 신평동(강동병원앞교차로 부근),7,7,0,7,0,0,128.977592574994,35.090348925895,35.0,0.0,0.3196,low,관심
7126163,2025083,2025,2638010300,26380006,부산 사하구6,부산 사하구 하단동(서가앤쿡 부산하단점 부근),부산 사하구 하단동(서가앤쿡 부산하단점 부근),7,7,0,7,0,0,128.9671092462,35.108114520359,35.0,0.0,0.3196,low,관심
7126237,2025083,2025,2638010300,26380007,부산 사하구7,부산 사하구 하단동(하단초등학교 부근),부산 사하구 하단동(하단초등학교 부근),7,7,0,7,0,0,128.964745689434,35.106206690537,35.0,0.0,0.3196,low,관심
7125883,2025083,2025,2641011000,26410001,부산 금정구1,부산 금정구 서동(서동메디컬약국 부근),부산 금정구 서동(서동메디컬약국 부근),18,18,0,18,0,0,129.105219994253,35.21458973222,90.0,0.7333,0.996,high,고위험
7126264,2025083,2025,2641011000,26410002,부산 금정구2,부산 금정구 서동(동서약국 부근),부산 금정구 서동(동서약국 부근),11,11,0,11,0,0,129.102172789178,35.214941154839,55.0,0.2667,0.9007,high,고위험
7126179,2025083,2025,2641010900,26410003,부산 금정구3,부산 금정구 부곡동(BBQ 부곡스마트점 부근),부산 금정구 부곡동(BBQ 부곡스마트점 부근),9,9,0,9,0,0,129.087119054048,35.217710648704,45.0,0.1333,0.7283,medium,주의
7126274,2025083,2025,2641010900,26410004,부산 금정구4,부산 금정구 부곡동(성신약국 부근),부산 금정구 부곡동(성신약국 부근),7,7,1,6,0,0,129.086792847437,35.219282402608,41.0,0.08,0.6361,medium,주의
7126082,2025083,2025,2641010700,26410005,부산 금정구5,부산 금정구 구서동(금정교 부근),부산 금정구 구서동(금정교 부근),7,7,0,7,0,0,129.090204956617,35.244288193194,35.0,0.0,0.3196,low,관심
7126137,2025083,2025,2641010900,26410006,부산 금정구6,부산 금정구 부곡동(부곡시장 부근),부산 금정구 부곡동(부곡시장 부근),7,7,0,7,0,0,129.091455618024,35.225175313831,35.0,0.0,0.3196,low,관심
7126182,2025083,2025,2641010800,26410007,부산 금정구7,부산 금정구 장전동(울진이모네 부근),부산 금정구 장전동(울진이모네 부근),7,7,0,7,0,0,129.084476505324,35.222688895698,35.0,0.0,0.3196,low,관심
7126211,2025083,2025,2647010200,26470001,부산 연제구1,부산 연제구 연산동(영돈까스 부근),부산 연제구 연산동(영돈까스 부근),7,7,1,6,0,0,129.094375627976,35.188458017075,41.0,0.08,0.6361,medium,주의
7125979,2025083,2025,2647010100,26470002,부산 연제구2,부산 연제구 거제동(거제시장 부근),부산 연제구 거제동(거제시장 부근),7,8,0,8,0,0,129.072986520718,35.18210001919,39.0,0.0533,0.432,medium,주의
7126053,2025083,2025,2647010200,26470003,부산 연제구3,부산 연제구 연산동(연일지구대 부근),부산 연제구 연산동(연일지구대 부근),7,7,0,7,0,0,129.083639183518,35.187159345467,35.0,0.0,0.3196,low,관심
7125921,2025083,2025,2650010100,26500001,부산 수영구1,부산 수영구 망미동(망미중앙시장 부근),부산 수영구 망미동(망미중앙시장 부근),9,9,1,8,0,0,129.107030758413,35.176883655101,51.0,0.2133,0.8629,high,고위험
7125877,2025083,2025,2650010200,26500002,부산 수영구2,부산 수영구 수영동(수영팔도시장 부근),부산 수영구 수영동(수영팔도시장 부근),9,9,0,9,0,0,129.116227155035,35.167808277624,45.0,0.1333,0.7283,medium,주의
7126199,2025083,2025,2650010400,26500003,부산 수영구3,부산 수영구 광안동(광안시장 부근),부산 수영구 광안동(광안시장 부근),8,8,0,8,0,0,129.113540725464,35.159960090187,40.0,0.0667,0.5282,medium,주의
7126134,2025083,2025,2650010400,26500004,부산 수영구4,부산 수영구 광안동(굴미상회 부근),부산 수영구 광안동(굴미상회 부근),8,8,0,8,0,0,129.118159454913,35.166583369844,40.0,0.0667,0.5282,medium,주의
7125978,2025083,2025,2650010400,26500005,부산 수영구5,부산 수영구 광안동(수영교차로 부근),부산 수영구 광안동(수영교차로 부근),7,8,1,7,0,0,129.114111324434,35.167066355555,45.0,0.1333,0.7283,medium,주의
7126255,2025083,2025,2650010400,26500006,부산 수영구6,부산 수영구 광안동(수변평상공원 부근),부산 수영구 광안동(수변평상공원 부근),7,7,0,7,0,0,129.117279831388,35.152101924562,35.0,0.0,0.3196,low,관심
7126187,2025083,2025,2653010400,26530001,부산 사상구1,부산 사상구 괘법동(사상역 부산2호선 부근),부산 사상구 괘법동(사상역 부산2호선 부근),9,9,0,9,0,0,128.984613725034,35.163240444077,45.0,0.1333,0.7283,medium,주의
7126020,2025083,2025,2653010300,26530002,부산 사상구2,부산 사상구 덕포동(대한약국 부근),부산 사상구 덕포동(대한약국 부근),8,8,3,5,0,0,128.983064870913,35.171360444873,58.0,0.3067,0.9234,high,고위험
7125906,2025083,2025,2653010700,26530003,부산 사상구3,부산 사상구 학장동(그린약국 부근),부산 사상구 학장동(그린약국 부근),8,8,0,8,0,0,128.978190596295,35.138369076033,40.0,0.0667,0.5282,medium,주의
7126222,2025083,2025,2653010600,26530004,부산 사상구4,부산 사상구 주례동(부일약국 부근),부산 사상구 주례동(부일약국 부근),7,8,1,7,0,0,129.013160559693,35.149534528138,45.0,0.1333,0.7283,medium,주의
7126229,2025083,2025,2653010400,26530005,부산 사상구5,부산 사상구 괘법동(근로복지공단부산어린이집 부근),부산 사상구 괘법동(근로복지공단부산어린이집 부근),7,7,0,7,0,0,128.981606129194,35.167332071636,35.0,0.0,0.3196,low,관심
7126149,2025083,2025,2653010400,26530006,부산 사상구6,부산 사상구 괘법동(오복집밥 부근),부산 사상구 괘법동(오복집밥 부근),7,7,0,7,0,0,128.985741800242,35.157324614393,35.0,0.0,0.3196,low,관심
7126117,2025083,2025,2653010300,26530007,부산 사상구7,부산 사상구 덕포동(덕포교차로 부근),부산 사상구 덕포동(덕포교차로 부근),7,7,0,7,0,0,128.984854547247,35.174372452837,35.0,0.0,0.3196,low,관심
7126158,2025083,2025,2653010600,26530008,부산 사상구8,부산 사상구 주례동(백양낙조전망대 부근),부산 사상구 주례동(백양낙조전망대 부근),7,7,0,7,0,0,128.997624679473,35.154082526616,35.0,0.0,0.3196,low,관심
7126184,2025083,2025,2653010600,26530009,부산 사상구9,부산 사상구 주례동(주례역교차로 부근),부산 사상구 주례동(주례역교차로 부근),7,7,0,7,0,0,129.003910784116,35.150469927317,35.0,0.0,0.3196,low,관심
7126188,2025083,2025,2671025026,26710001,부산 기장군1,부산 기장군 기장읍(메디팜대학약국 부근),부산 기장군 기장읍(메디팜대학약국 부근),11,13,0,13,0,0,129.216436788307,35.243076262017,63.0,0.3733,0.9511,high,고위험
7126190,2025083,2025,2711010500,27110001,대구 중구1,대구 중구 삼덕동1가(삼덕119안전센터 부근),대구 중구 삼덕동1가(삼덕119안전센터 부근),12,12,0,12,0,0,128.598913522084,35.866937519501,60.0,0.3333,0.935,high,고위험
7126172,2025083,2025,2711011900,27110002,대구 중구2,대구 중구 동성로3가(동성로상점가상인회 부근),대구 중구 동성로3가(동성로상점가상인회 부근),8,8,0,8,0,0,128.593790215679,35.867701020598,40.0,0.0667,0.5282,medium,주의
7125887,2025083,2025,2714010100,27140001,대구 동구1,대구 동구 신암동(큰고개오거리 부근),대구 동구 신암동(큰고개오거리 부근),9,9,0,9,0,0,128.633313841371,35.885634651588,45.0,0.1333,0.7283,medium,주의
7125890,2025083,2025,2714011100,27140002,대구 동구2,대구 동구 방촌동(방촌역 대구1호선 부근),대구 동구 방촌동(방촌역 대구1호선 부근),7,7,0,7,0,0,128.670092002274,35.879796883054,35.0,0.0,0.3196,low,관심
7125871,2025083,2025,2714010300,27140003,대구 동구3,대구 동구 효목동(동구시장 부근),대구 동구 효목동(동구시장 부근),7,7,0,7,0,0,128.638840647756,35.87493669253,35.0,0.0,0.3196,low,관심
7126160,2025083,2025,2717010200,27170001,대구 서구1,대구 서구 비산동(북비산네거리 부근),대구 서구 비산동(북비산네거리 부근),7,7,0,7,0,0,128.571046413735,35.879101717508,35.0,0.0,0.3196,low,관심
7126047,2025083,2025,2720010300,27200001,대구 남구1,대구 남구 대명동(서부정류장역 대구1호선 부근),대구 남구 대명동(서부정류장역 대구1호선 부근),8,8,2,6,0,0,128.557798475163,35.837344755341,52.0,0.2267,0.8705,high,고위험
7125888,2025083,2025,2720010300,27200002,대구 남구2,대구 남구 대명동(다담약국 부근),대구 남구 대명동(다담약국 부근),7,7,0,7,0,0,128.58930390777,35.846902593082,35.0,0.0,0.3196,low,관심
7126046,2025083,2025,2723010100,27230001,대구 북구1,대구 북구 칠성동1가(칠성교네거리 부근),대구 북구 칠성동1가(칠성교네거리 부근),7,7,2,5,0,0,128.605349305326,35.875538037732,47.0,0.16,0.7893,medium,주의
7126024,2025083,2025,2723010900,27230002,대구 북구2,대구 북구 노원동3가(팔달시장역 대구3호선 부근),대구 북구 노원동3가(팔달시장역 대구3호선 부근),7,7,1,6,0,0,128.568162780899,35.888969614057,41.0,0.08,0.6361,medium,주의
7126027,2025083,2025,2726011100,27260001,대구 수성구1,대구 수성구 두산동(알라딘 부근),대구 수성구 두산동(알라딘 부근),7,7,0,7,0,0,128.623871412795,35.835003185711,35.0,0.0,0.3196,low,관심
7126206,2025083,2025,2726011200,27260002,대구 수성구2,대구 수성구 지산동(대구용지초등학교 부근),대구 수성구 지산동(대구용지초등학교 부근),7,7,0,7,0,0,128.632433882335,35.821264100409,35.0,0.0,0.3196,low,관심
7125990,2025083,2025,2729011700,27290001,대구 달서구1,대구 달서구 진천동(사랑마을어린이집 부근),대구 달서구 진천동(사랑마을어린이집 부근),10,10,1,9,0,0,128.525459300992,35.812555024433,56.0,0.28,0.9108,high,고위험
7126198,2025083,2025,2729011300,27290002,대구 달서구2,대구 달서구 감삼동(키즈앤맘어린이집 부근),대구 달서구 감삼동(키즈앤맘어린이집 부근),7,7,1,6,0,0,128.534515502355,35.849768407581,41.0,0.08,0.6361,medium,주의
7125915,2025083,2025,2729012000,27290003,대구 달서구3,대구 달서구 월성동(월성무지개어린이집 부근),대구 달서구 월성동(월성무지개어린이집 부근),7,7,0,7,0,0,128.530806675127,35.831911176267,35.0,0.0,0.3196,low,관심
7126250,2025083,2025,2729011700,27290004,대구 달서구4,대구 달서구 진천동(태양약국 부근),대구 달서구 진천동(태양약국 부근),7,7,0,7,0,0,128.52076705254,35.81392028116,35.0,0.0,0.3196,low,관심
7126186,2025083,2025,2817710300,28177001,인천 미추홀구1,인천 미추홀구 학익동(신동아유치원 부근),인천 미추홀구 학익동(신동아유치원 부근),7,7,1,6,0,0,126.677709911881,37.441607687777,41.0,0.08,0.6361,medium,주의
7126002,2025083,2025,2820010200,28200001,인천 남동구1,인천 남동구 간석동(간석자유시장 부근),인천 남동구 간석동(간석자유시장 부근),8,8,1,7,0,0,126.715246810907,37.463587737191,46.0,0.1467,0.7722,medium,주의
7126015,2025083,2025,2820010100,28200002,인천 남동구2,인천 남동구 구월동(체리약국 부근),인천 남동구 구월동(체리약국 부근),8,8,0,8,0,0,126.70107216846,37.445166017971,40.0,0.0667,0.5282,medium,주의
7126085,2025083,2025,2823710100,28237001,인천 부평구1,인천 부평구 부평동(부흥119안전센터 부근),인천 부평구 부평동(부흥119안전센터 부근),8,8,1,7,0,0,126.723816071044,37.492547770916,46.0,0.1467,0.7722,medium,주의
7126296,2025083,2025,2823710100,28237002,인천 부평구2,인천 부평구 부평동(밝은약국 부근),인천 부평구 부평동(밝은약국 부근),7,7,1,6,0,0,126.721202904565,37.491979347242,41.0,0.08,0.6361,medium,주의
7126231,2025083,2025,2826011300,28260001,인천 서구1,인천 서구 마전동(사랑온누리약국 부근),인천 서구 마전동(사랑온누리약국 부근),8,8,1,7,0,0,126.660140114245,37.602368479963,46.0,0.1467,0.7722,medium,주의
7126006,2025083,2025,2914011900,29140001,광주 서구1,광주 서구 화정동(광주지방국세청우리누리어린이집 부근),광주 서구 화정동(광주지방국세청우리누리어린이집 부근),9,9,0,9,0,0,126.87220342594,35.146098574305,45.0,0.1333,0.7283,medium,주의
7126162,2025083,2025,2915510400,29155001,광주 남구1,광주 남구 월산동(바삭치킨 부근),광주 남구 월산동(바삭치킨 부근),7,7,0,7,0,0,126.891084287105,35.145330426941,35.0,0.0,0.3196,low,관심
7126026,2025083,2025,2917011400,29170001,광주 북구1,광주 북구 두암동(갯마을 부근),광주 북구 두암동(갯마을 부근),9,9,0,9,0,0,126.933249308701,35.16609838336,45.0,0.1333,0.7283,medium,주의
7125945,2025083,2025,2917011300,29170002,광주 북구2,광주 북구 각화동(문흥지구입구교차로 부근),광주 북구 각화동(문흥지구입구교차로 부근),7,7,1,6,0,0,126.929859074776,35.179851483557,41.0,0.08,0.6361,medium,주의
7126079,2025083,2025,2917011000,29170003,광주 북구3,광주 북구 우산동(사랑이네생태한마리 부근),광주 북구 우산동(사랑이네생태한마리 부근),7,8,0,8,0,0,126.921062278099,35.172068641169,39.0,0.0533,0.432,medium,주의
7125959,2025083,2025,3011012000,30110001,대전 동구1,대전 동구 중동(대전역네거리 부근),대전 동구 중동(대전역네거리 부근),11,11,0,11,0,0,127.43267285683,36.33199808649,55.0,0.2667,0.9007,high,고위험
7125920,2025083,2025,3011010100,30110002,대전 동구2,대전 동구 원동(대전중앙시장 부근),대전 동구 원동(대전중앙시장 부근),8,8,0,8,0,0,127.43349895086,36.33015489093,40.0,0.0667,0.5282,medium,주의
7125868,2025083,2025,3014011500,30140001,대전 중구1,대전 중구 유천동(대전가장큰약국 부근),대전 중구 유천동(대전가장큰약국 부근),7,7,1,6,0,0,127.399268946715,36.318550598231,41.0,0.08,0.6361,medium,주의
7125879,2025083,2025,3017011200,30170001,대전 서구1,대전 서구 둔산동(워너비 부근),대전 서구 둔산동(워너비 부근),15,15,0,15,0,0,127.375849526046,36.350261365335,75.0,0.5333,0.9864,high,고위험
7126132,2025083,2025,3017011200,30170002,대전 서구2,대전 서구 둔산동(은하수네거리 부근),대전 서구 둔산동(은하수네거리 부근),8,8,0,8,0,0,127.37778737556,36.35122746112,40.0,0.0667,0.5282,medium,주의
7126013,2025083,2025,3017011200,30170003,대전 서구3,대전 서구 둔산동(온유네닭매운탕 부근),대전 서구 둔산동(온유네닭매운탕 부근),7,8,0,8,0,0,127.398418960507,36.349266796402,39.0,0.0533,0.432,medium,주의
7125911,2025083,2025,3017010300,30170004,대전 서구4,대전 서구 도마동(도마네거리 부근),대전 서구 도마동(도마네거리 부근),7,7,0,7,0,0,127.379936770867,36.313682426368,35.0,0.0,0.3196,low,관심
7126094,2025083,2025,3017011200,30170005,대전 서구5,대전 서구 둔산동(한마루네거리 부근),대전 서구 둔산동(한마루네거리 부근),7,7,0,7,0,0,127.389494447151,36.353233345456,35.0,0.0,0.3196,low,관심
7125895,2025083,2025,3017010400,30170006,대전 서구6,대전 서구 정림동(무지개종합시장 부근),대전 서구 정림동(무지개종합시장 부근),7,7,0,7,0,0,127.365741533498,36.305873453599,35.0,0.0,0.3196,low,관심
7126212,2025083,2025,3020011100,30200001,대전 유성구1,대전 유성구 봉명동(유성온천사거리 부근),대전 유성구 봉명동(유성온천사거리 부근),7,7,0,7,0,0,127.341743670672,36.355845130498,35.0,0.0,0.3196,low,관심
7126092,2025083,2025,3023011100,30230001,대전 대덕구1,대전 대덕구 석봉동(신탄진시장 부근),대전 대덕구 석봉동(신탄진시장 부근),9,9,2,7,0,0,127.425999029957,36.450094639875,57.0,0.2933,0.9183,high,고위험
7126193,2025083,2025,3111010800,31110001,울산 중구1,울산 중구 우정동(선경2차아파트앞교차로 부근),울산 중구 우정동(선경2차아파트앞교차로 부근),8,8,0,8,0,0,129.309160255277,35.5559281921,40.0,0.0667,0.5282,medium,주의
7126018,2025083,2025,3111010800,31110002,울산 중구2,울산 중구 우정동(태화약국 부근),울산 중구 우정동(태화약국 부근),7,8,0,8,0,0,129.306835713222,35.556532145737,39.0,0.0533,0.432,medium,주의
7126064,2025083,2025,3114010800,31140001,울산 남구1,울산 남구 야음동(수암사거리 부근),울산 남구 야음동(수암사거리 부근),8,9,0,9,0,0,129.320725619934,35.527350511005,44.0,0.12,0.6779,medium,주의
7126152,2025083,2025,3114010500,31140002,울산 남구2,울산 남구 달동(MH컨벤션사거리 부근),울산 남구 달동(MH컨벤션사거리 부근),7,7,0,7,0,0,129.331576233233,35.537664221948,35.0,0.0,0.3196,low,관심
7126192,2025083,2025,3114010500,31140003,울산 남구3,울산 남구 달동(왕약국 부근),울산 남구 달동(왕약국 부근),7,7,0,7,0,0,129.333571988551,35.538607519265,35.0,0.0,0.3196,low,관심
7126012,2025083,2025,3117010300,31170001,울산 동구1,울산 동구 일산동(일산해수욕장사거리 부근),울산 동구 일산동(일산해수욕장사거리 부근),8,9,0,9,0,0,129.428027055626,35.497260720781,44.0,0.12,0.6779,medium,주의
7125855,2025083,2025,3171025332,31710001,울산 울주군1,울산 울주군 언양읍(언양알프스시장 부근),울산 울주군 언양읍(언양알프스시장 부근),7,7,0,7,0,0,129.125048154482,35.563235595479,35.0,0.0,0.3196,low,관심
7125941,2025083,2025,3611025025,36110001,세종1,세종 조치원읍(좋은약국 부근),세종 조치원읍(좋은약국 부근),7,7,0,7,0,0,127.298563856947,36.600038103173,35.0,0.0,0.3196,low,관심
7126291,2025083,2025,4111113200,41111001,경기 수원시 장안구1,경기 수원시 장안구 율전동(허브약국 부근),경기 수원시 장안구 율전동(허브약국 부근),7,7,0,7,0,0,126.971588203971,37.298909008929,35.0,0.0,0.3196,low,관심
7126061,2025083,2025,4111113000,41111002,경기 수원시 장안구2,경기 수원시 장안구 정자동(정자시장 부근),경기 수원시 장안구 정자동(정자시장 부근),7,7,0,7,0,0,126.999706024547,37.290368860845,35.0,0.0,0.3196,low,관심
7126261,2025083,2025,4111514100,41115001,경기 수원시 팔달구1,경기 수원시 팔달구 인계동(무비사거리 부근),경기 수원시 팔달구 인계동(무비사거리 부근),10,10,0,10,0,0,127.030871492522,37.264921402328,50.0,0.2,0.8407,high,고위험
7126123,2025083,2025,4111513800,41115002,경기 수원시 팔달구2,경기 수원시 팔달구 화서동(화서사거리 부근),경기 수원시 팔달구 화서동(화서사거리 부근),8,8,1,7,0,0,127.00380042754,37.279066682328,46.0,0.1467,0.7722,medium,주의
7126041,2025083,2025,4111512400,41115003,경기 수원시 팔달구3,경기 수원시 팔달구 영동(수원영동시장 부근),경기 수원시 팔달구 영동(수원영동시장 부근),8,9,0,9,0,0,127.019208307468,37.276834172319,44.0,0.12,0.6779,medium,주의
7125859,2025083,2025,4111512200,41115004,경기 수원시 팔달구4,경기 수원시 팔달구 팔달로3가(중동사거리 부근),경기 수원시 팔달구 팔달로3가(중동사거리 부근),8,8,0,8,0,0,127.017644499869,37.275223246399,40.0,0.0667,0.5282,medium,주의
7126157,2025083,2025,4111512200,41115005,경기 수원시 팔달구5,경기 수원시 팔달구 팔달로3가(팔달문로터리 부근),경기 수원시 팔달구 팔달로3가(팔달문로터리 부근),8,8,0,8,0,0,127.017126930128,37.277754134351,40.0,0.0667,0.5282,medium,주의
7125937,2025083,2025,4111513800,41115006,경기 수원시 팔달구6,경기 수원시 팔달구 화서동(경기도지사공관교차로 부근),경기 수원시 팔달구 화서동(경기도지사공관교차로 부근),7,7,1,6,0,0,127.006553890894,37.282280501508,41.0,0.08,0.6361,medium,주의
7126023,2025083,2025,4111513700,41115007,경기 수원시 팔달구7,경기 수원시 팔달구 고등동(갓매산삼거리 부근),경기 수원시 팔달구 고등동(갓매산삼거리 부근),7,7,0,7,0,0,127.004203815475,37.269434947551,35.0,0.0,0.3196,low,관심
7126263,2025083,2025,4111513700,41115008,경기 수원시 팔달구8,경기 수원시 팔달구 고등동(우리동네경찰센터 부근),경기 수원시 팔달구 고등동(우리동네경찰센터 부근),7,7,0,7,0,0,127.001624861253,37.270624405119,35.0,0.0,0.3196,low,관심
7126252,2025083,2025,4111513400,41115009,경기 수원시 팔달구9,경기 수원시 팔달구 매산로1가(갤러리약국 부근),경기 수원시 팔달구 매산로1가(갤러리약국 부근),7,7,0,7,0,0,127.001125781636,37.267662270319,35.0,0.0,0.3196,low,관심
7126283,2025083,2025,4111513800,41115010,경기 수원시 팔달구10,경기 수원시 팔달구 화서동(화서오거리 부근),경기 수원시 팔달구 화서동(화서오거리 부근),7,7,0,7,0,0,126.999245469022,37.27900038129,35.0,0.0,0.3196,low,관심
7126279,2025083,2025,4111710100,41117001,경기 수원시 영통구1,경기 수원시 영통구 매탄동(애플키즈어린이집 부근),경기 수원시 영통구 매탄동(애플키즈어린이집 부근),7,7,0,7,0,0,127.043151988248,37.274504207727,35.0,0.0,0.3196,low,관심
7125956,2025083,2025,4113110200,41131001,경기 성남시 수정구1,경기 성남시 수정구 태평동(중앙시장사거리 부근),경기 성남시 수정구 태평동(중앙시장사거리 부근),10,10,0,10,0,0,127.131371102284,37.440761679915,50.0,0.2,0.8407,high,고위험
7126269,2025083,2025,4113110200,41131002,경기 성남시 수정구2,경기 성남시 수정구 태평동(김구약국 부근),경기 성남시 수정구 태평동(김구약국 부근),9,9,1,8,0,0,127.133560160722,37.441394287292,51.0,0.2133,0.8629,high,고위험
7125954,2025083,2025,4113110100,41131003,경기 성남시 수정구3,경기 성남시 수정구 신흥동(숯골사거리 부근),경기 성남시 수정구 신흥동(숯골사거리 부근),7,8,0,8,0,0,127.142679276169,37.443360154743,39.0,0.0533,0.432,medium,주의
7126044,2025083,2025,4113110100,41131004,경기 성남시 수정구4,경기 성남시 수정구 신흥동(아이원어린이집 부근),경기 성남시 수정구 신흥동(아이원어린이집 부근),7,8,0,8,0,0,127.136076794047,37.440926402899,39.0,0.0533,0.432,medium,주의
7125962,2025083,2025,4113110300,41131005,경기 성남시 수정구5,경기 성남시 수정구 수진동(봉평메밀면사무소 부근),경기 성남시 수정구 수진동(봉평메밀면사무소 부근),7,7,0,7,0,0,127.128263265862,37.435820794105,35.0,0.0,0.3196,low,관심
7125854,2025083,2025,4113110600,41131006,경기 성남시 수정구6,경기 성남시 수정구 양지동(양지동행정복지센터 부근),경기 성남시 수정구 양지동(양지동행정복지센터 부근),7,7,0,7,0,0,127.160838795362,37.455065011158,35.0,0.0,0.3196,low,관심
7126072,2025083,2025,4113310100,41133001,경기 성남시 중원구1,경기 성남시 중원구 성남동(모란온누리약국 부근),경기 성남시 중원구 성남동(모란온누리약국 부근),10,10,2,8,0,0,127.129457314894,37.430930093928,62.0,0.36,0.9486,high,고위험
7126277,2025083,2025,4113310100,41133002,경기 성남시 중원구2,경기 성남시 중원구 성남동(성남시 전북도민회관 부근),경기 성남시 중원구 성남동(성남시 전북도민회관 부근),9,12,0,12,0,0,127.127861300909,37.430820284141,57.0,0.2933,0.9183,high,고위험
7126235,2025083,2025,4113310100,41133003,경기 성남시 중원구3,경기 성남시 중원구 성남동(휴베이스 기승전약국 부근),경기 성남시 중원구 성남동(휴베이스 기승전약국 부근),8,8,0,8,0,0,127.131106149251,37.43325183499,40.0,0.0667,0.5282,medium,주의
7126260,2025083,2025,4113310100,41133004,경기 성남시 중원구4,경기 성남시 중원구 성남동(모란삼거리 부근),경기 성남시 중원구 성남동(모란삼거리 부근),7,7,1,6,0,0,127.12841426013,37.432716043282,41.0,0.08,0.6361,medium,주의
7126080,2025083,2025,4113310300,41133005,경기 성남시 중원구5,경기 성남시 중원구 금광동(단대전통시장 부근),경기 성남시 중원구 금광동(단대전통시장 부근),7,7,0,7,0,0,127.159013623136,37.444836268169,35.0,0.0,0.3196,low,관심
7125880,2025083,2025,4113510700,41135001,경기 성남시 분당구1,경기 성남시 분당구 야탑동(야탑역 수인분당선 부근),경기 성남시 분당구 야탑동(야탑역 수인분당선 부근),7,7,0,7,0,0,127.128942151998,37.411639080399,35.0,0.0,0.3196,low,관심
7125982,2025083,2025,4115010100,41150001,경기 의정부시1,경기 의정부시 의정부동(녹색거리상점가 부근),경기 의정부시 의정부동(녹색거리상점가 부근),10,10,0,10,0,0,127.051270740682,37.741444400771,50.0,0.2,0.8407,high,고위험
7126293,2025083,2025,4115010100,41150002,경기 의정부시2,경기 의정부시 의정부동(흥선지하차도교차로 부근),경기 의정부시 의정부동(흥선지하차도교차로 부근),8,8,0,8,0,0,127.047910110627,37.739849672844,40.0,0.0667,0.5282,medium,주의
7126098,2025083,2025,4115010100,41150003,경기 의정부시3,경기 의정부시 의정부동(수온누리약국 부근),경기 의정부시 의정부동(수온누리약국 부근),7,7,1,6,0,0,127.045556830165,37.748958213453,41.0,0.08,0.6361,medium,주의
7125909,2025083,2025,4117110100,41171001,경기 안양시 만안구1,경기 안양시 만안구 안양동(벽산사거리 부근),경기 안양시 만안구 안양동(벽산사거리 부근),10,10,0,10,0,0,126.92175394394,37.397295196456,50.0,0.2,0.8407,high,고위험
7126107,2025083,2025,4117110100,41171002,경기 안양시 만안구2,경기 안양시 만안구 안양동(안양성모약국 부근),경기 안양시 만안구 안양동(안양성모약국 부근),10,10,0,10,0,0,126.919642538108,37.396353237268,50.0,0.2,0.8407,high,고위험
7126108,2025083,2025,4117110100,41171003,경기 안양시 만안구3,경기 안양시 만안구 안양동(아침누리어린이집 부근),경기 안양시 만안구 안양동(아침누리어린이집 부근),7,7,0,7,0,0,126.930385331376,37.387413548139,35.0,0.0,0.3196,low,관심
7126203,2025083,2025,4117310400,41173001,경기 안양시 동안구1,경기 안양시 동안구 호계동(범계역사거리 부근),경기 안양시 동안구 호계동(범계역사거리 부근),7,7,0,7,0,0,126.950248073023,37.390974664924,35.0,0.0,0.3196,low,관심
7125899,2025083,2025,4119210100,41192001,경기 부천시 원미구1,경기 부천시 원미구 원미구 원미동(원미1동삼거리 부근),경기 부천시 원미구 원미구 원미동(원미1동삼거리 부근),7,7,1,6,0,0,126.785980907992,37.497181239483,41.0,0.08,0.6361,medium,주의
7126217,2025083,2025,4119210200,41192002,경기 부천시 원미구2,경기 부천시 원미구 원미구 심곡동(천지감뼈감자탕 부천역점 부근),경기 부천시 원미구 원미구 심곡동(천지감뼈감자탕 부천역점 부근),7,7,0,7,0,0,126.784717555754,37.485390499961,35.0,0.0,0.3196,low,관심
7125930,2025083,2025,4119210700,41192003,경기 부천시 원미구3,경기 부천시 원미구 원미구 역곡동(역곡북부역사거리 부근),경기 부천시 원미구 원미구 역곡동(역곡북부역사거리 부근),7,7,0,7,0,0,126.810824762609,37.485744958457,35.0,0.0,0.3196,low,관심
7126034,2025083,2025,4119410400,41194001,경기 부천시 소사구1,경기 부천시 소사구 소사구 괴안동(괴안삼거리 부근),경기 부천시 소사구 소사구 괴안동(괴안삼거리 부근),8,8,1,7,0,0,126.805055973907,37.4811337732,46.0,0.1467,0.7722,medium,주의
7126175,2025083,2025,4119410400,41194002,경기 부천시 소사구2,경기 부천시 소사구 소사구 괴안동(역곡남부역사거리 부근),경기 부천시 소사구 소사구 괴안동(역곡남부역사거리 부근),8,8,0,8,0,0,126.813132192053,37.484308353916,40.0,0.0667,0.5282,medium,주의
7125898,2025083,2025,4119410200,41194003,경기 부천시 소사구3,경기 부천시 소사구 소사구 심곡본동(자유시장앞교차로 부근),경기 부천시 소사구 소사구 심곡본동(자유시장앞교차로 부근),7,7,2,5,0,0,126.780310950842,37.483035534995,47.0,0.16,0.7893,medium,주의
7125893,2025083,2025,4119410100,41194004,경기 부천시 소사구4,경기 부천시 소사구 소사구 소사본동(세종병원입구교차로 부근),경기 부천시 소사구 소사구 소사본동(세종병원입구교차로 부근),7,7,0,7,0,0,126.793495131488,37.480797565334,35.0,0.0,0.3196,low,관심
7126225,2025083,2025,4119410200,41194005,경기 부천시 소사구5,경기 부천시 소사구 소사구 심곡본동(심일치안센타앞교차로 부근),경기 부천시 소사구 소사구 심곡본동(심일치안센타앞교차로 부근),7,7,0,7,0,0,126.778092859202,37.482801841186,35.0,0.0,0.3196,low,관심
7126131,2025083,2025,4119610400,41196001,경기 부천시 오정구1,경기 부천시 오정구 오정구 원종동(쇠기마을앞교차로 부근),경기 부천시 오정구 오정구 원종동(쇠기마을앞교차로 부근),8,8,0,8,0,0,126.804600789068,37.52327503295,40.0,0.0667,0.5282,medium,주의
7125968,2025083,2025,4119610400,41196002,경기 부천시 오정구2,경기 부천시 오정구 오정구 원종동(성곡사거리 부근),경기 부천시 오정구 오정구 원종동(성곡사거리 부근),7,8,0,8,0,0,126.804612433377,37.51921269149,39.0,0.0533,0.432,medium,주의
7125965,2025083,2025,4121010100,41210001,경기 광명시1,경기 광명시 광명동(행복한약국 부근),경기 광명시 광명동(행복한약국 부근),11,11,1,10,0,0,126.857648084161,37.478477409188,61.0,0.3467,0.943,high,고위험
7125858,2025083,2025,4121010100,41210002,경기 광명시2,경기 광명시 광명동(광명사거리 부근),경기 광명시 광명동(광명사거리 부근),9,9,0,9,0,0,126.855017563273,37.478767099945,45.0,0.1333,0.7283,medium,주의
7126273,2025083,2025,4121010100,41210003,경기 광명시3,경기 광명시 광명동(효약국 부근),경기 광명시 광명동(효약국 부근),8,8,0,8,0,0,126.855283267545,37.481409519562,40.0,0.0667,0.5282,medium,주의
7125987,2025083,2025,4121010100,41210004,경기 광명시4,경기 광명시 광명동(기쁨약국 부근),경기 광명시 광명동(기쁨약국 부근),7,7,1,6,0,0,126.850522026323,37.481121336884,41.0,0.08,0.6361,medium,주의
7126156,2025083,2025,4121010200,41210005,경기 광명시5,경기 광명시 철산동(철산역앞삼거리 부근),경기 광명시 철산동(철산역앞삼거리 부근),7,9,0,9,0,0,126.867076448525,37.475474621194,43.0,0.1067,0.6628,medium,주의
7125991,2025083,2025,4121010300,41210006,경기 광명시6,경기 광명시 하안동(하안사거리 부근),경기 광명시 하안동(하안사거리 부근),7,7,0,7,0,0,126.87922922197,37.46193894741,35.0,0.0,0.3196,low,관심
7125892,2025083,2025,4122011300,41220001,경기 평택시1,경기 평택시 평택동(국민은행사거리 부근),경기 평택시 평택동(국민은행사거리 부근),10,10,0,10,0,0,127.08940256323,36.992023077044,50.0,0.2,0.8407,high,고위험
7125969,2025083,2025,4122010100,41220002,경기 평택시2,경기 평택시 서정동(송탄출장소사거리 부근),경기 평택시 서정동(송탄출장소사거리 부근),8,8,1,7,0,0,127.063539097576,37.066170699536,46.0,0.1467,0.7722,medium,주의
7126295,2025083,2025,4122011300,41220003,경기 평택시3,경기 평택시 평택동(영진약국 부근),경기 평택시 평택동(영진약국 부근),8,8,1,7,0,0,127.086973843719,36.992352441675,46.0,0.1467,0.7722,medium,주의
7126174,2025083,2025,4122011400,41220004,경기 평택시4,경기 평택시 통복동(경기약국 부근),경기 평택시 통복동(경기약국 부근),7,7,1,6,0,0,127.085364839953,36.994929243203,41.0,0.08,0.6361,medium,주의
7126258,2025083,2025,4122011000,41220005,경기 평택시5,경기 평택시 지산동(송탄시장 부근),경기 평택시 지산동(송탄시장 부근),7,7,0,7,0,0,127.055851465602,37.081271140374,35.0,0.0,0.3196,low,관심
7125967,2025083,2025,4122011300,41220006,경기 평택시6,경기 평택시 평택동(조일약국 부근),경기 평택시 평택동(조일약국 부근),7,7,0,7,0,0,127.088731872971,36.990247157372,35.0,0.0,0.3196,low,관심
7126181,2025083,2025,4127110400,41271001,경기 안산시 상록구1,경기 안산시 상록구 본오동(상록백제약국 부근),경기 안산시 상록구 본오동(상록백제약국 부근),7,7,1,6,0,0,126.865892324727,37.30104898438,41.0,0.08,0.6361,medium,주의
7126197,2025083,2025,4127310100,41273001,경기 안산시 단원구1,경기 안산시 단원구 고잔동(신세계약국 부근),경기 안산시 단원구 고잔동(신세계약국 부근),8,8,0,8,0,0,126.8344023448,37.31809692744,40.0,0.0667,0.5282,medium,주의
7125874,2025083,2025,4127310900,41273002,경기 안산시 단원구2,경기 안산시 단원구 선부동(군자농협사거리 부근),경기 안산시 단원구 선부동(군자농협사거리 부근),7,7,1,6,0,0,126.812638925444,37.334894425008,41.0,0.08,0.6361,medium,주의
7126105,2025083,2025,4128111600,41281001,경기 고양시 덕양구1,경기 고양시 덕양구 고양동(시립고양어린이집 부근),경기 고양시 덕양구 고양동(시립고양어린이집 부근),10,10,0,10,0,0,126.901541785733,37.703093514667,50.0,0.2,0.8407,high,고위험
7126253,2025083,2025,4128110600,41281002,경기 고양시 덕양구2,경기 고양시 덕양구 성사동(원당시장 부근),경기 고양시 덕양구 성사동(원당시장 부근),8,8,0,8,0,0,126.837360702538,37.656003676879,40.0,0.0667,0.5282,medium,주의
7126104,2025083,2025,4128112300,41281003,경기 고양시 덕양구3,경기 고양시 덕양구 화정동(바로팜 약국 부근),경기 고양시 덕양구 화정동(바로팜 약국 부근),8,8,0,8,0,0,126.832752813579,37.635666260288,40.0,0.0667,0.5282,medium,주의
7126220,2025083,2025,4128112800,41281004,경기 고양시 덕양구4,경기 고양시 덕양구 행신동(서정약국 부근),경기 고양시 덕양구 행신동(서정약국 부근),7,7,1,6,0,0,126.847342072297,37.617850659126,41.0,0.08,0.6361,medium,주의
7126243,2025083,2025,4128710200,41287001,경기 고양시 일산서구1,경기 고양시 일산서구 주엽동(주엽역 3호선 부근),경기 고양시 일산서구 주엽동(주엽역 3호선 부근),8,8,0,8,0,0,126.761177665111,37.670629854507,40.0,0.0667,0.5282,medium,주의
7126289,2025083,2025,4131010500,41310001,경기 구리시1,경기 구리시 수택동(스타약국 부근),경기 구리시 수택동(스타약국 부근),9,9,0,9,0,0,127.142552737318,37.599195702307,45.0,0.1333,0.7283,medium,주의
7126267,2025083,2025,4131010500,41310002,경기 구리시2,경기 구리시 수택동(구리전통시장 부근),경기 구리시 수택동(구리전통시장 부근),7,7,0,7,0,0,127.140094935617,37.600274355926,35.0,0.0,0.3196,low,관심
7126084,2025083,2025,4136025021,41360001,경기 남양주시1,경기 남양주시 와부읍(덕소삼거리 부근),경기 남양주시 와부읍(덕소삼거리 부근),9,9,0,9,0,0,127.212676695931,37.586217508325,45.0,0.1333,0.7283,medium,주의
7126144,2025083,2025,4136025621,41360002,경기 남양주시2,경기 남양주시 화도읍(마석우리약국 부근),경기 남양주시 화도읍(마석우리약국 부근),7,7,1,6,0,0,127.308608733449,37.651101978044,41.0,0.08,0.6361,medium,주의
7125984,2025083,2025,4136025621,41360003,경기 남양주시3,경기 남양주시 화도읍(송우약국 부근),경기 남양주시 화도읍(송우약국 부근),7,7,1,6,0,0,127.307342778518,37.652857692379,41.0,0.08,0.6361,medium,주의
7125891,2025083,2025,4137010100,41370001,경기 오산시1,경기 오산시 오산동(중앙파출소 부근),경기 오산시 오산동(중앙파출소 부근),9,9,1,8,0,0,127.068493693071,37.146595467774,51.0,0.2133,0.8629,high,고위험
7126183,2025083,2025,4137010100,41370002,경기 오산시2,경기 오산시 오산동(핫오리 오산점 부근),경기 오산시 오산동(핫오리 오산점 부근),7,7,0,7,0,0,127.068545071164,37.150435675736,35.0,0.0,0.3196,low,관심
7125894,2025083,2025,4137010300,41370003,경기 오산시3,경기 오산시 원동(신양아파트앞교차로 부근),경기 오산시 원동(신양아파트앞교차로 부근),7,7,0,7,0,0,127.072549233061,37.146285653959,35.0,0.0,0.3196,low,관심
7126241,2025083,2025,4141010400,41410001,경기 군포시1,경기 군포시 산본동(산본역 4호선 부근),경기 군포시 산본동(산본역 4호선 부근),7,7,0,7,0,0,126.932428011049,37.358444184759,35.0,0.0,0.3196,low,관심
7126106,2025083,2025,4141010400,41410002,경기 군포시2,경기 군포시 산본동(신메디칼약국 부근),경기 군포시 산본동(신메디칼약국 부근),7,7,0,7,0,0,126.932479200318,37.360643788719,35.0,0.0,0.3196,low,관심
7126074,2025083,2025,4145010600,41450001,경기 하남시1,경기 하남시 신장동(지에스약국 부근),경기 하남시 신장동(지에스약국 부근),9,9,0,9,0,0,127.205657887525,37.53898361352,45.0,0.1333,0.7283,medium,주의
7126111,2025083,2025,4145010800,41450002,경기 하남시2,경기 하남시 덕풍동(장수약국 부근),경기 하남시 덕풍동(장수약국 부근),7,7,0,7,0,0,127.203352873578,37.539369268926,35.0,0.0,0.3196,low,관심
7126001,2025083,2025,4145010600,41450003,경기 하남시3,경기 하남시 신장동(콩서리 부근),경기 하남시 신장동(콩서리 부근),7,7,0,7,0,0,127.207280391068,37.540595785036,35.0,0.0,0.3196,low,관심
7125928,2025083,2025,4146125023,41461001,경기 용인시 처인구1,경기 용인시 처인구 포곡읍(농협포곡지점앞교차로 부근),경기 용인시 처인구 포곡읍(농협포곡지점앞교차로 부근),8,8,0,8,0,0,127.217086491181,37.269314812702,40.0,0.0667,0.5282,medium,주의
7125975,2025083,2025,4146510100,41465001,경기 용인시 수지구1,경기 용인시 수지구 풍덕천동(시립수지어린이집 부근),경기 용인시 수지구 풍덕천동(시립수지어린이집 부근),7,7,0,7,0,0,127.097163673954,37.323398038179,35.0,0.0,0.3196,low,관심
7126166,2025083,2025,4148010100,41480001,경기 파주시1,경기 파주시 금촌동(금촌로터리 부근),경기 파주시 금촌동(금촌로터리 부근),10,11,0,11,0,0,126.77329238646,37.757318775852,54.0,0.2533,0.8805,high,고위험
7126130,2025083,2025,4148025021,41480002,경기 파주시2,경기 파주시 문산읍(바른약국 부근),경기 파주시 문산읍(바른약국 부근),9,9,0,9,0,0,126.786541692343,37.855337023312,45.0,0.1333,0.7283,medium,주의
7125950,2025083,2025,4148010200,41480003,경기 파주시3,경기 파주시 아동동(정도약국 부근),경기 파주시 아동동(정도약국 부근),7,8,2,6,0,0,126.776255172803,37.761256149589,51.0,0.2133,0.8629,high,고위험
7125949,2025083,2025,4148025021,41480004,경기 파주시4,경기 파주시 문산읍(신성어린이집 부근),경기 파주시 문산읍(신성어린이집 부근),7,7,0,7,0,0,126.785598504345,37.858234825412,35.0,0.0,0.3196,low,관심
7126145,2025083,2025,4150010300,41500001,경기 이천시1,경기 이천시 중리동(터미널사거리 부근),경기 이천시 중리동(터미널사거리 부근),9,10,1,9,0,0,127.446818132926,37.278314389739,55.0,0.2667,0.9007,high,고위험
7126223,2025083,2025,4155011700,41550001,경기 안성시1,경기 안성시 서인동(중앙시장 부근),경기 안성시 서인동(중앙시장 부근),8,8,0,8,0,0,127.268027951573,37.007310718494,40.0,0.0667,0.5282,medium,주의
7126169,2025083,2025,4157010500,41570001,경기 김포시1,경기 김포시 감정동(독자골입구교차로 부근),경기 김포시 감정동(독자골입구교차로 부근),7,7,0,7,0,0,126.699582355857,37.623022409765,35.0,0.0,0.3196,low,관심
7126091,2025083,2025,4157010900,41570002,경기 김포시2,경기 김포시 구래동(한가람사거리 부근),경기 김포시 구래동(한가람사거리 부근),7,7,0,7,0,0,126.628569710142,37.645831110882,35.0,0.0,0.3196,low,관심
7125876,2025083,2025,4157010600,41570003,경기 김포시3,경기 김포시 사우동(운동장앞사거리 부근),경기 김포시 사우동(운동장앞사거리 부근),7,7,0,7,0,0,126.718034163035,37.61925157982,35.0,0.0,0.3196,low,관심
7125914,2025083,2025,4157025621,41570004,경기 김포시4,경기 김포시 양촌읍(후암사랑샘약국 부근),경기 김포시 양촌읍(후암사랑샘약국 부근),7,7,0,7,0,0,126.623567297263,37.65481623088,35.0,0.0,0.3196,low,관심
7125865,2025083,2025,4159011700,41590001,경기 화성시1,경기 화성시 병점동(병점사거리 부근),경기 화성시 병점동(병점사거리 부근),7,7,0,7,0,0,127.035223551939,37.207720714987,35.0,0.0,0.3196,low,관심
7125851,2025083,2025,4159025921,41590002,경기 화성시2,경기 화성시 향남읍(발안지구대 부근),경기 화성시 향남읍(발안지구대 부근),7,7,0,7,0,0,126.908052758472,37.132300520663,35.0,0.0,0.3196,low,관심
7126114,2025083,2025,4161011200,41610001,경기 광주시1,경기 광주시 역동(오렌지약국 부근),경기 광주시 역동(오렌지약국 부근),9,10,0,10,0,0,127.258463488164,37.408297395991,49.0,0.1867,0.8065,high,고위험
7125913,2025083,2025,4161010500,41610002,경기 광주시2,경기 광주시 탄벌동(공설운동장앞교차로 부근),경기 광주시 탄벌동(공설운동장앞교차로 부근),8,8,0,8,0,0,127.250796215246,37.415360916176,40.0,0.0667,0.5282,medium,주의
7125918,2025083,2025,4161011200,41610003,경기 광주시3,경기 광주시 역동(시장입구교차로 부근),경기 광주시 역동(시장입구교차로 부근),7,8,1,7,0,0,127.259819533297,37.406600674234,45.0,0.1333,0.7283,medium,주의
7126150,2025083,2025,4165025021,41650001,경기 포천시1,경기 포천시 소흘읍(메가혼밥 송우점 부근),경기 포천시 소흘읍(메가혼밥 송우점 부근),7,7,0,7,0,0,127.141780285177,37.828234697822,35.0,0.0,0.3196,low,관심
7126103,2025083,2025,4180025321,41800001,경기 연천군1,경기 연천군 전곡읍(전곡전통시장 부근),경기 연천군 전곡읍(전곡전통시장 부근),8,8,0,8,0,0,127.067992008239,38.027604032752,40.0,0.0667,0.5282,medium,주의
7126239,2025083,2025,5111012000,51110001,강원 춘천시1,강원 춘천시 후평동(우리 동그라미어린이집 부근),강원 춘천시 후평동(우리 동그라미어린이집 부근),8,8,0,8,0,0,127.750639415821,37.880045770113,40.0,0.0667,0.5282,medium,주의
7126173,2025083,2025,5113011000,51130001,강원 원주시1,강원 원주시 단계동(D마트약국 부근),강원 원주시 단계동(D마트약국 부근),8,9,0,9,0,0,127.930155785717,37.348067429409,44.0,0.12,0.6779,medium,주의
7126035,2025083,2025,5113011000,51130002,강원 원주시2,강원 원주시 단계동(킹콩마라탕 부근),강원 원주시 단계동(킹콩마라탕 부근),7,7,0,7,0,0,127.931965912105,37.346731293412,35.0,0.0,0.3196,low,관심
7126036,2025083,2025,5115011000,51150001,강원 강릉시1,강원 강릉시 교동(목포식당 부근),강원 강릉시 교동(목포식당 부근),7,7,1,6,0,0,128.897994811718,37.76104007536,41.0,0.08,0.6361,medium,주의
7125900,2025083,2025,5121010600,51210001,강원 속초시1,강원 속초시 교동(만천사거리 부근),강원 속초시 교동(만천사거리 부근),9,9,0,9,0,0,128.575267077894,38.197222746201,45.0,0.1333,0.7283,medium,주의
7126219,2025083,2025,4311111100,43111001,충북 청주시 상당구1,충북 청주시 상당구 석교동(시장약국 부근),충북 청주시 상당구 석교동(시장약국 부근),9,9,0,9,0,0,127.491833736751,36.627318692733,45.0,0.1333,0.7283,medium,주의
7126042,2025083,2025,4315010600,43150001,충북 제천시1,충북 제천시 중앙로1가(내토전통시장 부근),충북 제천시 중앙로1가(내토전통시장 부근),7,7,0,7,0,0,128.212364892364,37.137569271829,35.0,0.0,0.3196,low,관심
7125897,2025083,2025,4315010600,43150002,충북 제천시2,충북 제천시 중앙로1가(명동교차로 부근),충북 제천시 중앙로1가(명동교차로 부근),7,7,0,7,0,0,128.209913809508,37.135749561084,35.0,0.0,0.3196,low,관심
7126040,2025083,2025,4374525025,43745001,충북 증평군1,충북 증평군 증평읍(가족사랑종로약국 부근),충북 증평군 증평읍(가족사랑종로약국 부근),10,10,1,9,0,0,127.58094582225,36.783558465133,56.0,0.28,0.9108,high,고위험
7125943,2025083,2025,4374525023,43745002,충북 증평군2,충북 증평군 증평읍(증평장뜰시장 부근),충북 증평군 증평읍(증평장뜰시장 부근),7,7,1,6,0,0,127.582850409055,36.784297178769,41.0,0.08,0.6361,medium,주의
7125885,2025083,2025,4375025026,43750001,충북 진천군1,충북 진천군 진천읍(터미널약국 부근),충북 진천군 진천읍(터미널약국 부근),8,8,0,8,0,0,127.438576090219,36.859995492708,40.0,0.0667,0.5282,medium,주의
7126136,2025083,2025,4413111800,44131001,충남 천안시 동남구1,충남 천안시 동남구 신부동(조인약국 부근),충남 천안시 동남구 신부동(조인약국 부근),10,10,1,9,0,0,127.155807703823,36.818666493385,56.0,0.28,0.9108,high,고위험
7125966,2025083,2025,4413110500,44131002,충남 천안시 동남구2,충남 천안시 동남구 영성동(메콩쌀국수 부근),충남 천안시 동남구 영성동(메콩쌀국수 부근),8,8,1,7,0,0,127.152495327158,36.799026351632,46.0,0.1467,0.7722,medium,주의
7126122,2025083,2025,4413110800,44131003,충남 천안시 동남구3,충남 천안시 동남구 구성동(하나둘셋어린이집 부근),충남 천안시 동남구 구성동(하나둘셋어린이집 부근),7,7,1,6,0,0,127.158925448569,36.7970222238,41.0,0.08,0.6361,medium,주의
7126292,2025083,2025,4413111800,44131004,충남 천안시 동남구4,충남 천안시 동남구 신부동(방죽안오거리 부근),충남 천안시 동남구 신부동(방죽안오거리 부근),7,8,0,8,0,0,127.152774558752,36.818711763297,39.0,0.0533,0.432,medium,주의
7125857,2025083,2025,4413110100,44131005,충남 천안시 동남구5,충남 천안시 동남구 대흥동(천안역앞교차로 부근),충남 천안시 동남구 대흥동(천안역앞교차로 부근),7,7,0,7,0,0,127.148321382749,36.810241449749,35.0,0.0,0.3196,low,관심
7125938,2025083,2025,4413310700,44133001,충남 천안시 서북구1,충남 천안시 서북구 쌍용동(마음약국 부근),충남 천안시 서북구 쌍용동(마음약국 부근),7,7,1,6,0,0,127.129664039215,36.796984294386,41.0,0.08,0.6361,medium,주의
7126045,2025083,2025,4413310700,44133002,충남 천안시 서북구2,충남 천안시 서북구 쌍용동(쌍용역 1호선 부근),충남 천안시 서북구 쌍용동(쌍용역 1호선 부근),7,7,0,7,0,0,127.12184018812,36.793439316239,35.0,0.0,0.3196,low,관심
7126050,2025083,2025,4418010100,44180001,충남 보령시1,충남 보령시 대천동(명문당사거리 부근),충남 보령시 대천동(명문당사거리 부근),11,11,0,11,0,0,126.59665488372,36.350077192134,55.0,0.2667,0.9007,high,고위험
7125995,2025083,2025,4418010100,44180002,충남 보령시2,충남 보령시 대천동(중부시장 부근),충남 보령시 대천동(중부시장 부근),7,7,0,7,0,0,126.594376343413,36.349308608827,35.0,0.0,0.3196,low,관심
7126233,2025083,2025,4420010100,44200001,충남 아산시1,충남 아산시 온천동(역전삼거리 부근),충남 아산시 온천동(역전삼거리 부근),13,14,0,14,0,0,127.004653517733,36.781380231644,69.0,0.4533,0.9718,high,고위험
7126062,2025083,2025,4420010100,44200002,충남 아산시2,충남 아산시 온천동(온양온천시장 부근),충남 아산시 온천동(온양온천시장 부근),9,9,0,9,0,0,127.003956638504,36.782935792897,45.0,0.1333,0.7283,medium,주의
7126281,2025083,2025,4420010100,44200003,충남 아산시3,충남 아산시 온천동(왕대박집 부근),충남 아산시 온천동(왕대박집 부근),7,7,0,7,0,0,126.999152186454,36.780329524714,35.0,0.0,0.3196,low,관심
7125860,2025083,2025,4421010200,44210001,충남 서산시1,충남 서산시 동문동(도마당약국 부근),충남 서산시 동문동(도마당약국 부근),13,13,0,13,0,0,126.459754209931,36.78173367045,65.0,0.4,0.9597,high,고위험
7126076,2025083,2025,4421010200,44210002,충남 서산시2,충남 서산시 동문동(독일약국 부근),충남 서산시 동문동(독일약국 부근),10,10,0,10,0,0,126.457412964579,36.783503496871,50.0,0.2,0.8407,high,고위험
7126164,2025083,2025,4421010100,44210003,충남 서산시3,충남 서산시 읍내동(서령당약국 부근),충남 서산시 읍내동(서령당약국 부근),7,7,0,7,0,0,126.450708651054,36.781317320216,35.0,0.0,0.3196,low,관심
7126121,2025083,2025,4427010100,44270001,충남 당진시1,충남 당진시 읍내동(맹구버거 부근),충남 당진시 읍내동(맹구버거 부근),7,7,0,7,0,0,126.628111559894,36.892017656342,35.0,0.0,0.3196,low,관심
7126265,2025083,2025,4476025029,44760001,충남 부여군1,충남 부여군 부여읍(두레네약국 부근),충남 부여군 부여읍(두레네약국 부근),11,11,0,11,0,0,126.909783501997,36.281802261983,55.0,0.2667,0.9007,high,고위험
7126118,2025083,2025,4476032021,44760002,충남 부여군2,충남 부여군 은산면(은산사거리 부근),충남 부여군 은산면(은산사거리 부근),7,7,0,7,0,0,126.85273847083,36.309123580164,35.0,0.0,0.3196,low,관심
7126194,2025083,2025,4477025321,44770001,충남 서천군1,충남 서천군 서천읍(시장종로약국 부근),충남 서천군 서천읍(시장종로약국 부근),7,7,0,7,0,0,126.688239017649,36.075247644768,35.0,0.0,0.3196,low,관심
7126142,2025083,2025,4482525021,44825001,충남 태안군1,충남 태안군 태안읍(종합약국 부근),충남 태안군 태안읍(종합약국 부근),7,7,0,7,0,0,126.297326543357,36.753421426173,35.0,0.0,0.3196,low,관심
7126070,2025083,2025,5211112600,52111001,전북 전주시 완산구1,전북 전주시 완산구 서서학동(상진약국 부근),전북 전주시 완산구 서서학동(상진약국 부근),9,9,2,7,0,0,127.148908390448,35.803897137302,57.0,0.2933,0.9183,high,고위험
7126167,2025083,2025,5211111900,52111002,전북 전주시 완산구2,전북 전주시 완산구 태평동(신중앙시장 부근),전북 전주시 완산구 태평동(신중앙시장 부근),7,7,0,7,0,0,127.143947740307,35.824894972002,35.0,0.0,0.3196,low,관심
7126215,2025083,2025,5211113300,52111003,전북 전주시 완산구3,전북 전주시 완산구 평화동2가(평화119안전센터 부근),전북 전주시 완산구 평화동2가(평화119안전센터 부근),7,7,0,7,0,0,127.133501823327,35.786463673061,35.0,0.0,0.3196,low,관심
7126128,2025083,2025,5211310400,52113001,전북 전주시 덕진구1,전북 전주시 덕진구 인후동2가(전주모래내시장 부근),전북 전주시 덕진구 인후동2가(전주모래내시장 부근),7,7,0,7,0,0,127.144339202748,35.832692936514,35.0,0.0,0.3196,low,관심
7125981,2025083,2025,5214012200,52140001,전북 익산시1,전북 익산시 영등동(영등2동주민센터 복지민원 부근),전북 익산시 영등동(영등2동주민센터 복지민원 부근),7,8,0,8,0,0,126.977497828133,35.959751879235,39.0,0.0533,0.432,medium,주의
7125923,2025083,2025,5221010100,52210001,전북 김제시1,전북 김제시 요촌동(전통시장사거리 부근),전북 김제시 요촌동(전통시장사거리 부근),8,12,0,12,0,0,126.884864040922,35.801046648509,56.0,0.28,0.9108,high,고위험
7125951,2025083,2025,5271025328,52710001,전북 완주군1,전북 완주군 봉동읍(서울약국 부근),전북 완주군 봉동읍(서울약국 부근),7,7,0,7,0,0,127.168223852672,35.937034251846,35.0,0.0,0.3196,low,관심
7126221,2025083,2025,5280025022,52800001,전북 부안군1,전북 부안군 부안읍(고려약국 부근),전북 부안군 부안읍(고려약국 부근),7,7,1,6,0,0,126.734090821537,35.726267156207,41.0,0.08,0.6361,medium,주의
7126029,2025083,2025,5280025024,52800002,전북 부안군2,전북 부안군 부안읍(부안신세계약국 부근),전북 부안군 부안읍(부안신세계약국 부근),7,7,0,7,0,0,126.736240403716,35.725361122625,35.0,0.0,0.3196,low,관심
7126125,2025083,2025,4611015800,46110001,전남 목포시1,전남 목포시 상동(공단삼거리 부근),전남 목포시 상동(공단삼거리 부근),7,8,0,8,0,0,126.419545247821,34.816446868702,39.0,0.0533,0.432,medium,주의
7126154,2025083,2025,4613010800,46130001,전남 여수시1,전남 여수시 교동(교동사거리 부근),전남 여수시 교동(교동사거리 부근),13,13,0,13,0,0,127.730441300422,34.740323032998,65.0,0.4,0.9597,high,고위험
7126096,2025083,2025,4613012000,46130002,전남 여수시2,전남 여수시 문수동(비룡 부근),전남 여수시 문수동(비룡 부근),8,8,0,8,0,0,127.693353005349,34.748912517017,40.0,0.0667,0.5282,medium,주의
7125873,2025083,2025,4613011200,46130003,전남 여수시3,전남 여수시 서교동(한재사거리 부근),전남 여수시 서교동(한재사거리 부근),8,8,0,8,0,0,127.728689474503,34.742403618096,40.0,0.0667,0.5282,medium,주의
7126236,2025083,2025,4613010800,46130004,전남 여수시4,전남 여수시 교동(여수수산시장 부근),전남 여수시 교동(여수수산시장 부근),7,7,0,7,0,0,127.732196274067,34.738505801907,35.0,0.0,0.3196,low,관심
7125944,2025083,2025,4623025023,46230001,전남 광양시1,전남 광양시 광양읍(세종약국 부근),전남 광양시 광양읍(세종약국 부근),7,7,0,7,0,0,127.58485341523,34.978927713145,35.0,0.0,0.3196,low,관심
7126216,2025083,2025,4677025026,46770001,전남 고흥군1,전남 고흥군 고흥읍(읍내파출소 부근),전남 고흥군 고흥읍(읍내파출소 부근),8,8,0,8,0,0,127.287412184664,34.608053989068,40.0,0.0667,0.5282,medium,주의
7126083,2025083,2025,4711125629,47111001,경북 포항시 남구1,경북 포항시 남구 오천읍(오천지구대사거리 부근),경북 포항시 남구 오천읍(오천지구대사거리 부근),8,8,0,8,0,0,129.415871775693,35.966977540318,40.0,0.0667,0.5282,medium,주의
7126278,2025083,2025,4711125021,47111002,경북 포항시 남구2,경북 포항시 남구 구룡포읍(수협교차로 부근),경북 포항시 남구 구룡포읍(수협교차로 부근),7,7,1,6,0,0,129.554596865832,35.989655457433,41.0,0.08,0.6361,medium,주의
7126030,2025083,2025,4711125021,47111003,경북 포항시 남구3,경북 포항시 남구 구룡포읍(구룡포파출소 부근),경북 포항시 남구 구룡포읍(구룡포파출소 부근),7,7,0,7,0,0,129.551815248666,35.988463635564,35.0,0.0,0.3196,low,관심
7125934,2025083,2025,4711311600,47113001,경북 포항시 북구1,경북 포항시 북구 죽도동(수퍼약국 부근),경북 포항시 북구 죽도동(수퍼약국 부근),12,12,0,12,0,0,129.363852291629,36.034301211206,60.0,0.3333,0.935,high,고위험
7125936,2025083,2025,4711311600,47113002,경북 포항시 북구2,경북 포항시 북구 죽도동(죽도시장 부근),경북 포항시 북구 죽도동(죽도시장 부근),10,10,0,10,0,0,129.368852798459,36.036420775926,50.0,0.2,0.8407,high,고위험
7126262,2025083,2025,4715010400,47150001,경북 김천시1,경북 김천시 성내동(원약국 부근),경북 김천시 성내동(원약국 부근),7,7,0,7,0,0,128.118035423253,36.124020448397,35.0,0.0,0.3196,low,관심
7126213,2025083,2025,4717013600,47170001,경북 안동시1,경북 안동시 송현동(옥동3주공교차로 부근),경북 안동시 송현동(옥동3주공교차로 부근),7,7,1,6,0,0,128.698172046932,36.568001319551,41.0,0.08,0.6361,medium,주의
7126285,2025083,2025,4717013300,47170002,경북 안동시2,경북 안동시 옥동(역전할머니맥주 안동옥동점 부근),경북 안동시 옥동(역전할머니맥주 안동옥동점 부근),7,8,0,8,0,0,128.700462371603,36.562113417445,39.0,0.0533,0.432,medium,주의
7126129,2025083,2025,4717011800,47170003,경북 안동시3,경북 안동시 대석동(옛날왕족발보쌈옛날직화곱창막창야채볶음 부근),경북 안동시 대석동(옛날왕족발보쌈옛날직화곱창막창야채볶음 부근),7,7,0,7,0,0,128.726254663914,36.566877395967,35.0,0.0,0.3196,low,관심
7126077,2025083,2025,4721010500,47210001,경북 영주시1,경북 영주시 가흥동(꽃동산회전교차로 부근),경북 영주시 가흥동(꽃동산회전교차로 부근),11,11,0,11,0,0,128.61891621792,36.813823625769,55.0,0.2667,0.9007,high,고위험
7126055,2025083,2025,4723011300,47230001,경북 영천시1,경북 영천시 완산동(영천공설시장 부근),경북 영천시 완산동(영천공설시장 부근),11,11,2,9,0,0,128.938850001448,35.964995035783,67.0,0.4267,0.9682,high,고위험
7125902,2025083,2025,4723010300,47230002,경북 영천시2,경북 영천시 야사동(미성식당 부근),경북 영천시 야사동(미성식당 부근),7,7,0,7,0,0,128.94410636535,35.976369840999,35.0,0.0,0.3196,low,관심
7125996,2025083,2025,4725010700,47250001,경북 상주시1,경북 상주시 남성동(풍물시장 부근),경북 상주시 남성동(풍물시장 부근),7,7,0,7,0,0,128.160363077409,36.413594801243,35.0,0.0,0.3196,low,관심
7125970,2025083,2025,4729025021,47290001,경북 경산시1,경북 경산시 하양읍(하양유치원 부근),경북 경산시 하양읍(하양유치원 부근),7,7,0,7,0,0,128.819777408479,35.914476892378,35.0,0.0,0.3196,low,관심
7125867,2025083,2025,4812110400,48121001,경남 창원시 의창구1,경남 창원시 의창구 소답동(뉴금호온천 부근),경남 창원시 의창구 소답동(뉴금호온천 부근),7,7,0,7,0,0,128.628744663262,35.261760371161,35.0,0.0,0.3196,low,관심
7126226,2025083,2025,4812110400,48121002,경남 창원시 의창구2,경남 창원시 의창구 소답동(큰별예나어린이집 부근),경남 창원시 의창구 소답동(큰별예나어린이집 부근),7,7,0,7,0,0,128.624401473806,35.264582397454,35.0,0.0,0.3196,low,관심
7126224,2025083,2025,4812312700,48123001,경남 창원시 성산구1,경남 창원시 성산구 상남동(상남시장사거리 부근),경남 창원시 성산구 상남동(상남시장사거리 부근),7,7,0,7,0,0,128.685250076218,35.222201252689,35.0,0.0,0.3196,low,관심
7126110,2025083,2025,4812312700,48123002,경남 창원시 성산구2,경남 창원시 성산구 상남동(조선화로집 창원상남점 부근),경남 창원시 성산구 상남동(조선화로집 창원상남점 부근),7,7,0,7,0,0,128.682516676385,35.221192965056,35.0,0.0,0.3196,low,관심
7126168,2025083,2025,4812511100,48125001,경남 창원시 마산합포구1,경남 창원시 마산합포구 동성동(새푸른약국 부근),경남 창원시 마산합포구 동성동(새푸른약국 부근),13,13,0,13,0,0,128.577821947288,35.205332886637,65.0,0.4,0.9597,high,고위험
7126043,2025083,2025,4812513300,48125002,경남 창원시 마산합포구2,경남 창원시 마산합포구 월남동5가(365청솔약국 부근),경남 창원시 마산합포구 월남동5가(365청솔약국 부근),9,9,1,8,0,0,128.560121712261,35.181197277819,51.0,0.2133,0.8629,high,고위험
7126008,2025083,2025,4812710400,48127001,경남 창원시 마산회원구1,경남 창원시 마산회원구 석전동(석전교사거리 부근),경남 창원시 마산회원구 석전동(석전교사거리 부근),7,8,0,8,0,0,128.574140452703,35.228722168348,39.0,0.0533,0.432,medium,주의
7125988,2025083,2025,4812913500,48129001,경남 창원시 진해구1,경남 창원시 진해구 충무동(중앙삼거리 부근),경남 창원시 진해구 충무동(중앙삼거리 부근),7,7,1,6,0,0,128.665939647314,35.152471076145,41.0,0.08,0.6361,medium,주의
7125980,2025083,2025,4817011300,48170001,경남 진주시1,경남 진주시 봉곡동(봉곡광장교차로 부근),경남 진주시 봉곡동(봉곡광장교차로 부근),12,13,0,13,0,0,128.077123618191,35.195864176827,64.0,0.3867,0.9536,high,고위험
7126011,2025083,2025,4817010700,48170002,경남 진주시2,경남 진주시 남성동(인사광장교차로 부근),경남 진주시 남성동(인사광장교차로 부근),7,7,0,7,0,0,128.078364589121,35.190774870933,35.0,0.0,0.3196,low,관심
7126178,2025083,2025,4817010900,48170003,경남 진주시3,경남 진주시 대안동(광미사거리 부근),경남 진주시 대안동(광미사거리 부근),7,7,0,7,0,0,128.083675494277,35.195003211344,35.0,0.0,0.3196,low,관심
7126248,2025083,2025,4817011700,48170004,경남 진주시4,경남 진주시 장대동(구부산교통사거리 부근),경남 진주시 장대동(구부산교통사거리 부근),7,7,0,7,0,0,128.088852184631,35.194159760513,35.0,0.0,0.3196,low,관심
7125931,2025083,2025,4822010200,48220001,경남 통영시1,경남 통영시 서호동(서호119안전센터 부근),경남 통영시 서호동(서호119안전센터 부근),10,10,0,10,0,0,128.419287673871,34.84171676296,50.0,0.2,0.8407,high,고위험
7126010,2025083,2025,4822010900,48220002,경남 통영시2,경남 통영시 정량동(초콜렛어린이집 부근),경남 통영시 정량동(초콜렛어린이집 부근),8,8,1,7,0,0,128.431636878985,34.845698600398,46.0,0.1467,0.7722,medium,주의
7125856,2025083,2025,4822011100,48220003,경남 통영시3,경남 통영시 무전동(무전동행정복지센터 부근),경남 통영시 무전동(무전동행정복지센터 부근),8,8,0,8,0,0,128.428741085215,34.858105936872,40.0,0.0667,0.5282,medium,주의
7125986,2025083,2025,4822010400,48220004,경남 통영시4,경남 통영시 항남동(천보온누리약국 부근),경남 통영시 항남동(천보온누리약국 부근),8,8,0,8,0,0,128.422357477704,34.842526267184,40.0,0.0667,0.5282,medium,주의
7126088,2025083,2025,4824025023,48240001,경남 사천시1,경남 사천시 사천읍(사천지구대 부근),경남 사천시 사천읍(사천지구대 부근),7,7,1,6,0,0,128.087147852604,35.082809521633,41.0,0.08,0.6361,medium,주의
7126270,2025083,2025,4825012600,48250001,경남 김해시1,경남 김해시 무계동(장유농협삼거리 부근),경남 김해시 무계동(장유농협삼거리 부근),8,9,1,8,0,0,128.815401805988,35.199562150832,50.0,0.2,0.8407,high,고위험
7126282,2025083,2025,4825010300,48250002,경남 김해시2,경남 김해시 부원동(중앙지구대 부근),경남 김해시 부원동(중앙지구대 부근),7,8,1,7,0,0,128.882959827042,35.228612484917,45.0,0.1333,0.7283,medium,주의
7125904,2025083,2025,4825012500,48250003,경남 김해시3,경남 김해시 부곡동(장유동행정복지센터 사거리 부근),경남 김해시 부곡동(장유동행정복지센터 사거리 부근),7,7,0,7,0,0,128.813370092365,35.200323153112,35.0,0.0,0.3196,low,관심
7126089,2025083,2025,4825011800,48250004,경남 김해시4,경남 김해시 어방동(인제삼거리 부근),경남 김해시 어방동(인제삼거리 부근),7,7,0,7,0,0,128.904277736932,35.245852300036,35.0,0.0,0.3196,low,관심
7125908,2025083,2025,4825025027,48250005,경남 김해시5,경남 김해시 진영읍(메디팜진영약국 부근),경남 김해시 진영읍(메디팜진영약국 부근),7,7,0,7,0,0,128.734671398984,35.303595605289,35.0,0.0,0.3196,low,관심
7125863,2025083,2025,4827010400,48270001,경남 밀양시1,경남 밀양시 삼문동(중앙약국 부근),경남 밀양시 삼문동(중앙약국 부근),10,10,0,10,0,0,128.756938270431,35.48495663658,50.0,0.2,0.8407,high,고위험
7125922,2025083,2025,4831010900,48310001,경남 거제시1,경남 거제시 고현동(고현사거리 부근),경남 거제시 고현동(고현사거리 부근),7,7,0,7,0,0,128.624829267958,34.886792518323,35.0,0.0,0.3196,low,관심
7126021,2025083,2025,4873025021,48730001,경남 함안군1,경남 함안군 가야읍(롯데약국 부근),경남 함안군 가야읍(롯데약국 부근),11,11,0,11,0,0,128.405565349476,35.276058818158,55.0,0.2667,0.9007,high,고위험
7125924,2025083,2025,4882025025,48820001,경남 고성군1,경남 고성군 고성읍(가야약국 부근),경남 고성군 고성읍(가야약국 부근),9,9,0,9,0,0,128.326032015221,34.976210852944,45.0,0.1333,0.7283,medium,주의
7126245,2025083,2025,4882025022,48820002,경남 고성군2,경남 고성군 고성읍(고성농협주유소 부근),경남 고성군 고성읍(고성농협주유소 부근),7,7,0,7,0,0,128.321577539054,34.977242314333,35.0,0.0,0.3196,low,관심
7125993,2025083,2025,4884025021,48840001,경남 남해군1,경남 남해군 남해읍(남해읍행정복지센터 부근),경남 남해군 남해읍(남해읍행정복지센터 부근),10,10,1,9,0,0,127.89411079528,34.83822185387,56.0,0.28,0.9108,high,고위험
7126214,2025083,2025,4884025021,48840002,경남 남해군2,경남 남해군 남해읍(창원지방법원 진주지원 남해군법원 부근),경남 남해군 남해읍(창원지방법원 진주지원 남해군법원 부근),9,10,0,10,0,0,127.894117765398,34.840584594998,49.0,0.1867,0.8065,high,고위험
7126066,2025083,2025,4889025021,48890001,경남 합천군1,경남 합천군 합천읍(큰별약국 부근),경남 합천군 합천읍(큰별약국 부근),7,7,1,6,0,0,128.16206792611,35.567705408366,41.0,0.08,0.6361,medium,주의
7126032,2025083,2025,5011010500,50110001,제주 제주시1,제주 제주시 삼도일동(리라어린이집 부근),제주 제주시 삼도일동(리라어린이집 부근),10,10,0,10,0,0,126.522109040637,33.499718081581,50.0,0.2,0.8407,high,고위험
7126165,2025083,2025,5011010400,50110002,제주 제주시2,제주 제주시 이도이동(힐링약국 부근),제주 제주시 이도이동(힐링약국 부근),8,10,1,9,0,0,126.52608887029,33.500294400065,54.0,0.2533,0.8805,high,고위험
7126124,2025083,2025,5011010400,50110003,제주 제주시3,제주 제주시 이도이동(제주시청 부근),제주 제주시 이도이동(제주시청 부근),7,7,1,6,0,0,126.530652564955,33.499412729303,41.0,0.08,0.6361,medium,주의
7126257,2025083,2025,5011013700,50110004,제주 제주시4,제주 제주시 연동(그랜드호텔사거리 부근),제주 제주시 연동(그랜드호텔사거리 부근),7,8,0,8,0,0,126.490712336338,33.486119616426,39.0,0.0533,0.432,medium,주의
7126133,2025083,2025,5011010600,50110005,제주 제주시5,제주 제주시 삼도이동(제주중앙여자중학교 부근),제주 제주시 삼도이동(제주중앙여자중학교 부근),7,7,0,7,0,0,126.520113438363,33.505138143491,35.0,0.0,0.3196,low,관심
7126247,2025083,2025,5011010400,50110006,제주 제주시6,제주 제주시 이도이동(광양사거리 부근),제주 제주시 이도이동(광양사거리 부근),7,7,0,7,0,0,126.528802443298,33.500537208645,35.0,0.0,0.3196,low,관심
7125882,2025083,2025,5013010100,50130001,제주 서귀포시1,제주 서귀포시 서귀동(초원사거리 부근),제주 서귀포시 서귀동(초원사거리 부근),8,8,1,7,0,0,126.561428728356,33.248169901064,46.0,0.1467,0.7722,medium,주의
