month,sido,sigungu,degree,gender,count
202601,서울특별시,종로구,심한 장애,남자,1191
202601,서울특별시,종로구,심한 장애,여자,801
202601,서울특별시,종로구,심하지 않은 장애,남자,1990
202601,서울특별시,종로구,심하지 않은 장애,여자,1540
202601,서울특별시,중구,심한 장애,남자,1056
202601,서울특별시,중구,심한 장애,여자,697
202601,서울특별시,중구,심하지 않은 장애,남자,1828
202601,서울특별시,중구,심하지 않은 장애,여자,1498
202601,서울특별시,용산구,심한 장애,남자,1455
202601,서울특별시,용산구,심한 장애,여자,911
202601,서울특별시,용산구,심하지 않은 장애,남자,2479
202601,서울특별시,용산구,심하지 않은 장애,여자,1809
202601,서울특별시,성동구,심한 장애,남자,2192
202601,서울특별시,성동구,심한 장애,여자,1429
202601,서울특별시,성동구,심하지 않은 장애,남자,3917
202601,서울특별시,성동구,심하지 않은 장애,여자,3038
202601,서울특별시,광진구,심한 장애,남자,2441
202601,서울특별시,광진구,심한 장애,여자,1630
202601,서울특별시,광진구,심하지 않은 장애,남자,4455
202601,서울특별시,광진구,심하지 않은 장애,여자,3403
202601,서울특별시,동대문구,심한 장애,남자,3058
202601,서울특별시,동대문구,심한 장애,여자,1994
202601,서울특별시,동대문구,심하지 않은 장애,남자,5603
202601,서울특별시,동대문구,심하지 않은 장애,여자,4386
202601,서울특별시,중랑구,심한 장애,남자,4386
202601,서울특별시,중랑구,심한 장애,여자,2942
202601,서울특별시,중랑구,심하지 않은 장애,남자,7190
202601,서울특별시,중랑구,심하지 않은 장애,여자,5463
202601,서울특별시,성북구,심한 장애,남자,3470
202601,서울특별시,성북구,심한 장애,여자,2347
202601,서울특별시,성북구,심하지 않은 장애,남자,6118
202601,서울특별시,성북구,심하지 않은 장애,여자,4891
202601,서울특별시,강북구,심한 장애,남자,3577
202601,서울특별시,강북구,심한 장애,여자,2569
202601,서울특별시,강북구,심하지 않은 장애,남자,5736
202601,서울특별시,강북구,심하지 않은 장애,여자,4704
202601,서울특별시,도봉구,심한 장애,남자,3184
202601,서울특별시,도봉구,심한 장애,여자,2140
202601,서울특별시,도봉구,심하지 않은 장애,남자,5540
202601,서울특별시,도봉구,심하지 않은 장애,여자,4238
202601,서울특별시,노원구,심한 장애,남자,6235
202601,서울특별시,노원구,심한 장애,여자,4596
202601,서울특별시,노원구,심하지 않은 장애,남자,7676
202601,서울특별시,노원구,심하지 않은 장애,여자,6772
202601,서울특별시,은평구,심한 장애,남자,4973
202601,서울특별시,은평구,심한 장애,여자,3033
202601,서울특별시,은평구,심하지 않은 장애,남자,7266
202601,서울특별시,은평구,심하지 않은 장애,여자,5804
202601,서울특별시,서대문구,심한 장애,남자,2422
202601,서울특별시,서대문구,심한 장애,여자,1703
202601,서울특별시,서대문구,심하지 않은 장애,남자,4153
202601,서울특별시,서대문구,심하지 않은 장애,여자,3427
202601,서울특별시,마포구,심한 장애,남자,2687
202601,서울특별시,마포구,심한 장애,여자,1910
202601,서울특별시,마포구,심하지 않은 장애,남자,4147
202601,서울특별시,마포구,심하지 않은 장애,여자,3398
202601,서울특별시,양천구,심한 장애,남자,3600
202601,서울특별시,양천구,심한 장애,여자,2374
202601,서울특별시,양천구,심하지 않은 장애,남자,6688
202601,서울특별시,양천구,심하지 않은 장애,여자,5012
202601,서울특별시,강서구,심한 장애,남자,6657
202601,서울특별시,강서구,심한 장애,여자,4524
202601,서울특별시,강서구,심하지 않은 장애,남자,9255
202601,서울특별시,강서구,심하지 않은 장애,여자,7124
202601,서울특별시,구로구,심한 장애,남자,3908
202601,서울특별시,구로구,심한 장애,여자,2583
202601,서울특별시,구로구,심하지 않은 장애,남자,7530
202601,서울특별시,구로구,심하지 않은 장애,여자,5574
202601,서울특별시,금천구,심한 장애,남자,2454
202601,서울특별시,금천구,심한 장애,여자,1623
202601,서울특별시,금천구,심하지 않은 장애,남자,4785
202601,서울특별시,금천구,심하지 않은 장애,여자,3386
202601,서울특별시,영등포구,심한 장애,남자,2981
202601,서울특별시,영등포구,심한 장애,여자,1782
202601,서울특별시,영등포구,심하지 않은 장애,남자,5724
202601,서울특별시,영등포구,심하지 않은 장애,여자,4287
202601,서울특별시,동작구,심한 장애,남자,2892
202601,서울특별시,동작구,심한 장애,여자,1990
202601,서울특별시,동작구,심하지 않은 장애,남자,5037
202601,서울특별시,동작구,심하지 않은 장애,여자,3954
202601,서울특별시,관악구,심한 장애,남자,4149
202601,서울특별시,관악구,심한 장애,여자,2749
202601,서울특별시,관악구,심하지 않은 장애,남자,7460
202601,서울특별시,관악구,심하지 않은 장애,여자,5658
202601,서울특별시,서초구,심한 장애,남자,2408
202601,서울특별시,서초구,심한 장애,여자,1569
202601,서울특별시,서초구,심하지 않은 장애,남자,3592
202601,서울특별시,서초구,심하지 않은 장애,여자,2605
202601,서울특별시,강남구,심한 장애,남자,3955
202601,서울특별시,강남구,심한 장애,여자,2613
202601,서울특별시,강남구,심하지 않은 장애,남자,5124
202601,서울특별시,강남구,심하지 않은 장애,여자,3820
202601,서울특별시,송파구,심한 장애,남자,4702
202601,서울특별시,송파구,심한 장애,여자,2861
202601,서울특별시,송파구,심하지 않은 장애,남자,7287
202601,서울특별시,송파구,심하지 않은 장애,여자,5310
202601,서울특별시,강동구,심한 장애,남자,4520
202601,서울특별시,강동구,심한 장애,여자,2707
202601,서울특별시,강동구,심하지 않은 장애,남자,7114
202601,서울특별시,강동구,심하지 않은 장애,여자,5102
202601,부산광역시,중구,심한 장애,남자,495
202601,부산광역시,중구,심한 장애,여자,322
202601,부산광역시,중구,심하지 않은 장애,남자,900
202601,부산광역시,중구,심하지 않은 장애,여자,699
202601,부산광역시,서구,심한 장애,남자,1453
202601,부산광역시,서구,심한 장애,여자,942
202601,부산광역시,서구,심하지 않은 장애,남자,2307
202601,부산광역시,서구,심하지 않은 장애,여자,1772
202601,부산광역시,동구,심한 장애,남자,1239
202601,부산광역시,동구,심한 장애,여자,744
202601,부산광역시,동구,심하지 않은 장애,남자,2048
202601,부산광역시,동구,심하지 않은 장애,여자,1732
202601,부산광역시,영도구,심한 장애,남자,1897
202601,부산광역시,영도구,심한 장애,여자,1360
202601,부산광역시,영도구,심하지 않은 장애,남자,2843
202601,부산광역시,영도구,심하지 않은 장애,여자,2260
202601,부산광역시,부산진구,심한 장애,남자,4034
202601,부산광역시,부산진구,심한 장애,여자,2611
202601,부산광역시,부산진구,심하지 않은 장애,남자,6921
202601,부산광역시,부산진구,심하지 않은 장애,여자,5145
202601,부산광역시,동래구,심한 장애,남자,2696
202601,부산광역시,동래구,심한 장애,여자,1679
202601,부산광역시,동래구,심하지 않은 장애,남자,4386
202601,부산광역시,동래구,심하지 않은 장애,여자,3256
202601,부산광역시,남구,심한 장애,남자,2833
202601,부산광역시,남구,심한 장애,여자,1802
202601,부산광역시,남구,심하지 않은 장애,남자,4650
202601,부산광역시,남구,심하지 않은 장애,여자,3274
202601,부산광역시,북구,심한 장애,남자,3794
202601,부산광역시,북구,심한 장애,여자,2399
202601,부산광역시,북구,심하지 않은 장애,남자,5618
202601,부산광역시,북구,심하지 않은 장애,여자,3971
202601,부산광역시,해운대구,심한 장애,남자,3871
202601,부산광역시,해운대구,심한 장애,여자,2579
202601,부산광역시,해운대구,심하지 않은 장애,남자,6160
202601,부산광역시,해운대구,심하지 않은 장애,여자,4683
202601,부산광역시,사하구,심한 장애,남자,3970
202601,부산광역시,사하구,심한 장애,여자,2757
202601,부산광역시,사하구,심하지 않은 장애,남자,6478
202601,부산광역시,사하구,심하지 않은 장애,여자,4542
202601,부산광역시,금정구,심한 장애,남자,2472
202601,부산광역시,금정구,심한 장애,여자,1641
202601,부산광역시,금정구,심하지 않은 장애,남자,4065
202601,부산광역시,금정구,심하지 않은 장애,여자,3037
202601,부산광역시,강서구,심한 장애,남자,1267
202601,부산광역시,강서구,심한 장애,여자,746
202601,부산광역시,강서구,심하지 않은 장애,남자,2076
202601,부산광역시,강서구,심하지 않은 장애,여자,1318
202601,부산광역시,연제구,심한 장애,남자,2181
202601,부산광역시,연제구,심한 장애,여자,1479
202601,부산광역시,연제구,심하지 않은 장애,남자,3647
202601,부산광역시,연제구,심하지 않은 장애,여자,2777
202601,부산광역시,수영구,심한 장애,남자,1726
202601,부산광역시,수영구,심한 장애,여자,1263
202601,부산광역시,수영구,심하지 않은 장애,남자,2822
202601,부산광역시,수영구,심하지 않은 장애,여자,2240
202601,부산광역시,사상구,심한 장애,남자,3152
202601,부산광역시,사상구,심한 장애,여자,2011
202601,부산광역시,사상구,심하지 않은 장애,남자,4888
202601,부산광역시,사상구,심하지 않은 장애,여자,3145
202601,부산광역시,기장군,심한 장애,남자,2025
202601,부산광역시,기장군,심한 장애,여자,1317
202601,부산광역시,기장군,심하지 않은 장애,남자,3035
202601,부산광역시,기장군,심하지 않은 장애,여자,2265
202601,대구광역시,중구,심한 장애,남자,848
202601,대구광역시,중구,심한 장애,여자,663
202601,대구광역시,중구,심하지 않은 장애,남자,1546
202601,대구광역시,중구,심하지 않은 장애,여자,1259
202601,대구광역시,동구,심한 장애,남자,4438
202601,대구광역시,동구,심한 장애,여자,2862
202601,대구광역시,동구,심하지 않은 장애,남자,7508
202601,대구광역시,동구,심하지 않은 장애,여자,6015
202601,대구광역시,서구,심한 장애,남자,2375
202601,대구광역시,서구,심한 장애,여자,1548
202601,대구광역시,서구,심하지 않은 장애,남자,4527
202601,대구광역시,서구,심하지 않은 장애,여자,3510
202601,대구광역시,남구,심한 장애,남자,1819
202601,대구광역시,남구,심한 장애,여자,1319
202601,대구광역시,남구,심하지 않은 장애,남자,3351
202601,대구광역시,남구,심하지 않은 장애,여자,2756
202601,대구광역시,북구,심한 장애,남자,4736
202601,대구광역시,북구,심한 장애,여자,3203
202601,대구광역시,북구,심하지 않은 장애,남자,8485
202601,대구광역시,북구,심하지 않은 장애,여자,6041
202601,대구광역시,수성구,심한 장애,남자,3830
202601,대구광역시,수성구,심한 장애,여자,2769
202601,대구광역시,수성구,심하지 않은 장애,남자,6464
202601,대구광역시,수성구,심하지 않은 장애,여자,5036
202601,대구광역시,달서구,심한 장애,남자,6345
202601,대구광역시,달서구,심한 장애,여자,4156
202601,대구광역시,달서구,심하지 않은 장애,남자,10210
202601,대구광역시,달서구,심하지 않은 장애,여자,7621
202601,대구광역시,달성군,심한 장애,남자,2901
202601,대구광역시,달성군,심한 장애,여자,1971
202601,대구광역시,달성군,심하지 않은 장애,남자,4814
202601,대구광역시,달성군,심하지 않은 장애,여자,3415
202601,대구광역시,군위군,심한 장애,남자,409
202601,대구광역시,군위군,심한 장애,여자,289
202601,대구광역시,군위군,심하지 않은 장애,남자,974
202601,대구광역시,군위군,심하지 않은 장애,여자,879
202601,인천광역시,중구,심한 장애,남자,1452
202601,인천광역시,중구,심한 장애,여자,940
202601,인천광역시,중구,심하지 않은 장애,남자,2981
202601,인천광역시,중구,심하지 않은 장애,여자,1943
202601,인천광역시,동구,심한 장애,남자,884
202601,인천광역시,동구,심한 장애,여자,580
202601,인천광역시,동구,심하지 않은 장애,남자,1712
202601,인천광역시,동구,심하지 않은 장애,여자,1375
202601,인천광역시,미추홀구,심한 장애,남자,4765
202601,인천광역시,미추홀구,심한 장애,여자,3212
202601,인천광역시,미추홀구,심하지 않은 장애,남자,9404
202601,인천광역시,미추홀구,심하지 않은 장애,여자,6553
202601,인천광역시,연수구,심한 장애,남자,3274
202601,인천광역시,연수구,심한 장애,여자,2031
202601,인천광역시,연수구,심하지 않은 장애,남자,5412
202601,인천광역시,연수구,심하지 않은 장애,여자,3668
202601,인천광역시,남동구,심한 장애,남자,6013
202601,인천광역시,남동구,심한 장애,여자,3842
202601,인천광역시,남동구,심하지 않은 장애,남자,9793
202601,인천광역시,남동구,심하지 않은 장애,여자,7247
202601,인천광역시,부평구,심한 장애,남자,6010
202601,인천광역시,부평구,심한 장애,여자,4039
202601,인천광역시,부평구,심하지 않은 장애,남자,9835
202601,인천광역시,부평구,심하지 않은 장애,여자,7392
202601,인천광역시,계양구,심한 장애,남자,3109
202601,인천광역시,계양구,심한 장애,여자,2069
202601,인천광역시,계양구,심하지 않은 장애,남자,5656
202601,인천광역시,계양구,심하지 않은 장애,여자,3929
202601,인천광역시,서구,심한 장애,남자,5746
202601,인천광역시,서구,심한 장애,여자,3870
202601,인천광역시,서구,심하지 않은 장애,남자,10692
202601,인천광역시,서구,심하지 않은 장애,여자,6788
202601,인천광역시,강화군,심한 장애,남자,1248
202601,인천광역시,강화군,심한 장애,여자,838
202601,인천광역시,강화군,심하지 않은 장애,남자,2064
202601,인천광역시,강화군,심하지 않은 장애,여자,1645
202601,인천광역시,옹진군,심한 장애,남자,321
202601,인천광역시,옹진군,심한 장애,여자,180
202601,인천광역시,옹진군,심하지 않은 장애,남자,621
202601,인천광역시,옹진군,심하지 않은 장애,여자,448
202601,광주광역시,동구,심한 장애,남자,1224
202601,광주광역시,동구,심한 장애,여자,880
202601,광주광역시,동구,심하지 않은 장애,남자,1939
202601,광주광역시,동구,심하지 않은 장애,여자,1507
202601,광주광역시,서구,심한 장애,남자,3103
202601,광주광역시,서구,심한 장애,여자,2103
202601,광주광역시,서구,심하지 않은 장애,남자,4507
202601,광주광역시,서구,심하지 않은 장애,여자,3527
202601,광주광역시,남구,심한 장애,남자,2419
202601,광주광역시,남구,심한 장애,여자,1956
202601,광주광역시,남구,심하지 않은 장애,남자,3555
202601,광주광역시,남구,심하지 않은 장애,여자,3052
202601,광주광역시,북구,심한 장애,남자,5098
202601,광주광역시,북구,심한 장애,여자,3563
202601,광주광역시,북구,심하지 않은 장애,남자,7184
202601,광주광역시,북구,심하지 않은 장애,여자,5677
202601,광주광역시,광산구,심한 장애,남자,4322
202601,광주광역시,광산구,심한 장애,여자,2887
202601,광주광역시,광산구,심하지 않은 장애,남자,5952
202601,광주광역시,광산구,심하지 않은 장애,여자,4293
202601,대전광역시,동구,심한 장애,남자,3388
202601,대전광역시,동구,심한 장애,여자,2209
202601,대전광역시,동구,심하지 않은 장애,남자,4940
202601,대전광역시,동구,심하지 않은 장애,여자,3564
202601,대전광역시,중구,심한 장애,남자,3154
202601,대전광역시,중구,심한 장애,여자,2052
202601,대전광역시,중구,심하지 않은 장애,남자,4746
202601,대전광역시,중구,심하지 않은 장애,여자,3647
202601,대전광역시,서구,심한 장애,남자,4685
202601,대전광역시,서구,심한 장애,여자,3240
202601,대전광역시,서구,심하지 않은 장애,남자,7110
202601,대전광역시,서구,심하지 않은 장애,여자,5252
202601,대전광역시,유성구,심한 장애,남자,2998
202601,대전광역시,유성구,심한 장애,여자,1920
202601,대전광역시,유성구,심하지 않은 장애,남자,4443
202601,대전광역시,유성구,심하지 않은 장애,여자,3136
202601,대전광역시,대덕구,심한 장애,남자,2548
202601,대전광역시,대덕구,심한 장애,여자,1737
202601,대전광역시,대덕구,심하지 않은 장애,남자,3710
202601,대전광역시,대덕구,심하지 않은 장애,여자,2649
202601,울산광역시,중구,심한 장애,남자,2167
202601,울산광역시,중구,심한 장애,여자,1436
202601,울산광역시,중구,심하지 않은 장애,남자,4116
202601,울산광역시,중구,심하지 않은 장애,여자,2771
202601,울산광역시,남구,심한 장애,남자,2842
202601,울산광역시,남구,심한 장애,여자,1748
202601,울산광역시,남구,심하지 않은 장애,남자,4897
202601,울산광역시,남구,심하지 않은 장애,여자,3128
202601,울산광역시,동구,심한 장애,남자,1662
202601,울산광역시,동구,심한 장애,여자,1054
202601,울산광역시,동구,심하지 않은 장애,남자,2798
202601,울산광역시,동구,심하지 않은 장애,여자,1821
202601,울산광역시,북구,심한 장애,남자,2137
202601,울산광역시,북구,심한 장애,여자,1310
202601,울산광역시,북구,심하지 않은 장애,남자,3363
202601,울산광역시,북구,심하지 않은 장애,여자,2029
202601,울산광역시,울주군,심한 장애,남자,2684
202601,울산광역시,울주군,심한 장애,여자,1850
202601,울산광역시,울주군,심하지 않은 장애,남자,4252
202601,울산광역시,울주군,심하지 않은 장애,여자,2862
202601,세종특별자치시,세종특별자치시,심한 장애,남자,3121
202601,세종특별자치시,세종특별자치시,심한 장애,여자,1888
202601,세종특별자치시,세종특별자치시,심하지 않은 장애,남자,4759
202601,세종특별자치시,세종특별자치시,심하지 않은 장애,여자,3216
202601,경기도,수원시,심한 장애,남자,9888
202601,경기도,수원시,심한 장애,여자,6556
202601,경기도,수원시,심하지 않은 장애,남자,16465
202601,경기도,수원시,심하지 않은 장애,여자,11696
202601,경기도,성남시,심한 장애,남자,7838
202601,경기도,성남시,심한 장애,여자,5245
202601,경기도,성남시,심하지 않은 장애,남자,12880
202601,경기도,성남시,심하지 않은 장애,여자,9588
202601,경기도,의정부시,심한 장애,남자,4797
202601,경기도,의정부시,심한 장애,여자,3314
202601,경기도,의정부시,심하지 않은 장애,남자,8148
202601,경기도,의정부시,심하지 않은 장애,여자,6114
202601,경기도,안양시,심한 장애,남자,4485
202601,경기도,안양시,심한 장애,여자,2947
202601,경기도,안양시,심하지 않은 장애,남자,8438
202601,경기도,안양시,심하지 않은 장애,여자,6100
202601,경기도,부천시,심한 장애,남자,8323
202601,경기도,부천시,심한 장애,여자,5340
202601,경기도,부천시,심하지 않은 장애,남자,14224
202601,경기도,부천시,심하지 않은 장애,여자,9507
202601,경기도,광명시,심한 장애,남자,2785
202601,경기도,광명시,심한 장애,여자,1823
202601,경기도,광명시,심하지 않은 장애,남자,4655
202601,경기도,광명시,심하지 않은 장애,여자,3276
202601,경기도,평택시,심한 장애,남자,5528
202601,경기도,평택시,심한 장애,여자,3767
202601,경기도,평택시,심하지 않은 장애,남자,10275
202601,경기도,평택시,심하지 않은 장애,여자,6795
202601,경기도,동두천시,심한 장애,남자,1477
202601,경기도,동두천시,심한 장애,여자,1021
202601,경기도,동두천시,심하지 않은 장애,남자,2095
202601,경기도,동두천시,심하지 않은 장애,여자,1637
202601,경기도,안산시,심한 장애,남자,7242
202601,경기도,안산시,심한 장애,여자,4623
202601,경기도,안산시,심하지 않은 장애,남자,13049
202601,경기도,안산시,심하지 않은 장애,여자,8254
202601,경기도,고양시,심한 장애,남자,9340
202601,경기도,고양시,심한 장애,여자,6240
202601,경기도,고양시,심하지 않은 장애,남자,14766
202601,경기도,고양시,심하지 않은 장애,여자,11610
202601,경기도,과천시,심한 장애,남자,518
202601,경기도,과천시,심한 장애,여자,348
202601,경기도,과천시,심하지 않은 장애,남자,832
202601,경기도,과천시,심하지 않은 장애,여자,627
202601,경기도,구리시,심한 장애,남자,1794
202601,경기도,구리시,심한 장애,여자,1118
202601,경기도,구리시,심하지 않은 장애,남자,3303
202601,경기도,구리시,심하지 않은 장애,여자,2293
202601,경기도,남양주시,심한 장애,남자,7023
202601,경기도,남양주시,심한 장애,여자,4518
202601,경기도,남양주시,심하지 않은 장애,남자,12747
202601,경기도,남양주시,심하지 않은 장애,여자,9001
202601,경기도,오산시,심한 장애,남자,2282
202601,경기도,오산시,심한 장애,여자,1509
202601,경기도,오산시,심하지 않은 장애,남자,3589
202601,경기도,오산시,심하지 않은 장애,여자,2266
202601,경기도,시흥시,심한 장애,남자,4925
202601,경기도,시흥시,심한 장애,여자,2988
202601,경기도,시흥시,심하지 않은 장애,남자,9179
202601,경기도,시흥시,심하지 않은 장애,여자,5475
202601,경기도,군포시,심한 장애,남자,2462
202601,경기도,군포시,심한 장애,여자,1570
202601,경기도,군포시,심하지 않은 장애,남자,4361
202601,경기도,군포시,심하지 않은 장애,여자,3183
202601,경기도,의왕시,심한 장애,남자,1306
202601,경기도,의왕시,심한 장애,여자,867
202601,경기도,의왕시,심하지 않은 장애,남자,2495
202601,경기도,의왕시,심하지 않은 장애,여자,1829
202601,경기도,하남시,심한 장애,남자,2578
202601,경기도,하남시,심한 장애,여자,1656
202601,경기도,하남시,심하지 않은 장애,남자,4564
202601,경기도,하남시,심하지 않은 장애,여자,3182
202601,경기도,용인시,심한 장애,남자,8085
202601,경기도,용인시,심한 장애,여자,5815
202601,경기도,용인시,심하지 않은 장애,남자,14118
202601,경기도,용인시,심하지 않은 장애,여자,10143
202601,경기도,파주시,심한 장애,남자,5354
202601,경기도,파주시,심한 장애,여자,3481
202601,경기도,파주시,심하지 않은 장애,남자,8583
202601,경기도,파주시,심하지 않은 장애,여자,6154
202601,경기도,이천시,심한 장애,남자,2681
202601,경기도,이천시,심한 장애,여자,1697
202601,경기도,이천시,심하지 않은 장애,남자,3922
202601,경기도,이천시,심하지 않은 장애,여자,2590
202601,경기도,안성시,심한 장애,남자,2615
202601,경기도,안성시,심한 장애,여자,1657
202601,경기도,안성시,심하지 않은 장애,남자,4191
202601,경기도,안성시,심하지 않은 장애,여자,2811
202601,경기도,김포시,심한 장애,남자,4220
202601,경기도,김포시,심한 장애,여자,2551
202601,경기도,김포시,심하지 않은 장애,남자,7381
202601,경기도,김포시,심하지 않은 장애,여자,4829
202601,경기도,화성시,심한 장애,남자,7349
202601,경기도,화성시,심한 장애,여자,4581
202601,경기도,화성시,심하지 않은 장애,남자,13327
202601,경기도,화성시,심하지 않은 장애,여자,8046
202601,경기도,광주시,심한 장애,남자,3913
202601,경기도,광주시,심한 장애,여자,2436
202601,경기도,광주시,심하지 않은 장애,남자,7044
202601,경기도,광주시,심하지 않은 장애,여자,4450
202601,경기도,양주시,심한 장애,남자,3251
202601,경기도,양주시,심한 장애,여자,2189
202601,경기도,양주시,심하지 않은 장애,남자,5433
202601,경기도,양주시,심하지 않은 장애,여자,3664
202601,경기도,포천시,심한 장애,남자,2249
202601,경기도,포천시,심한 장애,여자,1446
202601,경기도,포천시,심하지 않은 장애,남자,3956
202601,경기도,포천시,심하지 않은 장애,여자,2574
202601,경기도,여주시,심한 장애,남자,1849
202601,경기도,여주시,심한 장애,여자,1150
202601,경기도,여주시,심하지 않은 장애,남자,2647
202601,경기도,여주시,심하지 않은 장애,여자,1837
202601,경기도,연천군,심한 장애,남자,704
202601,경기도,연천군,심한 장애,여자,445
202601,경기도,연천군,심하지 않은 장애,남자,1264
202601,경기도,연천군,심하지 않은 장애,여자,969
202601,경기도,가평군,심한 장애,남자,1227
202601,경기도,가평군,심한 장애,여자,816
202601,경기도,가평군,심하지 않은 장애,남자,1732
202601,경기도,가평군,심하지 않은 장애,여자,1239
202601,경기도,양평군,심한 장애,남자,1886
202601,경기도,양평군,심한 장애,여자,1229
202601,경기도,양평군,심하지 않은 장애,남자,3055
202601,경기도,양평군,심하지 않은 장애,여자,2212
202601,충청북도,청주시,심한 장애,남자,9538
202601,충청북도,청주시,심한 장애,여자,6466
202601,충청북도,청주시,심하지 않은 장애,남자,14011
202601,충청북도,청주시,심하지 않은 장애,여자,10324
202601,충청북도,충주시,심한 장애,남자,2955
202601,충청북도,충주시,심한 장애,여자,2048
202601,충청북도,충주시,심하지 않은 장애,남자,4640
202601,충청북도,충주시,심하지 않은 장애,여자,3600
202601,충청북도,제천시,심한 장애,남자,2313
202601,충청북도,제천시,심한 장애,여자,1474
202601,충청북도,제천시,심하지 않은 장애,남자,3654
202601,충청북도,제천시,심하지 않은 장애,여자,2747
202601,충청북도,보은군,심한 장애,남자,662
202601,충청북도,보은군,심한 장애,여자,393
202601,충청북도,보은군,심하지 않은 장애,남자,1092
202601,충청북도,보은군,심하지 않은 장애,여자,898
202601,충청북도,옥천군,심한 장애,남자,1071
202601,충청북도,옥천군,심한 장애,여자,748
202601,충청북도,옥천군,심하지 않은 장애,남자,1656
202601,충청북도,옥천군,심하지 않은 장애,여자,1424
202601,충청북도,영동군,심한 장애,남자,765
202601,충청북도,영동군,심한 장애,여자,595
202601,충청북도,영동군,심하지 않은 장애,남자,1500
202601,충청북도,영동군,심하지 않은 장애,여자,1239
202601,충청북도,증평군,심한 장애,남자,607
202601,충청북도,증평군,심한 장애,여자,375
202601,충청북도,증평군,심하지 않은 장애,남자,816
202601,충청북도,증평군,심하지 않은 장애,여자,609
202601,충청북도,진천군,심한 장애,남자,983
202601,충청북도,진천군,심한 장애,여자,677
202601,충청북도,진천군,심하지 않은 장애,남자,1662
202601,충청북도,진천군,심하지 않은 장애,여자,1195
202601,충청북도,괴산군,심한 장애,남자,694
202601,충청북도,괴산군,심한 장애,여자,519
202601,충청북도,괴산군,심하지 않은 장애,남자,1256
202601,충청북도,괴산군,심하지 않은 장애,여자,1053
202601,충청북도,음성군,심한 장애,남자,1894
202601,충청북도,음성군,심한 장애,여자,1308
202601,충청북도,음성군,심하지 않은 장애,남자,2452
202601,충청북도,음성군,심하지 않은 장애,여자,1584
202601,충청북도,단양군,심한 장애,남자,522
202601,충청북도,단양군,심한 장애,여자,342
202601,충청북도,단양군,심하지 않은 장애,남자,954
202601,충청북도,단양군,심하지 않은 장애,여자,733
202601,충청남도,천안시,심한 장애,남자,6483
202601,충청남도,천안시,심한 장애,여자,4430
202601,충청남도,천안시,심하지 않은 장애,남자,10207
202601,충청남도,천안시,심하지 않은 장애,여자,6645
202601,충청남도,공주시,심한 장애,남자,2014
202601,충청남도,공주시,심한 장애,여자,1373
202601,충청남도,공주시,심하지 않은 장애,남자,2835
202601,충청남도,공주시,심하지 않은 장애,여자,2235
202601,충청남도,보령시,심한 장애,남자,1970
202601,충청남도,보령시,심한 장애,여자,1223
202601,충청남도,보령시,심하지 않은 장애,남자,2833
202601,충청남도,보령시,심하지 않은 장애,여자,2337
202601,충청남도,아산시,심한 장애,남자,3840
202601,충청남도,아산시,심한 장애,여자,2504
202601,충청남도,아산시,심하지 않은 장애,남자,6059
202601,충청남도,아산시,심하지 않은 장애,여자,4238
202601,충청남도,서산시,심한 장애,남자,2139
202601,충청남도,서산시,심한 장애,여자,1427
202601,충청남도,서산시,심하지 않은 장애,남자,3903
202601,충청남도,서산시,심하지 않은 장애,여자,3063
202601,충청남도,논산시,심한 장애,남자,2201
202601,충청남도,논산시,심한 장애,여자,1647
202601,충청남도,논산시,심하지 않은 장애,남자,3236
202601,충청남도,논산시,심하지 않은 장애,여자,2664
202601,충청남도,계룡시,심한 장애,남자,354
202601,충청남도,계룡시,심한 장애,여자,257
202601,충청남도,계룡시,심하지 않은 장애,남자,643
202601,충청남도,계룡시,심하지 않은 장애,여자,497
202601,충청남도,당진시,심한 장애,남자,2143
202601,충청남도,당진시,심한 장애,여자,1428
202601,충청남도,당진시,심하지 않은 장애,남자,4224
202601,충청남도,당진시,심하지 않은 장애,여자,2844
202601,충청남도,금산군,심한 장애,남자,910
202601,충청남도,금산군,심한 장애,여자,573
202601,충청남도,금산군,심하지 않은 장애,남자,1537
202601,충청남도,금산군,심하지 않은 장애,여자,1378
202601,충청남도,부여군,심한 장애,남자,1404
202601,충청남도,부여군,심한 장애,여자,936
202601,충청남도,부여군,심하지 않은 장애,남자,2217
202601,충청남도,부여군,심하지 않은 장애,여자,1979
202601,충청남도,서천군,심한 장애,남자,1032
202601,충청남도,서천군,심한 장애,여자,703
202601,충청남도,서천군,심하지 않은 장애,남자,1778
202601,충청남도,서천군,심하지 않은 장애,여자,1661
202601,충청남도,청양군,심한 장애,남자,557
202601,충청남도,청양군,심한 장애,여자,409
202601,충청남도,청양군,심하지 않은 장애,남자,1041
202601,충청남도,청양군,심하지 않은 장애,여자,1019
202601,충청남도,홍성군,심한 장애,남자,1542
202601,충청남도,홍성군,심한 장애,여자,1022
202601,충청남도,홍성군,심하지 않은 장애,남자,2562
202601,충청남도,홍성군,심하지 않은 장애,여자,2121
202601,충청남도,예산군,심한 장애,남자,1337
202601,충청남도,예산군,심한 장애,여자,975
202601,충청남도,예산군,심하지 않은 장애,남자,2601
202601,충청남도,예산군,심하지 않은 장애,여자,2356
202601,충청남도,태안군,심한 장애,남자,958
202601,충청남도,태안군,심한 장애,여자,670
202601,충청남도,태안군,심하지 않은 장애,남자,1907
202601,충청남도,태안군,심하지 않은 장애,여자,1618
202601,전라북도,전주시,심한 장애,남자,1
202601,전라북도,임실군,심하지 않은 장애,여자,1
202601,전라북도,부안군,심하지 않은 장애,남자,2
202601,전라남도,목포시,심한 장애,남자,3050
202601,전라남도,목포시,심한 장애,여자,2120
202601,전라남도,목포시,심하지 않은 장애,남자,4304
202601,전라남도,목포시,심하지 않은 장애,여자,3824
202601,전라남도,여수시,심한 장애,남자,3622
202601,전라남도,여수시,심한 장애,여자,2463
202601,전라남도,여수시,심하지 않은 장애,남자,5843
202601,전라남도,여수시,심하지 않은 장애,여자,5077
202601,전라남도,순천시,심한 장애,남자,3215
202601,전라남도,순천시,심한 장애,여자,2289
202601,전라남도,순천시,심하지 않은 장애,남자,5532
202601,전라남도,순천시,심하지 않은 장애,여자,4309
202601,전라남도,나주시,심한 장애,남자,1909
202601,전라남도,나주시,심한 장애,여자,1358
202601,전라남도,나주시,심하지 않은 장애,남자,2501
202601,전라남도,나주시,심하지 않은 장애,여자,2366
202601,전라남도,광양시,심한 장애,남자,1730
202601,전라남도,광양시,심한 장애,여자,1126
202601,전라남도,광양시,심하지 않은 장애,남자,2819
202601,전라남도,광양시,심하지 않은 장애,여자,2202
202601,전라남도,담양군,심한 장애,남자,815
202601,전라남도,담양군,심한 장애,여자,582
202601,전라남도,담양군,심하지 않은 장애,남자,1305
202601,전라남도,담양군,심하지 않은 장애,여자,1163
202601,전라남도,곡성군,심한 장애,남자,551
202601,전라남도,곡성군,심한 장애,여자,466
202601,전라남도,곡성군,심하지 않은 장애,남자,964
202601,전라남도,곡성군,심하지 않은 장애,여자,1024
202601,전라남도,구례군,심한 장애,남자,471
202601,전라남도,구례군,심한 장애,여자,340
202601,전라남도,구례군,심하지 않은 장애,남자,887
202601,전라남도,구례군,심하지 않은 장애,여자,821
202601,전라남도,고흥군,심한 장애,남자,1362
202601,전라남도,고흥군,심한 장애,여자,917
202601,전라남도,고흥군,심하지 않은 장애,남자,2145
202601,전라남도,고흥군,심하지 않은 장애,여자,2346
202601,전라남도,보성군,심한 장애,남자,755
202601,전라남도,보성군,심한 장애,여자,614
202601,전라남도,보성군,심하지 않은 장애,남자,1337
202601,전라남도,보성군,심하지 않은 장애,여자,1348
202601,전라남도,화순군,심한 장애,남자,1008
202601,전라남도,화순군,심한 장애,여자,713
202601,전라남도,화순군,심하지 않은 장애,남자,1719
202601,전라남도,화순군,심하지 않은 장애,여자,1576
202601,전라남도,장흥군,심한 장애,남자,740
202601,전라남도,장흥군,심한 장애,여자,572
202601,전라남도,장흥군,심하지 않은 장애,남자,1029
202601,전라남도,장흥군,심하지 않은 장애,여자,1177
202601,전라남도,강진군,심한 장애,남자,591
202601,전라남도,강진군,심한 장애,여자,435
202601,전라남도,강진군,심하지 않은 장애,남자,947
202601,전라남도,강진군,심하지 않은 장애,여자,1045
202601,전라남도,해남군,심한 장애,남자,1337
202601,전라남도,해남군,심한 장애,여자,898
202601,전라남도,해남군,심하지 않은 장애,남자,1954
202601,전라남도,해남군,심하지 않은 장애,여자,1814
202601,전라남도,영암군,심한 장애,남자,898
202601,전라남도,영암군,심한 장애,여자,680
202601,전라남도,영암군,심하지 않은 장애,남자,1449
202601,전라남도,영암군,심하지 않은 장애,여자,1384
202601,전라남도,무안군,심한 장애,남자,1413
202601,전라남도,무안군,심한 장애,여자,982
202601,전라남도,무안군,심하지 않은 장애,남자,1899
202601,전라남도,무안군,심하지 않은 장애,여자,1729
202601,전라남도,함평군,심한 장애,남자,686
202601,전라남도,함평군,심한 장애,여자,533
202601,전라남도,함평군,심하지 않은 장애,남자,1065
202601,전라남도,함평군,심하지 않은 장애,여자,1151
202601,전라남도,영광군,심한 장애,남자,990
202601,전라남도,영광군,심한 장애,여자,732
202601,전라남도,영광군,심하지 않은 장애,남자,1459
202601,전라남도,영광군,심하지 않은 장애,여자,1656
202601,전라남도,장성군,심한 장애,남자,754
202601,전라남도,장성군,심한 장애,여자,559
202601,전라남도,장성군,심하지 않은 장애,남자,1248
202601,전라남도,장성군,심하지 않은 장애,여자,1146
202601,전라남도,완도군,심한 장애,남자,862
202601,전라남도,완도군,심한 장애,여자,543
202601,전라남도,완도군,심하지 않은 장애,남자,1350
202601,전라남도,완도군,심하지 않은 장애,여자,1457
202601,전라남도,진도군,심한 장애,남자,589
202601,전라남도,진도군,심한 장애,여자,447
202601,전라남도,진도군,심하지 않은 장애,남자,920
202601,전라남도,진도군,심하지 않은 장애,여자,967
202601,전라남도,신안군,심한 장애,남자,745
202601,전라남도,신안군,심한 장애,여자,457
202601,전라남도,신안군,심하지 않은 장애,남자,1445
202601,전라남도,신안군,심하지 않은 장애,여자,1323
202601,경상북도,포항시,심한 장애,남자,6335
202601,경상북도,포항시,심한 장애,여자,4059
202601,경상북도,포항시,심하지 않은 장애,남자,9825
202601,경상북도,포항시,심하지 않은 장애,여자,7265
202601,경상북도,경주시,심한 장애,남자,3384
202601,경상북도,경주시,심한 장애,여자,2430
202601,경상북도,경주시,심하지 않은 장애,남자,5889
202601,경상북도,경주시,심하지 않은 장애,여자,4500
202601,경상북도,김천시,심한 장애,남자,2216
202601,경상북도,김천시,심한 장애,여자,1557
202601,경상북도,김천시,심하지 않은 장애,남자,3400
202601,경상북도,김천시,심하지 않은 장애,여자,3100
202601,경상북도,안동시,심한 장애,남자,2999
202601,경상북도,안동시,심한 장애,여자,2103
202601,경상북도,안동시,심하지 않은 장애,남자,4271
202601,경상북도,안동시,심하지 않은 장애,여자,3777
202601,경상북도,구미시,심한 장애,남자,4001
202601,경상북도,구미시,심한 장애,여자,2692
202601,경상북도,구미시,심하지 않은 장애,남자,6326
202601,경상북도,구미시,심하지 않은 장애,여자,4481
202601,경상북도,영주시,심한 장애,남자,1683
202601,경상북도,영주시,심한 장애,여자,1208
202601,경상북도,영주시,심하지 않은 장애,남자,2753
202601,경상북도,영주시,심하지 않은 장애,여자,2449
202601,경상북도,영천시,심한 장애,남자,1664
202601,경상북도,영천시,심한 장애,여자,1150
202601,경상북도,영천시,심하지 않은 장애,남자,3003
202601,경상북도,영천시,심하지 않은 장애,여자,2399
202601,경상북도,상주시,심한 장애,남자,1752
202601,경상북도,상주시,심한 장애,여자,1253
202601,경상북도,상주시,심하지 않은 장애,남자,3124
202601,경상북도,상주시,심하지 않은 장애,여자,3139
202601,경상북도,문경시,심한 장애,남자,1248
202601,경상북도,문경시,심한 장애,여자,794
202601,경상북도,문경시,심하지 않은 장애,남자,2199
202601,경상북도,문경시,심하지 않은 장애,여자,2107
202601,경상북도,경산시,심한 장애,남자,3382
202601,경상북도,경산시,심한 장애,여자,2219
202601,경상북도,경산시,심하지 않은 장애,남자,5606
202601,경상북도,경산시,심하지 않은 장애,여자,4125
202601,경상북도,의성군,심한 장애,남자,1024
202601,경상북도,의성군,심한 장애,여자,720
202601,경상북도,의성군,심하지 않은 장애,남자,1998
202601,경상북도,의성군,심하지 않은 장애,여자,2025
202601,경상북도,청송군,심한 장애,남자,443
202601,경상북도,청송군,심한 장애,여자,319
202601,경상북도,청송군,심하지 않은 장애,남자,960
202601,경상북도,청송군,심하지 않은 장애,여자,931
202601,경상북도,영양군,심한 장애,남자,327
202601,경상북도,영양군,심한 장애,여자,236
202601,경상북도,영양군,심하지 않은 장애,남자,614
202601,경상북도,영양군,심하지 않은 장애,여자,643
202601,경상북도,영덕군,심한 장애,남자,672
202601,경상북도,영덕군,심한 장애,여자,455
202601,경상북도,영덕군,심하지 않은 장애,남자,1182
202601,경상북도,영덕군,심하지 않은 장애,여자,1193
202601,경상북도,청도군,심한 장애,남자,770
202601,경상북도,청도군,심한 장애,여자,521
202601,경상북도,청도군,심하지 않은 장애,남자,1443
202601,경상북도,청도군,심하지 않은 장애,여자,1466
202601,경상북도,고령군,심한 장애,남자,595
202601,경상북도,고령군,심한 장애,여자,393
202601,경상북도,고령군,심하지 않은 장애,남자,1191
202601,경상북도,고령군,심하지 않은 장애,여자,1017
202601,경상북도,성주군,심한 장애,남자,730
202601,경상북도,성주군,심한 장애,여자,484
202601,경상북도,성주군,심하지 않은 장애,남자,1459
202601,경상북도,성주군,심하지 않은 장애,여자,1206
202601,경상북도,칠곡군,심한 장애,남자,1498
202601,경상북도,칠곡군,심한 장애,여자,980
202601,경상북도,칠곡군,심하지 않은 장애,남자,2390
202601,경상북도,칠곡군,심하지 않은 장애,여자,1728
202601,경상북도,예천군,심한 장애,남자,972
202601,경상북도,예천군,심한 장애,여자,745
202601,경상북도,예천군,심하지 않은 장애,남자,1667
202601,경상북도,예천군,심하지 않은 장애,여자,1647
202601,경상북도,봉화군,심한 장애,남자,593
202601,경상북도,봉화군,심한 장애,여자,414
202601,경상북도,봉화군,심하지 않은 장애,남자,1100
202601,경상북도,봉화군,심하지 않은 장애,여자,987
202601,경상북도,울진군,심한 장애,남자,784
202601,경상북도,울진군,심한 장애,여자,594
202601,경상북도,울진군,심하지 않은 장애,남자,1335
202601,경상북도,울진군,심하지 않은 장애,여자,1123
202601,경상북도,울릉군,심한 장애,남자,73
202601,경상북도,울릉군,심한 장애,여자,47
202601,경상북도,울릉군,심하지 않은 장애,남자,222
202601,경상북도,울릉군,심하지 않은 장애,여자,156
202601,경상남도,창원시,심한 장애,남자,10807
202601,경상남도,창원시,심한 장애,여자,7364
202601,경상남도,창원시,심하지 않은 장애,남자,19079
202601,경상남도,창원시,심하지 않은 장애,여자,12961
202601,경상남도,진주시,심한 장애,남자,4127
202601,경상남도,진주시,심한 장애,여자,2761
202601,경상남도,진주시,심하지 않은 장애,남자,6202
202601,경상남도,진주시,심하지 않은 장애,여자,4609
202601,경상남도,통영시,심한 장애,남자,1634
202601,경상남도,통영시,심한 장애,여자,1069
202601,경상남도,통영시,심하지 않은 장애,남자,2632
202601,경상남도,통영시,심하지 않은 장애,여자,2116
202601,경상남도,사천시,심한 장애,남자,1680
202601,경상남도,사천시,심한 장애,여자,1160
202601,경상남도,사천시,심하지 않은 장애,남자,2459
202601,경상남도,사천시,심하지 않은 장애,여자,1936
202601,경상남도,김해시,심한 장애,남자,5980
202601,경상남도,김해시,심한 장애,여자,3741
202601,경상남도,김해시,심하지 않은 장애,남자,9562
202601,경상남도,김해시,심하지 않은 장애,여자,6087
202601,경상남도,밀양시,심한 장애,남자,1818
202601,경상남도,밀양시,심한 장애,여자,1235
202601,경상남도,밀양시,심하지 않은 장애,남자,2987
202601,경상남도,밀양시,심하지 않은 장애,여자,2486
202601,경상남도,거제시,심한 장애,남자,2676
202601,경상남도,거제시,심한 장애,여자,1629
202601,경상남도,거제시,심하지 않은 장애,남자,4459
202601,경상남도,거제시,심하지 않은 장애,여자,2693
202601,경상남도,양산시,심한 장애,남자,4275
202601,경상남도,양산시,심한 장애,여자,2679
202601,경상남도,양산시,심하지 않은 장애,남자,6280
202601,경상남도,양산시,심하지 않은 장애,여자,4385
202601,경상남도,의령군,심한 장애,남자,593
202601,경상남도,의령군,심한 장애,여자,420
202601,경상남도,의령군,심하지 않은 장애,남자,827
202601,경상남도,의령군,심하지 않은 장애,여자,864
202601,경상남도,함안군,심한 장애,남자,1029
202601,경상남도,함안군,심한 장애,여자,695
202601,경상남도,함안군,심하지 않은 장애,남자,1719
202601,경상남도,함안군,심하지 않은 장애,여자,1382
202601,경상남도,창녕군,심한 장애,남자,1049
202601,경상남도,창녕군,심한 장애,여자,712
202601,경상남도,창녕군,심하지 않은 장애,남자,1754
202601,경상남도,창녕군,심하지 않은 장애,여자,1645
202601,경상남도,고성군,심한 장애,남자,953
202601,경상남도,고성군,심한 장애,여자,682
202601,경상남도,고성군,심하지 않은 장애,남자,1482
202601,경상남도,고성군,심하지 않은 장애,여자,1279
202601,경상남도,남해군,심한 장애,남자,794
202601,경상남도,남해군,심한 장애,여자,572
202601,경상남도,남해군,심하지 않은 장애,남자,1287
202601,경상남도,남해군,심하지 않은 장애,여자,1293
202601,경상남도,하동군,심한 장애,남자,873
202601,경상남도,하동군,심한 장애,여자,642
202601,경상남도,하동군,심하지 않은 장애,남자,1339
202601,경상남도,하동군,심하지 않은 장애,여자,1226
202601,경상남도,산청군,심한 장애,남자,650
202601,경상남도,산청군,심한 장애,여자,546
202601,경상남도,산청군,심하지 않은 장애,남자,1048
202601,경상남도,산청군,심하지 않은 장애,여자,1012
202601,경상남도,함양군,심한 장애,남자,692
202601,경상남도,함양군,심한 장애,여자,499
202601,경상남도,함양군,심하지 않은 장애,남자,1124
202601,경상남도,함양군,심하지 않은 장애,여자,1162
202601,경상남도,거창군,심한 장애,남자,985
202601,경상남도,거창군,심한 장애,여자,705
202601,경상남도,거창군,심하지 않은 장애,남자,1653
202601,경상남도,거창군,심하지 않은 장애,여자,1575
202601,경상남도,합천군,심한 장애,남자,825
202601,경상남도,합천군,심한 장애,여자,619
202601,경상남도,합천군,심하지 않은 장애,남자,1421
202601,경상남도,합천군,심하지 않은 장애,여자,1508
202601,제주특별자치도,제주시,심한 장애,남자,6067
202601,제주특별자치도,제주시,심한 장애,여자,4254
202601,제주특별자치도,제주시,심하지 않은 장애,남자,8413
202601,제주특별자치도,제주시,심하지 않은 장애,여자,6800
202601,제주특별자치도,서귀포시,심한 장애,남자,2471
202601,제주특별자치도,서귀포시,심한 장애,여자,1642
202601,제주특별자치도,서귀포시,심하지 않은 장애,남자,3684
202601,제주특별자치도,서귀포시,심하지 않은 장애,여자,3423
202601,강원특별자치도,춘천시,심한 장애,남자,3589
202601,강원특별자치도,춘천시,심한 장애,여자,2328
202601,강원특별자치도,춘천시,심하지 않은 장애,남자,5322
202601,강원특별자치도,춘천시,심하지 않은 장애,여자,3938
202601,강원특별자치도,원주시,심한 장애,남자,4586
202601,강원특별자치도,원주시,심한 장애,여자,3017
202601,강원특별자치도,원주시,심하지 않은 장애,남자,6819
202601,강원특별자치도,원주시,심하지 않은 장애,여자,5153
202601,강원특별자치도,강릉시,심한 장애,남자,3069
202601,강원특별자치도,강릉시,심한 장애,여자,2014
202601,강원특별자치도,강릉시,심하지 않은 장애,남자,4485
202601,강원특별자치도,강릉시,심하지 않은 장애,여자,3610
202601,강원특별자치도,동해시,심한 장애,남자,1415
202601,강원특별자치도,동해시,심한 장애,여자,877
202601,강원특별자치도,동해시,심하지 않은 장애,남자,2316
202601,강원특별자치도,동해시,심하지 않은 장애,여자,1852
202601,강원특별자치도,태백시,심한 장애,남자,866
202601,강원특별자치도,태백시,심한 장애,여자,498
202601,강원특별자치도,태백시,심하지 않은 장애,남자,1335
202601,강원특별자치도,태백시,심하지 않은 장애,여자,1177
202601,강원특별자치도,속초시,심한 장애,남자,1005
202601,강원특별자치도,속초시,심한 장애,여자,658
202601,강원특별자치도,속초시,심하지 않은 장애,남자,1761
202601,강원특별자치도,속초시,심하지 않은 장애,여자,1268
202601,강원특별자치도,삼척시,심한 장애,남자,1110
202601,강원특별자치도,삼척시,심한 장애,여자,739
202601,강원특별자치도,삼척시,심하지 않은 장애,남자,1815
202601,강원특별자치도,삼척시,심하지 않은 장애,여자,1518
202601,강원특별자치도,홍천군,심한 장애,남자,1070
202601,강원특별자치도,홍천군,심한 장애,여자,715
202601,강원특별자치도,홍천군,심하지 않은 장애,남자,1903
202601,강원특별자치도,홍천군,심하지 않은 장애,여자,1280
202601,강원특별자치도,횡성군,심한 장애,남자,745
202601,강원특별자치도,횡성군,심한 장애,여자,516
202601,강원특별자치도,횡성군,심하지 않은 장애,남자,1474
202601,강원특별자치도,횡성군,심하지 않은 장애,여자,963
202601,강원특별자치도,영월군,심한 장애,남자,692
202601,강원특별자치도,영월군,심한 장애,여자,449
202601,강원특별자치도,영월군,심하지 않은 장애,남자,1212
202601,강원특별자치도,영월군,심하지 않은 장애,여자,927
202601,강원특별자치도,평창군,심한 장애,남자,594
202601,강원특별자치도,평창군,심한 장애,여자,414
202601,강원특별자치도,평창군,심하지 않은 장애,남자,1161
202601,강원특별자치도,평창군,심하지 않은 장애,여자,859
202601,강원특별자치도,정선군,심한 장애,남자,679
202601,강원특별자치도,정선군,심한 장애,여자,412
202601,강원특별자치도,정선군,심하지 않은 장애,남자,1146
202601,강원특별자치도,정선군,심하지 않은 장애,여자,947
202601,강원특별자치도,철원군,심한 장애,남자,631
202601,강원특별자치도,철원군,심한 장애,여자,439
202601,강원특별자치도,철원군,심하지 않은 장애,남자,1029
202601,강원특별자치도,철원군,심하지 않은 장애,여자,795
202601,강원특별자치도,화천군,심한 장애,남자,338
202601,강원특별자치도,화천군,심한 장애,여자,200
202601,강원특별자치도,화천군,심하지 않은 장애,남자,613
202601,강원특별자치도,화천군,심하지 않은 장애,여자,457
202601,강원특별자치도,양구군,심한 장애,남자,273
202601,강원특별자치도,양구군,심한 장애,여자,189
202601,강원특별자치도,양구군,심하지 않은 장애,남자,511
202601,강원특별자치도,양구군,심하지 않은 장애,여자,402
202601,강원특별자치도,인제군,심한 장애,남자,423
202601,강원특별자치도,인제군,심한 장애,여자,287
202601,강원특별자치도,인제군,심하지 않은 장애,남자,686
202601,강원특별자치도,인제군,심하지 않은 장애,여자,515
202601,강원특별자치도,고성군,심한 장애,남자,433
202601,강원특별자치도,고성군,심한 장애,여자,306
202601,강원특별자치도,고성군,심하지 않은 장애,남자,788
202601,강원특별자치도,고성군,심하지 않은 장애,여자,658
202601,강원특별자치도,양양군,심한 장애,남자,500
202601,강원특별자치도,양양군,심한 장애,여자,310
202601,강원특별자치도,양양군,심하지 않은 장애,남자,806
202601,강원특별자치도,양양군,심하지 않은 장애,여자,622
202601,전북특별자치도,전주시,심한 장애,남자,7194
202601,전북특별자치도,전주시,심한 장애,여자,5157
202601,전북특별자치도,전주시,심하지 않은 장애,남자,11687
202601,전북특별자치도,전주시,심하지 않은 장애,여자,9489
202601,전북특별자치도,군산시,심한 장애,남자,3686
202601,전북특별자치도,군산시,심한 장애,여자,2418
202601,전북특별자치도,군산시,심하지 않은 장애,남자,6290
202601,전북특별자치도,군산시,심하지 않은 장애,여자,4750
202601,전북특별자치도,익산시,심한 장애,남자,4482
202601,전북특별자치도,익산시,심한 장애,여자,3276
202601,전북특별자치도,익산시,심하지 않은 장애,남자,6895
202601,전북특별자치도,익산시,심하지 않은 장애,여자,5613
202601,전북특별자치도,정읍시,심한 장애,남자,1996
202601,전북특별자치도,정읍시,심한 장애,여자,1466
202601,전북특별자치도,정읍시,심하지 않은 장애,남자,3099
202601,전북특별자치도,정읍시,심하지 않은 장애,여자,2938
202601,전북특별자치도,남원시,심한 장애,남자,1542
202601,전북특별자치도,남원시,심한 장애,여자,1132
202601,전북특별자치도,남원시,심하지 않은 장애,남자,2364
202601,전북특별자치도,남원시,심하지 않은 장애,여자,2202
202601,전북특별자치도,김제시,심한 장애,남자,1740
202601,전북특별자치도,김제시,심한 장애,여자,1370
202601,전북특별자치도,김제시,심하지 않은 장애,남자,2907
202601,전북특별자치도,김제시,심하지 않은 장애,여자,2878
202601,전북특별자치도,완주군,심한 장애,남자,1758
202601,전북특별자치도,완주군,심한 장애,여자,1224
202601,전북특별자치도,완주군,심하지 않은 장애,남자,2805
202601,전북특별자치도,완주군,심하지 않은 장애,여자,2338
202601,전북특별자치도,진안군,심한 장애,남자,473
202601,전북특별자치도,진안군,심한 장애,여자,384
202601,전북특별자치도,진안군,심하지 않은 장애,남자,928
202601,전북특별자치도,진안군,심하지 않은 장애,여자,894
202601,전북특별자치도,무주군,심한 장애,남자,385
202601,전북특별자치도,무주군,심한 장애,여자,323
202601,전북특별자치도,무주군,심하지 않은 장애,남자,847
202601,전북특별자치도,무주군,심하지 않은 장애,여자,737
202601,전북특별자치도,장수군,심한 장애,남자,387
202601,전북특별자치도,장수군,심한 장애,여자,283
202601,전북특별자치도,장수군,심하지 않은 장애,남자,783
202601,전북특별자치도,장수군,심하지 않은 장애,여자,830
202601,전북특별자치도,임실군,심한 장애,남자,559
202601,전북특별자치도,임실군,심한 장애,여자,454
202601,전북특별자치도,임실군,심하지 않은 장애,남자,1024
202601,전북특별자치도,임실군,심하지 않은 장애,여자,945
202601,전북특별자치도,순창군,심한 장애,남자,540
202601,전북특별자치도,순창군,심한 장애,여자,378
202601,전북특별자치도,순창군,심하지 않은 장애,남자,873
202601,전북특별자치도,순창군,심하지 않은 장애,여자,986
202601,전북특별자치도,고창군,심한 장애,남자,990
202601,전북특별자치도,고창군,심한 장애,여자,745
202601,전북특별자치도,고창군,심하지 않은 장애,남자,1666
202601,전북특별자치도,고창군,심하지 않은 장애,여자,1694
202601,전북특별자치도,부안군,심한 장애,남자,934
202601,전북특별자치도,부안군,심한 장애,여자,717
202601,전북특별자치도,부안군,심하지 않은 장애,남자,1608
202601,전북특별자치도,부안군,심하지 않은 장애,여자,1522
202602,서울특별시,종로구,심한 장애,남자,1186
202602,서울특별시,종로구,심한 장애,여자,802
202602,서울특별시,종로구,심하지 않은 장애,남자,1987
202602,서울특별시,종로구,심하지 않은 장애,여자,1544
202602,서울특별시,중구,심한 장애,남자,1054
202602,서울특별시,중구,심한 장애,여자,697
202602,서울특별시,중구,심하지 않은 장애,남자,1838
202602,서울특별시,중구,심하지 않은 장애,여자,1492
202602,서울특별시,용산구,심한 장애,남자,1443
202602,서울특별시,용산구,심한 장애,여자,916
202602,서울특별시,용산구,심하지 않은 장애,남자,2472
202602,서울특별시,용산구,심하지 않은 장애,여자,1806
202602,서울특별시,성동구,심한 장애,남자,2184
202602,서울특별시,성동구,심한 장애,여자,1428
202602,서울특별시,성동구,심하지 않은 장애,남자,3915
202602,서울특별시,성동구,심하지 않은 장애,여자,3027
202602,서울특별시,광진구,심한 장애,남자,2447
202602,서울특별시,광진구,심한 장애,여자,1629
202602,서울특별시,광진구,심하지 않은 장애,남자,4465
202602,서울특별시,광진구,심하지 않은 장애,여자,3405
202602,서울특별시,동대문구,심한 장애,남자,3056
202602,서울특별시,동대문구,심한 장애,여자,1985
202602,서울특별시,동대문구,심하지 않은 장애,남자,5608
202602,서울특별시,동대문구,심하지 않은 장애,여자,4386
202602,서울특별시,중랑구,심한 장애,남자,4373
202602,서울특별시,중랑구,심한 장애,여자,2942
202602,서울특별시,중랑구,심하지 않은 장애,남자,7179
202602,서울특별시,중랑구,심하지 않은 장애,여자,5461
202602,서울특별시,성북구,심한 장애,남자,3467
202602,서울특별시,성북구,심한 장애,여자,2344
202602,서울특별시,성북구,심하지 않은 장애,남자,6114
202602,서울특별시,성북구,심하지 않은 장애,여자,4898
202602,서울특별시,강북구,심한 장애,남자,3572
202602,서울특별시,강북구,심한 장애,여자,2572
202602,서울특별시,강북구,심하지 않은 장애,남자,5727
202602,서울특별시,강북구,심하지 않은 장애,여자,4698
202602,서울특별시,도봉구,심한 장애,남자,3180
202602,서울특별시,도봉구,심한 장애,여자,2133
202602,서울특별시,도봉구,심하지 않은 장애,남자,5522
202602,서울특별시,도봉구,심하지 않은 장애,여자,4243
202602,서울특별시,노원구,심한 장애,남자,6216
202602,서울특별시,노원구,심한 장애,여자,4594
202602,서울특별시,노원구,심하지 않은 장애,남자,7667
202602,서울특별시,노원구,심하지 않은 장애,여자,6741
202602,서울특별시,은평구,심한 장애,남자,4959
202602,서울특별시,은평구,심한 장애,여자,3028
202602,서울특별시,은평구,심하지 않은 장애,남자,7274
202602,서울특별시,은평구,심하지 않은 장애,여자,5799
202602,서울특별시,서대문구,심한 장애,남자,2427
202602,서울특별시,서대문구,심한 장애,여자,1694
202602,서울특별시,서대문구,심하지 않은 장애,남자,4145
202602,서울특별시,서대문구,심하지 않은 장애,여자,3436
202602,서울특별시,마포구,심한 장애,남자,2684
202602,서울특별시,마포구,심한 장애,여자,1912
202602,서울특별시,마포구,심하지 않은 장애,남자,4137
202602,서울특별시,마포구,심하지 않은 장애,여자,3398
202602,서울특별시,양천구,심한 장애,남자,3593
202602,서울특별시,양천구,심한 장애,여자,2374
202602,서울특별시,양천구,심하지 않은 장애,남자,6689
202602,서울특별시,양천구,심하지 않은 장애,여자,5022
202602,서울특별시,강서구,심한 장애,남자,6625
202602,서울특별시,강서구,심한 장애,여자,4519
202602,서울특별시,강서구,심하지 않은 장애,남자,9270
202602,서울특별시,강서구,심하지 않은 장애,여자,7131
202602,서울특별시,구로구,심한 장애,남자,3922
202602,서울특별시,구로구,심한 장애,여자,2580
202602,서울특별시,구로구,심하지 않은 장애,남자,7535
202602,서울특별시,구로구,심하지 않은 장애,여자,5577
202602,서울특별시,금천구,심한 장애,남자,2453
202602,서울특별시,금천구,심한 장애,여자,1624
202602,서울특별시,금천구,심하지 않은 장애,남자,4792
202602,서울특별시,금천구,심하지 않은 장애,여자,3392
202602,서울특별시,영등포구,심한 장애,남자,2981
202602,서울특별시,영등포구,심한 장애,여자,1776
202602,서울특별시,영등포구,심하지 않은 장애,남자,5731
202602,서울특별시,영등포구,심하지 않은 장애,여자,4290
202602,서울특별시,동작구,심한 장애,남자,2886
202602,서울특별시,동작구,심한 장애,여자,1984
202602,서울특별시,동작구,심하지 않은 장애,남자,5040
202602,서울특별시,동작구,심하지 않은 장애,여자,3951
202602,서울특별시,관악구,심한 장애,남자,4134
202602,서울특별시,관악구,심한 장애,여자,2743
202602,서울특별시,관악구,심하지 않은 장애,남자,7445
202602,서울특별시,관악구,심하지 않은 장애,여자,5653
202602,서울특별시,서초구,심한 장애,남자,2408
202602,서울특별시,서초구,심한 장애,여자,1572
202602,서울특별시,서초구,심하지 않은 장애,남자,3600
202602,서울특별시,서초구,심하지 않은 장애,여자,2603
202602,서울특별시,강남구,심한 장애,남자,3957
202602,서울특별시,강남구,심한 장애,여자,2606
202602,서울특별시,강남구,심하지 않은 장애,남자,5108
202602,서울특별시,강남구,심하지 않은 장애,여자,3828
202602,서울특별시,송파구,심한 장애,남자,4705
202602,서울특별시,송파구,심한 장애,여자,2860
202602,서울특별시,송파구,심하지 않은 장애,남자,7302
202602,서울특별시,송파구,심하지 않은 장애,여자,5313
202602,서울특별시,강동구,심한 장애,남자,4524
202602,서울특별시,강동구,심한 장애,여자,2704
202602,서울특별시,강동구,심하지 않은 장애,남자,7102
202602,서울특별시,강동구,심하지 않은 장애,여자,5086
202602,부산광역시,중구,심한 장애,남자,493
202602,부산광역시,중구,심한 장애,여자,322
202602,부산광역시,중구,심하지 않은 장애,남자,899
202602,부산광역시,중구,심하지 않은 장애,여자,703
202602,부산광역시,서구,심한 장애,남자,1451
202602,부산광역시,서구,심한 장애,여자,943
202602,부산광역시,서구,심하지 않은 장애,남자,2300
202602,부산광역시,서구,심하지 않은 장애,여자,1776
202602,부산광역시,동구,심한 장애,남자,1235
202602,부산광역시,동구,심한 장애,여자,744
202602,부산광역시,동구,심하지 않은 장애,남자,2036
202602,부산광역시,동구,심하지 않은 장애,여자,1726
202602,부산광역시,영도구,심한 장애,남자,1893
202602,부산광역시,영도구,심한 장애,여자,1359
202602,부산광역시,영도구,심하지 않은 장애,남자,2843
202602,부산광역시,영도구,심하지 않은 장애,여자,2255
202602,부산광역시,부산진구,심한 장애,남자,4029
202602,부산광역시,부산진구,심한 장애,여자,2602
202602,부산광역시,부산진구,심하지 않은 장애,남자,6929
202602,부산광역시,부산진구,심하지 않은 장애,여자,5137
202602,부산광역시,동래구,심한 장애,남자,2686
202602,부산광역시,동래구,심한 장애,여자,1673
202602,부산광역시,동래구,심하지 않은 장애,남자,4388
202602,부산광역시,동래구,심하지 않은 장애,여자,3252
202602,부산광역시,남구,심한 장애,남자,2848
202602,부산광역시,남구,심한 장애,여자,1790
202602,부산광역시,남구,심하지 않은 장애,남자,4658
202602,부산광역시,남구,심하지 않은 장애,여자,3284
202602,부산광역시,북구,심한 장애,남자,3789
202602,부산광역시,북구,심한 장애,여자,2393
202602,부산광역시,북구,심하지 않은 장애,남자,5625
202602,부산광역시,북구,심하지 않은 장애,여자,3958
202602,부산광역시,해운대구,심한 장애,남자,3867
202602,부산광역시,해운대구,심한 장애,여자,2576
202602,부산광역시,해운대구,심하지 않은 장애,남자,6144
202602,부산광역시,해운대구,심하지 않은 장애,여자,4670
202602,부산광역시,사하구,심한 장애,남자,3962
202602,부산광역시,사하구,심한 장애,여자,2753
202602,부산광역시,사하구,심하지 않은 장애,남자,6466
202602,부산광역시,사하구,심하지 않은 장애,여자,4535
202602,부산광역시,금정구,심한 장애,남자,2474
202602,부산광역시,금정구,심한 장애,여자,1641
202602,부산광역시,금정구,심하지 않은 장애,남자,4058
202602,부산광역시,금정구,심하지 않은 장애,여자,3036
202602,부산광역시,강서구,심한 장애,남자,1278
202602,부산광역시,강서구,심한 장애,여자,746
202602,부산광역시,강서구,심하지 않은 장애,남자,2092
202602,부산광역시,강서구,심하지 않은 장애,여자,1316
202602,부산광역시,연제구,심한 장애,남자,2176
202602,부산광역시,연제구,심한 장애,여자,1480
202602,부산광역시,연제구,심하지 않은 장애,남자,3648
202602,부산광역시,연제구,심하지 않은 장애,여자,2783
202602,부산광역시,수영구,심한 장애,남자,1726
202602,부산광역시,수영구,심한 장애,여자,1259
202602,부산광역시,수영구,심하지 않은 장애,남자,2828
202602,부산광역시,수영구,심하지 않은 장애,여자,2243
202602,부산광역시,사상구,심한 장애,남자,3141
202602,부산광역시,사상구,심한 장애,여자,2006
202602,부산광역시,사상구,심하지 않은 장애,남자,4885
202602,부산광역시,사상구,심하지 않은 장애,여자,3142
202602,부산광역시,기장군,심한 장애,남자,2022
202602,부산광역시,기장군,심한 장애,여자,1321
202602,부산광역시,기장군,심하지 않은 장애,남자,3033
202602,부산광역시,기장군,심하지 않은 장애,여자,2273
202602,대구광역시,중구,심한 장애,남자,842
202602,대구광역시,중구,심한 장애,여자,667
202602,대구광역시,중구,심하지 않은 장애,남자,1542
202602,대구광역시,중구,심하지 않은 장애,여자,1258
202602,대구광역시,동구,심한 장애,남자,4438
202602,대구광역시,동구,심한 장애,여자,2868
202602,대구광역시,동구,심하지 않은 장애,남자,7511
202602,대구광역시,동구,심하지 않은 장애,여자,6011
202602,대구광역시,서구,심한 장애,남자,2383
202602,대구광역시,서구,심한 장애,여자,1555
202602,대구광역시,서구,심하지 않은 장애,남자,4515
202602,대구광역시,서구,심하지 않은 장애,여자,3496
202602,대구광역시,남구,심한 장애,남자,1814
202602,대구광역시,남구,심한 장애,여자,1316
202602,대구광역시,남구,심하지 않은 장애,남자,3368
202602,대구광역시,남구,심하지 않은 장애,여자,2763
202602,대구광역시,북구,심한 장애,남자,4735
202602,대구광역시,북구,심한 장애,여자,3197
202602,대구광역시,북구,심하지 않은 장애,남자,8495
202602,대구광역시,북구,심하지 않은 장애,여자,6038
202602,대구광역시,수성구,심한 장애,남자,3837
202602,대구광역시,수성구,심한 장애,여자,2774
202602,대구광역시,수성구,심하지 않은 장애,남자,6463
202602,대구광역시,수성구,심하지 않은 장애,여자,5039
202602,대구광역시,달서구,심한 장애,남자,6349
202602,대구광역시,달서구,심한 장애,여자,4148
202602,대구광역시,달서구,심하지 않은 장애,남자,10188
202602,대구광역시,달서구,심하지 않은 장애,여자,7624
202602,대구광역시,달성군,심한 장애,남자,2901
202602,대구광역시,달성군,심한 장애,여자,1971
202602,대구광역시,달성군,심하지 않은 장애,남자,4818
202602,대구광역시,달성군,심하지 않은 장애,여자,3411
202602,대구광역시,군위군,심한 장애,남자,408
202602,대구광역시,군위군,심한 장애,여자,288
202602,대구광역시,군위군,심하지 않은 장애,남자,976
202602,대구광역시,군위군,심하지 않은 장애,여자,880
202602,인천광역시,중구,심한 장애,남자,1458
202602,인천광역시,중구,심한 장애,여자,939
202602,인천광역시,중구,심하지 않은 장애,남자,2980
202602,인천광역시,중구,심하지 않은 장애,여자,1952
202602,인천광역시,동구,심한 장애,남자,886
202602,인천광역시,동구,심한 장애,여자,584
202602,인천광역시,동구,심하지 않은 장애,남자,1714
202602,인천광역시,동구,심하지 않은 장애,여자,1376
202602,인천광역시,미추홀구,심한 장애,남자,4754
202602,인천광역시,미추홀구,심한 장애,여자,3215
202602,인천광역시,미추홀구,심하지 않은 장애,남자,9413
202602,인천광역시,미추홀구,심하지 않은 장애,여자,6539
202602,인천광역시,연수구,심한 장애,남자,3269
202602,인천광역시,연수구,심한 장애,여자,2026
202602,인천광역시,연수구,심하지 않은 장애,남자,5405
202602,인천광역시,연수구,심하지 않은 장애,여자,3667
202602,인천광역시,남동구,심한 장애,남자,6009
202602,인천광역시,남동구,심한 장애,여자,3848
202602,인천광역시,남동구,심하지 않은 장애,남자,9807
202602,인천광역시,남동구,심하지 않은 장애,여자,7239
202602,인천광역시,부평구,심한 장애,남자,5998
202602,인천광역시,부평구,심한 장애,여자,4030
202602,인천광역시,부평구,심하지 않은 장애,남자,9835
202602,인천광역시,부평구,심하지 않은 장애,여자,7387
202602,인천광역시,계양구,심한 장애,남자,3122
202602,인천광역시,계양구,심한 장애,여자,2075
202602,인천광역시,계양구,심하지 않은 장애,남자,5660
202602,인천광역시,계양구,심하지 않은 장애,여자,3923
202602,인천광역시,서구,심한 장애,남자,5757
202602,인천광역시,서구,심한 장애,여자,3868
202602,인천광역시,서구,심하지 않은 장애,남자,10710
202602,인천광역시,서구,심하지 않은 장애,여자,6790
202602,인천광역시,강화군,심한 장애,남자,1246
202602,인천광역시,강화군,심한 장애,여자,831
202602,인천광역시,강화군,심하지 않은 장애,남자,2059
202602,인천광역시,강화군,심하지 않은 장애,여자,1647
202602,인천광역시,옹진군,심한 장애,남자,318
202602,인천광역시,옹진군,심한 장애,여자,178
202602,인천광역시,옹진군,심하지 않은 장애,남자,622
202602,인천광역시,옹진군,심하지 않은 장애,여자,445
202602,광주광역시,동구,심한 장애,남자,1220
202602,광주광역시,동구,심한 장애,여자,879
202602,광주광역시,동구,심하지 않은 장애,남자,1937
202602,광주광역시,동구,심하지 않은 장애,여자,1507
202602,광주광역시,서구,심한 장애,남자,3105
202602,광주광역시,서구,심한 장애,여자,2104
202602,광주광역시,서구,심하지 않은 장애,남자,4497
202602,광주광역시,서구,심하지 않은 장애,여자,3521
202602,광주광역시,남구,심한 장애,남자,2414
202602,광주광역시,남구,심한 장애,여자,1951
202602,광주광역시,남구,심하지 않은 장애,남자,3555
202602,광주광역시,남구,심하지 않은 장애,여자,3044
202602,광주광역시,북구,심한 장애,남자,5094
202602,광주광역시,북구,심한 장애,여자,3560
202602,광주광역시,북구,심하지 않은 장애,남자,7187
202602,광주광역시,북구,심하지 않은 장애,여자,5673
202602,광주광역시,광산구,심한 장애,남자,4325
202602,광주광역시,광산구,심한 장애,여자,2879
202602,광주광역시,광산구,심하지 않은 장애,남자,5957
202602,광주광역시,광산구,심하지 않은 장애,여자,4296
202602,대전광역시,동구,심한 장애,남자,3386
202602,대전광역시,동구,심한 장애,여자,2202
202602,대전광역시,동구,심하지 않은 장애,남자,4937
202602,대전광역시,동구,심하지 않은 장애,여자,3562
202602,대전광역시,중구,심한 장애,남자,3149
202602,대전광역시,중구,심한 장애,여자,2053
202602,대전광역시,중구,심하지 않은 장애,남자,4739
202602,대전광역시,중구,심하지 않은 장애,여자,3651
202602,대전광역시,서구,심한 장애,남자,4689
202602,대전광역시,서구,심한 장애,여자,3240
202602,대전광역시,서구,심하지 않은 장애,남자,7109
202602,대전광역시,서구,심하지 않은 장애,여자,5247
202602,대전광역시,유성구,심한 장애,남자,3004
202602,대전광역시,유성구,심한 장애,여자,1926
202602,대전광역시,유성구,심하지 않은 장애,남자,4451
202602,대전광역시,유성구,심하지 않은 장애,여자,3145
202602,대전광역시,대덕구,심한 장애,남자,2547
202602,대전광역시,대덕구,심한 장애,여자,1744
202602,대전광역시,대덕구,심하지 않은 장애,남자,3705
202602,대전광역시,대덕구,심하지 않은 장애,여자,2659
202602,울산광역시,중구,심한 장애,남자,2172
202602,울산광역시,중구,심한 장애,여자,1431
202602,울산광역시,중구,심하지 않은 장애,남자,4116
202602,울산광역시,중구,심하지 않은 장애,여자,2773
202602,울산광역시,남구,심한 장애,남자,2844
202602,울산광역시,남구,심한 장애,여자,1746
202602,울산광역시,남구,심하지 않은 장애,남자,4904
202602,울산광역시,남구,심하지 않은 장애,여자,3118
202602,울산광역시,동구,심한 장애,남자,1653
202602,울산광역시,동구,심한 장애,여자,1053
202602,울산광역시,동구,심하지 않은 장애,남자,2785
202602,울산광역시,동구,심하지 않은 장애,여자,1821
202602,울산광역시,북구,심한 장애,남자,2131
202602,울산광역시,북구,심한 장애,여자,1305
202602,울산광역시,북구,심하지 않은 장애,남자,3356
202602,울산광역시,북구,심하지 않은 장애,여자,2037
202602,울산광역시,울주군,심한 장애,남자,2686
202602,울산광역시,울주군,심한 장애,여자,1848
202602,울산광역시,울주군,심하지 않은 장애,남자,4248
202602,울산광역시,울주군,심하지 않은 장애,여자,2860
202602,세종특별자치시,세종특별자치시,심한 장애,남자,3122
202602,세종특별자치시,세종특별자치시,심한 장애,여자,1884
202602,세종특별자치시,세종특별자치시,심하지 않은 장애,남자,4758
202602,세종특별자치시,세종특별자치시,심하지 않은 장애,여자,3207
202602,경기도,수원시,심한 장애,남자,9880
202602,경기도,수원시,심한 장애,여자,6545
202602,경기도,수원시,심하지 않은 장애,남자,16476
202602,경기도,수원시,심하지 않은 장애,여자,11714
202602,경기도,성남시,심한 장애,남자,7826
202602,경기도,성남시,심한 장애,여자,5240
202602,경기도,성남시,심하지 않은 장애,남자,12875
202602,경기도,성남시,심하지 않은 장애,여자,9572
202602,경기도,의정부시,심한 장애,남자,4805
202602,경기도,의정부시,심한 장애,여자,3307
202602,경기도,의정부시,심하지 않은 장애,남자,8143
202602,경기도,의정부시,심하지 않은 장애,여자,6119
202602,경기도,안양시,심한 장애,남자,4479
202602,경기도,안양시,심한 장애,여자,2953
202602,경기도,안양시,심하지 않은 장애,남자,8444
202602,경기도,안양시,심하지 않은 장애,여자,6094
202602,경기도,부천시,심한 장애,남자,8324
202602,경기도,부천시,심한 장애,여자,5349
202602,경기도,부천시,심하지 않은 장애,남자,14222
202602,경기도,부천시,심하지 않은 장애,여자,9503
202602,경기도,광명시,심한 장애,남자,2789
202602,경기도,광명시,심한 장애,여자,1820
202602,경기도,광명시,심하지 않은 장애,남자,4673
202602,경기도,광명시,심하지 않은 장애,여자,3296
202602,경기도,평택시,심한 장애,남자,5543
202602,경기도,평택시,심한 장애,여자,3776
202602,경기도,평택시,심하지 않은 장애,남자,10276
202602,경기도,평택시,심하지 않은 장애,여자,6794
202602,경기도,동두천시,심한 장애,남자,1470
202602,경기도,동두천시,심한 장애,여자,1027
202602,경기도,동두천시,심하지 않은 장애,남자,2100
202602,경기도,동두천시,심하지 않은 장애,여자,1633
202602,경기도,안산시,심한 장애,남자,7241
202602,경기도,안산시,심한 장애,여자,4623
202602,경기도,안산시,심하지 않은 장애,남자,13043
202602,경기도,안산시,심하지 않은 장애,여자,8264
202602,경기도,고양시,심한 장애,남자,9333
202602,경기도,고양시,심한 장애,여자,6237
202602,경기도,고양시,심하지 않은 장애,남자,14767
202602,경기도,고양시,심하지 않은 장애,여자,11603
202602,경기도,과천시,심한 장애,남자,521
202602,경기도,과천시,심한 장애,여자,346
202602,경기도,과천시,심하지 않은 장애,남자,833
202602,경기도,과천시,심하지 않은 장애,여자,626
202602,경기도,구리시,심한 장애,남자,1786
202602,경기도,구리시,심한 장애,여자,1119
202602,경기도,구리시,심하지 않은 장애,남자,3301
202602,경기도,구리시,심하지 않은 장애,여자,2289
202602,경기도,남양주시,심한 장애,남자,7026
202602,경기도,남양주시,심한 장애,여자,4511
202602,경기도,남양주시,심하지 않은 장애,남자,12735
202602,경기도,남양주시,심하지 않은 장애,여자,9008
202602,경기도,오산시,심한 장애,남자,2282
202602,경기도,오산시,심한 장애,여자,1504
202602,경기도,오산시,심하지 않은 장애,남자,3593
202602,경기도,오산시,심하지 않은 장애,여자,2272
202602,경기도,시흥시,심한 장애,남자,4919
202602,경기도,시흥시,심한 장애,여자,2988
202602,경기도,시흥시,심하지 않은 장애,남자,9172
202602,경기도,시흥시,심하지 않은 장애,여자,5466
202602,경기도,군포시,심한 장애,남자,2464
202602,경기도,군포시,심한 장애,여자,1572
202602,경기도,군포시,심하지 않은 장애,남자,4369
202602,경기도,군포시,심하지 않은 장애,여자,3185
202602,경기도,의왕시,심한 장애,남자,1301
202602,경기도,의왕시,심한 장애,여자,872
202602,경기도,의왕시,심하지 않은 장애,남자,2500
202602,경기도,의왕시,심하지 않은 장애,여자,1834
202602,경기도,하남시,심한 장애,남자,2566
202602,경기도,하남시,심한 장애,여자,1654
202602,경기도,하남시,심하지 않은 장애,남자,4569
202602,경기도,하남시,심하지 않은 장애,여자,3192
202602,경기도,용인시,심한 장애,남자,8093
202602,경기도,용인시,심한 장애,여자,5817
202602,경기도,용인시,심하지 않은 장애,남자,14120
202602,경기도,용인시,심하지 않은 장애,여자,10137
202602,경기도,파주시,심한 장애,남자,5364
202602,경기도,파주시,심한 장애,여자,3484
202602,경기도,파주시,심하지 않은 장애,남자,8603
202602,경기도,파주시,심하지 않은 장애,여자,6151
202602,경기도,이천시,심한 장애,남자,2680
202602,경기도,이천시,심한 장애,여자,1697
202602,경기도,이천시,심하지 않은 장애,남자,3929
202602,경기도,이천시,심하지 않은 장애,여자,2595
202602,경기도,안성시,심한 장애,남자,2607
202602,경기도,안성시,심한 장애,여자,1654
202602,경기도,안성시,심하지 않은 장애,남자,4201
202602,경기도,안성시,심하지 않은 장애,여자,2813
202602,경기도,김포시,심한 장애,남자,4217
202602,경기도,김포시,심한 장애,여자,2551
202602,경기도,김포시,심하지 않은 장애,남자,7366
202602,경기도,김포시,심하지 않은 장애,여자,4823
202602,경기도,화성시,심한 장애,남자,5
202602,경기도,화성시,심한 장애,여자,4
202602,경기도,화성시,심하지 않은 장애,남자,6
202602,경기도,화성시,심하지 않은 장애,여자,6
202602,경기도,광주시,심한 장애,남자,3915
202602,경기도,광주시,심한 장애,여자,2437
202602,경기도,광주시,심하지 않은 장애,남자,7051
202602,경기도,광주시,심하지 않은 장애,여자,4455
202602,경기도,양주시,심한 장애,남자,3256
202602,경기도,양주시,심한 장애,여자,2191
202602,경기도,양주시,심하지 않은 장애,남자,5440
202602,경기도,양주시,심하지 않은 장애,여자,3659
202602,경기도,포천시,심한 장애,남자,2247
202602,경기도,포천시,심한 장애,여자,1438
202602,경기도,포천시,심하지 않은 장애,남자,3951
202602,경기도,포천시,심하지 않은 장애,여자,2579
202602,경기도,여주시,심한 장애,남자,1844
202602,경기도,여주시,심한 장애,여자,1155
202602,경기도,여주시,심하지 않은 장애,남자,2652
202602,경기도,여주시,심하지 않은 장애,여자,1841
202602,경기도,연천군,심한 장애,남자,704
202602,경기도,연천군,심한 장애,여자,446
202602,경기도,연천군,심하지 않은 장애,남자,1264
202602,경기도,연천군,심하지 않은 장애,여자,969
202602,경기도,가평군,심한 장애,남자,1225
202602,경기도,가평군,심한 장애,여자,813
202602,경기도,가평군,심하지 않은 장애,남자,1733
202602,경기도,가평군,심하지 않은 장애,여자,1235
202602,경기도,양평군,심한 장애,남자,1886
202602,경기도,양평군,심한 장애,여자,1236
202602,경기도,양평군,심하지 않은 장애,남자,3060
202602,경기도,양평군,심하지 않은 장애,여자,2209
202602,충청북도,청주시,심한 장애,남자,9537
202602,충청북도,청주시,심한 장애,여자,6470
202602,충청북도,청주시,심하지 않은 장애,남자,14016
202602,충청북도,청주시,심하지 않은 장애,여자,10313
202602,충청북도,충주시,심한 장애,남자,2948
202602,충청북도,충주시,심한 장애,여자,2037
202602,충청북도,충주시,심하지 않은 장애,남자,4644
202602,충청북도,충주시,심하지 않은 장애,여자,3593
202602,충청북도,제천시,심한 장애,남자,2310
202602,충청북도,제천시,심한 장애,여자,1470
202602,충청북도,제천시,심하지 않은 장애,남자,3662
202602,충청북도,제천시,심하지 않은 장애,여자,2742
202602,충청북도,보은군,심한 장애,남자,658
202602,충청북도,보은군,심한 장애,여자,394
202602,충청북도,보은군,심하지 않은 장애,남자,1092
202602,충청북도,보은군,심하지 않은 장애,여자,906
202602,충청북도,옥천군,심한 장애,남자,1069
202602,충청북도,옥천군,심한 장애,여자,748
202602,충청북도,옥천군,심하지 않은 장애,남자,1658
202602,충청북도,옥천군,심하지 않은 장애,여자,1421
202602,충청북도,영동군,심한 장애,남자,763
202602,충청북도,영동군,심한 장애,여자,590
202602,충청북도,영동군,심하지 않은 장애,남자,1503
202602,충청북도,영동군,심하지 않은 장애,여자,1236
202602,충청북도,증평군,심한 장애,남자,604
202602,충청북도,증평군,심한 장애,여자,373
202602,충청북도,증평군,심하지 않은 장애,남자,808
202602,충청북도,증평군,심하지 않은 장애,여자,611
202602,충청북도,진천군,심한 장애,남자,980
202602,충청북도,진천군,심한 장애,여자,679
202602,충청북도,진천군,심하지 않은 장애,남자,1661
202602,충청북도,진천군,심하지 않은 장애,여자,1202
202602,충청북도,괴산군,심한 장애,남자,695
202602,충청북도,괴산군,심한 장애,여자,519
202602,충청북도,괴산군,심하지 않은 장애,남자,1258
202602,충청북도,괴산군,심하지 않은 장애,여자,1045
202602,충청북도,음성군,심한 장애,남자,1894
202602,충청북도,음성군,심한 장애,여자,1313
202602,충청북도,음성군,심하지 않은 장애,남자,2453
202602,충청북도,음성군,심하지 않은 장애,여자,1586
202602,충청북도,단양군,심한 장애,남자,521
202602,충청북도,단양군,심한 장애,여자,341
202602,충청북도,단양군,심하지 않은 장애,남자,953
202602,충청북도,단양군,심하지 않은 장애,여자,732
202602,충청남도,천안시,심한 장애,남자,6479
202602,충청남도,천안시,심한 장애,여자,4443
202602,충청남도,천안시,심하지 않은 장애,남자,10214
202602,충청남도,천안시,심하지 않은 장애,여자,6646
202602,충청남도,공주시,심한 장애,남자,2011
202602,충청남도,공주시,심한 장애,여자,1368
202602,충청남도,공주시,심하지 않은 장애,남자,2833
202602,충청남도,공주시,심하지 않은 장애,여자,2231
202602,충청남도,보령시,심한 장애,남자,1964
202602,충청남도,보령시,심한 장애,여자,1222
202602,충청남도,보령시,심하지 않은 장애,남자,2826
202602,충청남도,보령시,심하지 않은 장애,여자,2335
202602,충청남도,아산시,심한 장애,남자,3846
202602,충청남도,아산시,심한 장애,여자,2501
202602,충청남도,아산시,심하지 않은 장애,남자,6056
202602,충청남도,아산시,심하지 않은 장애,여자,4241
202602,충청남도,서산시,심한 장애,남자,2132
202602,충청남도,서산시,심한 장애,여자,1430
202602,충청남도,서산시,심하지 않은 장애,남자,3903
202602,충청남도,서산시,심하지 않은 장애,여자,3061
202602,충청남도,논산시,심한 장애,남자,2201
202602,충청남도,논산시,심한 장애,여자,1646
202602,충청남도,논산시,심하지 않은 장애,남자,3224
202602,충청남도,논산시,심하지 않은 장애,여자,2664
202602,충청남도,계룡시,심한 장애,남자,357
202602,충청남도,계룡시,심한 장애,여자,255
202602,충청남도,계룡시,심하지 않은 장애,남자,642
202602,충청남도,계룡시,심하지 않은 장애,여자,494
202602,충청남도,당진시,심한 장애,남자,2143
202602,충청남도,당진시,심한 장애,여자,1425
202602,충청남도,당진시,심하지 않은 장애,남자,4206
202602,충청남도,당진시,심하지 않은 장애,여자,2839
202602,충청남도,금산군,심한 장애,남자,906
202602,충청남도,금산군,심한 장애,여자,574
202602,충청남도,금산군,심하지 않은 장애,남자,1537
202602,충청남도,금산군,심하지 않은 장애,여자,1377
202602,충청남도,부여군,심한 장애,남자,1401
202602,충청남도,부여군,심한 장애,여자,933
202602,충청남도,부여군,심하지 않은 장애,남자,2205
202602,충청남도,부여군,심하지 않은 장애,여자,1975
202602,충청남도,서천군,심한 장애,남자,1027
202602,충청남도,서천군,심한 장애,여자,698
202602,충청남도,서천군,심하지 않은 장애,남자,1781
202602,충청남도,서천군,심하지 않은 장애,여자,1653
202602,충청남도,청양군,심한 장애,남자,558
202602,충청남도,청양군,심한 장애,여자,406
202602,충청남도,청양군,심하지 않은 장애,남자,1042
202602,충청남도,청양군,심하지 않은 장애,여자,1016
202602,충청남도,홍성군,심한 장애,남자,1539
202602,충청남도,홍성군,심한 장애,여자,1022
202602,충청남도,홍성군,심하지 않은 장애,남자,2563
202602,충청남도,홍성군,심하지 않은 장애,여자,2116
202602,충청남도,예산군,심한 장애,남자,1333
202602,충청남도,예산군,심한 장애,여자,970
202602,충청남도,예산군,심하지 않은 장애,남자,2596
202602,충청남도,예산군,심하지 않은 장애,여자,2351
202602,충청남도,태안군,심한 장애,남자,953
202602,충청남도,태안군,심한 장애,여자,667
202602,충청남도,태안군,심하지 않은 장애,남자,1917
202602,충청남도,태안군,심하지 않은 장애,여자,1623
202602,전라북도,전주시,심한 장애,남자,1
202602,전라북도,임실군,심하지 않은 장애,여자,1
202602,전라북도,부안군,심하지 않은 장애,남자,2
202602,전라남도,목포시,심한 장애,남자,3050
202602,전라남도,목포시,심한 장애,여자,2119
202602,전라남도,목포시,심하지 않은 장애,남자,4309
202602,전라남도,목포시,심하지 않은 장애,여자,3825
202602,전라남도,여수시,심한 장애,남자,3619
202602,전라남도,여수시,심한 장애,여자,2468
202602,전라남도,여수시,심하지 않은 장애,남자,5820
202602,전라남도,여수시,심하지 않은 장애,여자,5067
202602,전라남도,순천시,심한 장애,남자,3213
202602,전라남도,순천시,심한 장애,여자,2291
202602,전라남도,순천시,심하지 않은 장애,남자,5526
202602,전라남도,순천시,심하지 않은 장애,여자,4308
202602,전라남도,나주시,심한 장애,남자,1905
202602,전라남도,나주시,심한 장애,여자,1363
202602,전라남도,나주시,심하지 않은 장애,남자,2498
202602,전라남도,나주시,심하지 않은 장애,여자,2349
202602,전라남도,광양시,심한 장애,남자,1727
202602,전라남도,광양시,심한 장애,여자,1133
202602,전라남도,광양시,심하지 않은 장애,남자,2823
202602,전라남도,광양시,심하지 않은 장애,여자,2199
202602,전라남도,담양군,심한 장애,남자,813
202602,전라남도,담양군,심한 장애,여자,577
202602,전라남도,담양군,심하지 않은 장애,남자,1301
202602,전라남도,담양군,심하지 않은 장애,여자,1168
202602,전라남도,곡성군,심한 장애,남자,553
202602,전라남도,곡성군,심한 장애,여자,465
202602,전라남도,곡성군,심하지 않은 장애,남자,968
202602,전라남도,곡성군,심하지 않은 장애,여자,1022
202602,전라남도,구례군,심한 장애,남자,470
202602,전라남도,구례군,심한 장애,여자,341
202602,전라남도,구례군,심하지 않은 장애,남자,887
202602,전라남도,구례군,심하지 않은 장애,여자,819
202602,전라남도,고흥군,심한 장애,남자,1356
202602,전라남도,고흥군,심한 장애,여자,914
202602,전라남도,고흥군,심하지 않은 장애,남자,2144
202602,전라남도,고흥군,심하지 않은 장애,여자,2350
202602,전라남도,보성군,심한 장애,남자,757
202602,전라남도,보성군,심한 장애,여자,615
202602,전라남도,보성군,심하지 않은 장애,남자,1339
202602,전라남도,보성군,심하지 않은 장애,여자,1351
202602,전라남도,화순군,심한 장애,남자,1007
202602,전라남도,화순군,심한 장애,여자,716
202602,전라남도,화순군,심하지 않은 장애,남자,1715
202602,전라남도,화순군,심하지 않은 장애,여자,1564
202602,전라남도,장흥군,심한 장애,남자,742
202602,전라남도,장흥군,심한 장애,여자,569
202602,전라남도,장흥군,심하지 않은 장애,남자,1030
202602,전라남도,장흥군,심하지 않은 장애,여자,1175
202602,전라남도,강진군,심한 장애,남자,586
202602,전라남도,강진군,심한 장애,여자,434
202602,전라남도,강진군,심하지 않은 장애,남자,942
202602,전라남도,강진군,심하지 않은 장애,여자,1043
202602,전라남도,해남군,심한 장애,남자,1336
202602,전라남도,해남군,심한 장애,여자,898
202602,전라남도,해남군,심하지 않은 장애,남자,1955
202602,전라남도,해남군,심하지 않은 장애,여자,1814
202602,전라남도,영암군,심한 장애,남자,897
202602,전라남도,영암군,심한 장애,여자,681
202602,전라남도,영암군,심하지 않은 장애,남자,1453
202602,전라남도,영암군,심하지 않은 장애,여자,1386
202602,전라남도,무안군,심한 장애,남자,1403
202602,전라남도,무안군,심한 장애,여자,982
202602,전라남도,무안군,심하지 않은 장애,남자,1900
202602,전라남도,무안군,심하지 않은 장애,여자,1726
202602,전라남도,함평군,심한 장애,남자,685
202602,전라남도,함평군,심한 장애,여자,533
202602,전라남도,함평군,심하지 않은 장애,남자,1067
202602,전라남도,함평군,심하지 않은 장애,여자,1153
202602,전라남도,영광군,심한 장애,남자,989
202602,전라남도,영광군,심한 장애,여자,728
202602,전라남도,영광군,심하지 않은 장애,남자,1464
202602,전라남도,영광군,심하지 않은 장애,여자,1655
202602,전라남도,장성군,심한 장애,남자,749
202602,전라남도,장성군,심한 장애,여자,555
202602,전라남도,장성군,심하지 않은 장애,남자,1247
202602,전라남도,장성군,심하지 않은 장애,여자,1146
202602,전라남도,완도군,심한 장애,남자,855
202602,전라남도,완도군,심한 장애,여자,537
202602,전라남도,완도군,심하지 않은 장애,남자,1350
202602,전라남도,완도군,심하지 않은 장애,여자,1450
202602,전라남도,진도군,심한 장애,남자,586
202602,전라남도,진도군,심한 장애,여자,445
202602,전라남도,진도군,심하지 않은 장애,남자,916
202602,전라남도,진도군,심하지 않은 장애,여자,967
202602,전라남도,신안군,심한 장애,남자,742
202602,전라남도,신안군,심한 장애,여자,454
202602,전라남도,신안군,심하지 않은 장애,남자,1449
202602,전라남도,신안군,심하지 않은 장애,여자,1320
202602,경상북도,포항시,심한 장애,남자,6331
202602,경상북도,포항시,심한 장애,여자,4053
202602,경상북도,포항시,심하지 않은 장애,남자,9826
202602,경상북도,포항시,심하지 않은 장애,여자,7264
202602,경상북도,경주시,심한 장애,남자,3394
202602,경상북도,경주시,심한 장애,여자,2436
202602,경상북도,경주시,심하지 않은 장애,남자,5891
202602,경상북도,경주시,심하지 않은 장애,여자,4494
202602,경상북도,김천시,심한 장애,남자,2209
202602,경상북도,김천시,심한 장애,여자,1553
202602,경상북도,김천시,심하지 않은 장애,남자,3400
202602,경상북도,김천시,심하지 않은 장애,여자,3091
202602,경상북도,안동시,심한 장애,남자,2997
202602,경상북도,안동시,심한 장애,여자,2102
202602,경상북도,안동시,심하지 않은 장애,남자,4269
202602,경상북도,안동시,심하지 않은 장애,여자,3787
202602,경상북도,구미시,심한 장애,남자,4004
202602,경상북도,구미시,심한 장애,여자,2690
202602,경상북도,구미시,심하지 않은 장애,남자,6336
202602,경상북도,구미시,심하지 않은 장애,여자,4458
202602,경상북도,영주시,심한 장애,남자,1678
202602,경상북도,영주시,심한 장애,여자,1206
202602,경상북도,영주시,심하지 않은 장애,남자,2748
202602,경상북도,영주시,심하지 않은 장애,여자,2446
202602,경상북도,영천시,심한 장애,남자,1659
202602,경상북도,영천시,심한 장애,여자,1150
202602,경상북도,영천시,심하지 않은 장애,남자,3001
202602,경상북도,영천시,심하지 않은 장애,여자,2399
202602,경상북도,상주시,심한 장애,남자,1746
202602,경상북도,상주시,심한 장애,여자,1254
202602,경상북도,상주시,심하지 않은 장애,남자,3114
202602,경상북도,상주시,심하지 않은 장애,여자,3119
202602,경상북도,문경시,심한 장애,남자,1251
202602,경상북도,문경시,심한 장애,여자,789
202602,경상북도,문경시,심하지 않은 장애,남자,2194
202602,경상북도,문경시,심하지 않은 장애,여자,2114
202602,경상북도,경산시,심한 장애,남자,3384
202602,경상북도,경산시,심한 장애,여자,2218
202602,경상북도,경산시,심하지 않은 장애,남자,5601
202602,경상북도,경산시,심하지 않은 장애,여자,4114
202602,경상북도,의성군,심한 장애,남자,1020
202602,경상북도,의성군,심한 장애,여자,720
202602,경상북도,의성군,심하지 않은 장애,남자,1992
202602,경상북도,의성군,심하지 않은 장애,여자,2025
202602,경상북도,청송군,심한 장애,남자,441
202602,경상북도,청송군,심한 장애,여자,319
202602,경상북도,청송군,심하지 않은 장애,남자,955
202602,경상북도,청송군,심하지 않은 장애,여자,933
202602,경상북도,영양군,심한 장애,남자,327
202602,경상북도,영양군,심한 장애,여자,235
202602,경상북도,영양군,심하지 않은 장애,남자,613
202602,경상북도,영양군,심하지 않은 장애,여자,646
202602,경상북도,영덕군,심한 장애,남자,671
202602,경상북도,영덕군,심한 장애,여자,455
202602,경상북도,영덕군,심하지 않은 장애,남자,1184
202602,경상북도,영덕군,심하지 않은 장애,여자,1187
202602,경상북도,청도군,심한 장애,남자,767
202602,경상북도,청도군,심한 장애,여자,522
202602,경상북도,청도군,심하지 않은 장애,남자,1454
202602,경상북도,청도군,심하지 않은 장애,여자,1462
202602,경상북도,고령군,심한 장애,남자,596
202602,경상북도,고령군,심한 장애,여자,391
202602,경상북도,고령군,심하지 않은 장애,남자,1190
202602,경상북도,고령군,심하지 않은 장애,여자,1019
202602,경상북도,성주군,심한 장애,남자,727
202602,경상북도,성주군,심한 장애,여자,479
202602,경상북도,성주군,심하지 않은 장애,남자,1450
202602,경상북도,성주군,심하지 않은 장애,여자,1205
202602,경상북도,칠곡군,심한 장애,남자,1497
202602,경상북도,칠곡군,심한 장애,여자,984
202602,경상북도,칠곡군,심하지 않은 장애,남자,2394
202602,경상북도,칠곡군,심하지 않은 장애,여자,1736
202602,경상북도,예천군,심한 장애,남자,976
202602,경상북도,예천군,심한 장애,여자,741
202602,경상북도,예천군,심하지 않은 장애,남자,1664
202602,경상북도,예천군,심하지 않은 장애,여자,1642
202602,경상북도,봉화군,심한 장애,남자,593
202602,경상북도,봉화군,심한 장애,여자,413
202602,경상북도,봉화군,심하지 않은 장애,남자,1099
202602,경상북도,봉화군,심하지 않은 장애,여자,982
202602,경상북도,울진군,심한 장애,남자,786
202602,경상북도,울진군,심한 장애,여자,593
202602,경상북도,울진군,심하지 않은 장애,남자,1335
202602,경상북도,울진군,심하지 않은 장애,여자,1120
202602,경상북도,울릉군,심한 장애,남자,73
202602,경상북도,울릉군,심한 장애,여자,46
202602,경상북도,울릉군,심하지 않은 장애,남자,226
202602,경상북도,울릉군,심하지 않은 장애,여자,156
202602,경상남도,창원시,심한 장애,남자,10799
202602,경상남도,창원시,심한 장애,여자,7354
202602,경상남도,창원시,심하지 않은 장애,남자,19074
202602,경상남도,창원시,심하지 않은 장애,여자,12969
202602,경상남도,진주시,심한 장애,남자,4119
202602,경상남도,진주시,심한 장애,여자,2763
202602,경상남도,진주시,심하지 않은 장애,남자,6191
202602,경상남도,진주시,심하지 않은 장애,여자,4605
202602,경상남도,통영시,심한 장애,남자,1626
202602,경상남도,통영시,심한 장애,여자,1068
202602,경상남도,통영시,심하지 않은 장애,남자,2635
202602,경상남도,통영시,심하지 않은 장애,여자,2115
202602,경상남도,사천시,심한 장애,남자,1684
202602,경상남도,사천시,심한 장애,여자,1156
202602,경상남도,사천시,심하지 않은 장애,남자,2457
202602,경상남도,사천시,심하지 않은 장애,여자,1942
202602,경상남도,김해시,심한 장애,남자,5971
202602,경상남도,김해시,심한 장애,여자,3739
202602,경상남도,김해시,심하지 않은 장애,남자,9558
202602,경상남도,김해시,심하지 않은 장애,여자,6091
202602,경상남도,밀양시,심한 장애,남자,1811
202602,경상남도,밀양시,심한 장애,여자,1234
202602,경상남도,밀양시,심하지 않은 장애,남자,2975
202602,경상남도,밀양시,심하지 않은 장애,여자,2484
202602,경상남도,거제시,심한 장애,남자,2678
202602,경상남도,거제시,심한 장애,여자,1627
202602,경상남도,거제시,심하지 않은 장애,남자,4472
202602,경상남도,거제시,심하지 않은 장애,여자,2686
202602,경상남도,양산시,심한 장애,남자,4277
202602,경상남도,양산시,심한 장애,여자,2686
202602,경상남도,양산시,심하지 않은 장애,남자,6278
202602,경상남도,양산시,심하지 않은 장애,여자,4377
202602,경상남도,의령군,심한 장애,남자,592
202602,경상남도,의령군,심한 장애,여자,418
202602,경상남도,의령군,심하지 않은 장애,남자,825
202602,경상남도,의령군,심하지 않은 장애,여자,863
202602,경상남도,함안군,심한 장애,남자,1027
202602,경상남도,함안군,심한 장애,여자,691
202602,경상남도,함안군,심하지 않은 장애,남자,1721
202602,경상남도,함안군,심하지 않은 장애,여자,1382
202602,경상남도,창녕군,심한 장애,남자,1044
202602,경상남도,창녕군,심한 장애,여자,715
202602,경상남도,창녕군,심하지 않은 장애,남자,1745
202602,경상남도,창녕군,심하지 않은 장애,여자,1640
202602,경상남도,고성군,심한 장애,남자,955
202602,경상남도,고성군,심한 장애,여자,678
202602,경상남도,고성군,심하지 않은 장애,남자,1481
202602,경상남도,고성군,심하지 않은 장애,여자,1279
202602,경상남도,남해군,심한 장애,남자,801
202602,경상남도,남해군,심한 장애,여자,569
202602,경상남도,남해군,심하지 않은 장애,남자,1288
202602,경상남도,남해군,심하지 않은 장애,여자,1296
202602,경상남도,하동군,심한 장애,남자,870
202602,경상남도,하동군,심한 장애,여자,637
202602,경상남도,하동군,심하지 않은 장애,남자,1338
202602,경상남도,하동군,심하지 않은 장애,여자,1222
202602,경상남도,산청군,심한 장애,남자,646
202602,경상남도,산청군,심한 장애,여자,546
202602,경상남도,산청군,심하지 않은 장애,남자,1046
202602,경상남도,산청군,심하지 않은 장애,여자,1008
202602,경상남도,함양군,심한 장애,남자,691
202602,경상남도,함양군,심한 장애,여자,495
202602,경상남도,함양군,심하지 않은 장애,남자,1116
202602,경상남도,함양군,심하지 않은 장애,여자,1167
202602,경상남도,거창군,심한 장애,남자,984
202602,경상남도,거창군,심한 장애,여자,707
202602,경상남도,거창군,심하지 않은 장애,남자,1659
202602,경상남도,거창군,심하지 않은 장애,여자,1568
202602,경상남도,합천군,심한 장애,남자,821
202602,경상남도,합천군,심한 장애,여자,618
202602,경상남도,합천군,심하지 않은 장애,남자,1423
202602,경상남도,합천군,심하지 않은 장애,여자,1499
202602,제주특별자치도,제주시,심한 장애,남자,6066
202602,제주특별자치도,제주시,심한 장애,여자,4254
202602,제주특별자치도,제주시,심하지 않은 장애,남자,8408
202602,제주특별자치도,제주시,심하지 않은 장애,여자,6783
202602,제주특별자치도,서귀포시,심한 장애,남자,2466
202602,제주특별자치도,서귀포시,심한 장애,여자,1646
202602,제주특별자치도,서귀포시,심하지 않은 장애,남자,3686
202602,제주특별자치도,서귀포시,심하지 않은 장애,여자,3418
202602,강원특별자치도,춘천시,심한 장애,남자,3578
202602,강원특별자치도,춘천시,심한 장애,여자,2328
202602,강원특별자치도,춘천시,심하지 않은 장애,남자,5322
202602,강원특별자치도,춘천시,심하지 않은 장애,여자,3945
202602,강원특별자치도,원주시,심한 장애,남자,4583
202602,강원특별자치도,원주시,심한 장애,여자,3012
202602,강원특별자치도,원주시,심하지 않은 장애,남자,6819
202602,강원특별자치도,원주시,심하지 않은 장애,여자,5151
202602,강원특별자치도,강릉시,심한 장애,남자,3054
202602,강원특별자치도,강릉시,심한 장애,여자,2010
202602,강원특별자치도,강릉시,심하지 않은 장애,남자,4481
202602,강원특별자치도,강릉시,심하지 않은 장애,여자,3605
202602,강원특별자치도,동해시,심한 장애,남자,1410
202602,강원특별자치도,동해시,심한 장애,여자,877
202602,강원특별자치도,동해시,심하지 않은 장애,남자,2317
202602,강원특별자치도,동해시,심하지 않은 장애,여자,1851
202602,강원특별자치도,태백시,심한 장애,남자,865
202602,강원특별자치도,태백시,심한 장애,여자,500
202602,강원특별자치도,태백시,심하지 않은 장애,남자,1332
202602,강원특별자치도,태백시,심하지 않은 장애,여자,1172
202602,강원특별자치도,속초시,심한 장애,남자,1007
202602,강원특별자치도,속초시,심한 장애,여자,654
202602,강원특별자치도,속초시,심하지 않은 장애,남자,1760
202602,강원특별자치도,속초시,심하지 않은 장애,여자,1267
202602,강원특별자치도,삼척시,심한 장애,남자,1107
202602,강원특별자치도,삼척시,심한 장애,여자,739
202602,강원특별자치도,삼척시,심하지 않은 장애,남자,1818
202602,강원특별자치도,삼척시,심하지 않은 장애,여자,1517
202602,강원특별자치도,홍천군,심한 장애,남자,1066
202602,강원특별자치도,홍천군,심한 장애,여자,712
202602,강원특별자치도,홍천군,심하지 않은 장애,남자,1908
202602,강원특별자치도,홍천군,심하지 않은 장애,여자,1279
202602,강원특별자치도,횡성군,심한 장애,남자,744
202602,강원특별자치도,횡성군,심한 장애,여자,515
202602,강원특별자치도,횡성군,심하지 않은 장애,남자,1475
202602,강원특별자치도,횡성군,심하지 않은 장애,여자,968
202602,강원특별자치도,영월군,심한 장애,남자,693
202602,강원특별자치도,영월군,심한 장애,여자,448
202602,강원특별자치도,영월군,심하지 않은 장애,남자,1202
202602,강원특별자치도,영월군,심하지 않은 장애,여자,922
202602,강원특별자치도,평창군,심한 장애,남자,590
202602,강원특별자치도,평창군,심한 장애,여자,413
202602,강원특별자치도,평창군,심하지 않은 장애,남자,1162
202602,강원특별자치도,평창군,심하지 않은 장애,여자,861
202602,강원특별자치도,정선군,심한 장애,남자,680
202602,강원특별자치도,정선군,심한 장애,여자,410
202602,강원특별자치도,정선군,심하지 않은 장애,남자,1148
202602,강원특별자치도,정선군,심하지 않은 장애,여자,953
202602,강원특별자치도,철원군,심한 장애,남자,634
202602,강원특별자치도,철원군,심한 장애,여자,436
202602,강원특별자치도,철원군,심하지 않은 장애,남자,1032
202602,강원특별자치도,철원군,심하지 않은 장애,여자,793
202602,강원특별자치도,화천군,심한 장애,남자,342
202602,강원특별자치도,화천군,심한 장애,여자,201
202602,강원특별자치도,화천군,심하지 않은 장애,남자,612
202602,강원특별자치도,화천군,심하지 않은 장애,여자,452
202602,강원특별자치도,양구군,심한 장애,남자,273
202602,강원특별자치도,양구군,심한 장애,여자,188
202602,강원특별자치도,양구군,심하지 않은 장애,남자,512
202602,강원특별자치도,양구군,심하지 않은 장애,여자,403
202602,강원특별자치도,인제군,심한 장애,남자,421
202602,강원특별자치도,인제군,심한 장애,여자,286
202602,강원특별자치도,인제군,심하지 않은 장애,남자,685
202602,강원특별자치도,인제군,심하지 않은 장애,여자,510
202602,강원특별자치도,고성군,심한 장애,남자,433
202602,강원특별자치도,고성군,심한 장애,여자,304
202602,강원특별자치도,고성군,심하지 않은 장애,남자,788
202602,강원특별자치도,고성군,심하지 않은 장애,여자,659
202602,강원특별자치도,양양군,심한 장애,남자,495
202602,강원특별자치도,양양군,심한 장애,여자,308
202602,강원특별자치도,양양군,심하지 않은 장애,남자,807
202602,강원특별자치도,양양군,심하지 않은 장애,여자,620
202602,전북특별자치도,전주시,심한 장애,남자,7185
202602,전북특별자치도,전주시,심한 장애,여자,5137
202602,전북특별자치도,전주시,심하지 않은 장애,남자,11675
202602,전북특별자치도,전주시,심하지 않은 장애,여자,9475
202602,전북특별자치도,군산시,심한 장애,남자,3687
202602,전북특별자치도,군산시,심한 장애,여자,2413
202602,전북특별자치도,군산시,심하지 않은 장애,남자,6302
202602,전북특별자치도,군산시,심하지 않은 장애,여자,4745
202602,전북특별자치도,익산시,심한 장애,남자,4470
202602,전북특별자치도,익산시,심한 장애,여자,3274
202602,전북특별자치도,익산시,심하지 않은 장애,남자,6909
202602,전북특별자치도,익산시,심하지 않은 장애,여자,5618
202602,전북특별자치도,정읍시,심한 장애,남자,2002
202602,전북특별자치도,정읍시,심한 장애,여자,1460
202602,전북특별자치도,정읍시,심하지 않은 장애,남자,3101
202602,전북특별자치도,정읍시,심하지 않은 장애,여자,2926
202602,전북특별자치도,남원시,심한 장애,남자,1541
202602,전북특별자치도,남원시,심한 장애,여자,1135
202602,전북특별자치도,남원시,심하지 않은 장애,남자,2356
202602,전북특별자치도,남원시,심하지 않은 장애,여자,2201
202602,전북특별자치도,김제시,심한 장애,남자,1739
202602,전북특별자치도,김제시,심한 장애,여자,1368
202602,전북특별자치도,김제시,심하지 않은 장애,남자,2896
202602,전북특별자치도,김제시,심하지 않은 장애,여자,2871
202602,전북특별자치도,완주군,심한 장애,남자,1759
202602,전북특별자치도,완주군,심한 장애,여자,1230
202602,전북특별자치도,완주군,심하지 않은 장애,남자,2798
202602,전북특별자치도,완주군,심하지 않은 장애,여자,2334
202602,전북특별자치도,진안군,심한 장애,남자,470
202602,전북특별자치도,진안군,심한 장애,여자,382
202602,전북특별자치도,진안군,심하지 않은 장애,남자,929
202602,전북특별자치도,진안군,심하지 않은 장애,여자,892
202602,전북특별자치도,무주군,심한 장애,남자,385
202602,전북특별자치도,무주군,심한 장애,여자,327
202602,전북특별자치도,무주군,심하지 않은 장애,남자,852
202602,전북특별자치도,무주군,심하지 않은 장애,여자,733
202602,전북특별자치도,장수군,심한 장애,남자,388
202602,전북특별자치도,장수군,심한 장애,여자,284
202602,전북특별자치도,장수군,심하지 않은 장애,남자,787
202602,전북특별자치도,장수군,심하지 않은 장애,여자,834
202602,전북특별자치도,임실군,심한 장애,남자,559
202602,전북특별자치도,임실군,심한 장애,여자,452
202602,전북특별자치도,임실군,심하지 않은 장애,남자,1018
202602,전북특별자치도,임실군,심하지 않은 장애,여자,949
202602,전북특별자치도,순창군,심한 장애,남자,539
202602,전북특별자치도,순창군,심한 장애,여자,379
202602,전북특별자치도,순창군,심하지 않은 장애,남자,874
202602,전북특별자치도,순창군,심하지 않은 장애,여자,985
202602,전북특별자치도,고창군,심한 장애,남자,988
202602,전북특별자치도,고창군,심한 장애,여자,745
202602,전북특별자치도,고창군,심하지 않은 장애,남자,1663
202602,전북특별자치도,고창군,심하지 않은 장애,여자,1687
202602,전북특별자치도,부안군,심한 장애,남자,936
202602,전북특별자치도,부안군,심한 장애,여자,711
202602,전북특별자치도,부안군,심하지 않은 장애,남자,1608
202602,전북특별자치도,부안군,심하지 않은 장애,여자,1522
202603,서울특별시,종로구,심한 장애,남자,1177
202603,서울특별시,종로구,심한 장애,여자,802
202603,서울특별시,종로구,심하지 않은 장애,남자,1979
202603,서울특별시,종로구,심하지 않은 장애,여자,1542
202603,서울특별시,중구,심한 장애,남자,1046
202603,서울특별시,중구,심한 장애,여자,689
202603,서울특별시,중구,심하지 않은 장애,남자,1838
202603,서울특별시,중구,심하지 않은 장애,여자,1491
202603,서울특별시,용산구,심한 장애,남자,1432
202603,서울특별시,용산구,심한 장애,여자,909
202603,서울특별시,용산구,심하지 않은 장애,남자,2462
202603,서울특별시,용산구,심하지 않은 장애,여자,1798
202603,서울특별시,성동구,심한 장애,남자,2182
202603,서울특별시,성동구,심한 장애,여자,1424
202603,서울특별시,성동구,심하지 않은 장애,남자,3898
202603,서울특별시,성동구,심하지 않은 장애,여자,3028
202603,서울특별시,광진구,심한 장애,남자,2433
202603,서울특별시,광진구,심한 장애,여자,1614
202603,서울특별시,광진구,심하지 않은 장애,남자,4468
202603,서울특별시,광진구,심하지 않은 장애,여자,3396
202603,서울특별시,동대문구,심한 장애,남자,3057
202603,서울특별시,동대문구,심한 장애,여자,1982
202603,서울특별시,동대문구,심하지 않은 장애,남자,5621
202603,서울특별시,동대문구,심하지 않은 장애,여자,4390
202603,서울특별시,중랑구,심한 장애,남자,4368
202603,서울특별시,중랑구,심한 장애,여자,2953
202603,서울특별시,중랑구,심하지 않은 장애,남자,7177
202603,서울특별시,중랑구,심하지 않은 장애,여자,5450
202603,서울특별시,성북구,심한 장애,남자,3458
202603,서울특별시,성북구,심한 장애,여자,2331
202603,서울특별시,성북구,심하지 않은 장애,남자,6115
202603,서울특별시,성북구,심하지 않은 장애,여자,4897
202603,서울특별시,강북구,심한 장애,남자,3556
202603,서울특별시,강북구,심한 장애,여자,2579
202603,서울특별시,강북구,심하지 않은 장애,남자,5715
202603,서울특별시,강북구,심하지 않은 장애,여자,4696
202603,서울특별시,도봉구,심한 장애,남자,3174
202603,서울특별시,도봉구,심한 장애,여자,2137
202603,서울특별시,도봉구,심하지 않은 장애,남자,5523
202603,서울특별시,도봉구,심하지 않은 장애,여자,4235
202603,서울특별시,노원구,심한 장애,남자,6209
202603,서울특별시,노원구,심한 장애,여자,4569
202603,서울특별시,노원구,심하지 않은 장애,남자,7641
202603,서울특별시,노원구,심하지 않은 장애,여자,6738
202603,서울특별시,은평구,심한 장애,남자,4946
202603,서울특별시,은평구,심한 장애,여자,3025
202603,서울특별시,은평구,심하지 않은 장애,남자,7262
202603,서울특별시,은평구,심하지 않은 장애,여자,5793
202603,서울특별시,서대문구,심한 장애,남자,2428
202603,서울특별시,서대문구,심한 장애,여자,1691
202603,서울특별시,서대문구,심하지 않은 장애,남자,4128
202603,서울특별시,서대문구,심하지 않은 장애,여자,3438
202603,서울특별시,마포구,심한 장애,남자,2679
202603,서울특별시,마포구,심한 장애,여자,1906
202603,서울특별시,마포구,심하지 않은 장애,남자,4139
202603,서울특별시,마포구,심하지 않은 장애,여자,3389
202603,서울특별시,양천구,심한 장애,남자,3591
202603,서울특별시,양천구,심한 장애,여자,2361
202603,서울특별시,양천구,심하지 않은 장애,남자,6678
202603,서울특별시,양천구,심하지 않은 장애,여자,5039
202603,서울특별시,강서구,심한 장애,남자,6610
202603,서울특별시,강서구,심한 장애,여자,4511
202603,서울특별시,강서구,심하지 않은 장애,남자,9268
202603,서울특별시,강서구,심하지 않은 장애,여자,7111
202603,서울특별시,구로구,심한 장애,남자,3913
202603,서울특별시,구로구,심한 장애,여자,2570
202603,서울특별시,구로구,심하지 않은 장애,남자,7527
202603,서울특별시,구로구,심하지 않은 장애,여자,5589
202603,서울특별시,금천구,심한 장애,남자,2452
202603,서울특별시,금천구,심한 장애,여자,1626
202603,서울특별시,금천구,심하지 않은 장애,남자,4786
202603,서울특별시,금천구,심하지 않은 장애,여자,3406
202603,서울특별시,영등포구,심한 장애,남자,2977
202603,서울특별시,영등포구,심한 장애,여자,1772
202603,서울특별시,영등포구,심하지 않은 장애,남자,5738
202603,서울특별시,영등포구,심하지 않은 장애,여자,4300
202603,서울특별시,동작구,심한 장애,남자,2885
202603,서울특별시,동작구,심한 장애,여자,1978
202603,서울특별시,동작구,심하지 않은 장애,남자,5022
202603,서울특별시,동작구,심하지 않은 장애,여자,3962
202603,서울특별시,관악구,심한 장애,남자,4121
202603,서울특별시,관악구,심한 장애,여자,2751
202603,서울특별시,관악구,심하지 않은 장애,남자,7436
202603,서울특별시,관악구,심하지 않은 장애,여자,5655
202603,서울특별시,서초구,심한 장애,남자,2408
202603,서울특별시,서초구,심한 장애,여자,1572
202603,서울특별시,서초구,심하지 않은 장애,남자,3601
202603,서울특별시,서초구,심하지 않은 장애,여자,2610
202603,서울특별시,강남구,심한 장애,남자,3950
202603,서울특별시,강남구,심한 장애,여자,2599
202603,서울특별시,강남구,심하지 않은 장애,남자,5102
202603,서울특별시,강남구,심하지 않은 장애,여자,3832
202603,서울특별시,송파구,심한 장애,남자,4713
202603,서울특별시,송파구,심한 장애,여자,2857
202603,서울특별시,송파구,심하지 않은 장애,남자,7305
202603,서울특별시,송파구,심하지 않은 장애,여자,5320
202603,서울특별시,강동구,심한 장애,남자,4519
202603,서울특별시,강동구,심한 장애,여자,2700
202603,서울특별시,강동구,심하지 않은 장애,남자,7108
202603,서울특별시,강동구,심하지 않은 장애,여자,5077
202603,부산광역시,중구,심한 장애,남자,488
202603,부산광역시,중구,심한 장애,여자,319
202603,부산광역시,중구,심하지 않은 장애,남자,895
202603,부산광역시,중구,심하지 않은 장애,여자,704
202603,부산광역시,서구,심한 장애,남자,1452
202603,부산광역시,서구,심한 장애,여자,939
202603,부산광역시,서구,심하지 않은 장애,남자,2298
202603,부산광역시,서구,심하지 않은 장애,여자,1771
202603,부산광역시,동구,심한 장애,남자,1236
202603,부산광역시,동구,심한 장애,여자,740
202603,부산광역시,동구,심하지 않은 장애,남자,2033
202603,부산광역시,동구,심하지 않은 장애,여자,1726
202603,부산광역시,영도구,심한 장애,남자,1892
202603,부산광역시,영도구,심한 장애,여자,1358
202603,부산광역시,영도구,심하지 않은 장애,남자,2844
202603,부산광역시,영도구,심하지 않은 장애,여자,2249
202603,부산광역시,부산진구,심한 장애,남자,4033
202603,부산광역시,부산진구,심한 장애,여자,2612
202603,부산광역시,부산진구,심하지 않은 장애,남자,6918
202603,부산광역시,부산진구,심하지 않은 장애,여자,5124
202603,부산광역시,동래구,심한 장애,남자,2695
202603,부산광역시,동래구,심한 장애,여자,1675
202603,부산광역시,동래구,심하지 않은 장애,남자,4370
202603,부산광역시,동래구,심하지 않은 장애,여자,3244
202603,부산광역시,남구,심한 장애,남자,2868
202603,부산광역시,남구,심한 장애,여자,1785
202603,부산광역시,남구,심하지 않은 장애,남자,4662
202603,부산광역시,남구,심하지 않은 장애,여자,3284
202603,부산광역시,북구,심한 장애,남자,3781
202603,부산광역시,북구,심한 장애,여자,2396
202603,부산광역시,북구,심하지 않은 장애,남자,5633
202603,부산광역시,북구,심하지 않은 장애,여자,3950
202603,부산광역시,해운대구,심한 장애,남자,3864
202603,부산광역시,해운대구,심한 장애,여자,2573
202603,부산광역시,해운대구,심하지 않은 장애,남자,6123
202603,부산광역시,해운대구,심하지 않은 장애,여자,4672
202603,부산광역시,사하구,심한 장애,남자,3950
202603,부산광역시,사하구,심한 장애,여자,2751
202603,부산광역시,사하구,심하지 않은 장애,남자,6471
202603,부산광역시,사하구,심하지 않은 장애,여자,4525
202603,부산광역시,금정구,심한 장애,남자,2467
202603,부산광역시,금정구,심한 장애,여자,1629
202603,부산광역시,금정구,심하지 않은 장애,남자,4063
202603,부산광역시,금정구,심하지 않은 장애,여자,3048
202603,부산광역시,강서구,심한 장애,남자,1279
202603,부산광역시,강서구,심한 장애,여자,739
202603,부산광역시,강서구,심하지 않은 장애,남자,2092
202603,부산광역시,강서구,심하지 않은 장애,여자,1311
202603,부산광역시,연제구,심한 장애,남자,2176
202603,부산광역시,연제구,심한 장애,여자,1479
202603,부산광역시,연제구,심하지 않은 장애,남자,3637
202603,부산광역시,연제구,심하지 않은 장애,여자,2793
202603,부산광역시,수영구,심한 장애,남자,1729
202603,부산광역시,수영구,심한 장애,여자,1263
202603,부산광역시,수영구,심하지 않은 장애,남자,2821
202603,부산광역시,수영구,심하지 않은 장애,여자,2232
202603,부산광역시,사상구,심한 장애,남자,3138
202603,부산광역시,사상구,심한 장애,여자,2004
202603,부산광역시,사상구,심하지 않은 장애,남자,4877
202603,부산광역시,사상구,심하지 않은 장애,여자,3148
202603,부산광역시,기장군,심한 장애,남자,2025
202603,부산광역시,기장군,심한 장애,여자,1324
202603,부산광역시,기장군,심하지 않은 장애,남자,3045
202603,부산광역시,기장군,심하지 않은 장애,여자,2271
202603,대구광역시,중구,심한 장애,남자,839
202603,대구광역시,중구,심한 장애,여자,664
202603,대구광역시,중구,심하지 않은 장애,남자,1539
202603,대구광역시,중구,심하지 않은 장애,여자,1258
202603,대구광역시,동구,심한 장애,남자,4427
202603,대구광역시,동구,심한 장애,여자,2868
202603,대구광역시,동구,심하지 않은 장애,남자,7509
202603,대구광역시,동구,심하지 않은 장애,여자,6010
202603,대구광역시,서구,심한 장애,남자,2380
202603,대구광역시,서구,심한 장애,여자,1565
202603,대구광역시,서구,심하지 않은 장애,남자,4516
202603,대구광역시,서구,심하지 않은 장애,여자,3487
202603,대구광역시,남구,심한 장애,남자,1807
202603,대구광역시,남구,심한 장애,여자,1321
202603,대구광역시,남구,심하지 않은 장애,남자,3378
202603,대구광역시,남구,심하지 않은 장애,여자,2757
202603,대구광역시,북구,심한 장애,남자,4735
202603,대구광역시,북구,심한 장애,여자,3184
202603,대구광역시,북구,심하지 않은 장애,남자,8522
202603,대구광역시,북구,심하지 않은 장애,여자,6035
202603,대구광역시,수성구,심한 장애,남자,3838
202603,대구광역시,수성구,심한 장애,여자,2778
202603,대구광역시,수성구,심하지 않은 장애,남자,6460
202603,대구광역시,수성구,심하지 않은 장애,여자,5023
202603,대구광역시,달서구,심한 장애,남자,6343
202603,대구광역시,달서구,심한 장애,여자,4143
202603,대구광역시,달서구,심하지 않은 장애,남자,10207
202603,대구광역시,달서구,심하지 않은 장애,여자,7612
202603,대구광역시,달성군,심한 장애,남자,2893
202603,대구광역시,달성군,심한 장애,여자,1966
202603,대구광역시,달성군,심하지 않은 장애,남자,4830
202603,대구광역시,달성군,심하지 않은 장애,여자,3409
202603,대구광역시,군위군,심한 장애,남자,407
202603,대구광역시,군위군,심한 장애,여자,287
202603,대구광역시,군위군,심하지 않은 장애,남자,973
202603,대구광역시,군위군,심하지 않은 장애,여자,882
202603,인천광역시,중구,심한 장애,남자,1457
202603,인천광역시,중구,심한 장애,여자,940
202603,인천광역시,중구,심하지 않은 장애,남자,2978
202603,인천광역시,중구,심하지 않은 장애,여자,1951
202603,인천광역시,동구,심한 장애,남자,889
202603,인천광역시,동구,심한 장애,여자,583
202603,인천광역시,동구,심하지 않은 장애,남자,1717
202603,인천광역시,동구,심하지 않은 장애,여자,1383
202603,인천광역시,미추홀구,심한 장애,남자,4762
202603,인천광역시,미추홀구,심한 장애,여자,3218
202603,인천광역시,미추홀구,심하지 않은 장애,남자,9411
202603,인천광역시,미추홀구,심하지 않은 장애,여자,6541
202603,인천광역시,연수구,심한 장애,남자,3250
202603,인천광역시,연수구,심한 장애,여자,2023
202603,인천광역시,연수구,심하지 않은 장애,남자,5391
202603,인천광역시,연수구,심하지 않은 장애,여자,3655
202603,인천광역시,남동구,심한 장애,남자,6014
202603,인천광역시,남동구,심한 장애,여자,3857
202603,인천광역시,남동구,심하지 않은 장애,남자,9808
202603,인천광역시,남동구,심하지 않은 장애,여자,7248
202603,인천광역시,부평구,심한 장애,남자,5993
202603,인천광역시,부평구,심한 장애,여자,4037
202603,인천광역시,부평구,심하지 않은 장애,남자,9839
202603,인천광역시,부평구,심하지 않은 장애,여자,7377
202603,인천광역시,계양구,심한 장애,남자,3120
202603,인천광역시,계양구,심한 장애,여자,2072
202603,인천광역시,계양구,심하지 않은 장애,남자,5647
202603,인천광역시,계양구,심하지 않은 장애,여자,3920
202603,인천광역시,서구,심한 장애,남자,5757
202603,인천광역시,서구,심한 장애,여자,3870
202603,인천광역시,서구,심하지 않은 장애,남자,10709
202603,인천광역시,서구,심하지 않은 장애,여자,6795
202603,인천광역시,강화군,심한 장애,남자,1244
202603,인천광역시,강화군,심한 장애,여자,832
202603,인천광역시,강화군,심하지 않은 장애,남자,2066
202603,인천광역시,강화군,심하지 않은 장애,여자,1643
202603,인천광역시,옹진군,심한 장애,남자,317
202603,인천광역시,옹진군,심한 장애,여자,175
202603,인천광역시,옹진군,심하지 않은 장애,남자,620
202603,인천광역시,옹진군,심하지 않은 장애,여자,446
202603,광주광역시,동구,심한 장애,남자,1218
202603,광주광역시,동구,심한 장애,여자,881
202603,광주광역시,동구,심하지 않은 장애,남자,1935
202603,광주광역시,동구,심하지 않은 장애,여자,1504
202603,광주광역시,서구,심한 장애,남자,3108
202603,광주광역시,서구,심한 장애,여자,2105
202603,광주광역시,서구,심하지 않은 장애,남자,4497
202603,광주광역시,서구,심하지 않은 장애,여자,3511
202603,광주광역시,남구,심한 장애,남자,2417
202603,광주광역시,남구,심한 장애,여자,1944
202603,광주광역시,남구,심하지 않은 장애,남자,3542
202603,광주광역시,남구,심하지 않은 장애,여자,3046
202603,광주광역시,북구,심한 장애,남자,5097
202603,광주광역시,북구,심한 장애,여자,3554
202603,광주광역시,북구,심하지 않은 장애,남자,7191
202603,광주광역시,북구,심하지 않은 장애,여자,5678
202603,광주광역시,광산구,심한 장애,남자,4321
202603,광주광역시,광산구,심한 장애,여자,2895
202603,광주광역시,광산구,심하지 않은 장애,남자,5955
202603,광주광역시,광산구,심하지 않은 장애,여자,4299
202603,대전광역시,동구,심한 장애,남자,3378
202603,대전광역시,동구,심한 장애,여자,2200
202603,대전광역시,동구,심하지 않은 장애,남자,4927
202603,대전광역시,동구,심하지 않은 장애,여자,3551
202603,대전광역시,중구,심한 장애,남자,3138
202603,대전광역시,중구,심한 장애,여자,2063
202603,대전광역시,중구,심하지 않은 장애,남자,4731
202603,대전광역시,중구,심하지 않은 장애,여자,3639
202603,대전광역시,서구,심한 장애,남자,4685
202603,대전광역시,서구,심한 장애,여자,3227
202603,대전광역시,서구,심하지 않은 장애,남자,7092
202603,대전광역시,서구,심하지 않은 장애,여자,5247
202603,대전광역시,유성구,심한 장애,남자,3005
202603,대전광역시,유성구,심한 장애,여자,1927
202603,대전광역시,유성구,심하지 않은 장애,남자,4467
202603,대전광역시,유성구,심하지 않은 장애,여자,3149
202603,대전광역시,대덕구,심한 장애,남자,2544
202603,대전광역시,대덕구,심한 장애,여자,1738
202603,대전광역시,대덕구,심하지 않은 장애,남자,3694
202603,대전광역시,대덕구,심하지 않은 장애,여자,2662
202603,울산광역시,중구,심한 장애,남자,2159
202603,울산광역시,중구,심한 장애,여자,1426
202603,울산광역시,중구,심하지 않은 장애,남자,4112
202603,울산광역시,중구,심하지 않은 장애,여자,2773
202603,울산광역시,남구,심한 장애,남자,2868
202603,울산광역시,남구,심한 장애,여자,1748
202603,울산광역시,남구,심하지 않은 장애,남자,4917
202603,울산광역시,남구,심하지 않은 장애,여자,3133
202603,울산광역시,동구,심한 장애,남자,1657
202603,울산광역시,동구,심한 장애,여자,1052
202603,울산광역시,동구,심하지 않은 장애,남자,2792
202603,울산광역시,동구,심하지 않은 장애,여자,1815
202603,울산광역시,북구,심한 장애,남자,2133
202603,울산광역시,북구,심한 장애,여자,1302
202603,울산광역시,북구,심하지 않은 장애,남자,3348
202603,울산광역시,북구,심하지 않은 장애,여자,2034
202603,울산광역시,울주군,심한 장애,남자,2681
202603,울산광역시,울주군,심한 장애,여자,1844
202603,울산광역시,울주군,심하지 않은 장애,남자,4241
202603,울산광역시,울주군,심하지 않은 장애,여자,2857
202603,세종특별자치시,세종특별자치시,심한 장애,남자,3126
202603,세종특별자치시,세종특별자치시,심한 장애,여자,1886
202603,세종특별자치시,세종특별자치시,심하지 않은 장애,남자,4746
202603,세종특별자치시,세종특별자치시,심하지 않은 장애,여자,3195
202603,경기도,수원시,심한 장애,남자,9890
202603,경기도,수원시,심한 장애,여자,6572
202603,경기도,수원시,심하지 않은 장애,남자,16474
202603,경기도,수원시,심하지 않은 장애,여자,11708
202603,경기도,성남시,심한 장애,남자,7811
202603,경기도,성남시,심한 장애,여자,5229
202603,경기도,성남시,심하지 않은 장애,남자,12862
202603,경기도,성남시,심하지 않은 장애,여자,9577
202603,경기도,의정부시,심한 장애,남자,4789
202603,경기도,의정부시,심한 장애,여자,3299
202603,경기도,의정부시,심하지 않은 장애,남자,8146
202603,경기도,의정부시,심하지 않은 장애,여자,6128
202603,경기도,안양시,심한 장애,남자,4487
202603,경기도,안양시,심한 장애,여자,2954
202603,경기도,안양시,심하지 않은 장애,남자,8429
202603,경기도,안양시,심하지 않은 장애,여자,6095
202603,경기도,부천시,심한 장애,남자,8326
202603,경기도,부천시,심한 장애,여자,5347
202603,경기도,부천시,심하지 않은 장애,남자,14188
202603,경기도,부천시,심하지 않은 장애,여자,9469
202603,경기도,광명시,심한 장애,남자,2795
202603,경기도,광명시,심한 장애,여자,1818
202603,경기도,광명시,심하지 않은 장애,남자,4685
202603,경기도,광명시,심하지 않은 장애,여자,3309
202603,경기도,평택시,심한 장애,남자,5544
202603,경기도,평택시,심한 장애,여자,3777
202603,경기도,평택시,심하지 않은 장애,남자,10301
202603,경기도,평택시,심하지 않은 장애,여자,6801
202603,경기도,동두천시,심한 장애,남자,1468
202603,경기도,동두천시,심한 장애,여자,1024
202603,경기도,동두천시,심하지 않은 장애,남자,2094
202603,경기도,동두천시,심하지 않은 장애,여자,1641
202603,경기도,안산시,심한 장애,남자,7251
202603,경기도,안산시,심한 장애,여자,4608
202603,경기도,안산시,심하지 않은 장애,남자,13061
202603,경기도,안산시,심하지 않은 장애,여자,8276
202603,경기도,고양시,심한 장애,남자,9323
202603,경기도,고양시,심한 장애,여자,6224
202603,경기도,고양시,심하지 않은 장애,남자,14743
202603,경기도,고양시,심하지 않은 장애,여자,11596
202603,경기도,과천시,심한 장애,남자,518
202603,경기도,과천시,심한 장애,여자,339
202603,경기도,과천시,심하지 않은 장애,남자,834
202603,경기도,과천시,심하지 않은 장애,여자,623
202603,경기도,구리시,심한 장애,남자,1802
202603,경기도,구리시,심한 장애,여자,1113
202603,경기도,구리시,심하지 않은 장애,남자,3291
202603,경기도,구리시,심하지 않은 장애,여자,2280
202603,경기도,남양주시,심한 장애,남자,7036
202603,경기도,남양주시,심한 장애,여자,4503
202603,경기도,남양주시,심하지 않은 장애,남자,12719
202603,경기도,남양주시,심하지 않은 장애,여자,9005
202603,경기도,오산시,심한 장애,남자,2281
202603,경기도,오산시,심한 장애,여자,1501
202603,경기도,오산시,심하지 않은 장애,남자,3597
202603,경기도,오산시,심하지 않은 장애,여자,2278
202603,경기도,시흥시,심한 장애,남자,4914
202603,경기도,시흥시,심한 장애,여자,2996
202603,경기도,시흥시,심하지 않은 장애,남자,9172
202603,경기도,시흥시,심하지 않은 장애,여자,5483
202603,경기도,군포시,심한 장애,남자,2471
202603,경기도,군포시,심한 장애,여자,1568
202603,경기도,군포시,심하지 않은 장애,남자,4369
202603,경기도,군포시,심하지 않은 장애,여자,3189
202603,경기도,의왕시,심한 장애,남자,1312
202603,경기도,의왕시,심한 장애,여자,878
202603,경기도,의왕시,심하지 않은 장애,남자,2521
202603,경기도,의왕시,심하지 않은 장애,여자,1839
202603,경기도,하남시,심한 장애,남자,2552
202603,경기도,하남시,심한 장애,여자,1651
202603,경기도,하남시,심하지 않은 장애,남자,4568
202603,경기도,하남시,심하지 않은 장애,여자,3184
202603,경기도,용인시,심한 장애,남자,8112
202603,경기도,용인시,심한 장애,여자,5827
202603,경기도,용인시,심하지 않은 장애,남자,14100
202603,경기도,용인시,심하지 않은 장애,여자,10138
202603,경기도,파주시,심한 장애,남자,5382
202603,경기도,파주시,심한 장애,여자,3503
202603,경기도,파주시,심하지 않은 장애,남자,8595
202603,경기도,파주시,심하지 않은 장애,여자,6143
202603,경기도,이천시,심한 장애,남자,2681
202603,경기도,이천시,심한 장애,여자,1696
202603,경기도,이천시,심하지 않은 장애,남자,3932
202603,경기도,이천시,심하지 않은 장애,여자,2595
202603,경기도,안성시,심한 장애,남자,2611
202603,경기도,안성시,심한 장애,여자,1659
202603,경기도,안성시,심하지 않은 장애,남자,4190
202603,경기도,안성시,심하지 않은 장애,여자,2815
202603,경기도,김포시,심한 장애,남자,4213
202603,경기도,김포시,심한 장애,여자,2543
202603,경기도,김포시,심하지 않은 장애,남자,7378
202603,경기도,김포시,심하지 않은 장애,여자,4833
202603,경기도,화성시,심한 장애,남자,7377
202603,경기도,화성시,심한 장애,여자,4588
202603,경기도,화성시,심하지 않은 장애,남자,13378
202603,경기도,화성시,심하지 않은 장애,여자,8032
202603,경기도,광주시,심한 장애,남자,3912
202603,경기도,광주시,심한 장애,여자,2455
202603,경기도,광주시,심하지 않은 장애,남자,7047
202603,경기도,광주시,심하지 않은 장애,여자,4450
202603,경기도,양주시,심한 장애,남자,3252
202603,경기도,양주시,심한 장애,여자,2194
202603,경기도,양주시,심하지 않은 장애,남자,5447
202603,경기도,양주시,심하지 않은 장애,여자,3663
202603,경기도,포천시,심한 장애,남자,2250
202603,경기도,포천시,심한 장애,여자,1434
202603,경기도,포천시,심하지 않은 장애,남자,3951
202603,경기도,포천시,심하지 않은 장애,여자,2583
202603,경기도,여주시,심한 장애,남자,1848
202603,경기도,여주시,심한 장애,여자,1149
202603,경기도,여주시,심하지 않은 장애,남자,2654
202603,경기도,여주시,심하지 않은 장애,여자,1843
202603,경기도,연천군,심한 장애,남자,702
202603,경기도,연천군,심한 장애,여자,446
202603,경기도,연천군,심하지 않은 장애,남자,1273
202603,경기도,연천군,심하지 않은 장애,여자,972
202603,경기도,가평군,심한 장애,남자,1219
202603,경기도,가평군,심한 장애,여자,815
202603,경기도,가평군,심하지 않은 장애,남자,1727
202603,경기도,가평군,심하지 않은 장애,여자,1236
202603,경기도,양평군,심한 장애,남자,1897
202603,경기도,양평군,심한 장애,여자,1225
202603,경기도,양평군,심하지 않은 장애,남자,3064
202603,경기도,양평군,심하지 않은 장애,여자,2199
202603,충청북도,청주시,심한 장애,남자,9541
202603,충청북도,청주시,심한 장애,여자,6461
202603,충청북도,청주시,심하지 않은 장애,남자,14000
202603,충청북도,청주시,심하지 않은 장애,여자,10304
202603,충청북도,충주시,심한 장애,남자,2947
202603,충청북도,충주시,심한 장애,여자,2040
202603,충청북도,충주시,심하지 않은 장애,남자,4637
202603,충청북도,충주시,심하지 않은 장애,여자,3586
202603,충청북도,제천시,심한 장애,남자,2312
202603,충청북도,제천시,심한 장애,여자,1476
202603,충청북도,제천시,심하지 않은 장애,남자,3673
202603,충청북도,제천시,심하지 않은 장애,여자,2746
202603,충청북도,보은군,심한 장애,남자,657
202603,충청북도,보은군,심한 장애,여자,395
202603,충청북도,보은군,심하지 않은 장애,남자,1096
202603,충청북도,보은군,심하지 않은 장애,여자,905
202603,충청북도,옥천군,심한 장애,남자,1072
202603,충청북도,옥천군,심한 장애,여자,751
202603,충청북도,옥천군,심하지 않은 장애,남자,1661
202603,충청북도,옥천군,심하지 않은 장애,여자,1420
202603,충청북도,영동군,심한 장애,남자,765
202603,충청북도,영동군,심한 장애,여자,590
202603,충청북도,영동군,심하지 않은 장애,남자,1504
202603,충청북도,영동군,심하지 않은 장애,여자,1231
202603,충청북도,증평군,심한 장애,남자,601
202603,충청북도,증평군,심한 장애,여자,373
202603,충청북도,증평군,심하지 않은 장애,남자,813
202603,충청북도,증평군,심하지 않은 장애,여자,611
202603,충청북도,진천군,심한 장애,남자,981
202603,충청북도,진천군,심한 장애,여자,680
202603,충청북도,진천군,심하지 않은 장애,남자,1662
202603,충청북도,진천군,심하지 않은 장애,여자,1202
202603,충청북도,괴산군,심한 장애,남자,692
202603,충청북도,괴산군,심한 장애,여자,517
202603,충청북도,괴산군,심하지 않은 장애,남자,1261
202603,충청북도,괴산군,심하지 않은 장애,여자,1043
202603,충청북도,음성군,심한 장애,남자,1883
202603,충청북도,음성군,심한 장애,여자,1311
202603,충청북도,음성군,심하지 않은 장애,남자,2453
202603,충청북도,음성군,심하지 않은 장애,여자,1589
202603,충청북도,단양군,심한 장애,남자,524
202603,충청북도,단양군,심한 장애,여자,343
202603,충청북도,단양군,심하지 않은 장애,남자,951
202603,충청북도,단양군,심하지 않은 장애,여자,728
202603,충청남도,천안시,심한 장애,남자,6474
202603,충청남도,천안시,심한 장애,여자,4455
202603,충청남도,천안시,심하지 않은 장애,남자,10228
202603,충청남도,천안시,심하지 않은 장애,여자,6660
202603,충청남도,공주시,심한 장애,남자,2006
202603,충청남도,공주시,심한 장애,여자,1366
202603,충청남도,공주시,심하지 않은 장애,남자,2831
202603,충청남도,공주시,심하지 않은 장애,여자,2236
202603,충청남도,보령시,심한 장애,남자,1962
202603,충청남도,보령시,심한 장애,여자,1226
202603,충청남도,보령시,심하지 않은 장애,남자,2825
202603,충청남도,보령시,심하지 않은 장애,여자,2330
202603,충청남도,아산시,심한 장애,남자,3851
202603,충청남도,아산시,심한 장애,여자,2494
202603,충청남도,아산시,심하지 않은 장애,남자,6064
202603,충청남도,아산시,심하지 않은 장애,여자,4242
202603,충청남도,서산시,심한 장애,남자,2127
202603,충청남도,서산시,심한 장애,여자,1430
202603,충청남도,서산시,심하지 않은 장애,남자,3894
202603,충청남도,서산시,심하지 않은 장애,여자,3050
202603,충청남도,논산시,심한 장애,남자,2186
202603,충청남도,논산시,심한 장애,여자,1644
202603,충청남도,논산시,심하지 않은 장애,남자,3232
202603,충청남도,논산시,심하지 않은 장애,여자,2653
202603,충청남도,계룡시,심한 장애,남자,362
202603,충청남도,계룡시,심한 장애,여자,253
202603,충청남도,계룡시,심하지 않은 장애,남자,642
202603,충청남도,계룡시,심하지 않은 장애,여자,499
202603,충청남도,당진시,심한 장애,남자,2150
202603,충청남도,당진시,심한 장애,여자,1429
202603,충청남도,당진시,심하지 않은 장애,남자,4221
202603,충청남도,당진시,심하지 않은 장애,여자,2840
202603,충청남도,금산군,심한 장애,남자,908
202603,충청남도,금산군,심한 장애,여자,571
202603,충청남도,금산군,심하지 않은 장애,남자,1539
202603,충청남도,금산군,심하지 않은 장애,여자,1375
202603,충청남도,부여군,심한 장애,남자,1392
202603,충청남도,부여군,심한 장애,여자,935
202603,충청남도,부여군,심하지 않은 장애,남자,2208
202603,충청남도,부여군,심하지 않은 장애,여자,1961
202603,충청남도,서천군,심한 장애,남자,1026
202603,충청남도,서천군,심한 장애,여자,694
202603,충청남도,서천군,심하지 않은 장애,남자,1780
202603,충청남도,서천군,심하지 않은 장애,여자,1649
202603,충청남도,청양군,심한 장애,남자,559
202603,충청남도,청양군,심한 장애,여자,404
202603,충청남도,청양군,심하지 않은 장애,남자,1039
202603,충청남도,청양군,심하지 않은 장애,여자,1014
202603,충청남도,홍성군,심한 장애,남자,1542
202603,충청남도,홍성군,심한 장애,여자,1024
202603,충청남도,홍성군,심하지 않은 장애,남자,2567
202603,충청남도,홍성군,심하지 않은 장애,여자,2115
202603,충청남도,예산군,심한 장애,남자,1327
202603,충청남도,예산군,심한 장애,여자,976
202603,충청남도,예산군,심하지 않은 장애,남자,2590
202603,충청남도,예산군,심하지 않은 장애,여자,2338
202603,충청남도,태안군,심한 장애,남자,953
202603,충청남도,태안군,심한 장애,여자,664
202603,충청남도,태안군,심하지 않은 장애,남자,1917
202603,충청남도,태안군,심하지 않은 장애,여자,1624
202603,전라북도,전주시,심한 장애,남자,1
202603,전라북도,임실군,심하지 않은 장애,여자,1
202603,전라북도,부안군,심하지 않은 장애,남자,2
202603,전라남도,목포시,심한 장애,남자,3044
202603,전라남도,목포시,심한 장애,여자,2114
202603,전라남도,목포시,심하지 않은 장애,남자,4304
202603,전라남도,목포시,심하지 않은 장애,여자,3807
202603,전라남도,여수시,심한 장애,남자,3623
202603,전라남도,여수시,심한 장애,여자,2460
202603,전라남도,여수시,심하지 않은 장애,남자,5815
202603,전라남도,여수시,심하지 않은 장애,여자,5052
202603,전라남도,순천시,심한 장애,남자,3208
202603,전라남도,순천시,심한 장애,여자,2285
202603,전라남도,순천시,심하지 않은 장애,남자,5519
202603,전라남도,순천시,심하지 않은 장애,여자,4296
202603,전라남도,나주시,심한 장애,남자,1904
202603,전라남도,나주시,심한 장애,여자,1364
202603,전라남도,나주시,심하지 않은 장애,남자,2497
202603,전라남도,나주시,심하지 않은 장애,여자,2339
202603,전라남도,광양시,심한 장애,남자,1729
202603,전라남도,광양시,심한 장애,여자,1136
202603,전라남도,광양시,심하지 않은 장애,남자,2828
202603,전라남도,광양시,심하지 않은 장애,여자,2204
202603,전라남도,담양군,심한 장애,남자,807
202603,전라남도,담양군,심한 장애,여자,576
202603,전라남도,담양군,심하지 않은 장애,남자,1305
202603,전라남도,담양군,심하지 않은 장애,여자,1168
202603,전라남도,곡성군,심한 장애,남자,555
202603,전라남도,곡성군,심한 장애,여자,464
202603,전라남도,곡성군,심하지 않은 장애,남자,975
202603,전라남도,곡성군,심하지 않은 장애,여자,1025
202603,전라남도,구례군,심한 장애,남자,466
202603,전라남도,구례군,심한 장애,여자,340
202603,전라남도,구례군,심하지 않은 장애,남자,886
202603,전라남도,구례군,심하지 않은 장애,여자,818
202603,전라남도,고흥군,심한 장애,남자,1355
202603,전라남도,고흥군,심한 장애,여자,907
202603,전라남도,고흥군,심하지 않은 장애,남자,2150
202603,전라남도,고흥군,심하지 않은 장애,여자,2343
202603,전라남도,보성군,심한 장애,남자,758
202603,전라남도,보성군,심한 장애,여자,612
202603,전라남도,보성군,심하지 않은 장애,남자,1340
202603,전라남도,보성군,심하지 않은 장애,여자,1341
202603,전라남도,화순군,심한 장애,남자,1006
202603,전라남도,화순군,심한 장애,여자,716
202603,전라남도,화순군,심하지 않은 장애,남자,1715
202603,전라남도,화순군,심하지 않은 장애,여자,1572
202603,전라남도,장흥군,심한 장애,남자,740
202603,전라남도,장흥군,심한 장애,여자,568
202603,전라남도,장흥군,심하지 않은 장애,남자,1031
202603,전라남도,장흥군,심하지 않은 장애,여자,1167
202603,전라남도,강진군,심한 장애,남자,588
202603,전라남도,강진군,심한 장애,여자,437
202603,전라남도,강진군,심하지 않은 장애,남자,936
202603,전라남도,강진군,심하지 않은 장애,여자,1040
202603,전라남도,해남군,심한 장애,남자,1340
202603,전라남도,해남군,심한 장애,여자,896
202603,전라남도,해남군,심하지 않은 장애,남자,1942
202603,전라남도,해남군,심하지 않은 장애,여자,1817
202603,전라남도,영암군,심한 장애,남자,891
202603,전라남도,영암군,심한 장애,여자,678
202603,전라남도,영암군,심하지 않은 장애,남자,1467
202603,전라남도,영암군,심하지 않은 장애,여자,1390
202603,전라남도,무안군,심한 장애,남자,1397
202603,전라남도,무안군,심한 장애,여자,978
202603,전라남도,무안군,심하지 않은 장애,남자,1901
202603,전라남도,무안군,심하지 않은 장애,여자,1731
202603,전라남도,함평군,심한 장애,남자,685
202603,전라남도,함평군,심한 장애,여자,532
202603,전라남도,함평군,심하지 않은 장애,남자,1076
202603,전라남도,함평군,심하지 않은 장애,여자,1150
202603,전라남도,영광군,심한 장애,남자,991
202603,전라남도,영광군,심한 장애,여자,727
202603,전라남도,영광군,심하지 않은 장애,남자,1472
202603,전라남도,영광군,심하지 않은 장애,여자,1650
202603,전라남도,장성군,심한 장애,남자,750
202603,전라남도,장성군,심한 장애,여자,553
202603,전라남도,장성군,심하지 않은 장애,남자,1253
202603,전라남도,장성군,심하지 않은 장애,여자,1144
202603,전라남도,완도군,심한 장애,남자,847
202603,전라남도,완도군,심한 장애,여자,536
202603,전라남도,완도군,심하지 않은 장애,남자,1345
202603,전라남도,완도군,심하지 않은 장애,여자,1445
202603,전라남도,진도군,심한 장애,남자,584
202603,전라남도,진도군,심한 장애,여자,443
202603,전라남도,진도군,심하지 않은 장애,남자,917
202603,전라남도,진도군,심하지 않은 장애,여자,970
202603,전라남도,신안군,심한 장애,남자,747
202603,전라남도,신안군,심한 장애,여자,453
202603,전라남도,신안군,심하지 않은 장애,남자,1450
202603,전라남도,신안군,심하지 않은 장애,여자,1315
202603,경상북도,포항시,심한 장애,남자,6324
202603,경상북도,포항시,심한 장애,여자,4054
202603,경상북도,포항시,심하지 않은 장애,남자,9843
202603,경상북도,포항시,심하지 않은 장애,여자,7260
202603,경상북도,경주시,심한 장애,남자,3383
202603,경상북도,경주시,심한 장애,여자,2432
202603,경상북도,경주시,심하지 않은 장애,남자,5891
202603,경상북도,경주시,심하지 않은 장애,여자,4505
202603,경상북도,김천시,심한 장애,남자,2206
202603,경상북도,김천시,심한 장애,여자,1543
202603,경상북도,김천시,심하지 않은 장애,남자,3402
202603,경상북도,김천시,심하지 않은 장애,여자,3092
202603,경상북도,안동시,심한 장애,남자,2988
202603,경상북도,안동시,심한 장애,여자,2104
202603,경상북도,안동시,심하지 않은 장애,남자,4270
202603,경상북도,안동시,심하지 않은 장애,여자,3777
202603,경상북도,구미시,심한 장애,남자,4003
202603,경상북도,구미시,심한 장애,여자,2695
202603,경상북도,구미시,심하지 않은 장애,남자,6336
202603,경상북도,구미시,심하지 않은 장애,여자,4460
202603,경상북도,영주시,심한 장애,남자,1671
202603,경상북도,영주시,심한 장애,여자,1197
202603,경상북도,영주시,심하지 않은 장애,남자,2744
202603,경상북도,영주시,심하지 않은 장애,여자,2441
202603,경상북도,영천시,심한 장애,남자,1659
202603,경상북도,영천시,심한 장애,여자,1145
202603,경상북도,영천시,심하지 않은 장애,남자,2996
202603,경상북도,영천시,심하지 않은 장애,여자,2393
202603,경상북도,상주시,심한 장애,남자,1740
202603,경상북도,상주시,심한 장애,여자,1253
202603,경상북도,상주시,심하지 않은 장애,남자,3121
202603,경상북도,상주시,심하지 않은 장애,여자,3113
202603,경상북도,문경시,심한 장애,남자,1250
202603,경상북도,문경시,심한 장애,여자,789
202603,경상북도,문경시,심하지 않은 장애,남자,2201
202603,경상북도,문경시,심하지 않은 장애,여자,2111
202603,경상북도,경산시,심한 장애,남자,3391
202603,경상북도,경산시,심한 장애,여자,2224
202603,경상북도,경산시,심하지 않은 장애,남자,5596
202603,경상북도,경산시,심하지 않은 장애,여자,4103
202603,경상북도,의성군,심한 장애,남자,1022
202603,경상북도,의성군,심한 장애,여자,716
202603,경상북도,의성군,심하지 않은 장애,남자,1991
202603,경상북도,의성군,심하지 않은 장애,여자,2015
202603,경상북도,청송군,심한 장애,남자,439
202603,경상북도,청송군,심한 장애,여자,316
202603,경상북도,청송군,심하지 않은 장애,남자,955
202603,경상북도,청송군,심하지 않은 장애,여자,925
202603,경상북도,영양군,심한 장애,남자,330
202603,경상북도,영양군,심한 장애,여자,234
202603,경상북도,영양군,심하지 않은 장애,남자,617
202603,경상북도,영양군,심하지 않은 장애,여자,638
202603,경상북도,영덕군,심한 장애,남자,672
202603,경상북도,영덕군,심한 장애,여자,455
202603,경상북도,영덕군,심하지 않은 장애,남자,1183
202603,경상북도,영덕군,심하지 않은 장애,여자,1180
202603,경상북도,청도군,심한 장애,남자,766
202603,경상북도,청도군,심한 장애,여자,518
202603,경상북도,청도군,심하지 않은 장애,남자,1455
202603,경상북도,청도군,심하지 않은 장애,여자,1458
202603,경상북도,고령군,심한 장애,남자,599
202603,경상북도,고령군,심한 장애,여자,391
202603,경상북도,고령군,심하지 않은 장애,남자,1185
202603,경상북도,고령군,심하지 않은 장애,여자,1018
202603,경상북도,성주군,심한 장애,남자,722
202603,경상북도,성주군,심한 장애,여자,480
202603,경상북도,성주군,심하지 않은 장애,남자,1447
202603,경상북도,성주군,심하지 않은 장애,여자,1200
202603,경상북도,칠곡군,심한 장애,남자,1497
202603,경상북도,칠곡군,심한 장애,여자,982
202603,경상북도,칠곡군,심하지 않은 장애,남자,2388
202603,경상북도,칠곡군,심하지 않은 장애,여자,1744
202603,경상북도,예천군,심한 장애,남자,975
202603,경상북도,예천군,심한 장애,여자,731
202603,경상북도,예천군,심하지 않은 장애,남자,1660
202603,경상북도,예천군,심하지 않은 장애,여자,1639
202603,경상북도,봉화군,심한 장애,남자,590
202603,경상북도,봉화군,심한 장애,여자,411
202603,경상북도,봉화군,심하지 않은 장애,남자,1101
202603,경상북도,봉화군,심하지 않은 장애,여자,984
202603,경상북도,울진군,심한 장애,남자,789
202603,경상북도,울진군,심한 장애,여자,591
202603,경상북도,울진군,심하지 않은 장애,남자,1339
202603,경상북도,울진군,심하지 않은 장애,여자,1116
202603,경상북도,울릉군,심한 장애,남자,73
202603,경상북도,울릉군,심한 장애,여자,46
202603,경상북도,울릉군,심하지 않은 장애,남자,226
202603,경상북도,울릉군,심하지 않은 장애,여자,156
202603,경상남도,창원시,심한 장애,남자,10788
202603,경상남도,창원시,심한 장애,여자,7345
202603,경상남도,창원시,심하지 않은 장애,남자,19086
202603,경상남도,창원시,심하지 않은 장애,여자,12960
202603,경상남도,진주시,심한 장애,남자,4097
202603,경상남도,진주시,심한 장애,여자,2750
202603,경상남도,진주시,심하지 않은 장애,남자,6193
202603,경상남도,진주시,심하지 않은 장애,여자,4599
202603,경상남도,통영시,심한 장애,남자,1619
202603,경상남도,통영시,심한 장애,여자,1068
202603,경상남도,통영시,심하지 않은 장애,남자,2643
202603,경상남도,통영시,심하지 않은 장애,여자,2111
202603,경상남도,사천시,심한 장애,남자,1688
202603,경상남도,사천시,심한 장애,여자,1153
202603,경상남도,사천시,심하지 않은 장애,남자,2459
202603,경상남도,사천시,심하지 않은 장애,여자,1945
202603,경상남도,김해시,심한 장애,남자,5978
202603,경상남도,김해시,심한 장애,여자,3742
202603,경상남도,김해시,심하지 않은 장애,남자,9550
202603,경상남도,김해시,심하지 않은 장애,여자,6097
202603,경상남도,밀양시,심한 장애,남자,1802
202603,경상남도,밀양시,심한 장애,여자,1232
202603,경상남도,밀양시,심하지 않은 장애,남자,2978
202603,경상남도,밀양시,심하지 않은 장애,여자,2469
202603,경상남도,거제시,심한 장애,남자,2675
202603,경상남도,거제시,심한 장애,여자,1624
202603,경상남도,거제시,심하지 않은 장애,남자,4459
202603,경상남도,거제시,심하지 않은 장애,여자,2695
202603,경상남도,양산시,심한 장애,남자,4289
202603,경상남도,양산시,심한 장애,여자,2692
202603,경상남도,양산시,심하지 않은 장애,남자,6275
202603,경상남도,양산시,심하지 않은 장애,여자,4356
202603,경상남도,의령군,심한 장애,남자,590
202603,경상남도,의령군,심한 장애,여자,416
202603,경상남도,의령군,심하지 않은 장애,남자,829
202603,경상남도,의령군,심하지 않은 장애,여자,854
202603,경상남도,함안군,심한 장애,남자,1028
202603,경상남도,함안군,심한 장애,여자,690
202603,경상남도,함안군,심하지 않은 장애,남자,1713
202603,경상남도,함안군,심하지 않은 장애,여자,1383
202603,경상남도,창녕군,심한 장애,남자,1046
202603,경상남도,창녕군,심한 장애,여자,716
202603,경상남도,창녕군,심하지 않은 장애,남자,1739
202603,경상남도,창녕군,심하지 않은 장애,여자,1637
202603,경상남도,고성군,심한 장애,남자,956
202603,경상남도,고성군,심한 장애,여자,674
202603,경상남도,고성군,심하지 않은 장애,남자,1469
202603,경상남도,고성군,심하지 않은 장애,여자,1279
202603,경상남도,남해군,심한 장애,남자,803
202603,경상남도,남해군,심한 장애,여자,561
202603,경상남도,남해군,심하지 않은 장애,남자,1294
202603,경상남도,남해군,심하지 않은 장애,여자,1290
202603,경상남도,하동군,심한 장애,남자,872
202603,경상남도,하동군,심한 장애,여자,634
202603,경상남도,하동군,심하지 않은 장애,남자,1341
202603,경상남도,하동군,심하지 않은 장애,여자,1214
202603,경상남도,산청군,심한 장애,남자,645
202603,경상남도,산청군,심한 장애,여자,546
202603,경상남도,산청군,심하지 않은 장애,남자,1047
202603,경상남도,산청군,심하지 않은 장애,여자,1003
202603,경상남도,함양군,심한 장애,남자,685
202603,경상남도,함양군,심한 장애,여자,494
202603,경상남도,함양군,심하지 않은 장애,남자,1116
202603,경상남도,함양군,심하지 않은 장애,여자,1165
202603,경상남도,거창군,심한 장애,남자,984
202603,경상남도,거창군,심한 장애,여자,707
202603,경상남도,거창군,심하지 않은 장애,남자,1658
202603,경상남도,거창군,심하지 않은 장애,여자,1570
202603,경상남도,합천군,심한 장애,남자,820
202603,경상남도,합천군,심한 장애,여자,616
202603,경상남도,합천군,심하지 않은 장애,남자,1417
202603,경상남도,합천군,심하지 않은 장애,여자,1495
202603,제주특별자치도,제주시,심한 장애,남자,6061
202603,제주특별자치도,제주시,심한 장애,여자,4251
202603,제주특별자치도,제주시,심하지 않은 장애,남자,8385
202603,제주특별자치도,제주시,심하지 않은 장애,여자,6780
202603,제주특별자치도,서귀포시,심한 장애,남자,2463
202603,제주특별자치도,서귀포시,심한 장애,여자,1637
202603,제주특별자치도,서귀포시,심하지 않은 장애,남자,3692
202603,제주특별자치도,서귀포시,심하지 않은 장애,여자,3428
202603,강원특별자치도,춘천시,심한 장애,남자,3559
202603,강원특별자치도,춘천시,심한 장애,여자,2325
202603,강원특별자치도,춘천시,심하지 않은 장애,남자,5319
202603,강원특별자치도,춘천시,심하지 않은 장애,여자,3934
202603,강원특별자치도,원주시,심한 장애,남자,4580
202603,강원특별자치도,원주시,심한 장애,여자,3012
202603,강원특별자치도,원주시,심하지 않은 장애,남자,6818
202603,강원특별자치도,원주시,심하지 않은 장애,여자,5151
202603,강원특별자치도,강릉시,심한 장애,남자,3053
202603,강원특별자치도,강릉시,심한 장애,여자,2012
202603,강원특별자치도,강릉시,심하지 않은 장애,남자,4475
202603,강원특별자치도,강릉시,심하지 않은 장애,여자,3600
202603,강원특별자치도,동해시,심한 장애,남자,1411
202603,강원특별자치도,동해시,심한 장애,여자,881
202603,강원특별자치도,동해시,심하지 않은 장애,남자,2315
202603,강원특별자치도,동해시,심하지 않은 장애,여자,1849
202603,강원특별자치도,태백시,심한 장애,남자,864
202603,강원특별자치도,태백시,심한 장애,여자,499
202603,강원특별자치도,태백시,심하지 않은 장애,남자,1330
202603,강원특별자치도,태백시,심하지 않은 장애,여자,1164
202603,강원특별자치도,속초시,심한 장애,남자,1003
202603,강원특별자치도,속초시,심한 장애,여자,654
202603,강원특별자치도,속초시,심하지 않은 장애,남자,1751
202603,강원특별자치도,속초시,심하지 않은 장애,여자,1263
202603,강원특별자치도,삼척시,심한 장애,남자,1100
202603,강원특별자치도,삼척시,심한 장애,여자,740
202603,강원특별자치도,삼척시,심하지 않은 장애,남자,1823
202603,강원특별자치도,삼척시,심하지 않은 장애,여자,1520
202603,강원특별자치도,홍천군,심한 장애,남자,1066
202603,강원특별자치도,홍천군,심한 장애,여자,708
202603,강원특별자치도,홍천군,심하지 않은 장애,남자,1909
202603,강원특별자치도,홍천군,심하지 않은 장애,여자,1279
202603,강원특별자치도,횡성군,심한 장애,남자,745
202603,강원특별자치도,횡성군,심한 장애,여자,514
202603,강원특별자치도,횡성군,심하지 않은 장애,남자,1478
202603,강원특별자치도,횡성군,심하지 않은 장애,여자,961
202603,강원특별자치도,영월군,심한 장애,남자,689
202603,강원특별자치도,영월군,심한 장애,여자,444
202603,강원특별자치도,영월군,심하지 않은 장애,남자,1203
202603,강원특별자치도,영월군,심하지 않은 장애,여자,919
202603,강원특별자치도,평창군,심한 장애,남자,595
202603,강원특별자치도,평창군,심한 장애,여자,410
202603,강원특별자치도,평창군,심하지 않은 장애,남자,1162
202603,강원특별자치도,평창군,심하지 않은 장애,여자,862
202603,강원특별자치도,정선군,심한 장애,남자,682
202603,강원특별자치도,정선군,심한 장애,여자,412
202603,강원특별자치도,정선군,심하지 않은 장애,남자,1149
202603,강원특별자치도,정선군,심하지 않은 장애,여자,951
202603,강원특별자치도,철원군,심한 장애,남자,634
202603,강원특별자치도,철원군,심한 장애,여자,434
202603,강원특별자치도,철원군,심하지 않은 장애,남자,1032
202603,강원특별자치도,철원군,심하지 않은 장애,여자,792
202603,강원특별자치도,화천군,심한 장애,남자,342
202603,강원특별자치도,화천군,심한 장애,여자,201
202603,강원특별자치도,화천군,심하지 않은 장애,남자,618
202603,강원특별자치도,화천군,심하지 않은 장애,여자,448
202603,강원특별자치도,양구군,심한 장애,남자,274
202603,강원특별자치도,양구군,심한 장애,여자,188
202603,강원특별자치도,양구군,심하지 않은 장애,남자,513
202603,강원특별자치도,양구군,심하지 않은 장애,여자,402
202603,강원특별자치도,인제군,심한 장애,남자,424
202603,강원특별자치도,인제군,심한 장애,여자,286
202603,강원특별자치도,인제군,심하지 않은 장애,남자,685
202603,강원특별자치도,인제군,심하지 않은 장애,여자,512
202603,강원특별자치도,고성군,심한 장애,남자,431
202603,강원특별자치도,고성군,심한 장애,여자,308
202603,강원특별자치도,고성군,심하지 않은 장애,남자,788
202603,강원특별자치도,고성군,심하지 않은 장애,여자,661
202603,강원특별자치도,양양군,심한 장애,남자,492
202603,강원특별자치도,양양군,심한 장애,여자,307
202603,강원특별자치도,양양군,심하지 않은 장애,남자,801
202603,강원특별자치도,양양군,심하지 않은 장애,여자,623
202603,전북특별자치도,전주시,심한 장애,남자,7185
202603,전북특별자치도,전주시,심한 장애,여자,5122
202603,전북특별자치도,전주시,심하지 않은 장애,남자,11657
202603,전북특별자치도,전주시,심하지 않은 장애,여자,9475
202603,전북특별자치도,군산시,심한 장애,남자,3680
202603,전북특별자치도,군산시,심한 장애,여자,2405
202603,전북특별자치도,군산시,심하지 않은 장애,남자,6309
202603,전북특별자치도,군산시,심하지 않은 장애,여자,4732
202603,전북특별자치도,익산시,심한 장애,남자,4474
202603,전북특별자치도,익산시,심한 장애,여자,3262
202603,전북특별자치도,익산시,심하지 않은 장애,남자,6906
202603,전북특별자치도,익산시,심하지 않은 장애,여자,5617
202603,전북특별자치도,정읍시,심한 장애,남자,1998
202603,전북특별자치도,정읍시,심한 장애,여자,1455
202603,전북특별자치도,정읍시,심하지 않은 장애,남자,3101
202603,전북특별자치도,정읍시,심하지 않은 장애,여자,2922
202603,전북특별자치도,남원시,심한 장애,남자,1532
202603,전북특별자치도,남원시,심한 장애,여자,1137
202603,전북특별자치도,남원시,심하지 않은 장애,남자,2356
202603,전북특별자치도,남원시,심하지 않은 장애,여자,2191
202603,전북특별자치도,김제시,심한 장애,남자,1735
202603,전북특별자치도,김제시,심한 장애,여자,1356
202603,전북특별자치도,김제시,심하지 않은 장애,남자,2898
202603,전북특별자치도,김제시,심하지 않은 장애,여자,2866
202603,전북특별자치도,완주군,심한 장애,남자,1765
202603,전북특별자치도,완주군,심한 장애,여자,1224
202603,전북특별자치도,완주군,심하지 않은 장애,남자,2801
202603,전북특별자치도,완주군,심하지 않은 장애,여자,2332
202603,전북특별자치도,진안군,심한 장애,남자,471
202603,전북특별자치도,진안군,심한 장애,여자,379
202603,전북특별자치도,진안군,심하지 않은 장애,남자,931
202603,전북특별자치도,진안군,심하지 않은 장애,여자,899
202603,전북특별자치도,무주군,심한 장애,남자,388
202603,전북특별자치도,무주군,심한 장애,여자,328
202603,전북특별자치도,무주군,심하지 않은 장애,남자,853
202603,전북특별자치도,무주군,심하지 않은 장애,여자,736
202603,전북특별자치도,장수군,심한 장애,남자,392
202603,전북특별자치도,장수군,심한 장애,여자,284
202603,전북특별자치도,장수군,심하지 않은 장애,남자,788
202603,전북특별자치도,장수군,심하지 않은 장애,여자,830
202603,전북특별자치도,임실군,심한 장애,남자,556
202603,전북특별자치도,임실군,심한 장애,여자,452
202603,전북특별자치도,임실군,심하지 않은 장애,남자,1013
202603,전북특별자치도,임실군,심하지 않은 장애,여자,947
202603,전북특별자치도,순창군,심한 장애,남자,537
202603,전북특별자치도,순창군,심한 장애,여자,377
202603,전북특별자치도,순창군,심하지 않은 장애,남자,874
202603,전북특별자치도,순창군,심하지 않은 장애,여자,977
202603,전북특별자치도,고창군,심한 장애,남자,986
202603,전북특별자치도,고창군,심한 장애,여자,743
202603,전북특별자치도,고창군,심하지 않은 장애,남자,1655
202603,전북특별자치도,고창군,심하지 않은 장애,여자,1681
202603,전북특별자치도,부안군,심한 장애,남자,930
202603,전북특별자치도,부안군,심한 장애,여자,714
202603,전북특별자치도,부안군,심하지 않은 장애,남자,1618
202603,전북특별자치도,부안군,심하지 않은 장애,여자,1525
202604,서울특별시,종로구,심한 장애,남자,1178
202604,서울특별시,종로구,심한 장애,여자,800
202604,서울특별시,종로구,심하지 않은 장애,남자,1970
202604,서울특별시,종로구,심하지 않은 장애,여자,1554
202604,서울특별시,중구,심한 장애,남자,1053
202604,서울특별시,중구,심한 장애,여자,687
202604,서울특별시,중구,심하지 않은 장애,남자,1841
202604,서울특별시,중구,심하지 않은 장애,여자,1492
202604,서울특별시,용산구,심한 장애,남자,1421
202604,서울특별시,용산구,심한 장애,여자,900
202604,서울특별시,용산구,심하지 않은 장애,남자,2440
202604,서울특별시,용산구,심하지 않은 장애,여자,1786
202604,서울특별시,성동구,심한 장애,남자,2183
202604,서울특별시,성동구,심한 장애,여자,1425
202604,서울특별시,성동구,심하지 않은 장애,남자,3897
202604,서울특별시,성동구,심하지 않은 장애,여자,3028
202604,서울특별시,광진구,심한 장애,남자,2428
202604,서울특별시,광진구,심한 장애,여자,1615
202604,서울특별시,광진구,심하지 않은 장애,남자,4473
202604,서울특별시,광진구,심하지 않은 장애,여자,3405
202604,서울특별시,동대문구,심한 장애,남자,3058
202604,서울특별시,동대문구,심한 장애,여자,1973
202604,서울특별시,동대문구,심하지 않은 장애,남자,5603
202604,서울특별시,동대문구,심하지 않은 장애,여자,4391
202604,서울특별시,중랑구,심한 장애,남자,4366
202604,서울특별시,중랑구,심한 장애,여자,2953
202604,서울특별시,중랑구,심하지 않은 장애,남자,7190
202604,서울특별시,중랑구,심하지 않은 장애,여자,5476
202604,서울특별시,성북구,심한 장애,남자,3460
202604,서울특별시,성북구,심한 장애,여자,2326
202604,서울특별시,성북구,심하지 않은 장애,남자,6121
202604,서울특별시,성북구,심하지 않은 장애,여자,4887
202604,서울특별시,강북구,심한 장애,남자,3565
202604,서울특별시,강북구,심한 장애,여자,2571
202604,서울특별시,강북구,심하지 않은 장애,남자,5726
202604,서울특별시,강북구,심하지 않은 장애,여자,4705
202604,서울특별시,도봉구,심한 장애,남자,3162
202604,서울특별시,도봉구,심한 장애,여자,2145
202604,서울특별시,도봉구,심하지 않은 장애,남자,5543
202604,서울특별시,도봉구,심하지 않은 장애,여자,4221
202604,서울특별시,노원구,심한 장애,남자,6212
202604,서울특별시,노원구,심한 장애,여자,4567
202604,서울특별시,노원구,심하지 않은 장애,남자,7633
202604,서울특별시,노원구,심하지 않은 장애,여자,6747
202604,서울특별시,은평구,심한 장애,남자,4952
202604,서울특별시,은평구,심한 장애,여자,3027
202604,서울특별시,은평구,심하지 않은 장애,남자,7259
202604,서울특별시,은평구,심하지 않은 장애,여자,5799
202604,서울특별시,서대문구,심한 장애,남자,2417
202604,서울특별시,서대문구,심한 장애,여자,1688
202604,서울특별시,서대문구,심하지 않은 장애,남자,4124
202604,서울특별시,서대문구,심하지 않은 장애,여자,3432
202604,서울특별시,마포구,심한 장애,남자,2670
202604,서울특별시,마포구,심한 장애,여자,1906
202604,서울특별시,마포구,심하지 않은 장애,남자,4133
202604,서울특별시,마포구,심하지 않은 장애,여자,3387
202604,서울특별시,양천구,심한 장애,남자,3586
202604,서울특별시,양천구,심한 장애,여자,2359
202604,서울특별시,양천구,심하지 않은 장애,남자,6681
202604,서울특별시,양천구,심하지 않은 장애,여자,5049
202604,서울특별시,강서구,심한 장애,남자,6605
202604,서울특별시,강서구,심한 장애,여자,4521
202604,서울특별시,강서구,심하지 않은 장애,남자,9264
202604,서울특별시,강서구,심하지 않은 장애,여자,7107
202604,서울특별시,구로구,심한 장애,남자,3915
202604,서울특별시,구로구,심한 장애,여자,2573
202604,서울특별시,구로구,심하지 않은 장애,남자,7524
202604,서울특별시,구로구,심하지 않은 장애,여자,5593
202604,서울특별시,금천구,심한 장애,남자,2458
202604,서울특별시,금천구,심한 장애,여자,1624
202604,서울특별시,금천구,심하지 않은 장애,남자,4794
202604,서울특별시,금천구,심하지 않은 장애,여자,3401
202604,서울특별시,영등포구,심한 장애,남자,2981
202604,서울특별시,영등포구,심한 장애,여자,1765
202604,서울특별시,영등포구,심하지 않은 장애,남자,5759
202604,서울특별시,영등포구,심하지 않은 장애,여자,4315
202604,서울특별시,동작구,심한 장애,남자,2880
202604,서울특별시,동작구,심한 장애,여자,1982
202604,서울특별시,동작구,심하지 않은 장애,남자,5029
202604,서울특별시,동작구,심하지 않은 장애,여자,3961
202604,서울특별시,관악구,심한 장애,남자,4118
202604,서울특별시,관악구,심한 장애,여자,2753
202604,서울특별시,관악구,심하지 않은 장애,남자,7427
202604,서울특별시,관악구,심하지 않은 장애,여자,5667
202604,서울특별시,서초구,심한 장애,남자,2402
202604,서울특별시,서초구,심한 장애,여자,1582
202604,서울특별시,서초구,심하지 않은 장애,남자,3593
202604,서울특별시,서초구,심하지 않은 장애,여자,2592
202604,서울특별시,강남구,심한 장애,남자,3932
202604,서울특별시,강남구,심한 장애,여자,2601
202604,서울특별시,강남구,심하지 않은 장애,남자,5101
202604,서울특별시,강남구,심하지 않은 장애,여자,3856
202604,서울특별시,송파구,심한 장애,남자,4723
202604,서울특별시,송파구,심한 장애,여자,2838
202604,서울특별시,송파구,심하지 않은 장애,남자,7317
202604,서울특별시,송파구,심하지 않은 장애,여자,5310
202604,서울특별시,강동구,심한 장애,남자,4530
202604,서울특별시,강동구,심한 장애,여자,2698
202604,서울특별시,강동구,심하지 않은 장애,남자,7116
202604,서울특별시,강동구,심하지 않은 장애,여자,5086
202604,부산광역시,중구,심한 장애,남자,489
202604,부산광역시,중구,심한 장애,여자,320
202604,부산광역시,중구,심하지 않은 장애,남자,897
202604,부산광역시,중구,심하지 않은 장애,여자,703
202604,부산광역시,서구,심한 장애,남자,1456
202604,부산광역시,서구,심한 장애,여자,937
202604,부산광역시,서구,심하지 않은 장애,남자,2313
202604,부산광역시,서구,심하지 않은 장애,여자,1767
202604,부산광역시,동구,심한 장애,남자,1236
202604,부산광역시,동구,심한 장애,여자,743
202604,부산광역시,동구,심하지 않은 장애,남자,2031
202604,부산광역시,동구,심하지 않은 장애,여자,1723
202604,부산광역시,영도구,심한 장애,남자,1885
202604,부산광역시,영도구,심한 장애,여자,1357
202604,부산광역시,영도구,심하지 않은 장애,남자,2839
202604,부산광역시,영도구,심하지 않은 장애,여자,2245
202604,부산광역시,부산진구,심한 장애,남자,4039
202604,부산광역시,부산진구,심한 장애,여자,2608
202604,부산광역시,부산진구,심하지 않은 장애,남자,6923
202604,부산광역시,부산진구,심하지 않은 장애,여자,5124
202604,부산광역시,동래구,심한 장애,남자,2701
202604,부산광역시,동래구,심한 장애,여자,1669
202604,부산광역시,동래구,심하지 않은 장애,남자,4377
202604,부산광역시,동래구,심하지 않은 장애,여자,3249
202604,부산광역시,남구,심한 장애,남자,2879
202604,부산광역시,남구,심한 장애,여자,1792
202604,부산광역시,남구,심하지 않은 장애,남자,4675
202604,부산광역시,남구,심하지 않은 장애,여자,3290
202604,부산광역시,북구,심한 장애,남자,3776
202604,부산광역시,북구,심한 장애,여자,2394
202604,부산광역시,북구,심하지 않은 장애,남자,5624
202604,부산광역시,북구,심하지 않은 장애,여자,3949
202604,부산광역시,해운대구,심한 장애,남자,3864
202604,부산광역시,해운대구,심한 장애,여자,2562
202604,부산광역시,해운대구,심하지 않은 장애,남자,6122
202604,부산광역시,해운대구,심하지 않은 장애,여자,4678
202604,부산광역시,사하구,심한 장애,남자,3945
202604,부산광역시,사하구,심한 장애,여자,2754
202604,부산광역시,사하구,심하지 않은 장애,남자,6462
202604,부산광역시,사하구,심하지 않은 장애,여자,4533
202604,부산광역시,금정구,심한 장애,남자,2466
202604,부산광역시,금정구,심한 장애,여자,1626
202604,부산광역시,금정구,심하지 않은 장애,남자,4054
202604,부산광역시,금정구,심하지 않은 장애,여자,3054
202604,부산광역시,강서구,심한 장애,남자,1283
202604,부산광역시,강서구,심한 장애,여자,734
202604,부산광역시,강서구,심하지 않은 장애,남자,2094
202604,부산광역시,강서구,심하지 않은 장애,여자,1307
202604,부산광역시,연제구,심한 장애,남자,2173
202604,부산광역시,연제구,심한 장애,여자,1484
202604,부산광역시,연제구,심하지 않은 장애,남자,3634
202604,부산광역시,연제구,심하지 않은 장애,여자,2803
202604,부산광역시,수영구,심한 장애,남자,1732
202604,부산광역시,수영구,심한 장애,여자,1273
202604,부산광역시,수영구,심하지 않은 장애,남자,2813
202604,부산광역시,수영구,심하지 않은 장애,여자,2230
202604,부산광역시,사상구,심한 장애,남자,3131
202604,부산광역시,사상구,심한 장애,여자,2005
202604,부산광역시,사상구,심하지 않은 장애,남자,4876
202604,부산광역시,사상구,심하지 않은 장애,여자,3145
202604,부산광역시,기장군,심한 장애,남자,2028
202604,부산광역시,기장군,심한 장애,여자,1324
202604,부산광역시,기장군,심하지 않은 장애,남자,3064
202604,부산광역시,기장군,심하지 않은 장애,여자,2279
202604,대구광역시,중구,심한 장애,남자,834
202604,대구광역시,중구,심한 장애,여자,662
202604,대구광역시,중구,심하지 않은 장애,남자,1549
202604,대구광역시,중구,심하지 않은 장애,여자,1257
202604,대구광역시,동구,심한 장애,남자,4436
202604,대구광역시,동구,심한 장애,여자,2876
202604,대구광역시,동구,심하지 않은 장애,남자,7513
202604,대구광역시,동구,심하지 않은 장애,여자,6018
202604,대구광역시,서구,심한 장애,남자,2392
202604,대구광역시,서구,심한 장애,여자,1568
202604,대구광역시,서구,심하지 않은 장애,남자,4513
202604,대구광역시,서구,심하지 않은 장애,여자,3494
202604,대구광역시,남구,심한 장애,남자,1822
202604,대구광역시,남구,심한 장애,여자,1329
202604,대구광역시,남구,심하지 않은 장애,남자,3379
202604,대구광역시,남구,심하지 않은 장애,여자,2747
202604,대구광역시,북구,심한 장애,남자,4755
202604,대구광역시,북구,심한 장애,여자,3172
202604,대구광역시,북구,심하지 않은 장애,남자,8512
202604,대구광역시,북구,심하지 않은 장애,여자,6041
202604,대구광역시,수성구,심한 장애,남자,3828
202604,대구광역시,수성구,심한 장애,여자,2780
202604,대구광역시,수성구,심하지 않은 장애,남자,6456
202604,대구광역시,수성구,심하지 않은 장애,여자,5008
202604,대구광역시,달서구,심한 장애,남자,6351
202604,대구광역시,달서구,심한 장애,여자,4132
202604,대구광역시,달서구,심하지 않은 장애,남자,10228
202604,대구광역시,달서구,심하지 않은 장애,여자,7629
202604,대구광역시,달성군,심한 장애,남자,2881
202604,대구광역시,달성군,심한 장애,여자,1962
202604,대구광역시,달성군,심하지 않은 장애,남자,4839
202604,대구광역시,달성군,심하지 않은 장애,여자,3409
202604,대구광역시,군위군,심한 장애,남자,412
202604,대구광역시,군위군,심한 장애,여자,287
202604,대구광역시,군위군,심하지 않은 장애,남자,976
202604,대구광역시,군위군,심하지 않은 장애,여자,877
202604,인천광역시,중구,심한 장애,남자,1462
202604,인천광역시,중구,심한 장애,여자,943
202604,인천광역시,중구,심하지 않은 장애,남자,2978
202604,인천광역시,중구,심하지 않은 장애,여자,1962
202604,인천광역시,동구,심한 장애,남자,892
202604,인천광역시,동구,심한 장애,여자,593
202604,인천광역시,동구,심하지 않은 장애,남자,1716
202604,인천광역시,동구,심하지 않은 장애,여자,1387
202604,인천광역시,미추홀구,심한 장애,남자,4767
202604,인천광역시,미추홀구,심한 장애,여자,3220
202604,인천광역시,미추홀구,심하지 않은 장애,남자,9413
202604,인천광역시,미추홀구,심하지 않은 장애,여자,6547
202604,인천광역시,연수구,심한 장애,남자,3256
202604,인천광역시,연수구,심한 장애,여자,2021
202604,인천광역시,연수구,심하지 않은 장애,남자,5387
202604,인천광역시,연수구,심하지 않은 장애,여자,3651
202604,인천광역시,남동구,심한 장애,남자,6029
202604,인천광역시,남동구,심한 장애,여자,3859
202604,인천광역시,남동구,심하지 않은 장애,남자,9787
202604,인천광역시,남동구,심하지 않은 장애,여자,7248
202604,인천광역시,부평구,심한 장애,남자,5991
202604,인천광역시,부평구,심한 장애,여자,4039
202604,인천광역시,부평구,심하지 않은 장애,남자,9849
202604,인천광역시,부평구,심하지 않은 장애,여자,7362
202604,인천광역시,계양구,심한 장애,남자,3133
202604,인천광역시,계양구,심한 장애,여자,2081
202604,인천광역시,계양구,심하지 않은 장애,남자,5673
202604,인천광역시,계양구,심하지 않은 장애,여자,3912
202604,인천광역시,서구,심한 장애,남자,5763
202604,인천광역시,서구,심한 장애,여자,3876
202604,인천광역시,서구,심하지 않은 장애,남자,10721
202604,인천광역시,서구,심하지 않은 장애,여자,6796
202604,인천광역시,강화군,심한 장애,남자,1245
202604,인천광역시,강화군,심한 장애,여자,831
202604,인천광역시,강화군,심하지 않은 장애,남자,2074
202604,인천광역시,강화군,심하지 않은 장애,여자,1644
202604,인천광역시,옹진군,심한 장애,남자,315
202604,인천광역시,옹진군,심한 장애,여자,173
202604,인천광역시,옹진군,심하지 않은 장애,남자,617
202604,인천광역시,옹진군,심하지 않은 장애,여자,445
202604,광주광역시,동구,심한 장애,남자,1214
202604,광주광역시,동구,심한 장애,여자,876
202604,광주광역시,동구,심하지 않은 장애,남자,1932
202604,광주광역시,동구,심하지 않은 장애,여자,1500
202604,광주광역시,서구,심한 장애,남자,3119
202604,광주광역시,서구,심한 장애,여자,2109
202604,광주광역시,서구,심하지 않은 장애,남자,4483
202604,광주광역시,서구,심하지 않은 장애,여자,3512
202604,광주광역시,남구,심한 장애,남자,2416
202604,광주광역시,남구,심한 장애,여자,1949
202604,광주광역시,남구,심하지 않은 장애,남자,3547
202604,광주광역시,남구,심하지 않은 장애,여자,3060
202604,광주광역시,북구,심한 장애,남자,5099
202604,광주광역시,북구,심한 장애,여자,3556
202604,광주광역시,북구,심하지 않은 장애,남자,7196
202604,광주광역시,북구,심하지 않은 장애,여자,5676
202604,광주광역시,광산구,심한 장애,남자,4322
202604,광주광역시,광산구,심한 장애,여자,2891
202604,광주광역시,광산구,심하지 않은 장애,남자,5947
202604,광주광역시,광산구,심하지 않은 장애,여자,4303
202604,대전광역시,동구,심한 장애,남자,3387
202604,대전광역시,동구,심한 장애,여자,2202
202604,대전광역시,동구,심하지 않은 장애,남자,4945
202604,대전광역시,동구,심하지 않은 장애,여자,3545
202604,대전광역시,중구,심한 장애,남자,3142
202604,대전광역시,중구,심한 장애,여자,2059
202604,대전광역시,중구,심하지 않은 장애,남자,4717
202604,대전광역시,중구,심하지 않은 장애,여자,3626
202604,대전광역시,서구,심한 장애,남자,4688
202604,대전광역시,서구,심한 장애,여자,3234
202604,대전광역시,서구,심하지 않은 장애,남자,7093
202604,대전광역시,서구,심하지 않은 장애,여자,5248
202604,대전광역시,유성구,심한 장애,남자,2999
202604,대전광역시,유성구,심한 장애,여자,1931
202604,대전광역시,유성구,심하지 않은 장애,남자,4462
202604,대전광역시,유성구,심하지 않은 장애,여자,3134
202604,대전광역시,대덕구,심한 장애,남자,2536
202604,대전광역시,대덕구,심한 장애,여자,1741
202604,대전광역시,대덕구,심하지 않은 장애,남자,3696
202604,대전광역시,대덕구,심하지 않은 장애,여자,2670
202604,울산광역시,중구,심한 장애,남자,2162
202604,울산광역시,중구,심한 장애,여자,1427
202604,울산광역시,중구,심하지 않은 장애,남자,4121
202604,울산광역시,중구,심하지 않은 장애,여자,2778
202604,울산광역시,남구,심한 장애,남자,2866
202604,울산광역시,남구,심한 장애,여자,1752
202604,울산광역시,남구,심하지 않은 장애,남자,4907
202604,울산광역시,남구,심하지 않은 장애,여자,3131
202604,울산광역시,동구,심한 장애,남자,1654
202604,울산광역시,동구,심한 장애,여자,1051
202604,울산광역시,동구,심하지 않은 장애,남자,2789
202604,울산광역시,동구,심하지 않은 장애,여자,1811
202604,울산광역시,북구,심한 장애,남자,2135
202604,울산광역시,북구,심한 장애,여자,1301
202604,울산광역시,북구,심하지 않은 장애,남자,3344
202604,울산광역시,북구,심하지 않은 장애,여자,2033
202604,울산광역시,울주군,심한 장애,남자,2679
202604,울산광역시,울주군,심한 장애,여자,1839
202604,울산광역시,울주군,심하지 않은 장애,남자,4243
202604,울산광역시,울주군,심하지 않은 장애,여자,2858
202604,세종특별자치시,세종특별자치시,심한 장애,남자,3142
202604,세종특별자치시,세종특별자치시,심한 장애,여자,1881
202604,세종특별자치시,세종특별자치시,심하지 않은 장애,남자,4744
202604,세종특별자치시,세종특별자치시,심하지 않은 장애,여자,3195
202604,경기도,수원시,심한 장애,남자,9922
202604,경기도,수원시,심한 장애,여자,6566
202604,경기도,수원시,심하지 않은 장애,남자,16468
202604,경기도,수원시,심하지 않은 장애,여자,11725
202604,경기도,성남시,심한 장애,남자,7815
202604,경기도,성남시,심한 장애,여자,5235
202604,경기도,성남시,심하지 않은 장애,남자,12857
202604,경기도,성남시,심하지 않은 장애,여자,9578
202604,경기도,의정부시,심한 장애,남자,4793
202604,경기도,의정부시,심한 장애,여자,3300
202604,경기도,의정부시,심하지 않은 장애,남자,8166
202604,경기도,의정부시,심하지 않은 장애,여자,6131
202604,경기도,안양시,심한 장애,남자,4475
202604,경기도,안양시,심한 장애,여자,2950
202604,경기도,안양시,심하지 않은 장애,남자,8451
202604,경기도,안양시,심하지 않은 장애,여자,6097
202604,경기도,부천시,심한 장애,남자,8334
202604,경기도,부천시,심한 장애,여자,5345
202604,경기도,부천시,심하지 않은 장애,남자,14191
202604,경기도,부천시,심하지 않은 장애,여자,9492
202604,경기도,광명시,심한 장애,남자,2795
202604,경기도,광명시,심한 장애,여자,1826
202604,경기도,광명시,심하지 않은 장애,남자,4686
202604,경기도,광명시,심하지 않은 장애,여자,3314
202604,경기도,평택시,심한 장애,남자,5575
202604,경기도,평택시,심한 장애,여자,3777
202604,경기도,평택시,심하지 않은 장애,남자,10336
202604,경기도,평택시,심하지 않은 장애,여자,6803
202604,경기도,동두천시,심한 장애,남자,1475
202604,경기도,동두천시,심한 장애,여자,1023
202604,경기도,동두천시,심하지 않은 장애,남자,2090
202604,경기도,동두천시,심하지 않은 장애,여자,1644
202604,경기도,안산시,심한 장애,남자,7258
202604,경기도,안산시,심한 장애,여자,4623
202604,경기도,안산시,심하지 않은 장애,남자,13058
202604,경기도,안산시,심하지 않은 장애,여자,8295
202604,경기도,고양시,심한 장애,남자,9330
202604,경기도,고양시,심한 장애,여자,6239
202604,경기도,고양시,심하지 않은 장애,남자,14737
202604,경기도,고양시,심하지 않은 장애,여자,11642
202604,경기도,과천시,심한 장애,남자,516
202604,경기도,과천시,심한 장애,여자,335
202604,경기도,과천시,심하지 않은 장애,남자,824
202604,경기도,과천시,심하지 않은 장애,여자,622
202604,경기도,구리시,심한 장애,남자,1797
202604,경기도,구리시,심한 장애,여자,1116
202604,경기도,구리시,심하지 않은 장애,남자,3300
202604,경기도,구리시,심하지 않은 장애,여자,2292
202604,경기도,남양주시,심한 장애,남자,7044
202604,경기도,남양주시,심한 장애,여자,4512
202604,경기도,남양주시,심하지 않은 장애,남자,12703
202604,경기도,남양주시,심하지 않은 장애,여자,9010
202604,경기도,오산시,심한 장애,남자,2287
202604,경기도,오산시,심한 장애,여자,1503
202604,경기도,오산시,심하지 않은 장애,남자,3604
202604,경기도,오산시,심하지 않은 장애,여자,2271
202604,경기도,시흥시,심한 장애,남자,4923
202604,경기도,시흥시,심한 장애,여자,3001
202604,경기도,시흥시,심하지 않은 장애,남자,9193
202604,경기도,시흥시,심하지 않은 장애,여자,5498
202604,경기도,군포시,심한 장애,남자,2466
202604,경기도,군포시,심한 장애,여자,1577
202604,경기도,군포시,심하지 않은 장애,남자,4376
202604,경기도,군포시,심하지 않은 장애,여자,3189
202604,경기도,의왕시,심한 장애,남자,1320
202604,경기도,의왕시,심한 장애,여자,881
202604,경기도,의왕시,심하지 않은 장애,남자,2542
202604,경기도,의왕시,심하지 않은 장애,여자,1841
202604,경기도,하남시,심한 장애,남자,2548
202604,경기도,하남시,심한 장애,여자,1649
202604,경기도,하남시,심하지 않은 장애,남자,4572
202604,경기도,하남시,심하지 않은 장애,여자,3194
202604,경기도,용인시,심한 장애,남자,8108
202604,경기도,용인시,심한 장애,여자,5830
202604,경기도,용인시,심하지 않은 장애,남자,14083
202604,경기도,용인시,심하지 않은 장애,여자,10135
202604,경기도,파주시,심한 장애,남자,5401
202604,경기도,파주시,심한 장애,여자,3516
202604,경기도,파주시,심하지 않은 장애,남자,8610
202604,경기도,파주시,심하지 않은 장애,여자,6172
202604,경기도,이천시,심한 장애,남자,2703
202604,경기도,이천시,심한 장애,여자,1694
202604,경기도,이천시,심하지 않은 장애,남자,3931
202604,경기도,이천시,심하지 않은 장애,여자,2588
202604,경기도,안성시,심한 장애,남자,2623
202604,경기도,안성시,심한 장애,여자,1665
202604,경기도,안성시,심하지 않은 장애,남자,4207
202604,경기도,안성시,심하지 않은 장애,여자,2832
202604,경기도,김포시,심한 장애,남자,4236
202604,경기도,김포시,심한 장애,여자,2556
202604,경기도,김포시,심하지 않은 장애,남자,7400
202604,경기도,김포시,심하지 않은 장애,여자,4850
202604,경기도,화성시,심한 장애,남자,7379
202604,경기도,화성시,심한 장애,여자,4590
202604,경기도,화성시,심하지 않은 장애,남자,13386
202604,경기도,화성시,심하지 않은 장애,여자,8043
202604,경기도,광주시,심한 장애,남자,3916
202604,경기도,광주시,심한 장애,여자,2459
202604,경기도,광주시,심하지 않은 장애,남자,7057
202604,경기도,광주시,심하지 않은 장애,여자,4470
202604,경기도,양주시,심한 장애,남자,3253
202604,경기도,양주시,심한 장애,여자,2200
202604,경기도,양주시,심하지 않은 장애,남자,5456
202604,경기도,양주시,심하지 않은 장애,여자,3671
202604,경기도,포천시,심한 장애,남자,2259
202604,경기도,포천시,심한 장애,여자,1433
202604,경기도,포천시,심하지 않은 장애,남자,3957
202604,경기도,포천시,심하지 않은 장애,여자,2581
202604,경기도,여주시,심한 장애,남자,1850
202604,경기도,여주시,심한 장애,여자,1149
202604,경기도,여주시,심하지 않은 장애,남자,2647
202604,경기도,여주시,심하지 않은 장애,여자,1843
202604,경기도,연천군,심한 장애,남자,702
202604,경기도,연천군,심한 장애,여자,450
202604,경기도,연천군,심하지 않은 장애,남자,1275
202604,경기도,연천군,심하지 않은 장애,여자,976
202604,경기도,가평군,심한 장애,남자,1217
202604,경기도,가평군,심한 장애,여자,818
202604,경기도,가평군,심하지 않은 장애,남자,1728
202604,경기도,가평군,심하지 않은 장애,여자,1227
202604,경기도,양평군,심한 장애,남자,1900
202604,경기도,양평군,심한 장애,여자,1219
202604,경기도,양평군,심하지 않은 장애,남자,3072
202604,경기도,양평군,심하지 않은 장애,여자,2209
202604,충청북도,청주시,심한 장애,남자,9542
202604,충청북도,청주시,심한 장애,여자,6471
202604,충청북도,청주시,심하지 않은 장애,남자,13992
202604,충청북도,청주시,심하지 않은 장애,여자,10293
202604,충청북도,충주시,심한 장애,남자,2948
202604,충청북도,충주시,심한 장애,여자,2044
202604,충청북도,충주시,심하지 않은 장애,남자,4642
202604,충청북도,충주시,심하지 않은 장애,여자,3593
202604,충청북도,제천시,심한 장애,남자,2321
202604,충청북도,제천시,심한 장애,여자,1480
202604,충청북도,제천시,심하지 않은 장애,남자,3684
202604,충청북도,제천시,심하지 않은 장애,여자,2750
202604,충청북도,보은군,심한 장애,남자,654
202604,충청북도,보은군,심한 장애,여자,391
202604,충청북도,보은군,심하지 않은 장애,남자,1100
202604,충청북도,보은군,심하지 않은 장애,여자,902
202604,충청북도,옥천군,심한 장애,남자,1072
202604,충청북도,옥천군,심한 장애,여자,753
202604,충청북도,옥천군,심하지 않은 장애,남자,1659
202604,충청북도,옥천군,심하지 않은 장애,여자,1416
202604,충청북도,영동군,심한 장애,남자,767
202604,충청북도,영동군,심한 장애,여자,589
202604,충청북도,영동군,심하지 않은 장애,남자,1503
202604,충청북도,영동군,심하지 않은 장애,여자,1234
202604,충청북도,증평군,심한 장애,남자,600
202604,충청북도,증평군,심한 장애,여자,376
202604,충청북도,증평군,심하지 않은 장애,남자,812
202604,충청북도,증평군,심하지 않은 장애,여자,607
202604,충청북도,진천군,심한 장애,남자,981
202604,충청북도,진천군,심한 장애,여자,680
202604,충청북도,진천군,심하지 않은 장애,남자,1667
202604,충청북도,진천군,심하지 않은 장애,여자,1200
202604,충청북도,괴산군,심한 장애,남자,691
202604,충청북도,괴산군,심한 장애,여자,519
202604,충청북도,괴산군,심하지 않은 장애,남자,1260
202604,충청북도,괴산군,심하지 않은 장애,여자,1044
202604,충청북도,음성군,심한 장애,남자,1884
202604,충청북도,음성군,심한 장애,여자,1311
202604,충청북도,음성군,심하지 않은 장애,남자,2450
202604,충청북도,음성군,심하지 않은 장애,여자,1591
202604,충청북도,단양군,심한 장애,남자,524
202604,충청북도,단양군,심한 장애,여자,343
202604,충청북도,단양군,심하지 않은 장애,남자,955
202604,충청북도,단양군,심하지 않은 장애,여자,733
202604,충청남도,천안시,심한 장애,남자,6463
202604,충청남도,천안시,심한 장애,여자,4491
202604,충청남도,천안시,심하지 않은 장애,남자,10226
202604,충청남도,천안시,심하지 않은 장애,여자,6669
202604,충청남도,공주시,심한 장애,남자,2001
202604,충청남도,공주시,심한 장애,여자,1359
202604,충청남도,공주시,심하지 않은 장애,남자,2829
202604,충청남도,공주시,심하지 않은 장애,여자,2235
202604,충청남도,보령시,심한 장애,남자,1958
202604,충청남도,보령시,심한 장애,여자,1223
202604,충청남도,보령시,심하지 않은 장애,남자,2830
202604,충청남도,보령시,심하지 않은 장애,여자,2328
202604,충청남도,아산시,심한 장애,남자,3868
202604,충청남도,아산시,심한 장애,여자,2499
202604,충청남도,아산시,심하지 않은 장애,남자,6071
202604,충청남도,아산시,심하지 않은 장애,여자,4241
202604,충청남도,서산시,심한 장애,남자,2126
202604,충청남도,서산시,심한 장애,여자,1429
202604,충청남도,서산시,심하지 않은 장애,남자,3891
202604,충청남도,서산시,심하지 않은 장애,여자,3052
202604,충청남도,논산시,심한 장애,남자,2179
202604,충청남도,논산시,심한 장애,여자,1642
202604,충청남도,논산시,심하지 않은 장애,남자,3243
202604,충청남도,논산시,심하지 않은 장애,여자,2642
202604,충청남도,계룡시,심한 장애,남자,361
202604,충청남도,계룡시,심한 장애,여자,252
202604,충청남도,계룡시,심하지 않은 장애,남자,641
202604,충청남도,계룡시,심하지 않은 장애,여자,497
202604,충청남도,당진시,심한 장애,남자,2159
202604,충청남도,당진시,심한 장애,여자,1430
202604,충청남도,당진시,심하지 않은 장애,남자,4229
202604,충청남도,당진시,심하지 않은 장애,여자,2848
202604,충청남도,금산군,심한 장애,남자,907
202604,충청남도,금산군,심한 장애,여자,569
202604,충청남도,금산군,심하지 않은 장애,남자,1539
202604,충청남도,금산군,심하지 않은 장애,여자,1383
202604,충청남도,부여군,심한 장애,남자,1386
202604,충청남도,부여군,심한 장애,여자,934
202604,충청남도,부여군,심하지 않은 장애,남자,2211
202604,충청남도,부여군,심하지 않은 장애,여자,1958
202604,충청남도,서천군,심한 장애,남자,1026
202604,충청남도,서천군,심한 장애,여자,693
202604,충청남도,서천군,심하지 않은 장애,남자,1786
202604,충청남도,서천군,심하지 않은 장애,여자,1639
202604,충청남도,청양군,심한 장애,남자,559
202604,충청남도,청양군,심한 장애,여자,404
202604,충청남도,청양군,심하지 않은 장애,남자,1042
202604,충청남도,청양군,심하지 않은 장애,여자,1012
202604,충청남도,홍성군,심한 장애,남자,1547
202604,충청남도,홍성군,심한 장애,여자,1017
202604,충청남도,홍성군,심하지 않은 장애,남자,2573
202604,충청남도,홍성군,심하지 않은 장애,여자,2120
202604,충청남도,예산군,심한 장애,남자,1328
202604,충청남도,예산군,심한 장애,여자,974
202604,충청남도,예산군,심하지 않은 장애,남자,2579
202604,충청남도,예산군,심하지 않은 장애,여자,2326
202604,충청남도,태안군,심한 장애,남자,955
202604,충청남도,태안군,심한 장애,여자,663
202604,충청남도,태안군,심하지 않은 장애,남자,1929
202604,충청남도,태안군,심하지 않은 장애,여자,1622
202604,전라북도,전주시,심한 장애,남자,1
202604,전라북도,임실군,심하지 않은 장애,여자,1
202604,전라북도,부안군,심하지 않은 장애,남자,2
202604,전라남도,목포시,심한 장애,남자,3056
202604,전라남도,목포시,심한 장애,여자,2109
202604,전라남도,목포시,심하지 않은 장애,남자,4305
202604,전라남도,목포시,심하지 않은 장애,여자,3806
202604,전라남도,여수시,심한 장애,남자,3612
202604,전라남도,여수시,심한 장애,여자,2455
202604,전라남도,여수시,심하지 않은 장애,남자,5811
202604,전라남도,여수시,심하지 않은 장애,여자,5046
202604,전라남도,순천시,심한 장애,남자,3221
202604,전라남도,순천시,심한 장애,여자,2292
202604,전라남도,순천시,심하지 않은 장애,남자,5532
202604,전라남도,순천시,심하지 않은 장애,여자,4309
202604,전라남도,나주시,심한 장애,남자,1906
202604,전라남도,나주시,심한 장애,여자,1358
202604,전라남도,나주시,심하지 않은 장애,남자,2496
202604,전라남도,나주시,심하지 않은 장애,여자,2341
202604,전라남도,광양시,심한 장애,남자,1725
202604,전라남도,광양시,심한 장애,여자,1141
202604,전라남도,광양시,심하지 않은 장애,남자,2834
202604,전라남도,광양시,심하지 않은 장애,여자,2205
202604,전라남도,담양군,심한 장애,남자,806
202604,전라남도,담양군,심한 장애,여자,578
202604,전라남도,담양군,심하지 않은 장애,남자,1309
202604,전라남도,담양군,심하지 않은 장애,여자,1167
202604,전라남도,곡성군,심한 장애,남자,552
202604,전라남도,곡성군,심한 장애,여자,463
202604,전라남도,곡성군,심하지 않은 장애,남자,977
202604,전라남도,곡성군,심하지 않은 장애,여자,1032
202604,전라남도,구례군,심한 장애,남자,471
202604,전라남도,구례군,심한 장애,여자,341
202604,전라남도,구례군,심하지 않은 장애,남자,883
202604,전라남도,구례군,심하지 않은 장애,여자,818
202604,전라남도,고흥군,심한 장애,남자,1355
202604,전라남도,고흥군,심한 장애,여자,904
202604,전라남도,고흥군,심하지 않은 장애,남자,2154
202604,전라남도,고흥군,심하지 않은 장애,여자,2340
202604,전라남도,보성군,심한 장애,남자,761
202604,전라남도,보성군,심한 장애,여자,616
202604,전라남도,보성군,심하지 않은 장애,남자,1341
202604,전라남도,보성군,심하지 않은 장애,여자,1340
202604,전라남도,화순군,심한 장애,남자,1005
202604,전라남도,화순군,심한 장애,여자,720
202604,전라남도,화순군,심하지 않은 장애,남자,1713
202604,전라남도,화순군,심하지 않은 장애,여자,1568
202604,전라남도,장흥군,심한 장애,남자,739
202604,전라남도,장흥군,심한 장애,여자,568
202604,전라남도,장흥군,심하지 않은 장애,남자,1023
202604,전라남도,장흥군,심하지 않은 장애,여자,1160
202604,전라남도,강진군,심한 장애,남자,588
202604,전라남도,강진군,심한 장애,여자,436
202604,전라남도,강진군,심하지 않은 장애,남자,928
202604,전라남도,강진군,심하지 않은 장애,여자,1040
202604,전라남도,해남군,심한 장애,남자,1335
202604,전라남도,해남군,심한 장애,여자,896
202604,전라남도,해남군,심하지 않은 장애,남자,1944
202604,전라남도,해남군,심하지 않은 장애,여자,1814
202604,전라남도,영암군,심한 장애,남자,882
202604,전라남도,영암군,심한 장애,여자,680
202604,전라남도,영암군,심하지 않은 장애,남자,1470
202604,전라남도,영암군,심하지 않은 장애,여자,1385
202604,전라남도,무안군,심한 장애,남자,1396
202604,전라남도,무안군,심한 장애,여자,984
202604,전라남도,무안군,심하지 않은 장애,남자,1915
202604,전라남도,무안군,심하지 않은 장애,여자,1724
202604,전라남도,함평군,심한 장애,남자,687
202604,전라남도,함평군,심한 장애,여자,530
202604,전라남도,함평군,심하지 않은 장애,남자,1079
202604,전라남도,함평군,심하지 않은 장애,여자,1148
202604,전라남도,영광군,심한 장애,남자,994
202604,전라남도,영광군,심한 장애,여자,730
202604,전라남도,영광군,심하지 않은 장애,남자,1464
202604,전라남도,영광군,심하지 않은 장애,여자,1649
202604,전라남도,장성군,심한 장애,남자,754
202604,전라남도,장성군,심한 장애,여자,552
202604,전라남도,장성군,심하지 않은 장애,남자,1260
202604,전라남도,장성군,심하지 않은 장애,여자,1138
202604,전라남도,완도군,심한 장애,남자,841
202604,전라남도,완도군,심한 장애,여자,534
202604,전라남도,완도군,심하지 않은 장애,남자,1355
202604,전라남도,완도군,심하지 않은 장애,여자,1443
202604,전라남도,진도군,심한 장애,남자,581
202604,전라남도,진도군,심한 장애,여자,441
202604,전라남도,진도군,심하지 않은 장애,남자,922
202604,전라남도,진도군,심하지 않은 장애,여자,968
202604,전라남도,신안군,심한 장애,남자,745
202604,전라남도,신안군,심한 장애,여자,452
202604,전라남도,신안군,심하지 않은 장애,남자,1452
202604,전라남도,신안군,심하지 않은 장애,여자,1310
202604,경상북도,포항시,심한 장애,남자,6326
202604,경상북도,포항시,심한 장애,여자,4065
202604,경상북도,포항시,심하지 않은 장애,남자,9850
202604,경상북도,포항시,심하지 않은 장애,여자,7264
202604,경상북도,경주시,심한 장애,남자,3390
202604,경상북도,경주시,심한 장애,여자,2432
202604,경상북도,경주시,심하지 않은 장애,남자,5892
202604,경상북도,경주시,심하지 않은 장애,여자,4498
202604,경상북도,김천시,심한 장애,남자,2215
202604,경상북도,김천시,심한 장애,여자,1543
202604,경상북도,김천시,심하지 않은 장애,남자,3399
202604,경상북도,김천시,심하지 않은 장애,여자,3083
202604,경상북도,안동시,심한 장애,남자,2976
202604,경상북도,안동시,심한 장애,여자,2097
202604,경상북도,안동시,심하지 않은 장애,남자,4282
202604,경상북도,안동시,심하지 않은 장애,여자,3777
202604,경상북도,구미시,심한 장애,남자,4016
202604,경상북도,구미시,심한 장애,여자,2705
202604,경상북도,구미시,심하지 않은 장애,남자,6333
202604,경상북도,구미시,심하지 않은 장애,여자,4466
202604,경상북도,영주시,심한 장애,남자,1660
202604,경상북도,영주시,심한 장애,여자,1203
202604,경상북도,영주시,심하지 않은 장애,남자,2743
202604,경상북도,영주시,심하지 않은 장애,여자,2440
202604,경상북도,영천시,심한 장애,남자,1663
202604,경상북도,영천시,심한 장애,여자,1141
202604,경상북도,영천시,심하지 않은 장애,남자,3005
202604,경상북도,영천시,심하지 않은 장애,여자,2404
202604,경상북도,상주시,심한 장애,남자,1738
202604,경상북도,상주시,심한 장애,여자,1245
202604,경상북도,상주시,심하지 않은 장애,남자,3121
202604,경상북도,상주시,심하지 않은 장애,여자,3121
202604,경상북도,문경시,심한 장애,남자,1253
202604,경상북도,문경시,심한 장애,여자,784
202604,경상북도,문경시,심하지 않은 장애,남자,2208
202604,경상북도,문경시,심하지 않은 장애,여자,2110
202604,경상북도,경산시,심한 장애,남자,3390
202604,경상북도,경산시,심한 장애,여자,2227
202604,경상북도,경산시,심하지 않은 장애,남자,5593
202604,경상북도,경산시,심하지 않은 장애,여자,4101
202604,경상북도,의성군,심한 장애,남자,1016
202604,경상북도,의성군,심한 장애,여자,715
202604,경상북도,의성군,심하지 않은 장애,남자,1989
202604,경상북도,의성군,심하지 않은 장애,여자,2013
202604,경상북도,청송군,심한 장애,남자,439
202604,경상북도,청송군,심한 장애,여자,318
202604,경상북도,청송군,심하지 않은 장애,남자,949
202604,경상북도,청송군,심하지 않은 장애,여자,921
202604,경상북도,영양군,심한 장애,남자,328
202604,경상북도,영양군,심한 장애,여자,234
202604,경상북도,영양군,심하지 않은 장애,남자,618
202604,경상북도,영양군,심하지 않은 장애,여자,638
202604,경상북도,영덕군,심한 장애,남자,670
202604,경상북도,영덕군,심한 장애,여자,457
202604,경상북도,영덕군,심하지 않은 장애,남자,1190
202604,경상북도,영덕군,심하지 않은 장애,여자,1173
202604,경상북도,청도군,심한 장애,남자,770
202604,경상북도,청도군,심한 장애,여자,516
202604,경상북도,청도군,심하지 않은 장애,남자,1457
202604,경상북도,청도군,심하지 않은 장애,여자,1450
202604,경상북도,고령군,심한 장애,남자,596
202604,경상북도,고령군,심한 장애,여자,391
202604,경상북도,고령군,심하지 않은 장애,남자,1185
202604,경상북도,고령군,심하지 않은 장애,여자,1015
202604,경상북도,성주군,심한 장애,남자,714
202604,경상북도,성주군,심한 장애,여자,477
202604,경상북도,성주군,심하지 않은 장애,남자,1445
202604,경상북도,성주군,심하지 않은 장애,여자,1197
202604,경상북도,칠곡군,심한 장애,남자,1507
202604,경상북도,칠곡군,심한 장애,여자,984
202604,경상북도,칠곡군,심하지 않은 장애,남자,2387
202604,경상북도,칠곡군,심하지 않은 장애,여자,1750
202604,경상북도,예천군,심한 장애,남자,971
202604,경상북도,예천군,심한 장애,여자,727
202604,경상북도,예천군,심하지 않은 장애,남자,1654
202604,경상북도,예천군,심하지 않은 장애,여자,1638
202604,경상북도,봉화군,심한 장애,남자,593
202604,경상북도,봉화군,심한 장애,여자,411
202604,경상북도,봉화군,심하지 않은 장애,남자,1099
202604,경상북도,봉화군,심하지 않은 장애,여자,979
202604,경상북도,울진군,심한 장애,남자,791
202604,경상북도,울진군,심한 장애,여자,592
202604,경상북도,울진군,심하지 않은 장애,남자,1343
202604,경상북도,울진군,심하지 않은 장애,여자,1114
202604,경상북도,울릉군,심한 장애,남자,72
202604,경상북도,울릉군,심한 장애,여자,47
202604,경상북도,울릉군,심하지 않은 장애,남자,225
202604,경상북도,울릉군,심하지 않은 장애,여자,158
202604,경상남도,창원시,심한 장애,남자,10824
202604,경상남도,창원시,심한 장애,여자,7340
202604,경상남도,창원시,심하지 않은 장애,남자,19100
202604,경상남도,창원시,심하지 않은 장애,여자,12972
202604,경상남도,진주시,심한 장애,남자,4100
202604,경상남도,진주시,심한 장애,여자,2754
202604,경상남도,진주시,심하지 않은 장애,남자,6197
202604,경상남도,진주시,심하지 않은 장애,여자,4603
202604,경상남도,통영시,심한 장애,남자,1618
202604,경상남도,통영시,심한 장애,여자,1070
202604,경상남도,통영시,심하지 않은 장애,남자,2641
202604,경상남도,통영시,심하지 않은 장애,여자,2100
202604,경상남도,사천시,심한 장애,남자,1689
202604,경상남도,사천시,심한 장애,여자,1159
202604,경상남도,사천시,심하지 않은 장애,남자,2462
202604,경상남도,사천시,심하지 않은 장애,여자,1948
202604,경상남도,김해시,심한 장애,남자,5989
202604,경상남도,김해시,심한 장애,여자,3750
202604,경상남도,김해시,심하지 않은 장애,남자,9553
202604,경상남도,김해시,심하지 않은 장애,여자,6111
202604,경상남도,밀양시,심한 장애,남자,1808
202604,경상남도,밀양시,심한 장애,여자,1232
202604,경상남도,밀양시,심하지 않은 장애,남자,2966
202604,경상남도,밀양시,심하지 않은 장애,여자,2458
202604,경상남도,거제시,심한 장애,남자,2677
202604,경상남도,거제시,심한 장애,여자,1620
202604,경상남도,거제시,심하지 않은 장애,남자,4459
202604,경상남도,거제시,심하지 않은 장애,여자,2700
202604,경상남도,양산시,심한 장애,남자,4298
202604,경상남도,양산시,심한 장애,여자,2702
202604,경상남도,양산시,심하지 않은 장애,남자,6272
202604,경상남도,양산시,심하지 않은 장애,여자,4349
202604,경상남도,의령군,심한 장애,남자,591
202604,경상남도,의령군,심한 장애,여자,415
202604,경상남도,의령군,심하지 않은 장애,남자,831
202604,경상남도,의령군,심하지 않은 장애,여자,854
202604,경상남도,함안군,심한 장애,남자,1026
202604,경상남도,함안군,심한 장애,여자,693
202604,경상남도,함안군,심하지 않은 장애,남자,1717
202604,경상남도,함안군,심하지 않은 장애,여자,1382
202604,경상남도,창녕군,심한 장애,남자,1049
202604,경상남도,창녕군,심한 장애,여자,714
202604,경상남도,창녕군,심하지 않은 장애,남자,1740
202604,경상남도,창녕군,심하지 않은 장애,여자,1630
202604,경상남도,고성군,심한 장애,남자,954
202604,경상남도,고성군,심한 장애,여자,674
202604,경상남도,고성군,심하지 않은 장애,남자,1469
202604,경상남도,고성군,심하지 않은 장애,여자,1274
202604,경상남도,남해군,심한 장애,남자,803
202604,경상남도,남해군,심한 장애,여자,562
202604,경상남도,남해군,심하지 않은 장애,남자,1294
202604,경상남도,남해군,심하지 않은 장애,여자,1289
202604,경상남도,하동군,심한 장애,남자,866
202604,경상남도,하동군,심한 장애,여자,638
202604,경상남도,하동군,심하지 않은 장애,남자,1340
202604,경상남도,하동군,심하지 않은 장애,여자,1208
202604,경상남도,산청군,심한 장애,남자,641
202604,경상남도,산청군,심한 장애,여자,545
202604,경상남도,산청군,심하지 않은 장애,남자,1047
202604,경상남도,산청군,심하지 않은 장애,여자,1001
202604,경상남도,함양군,심한 장애,남자,689
202604,경상남도,함양군,심한 장애,여자,492
202604,경상남도,함양군,심하지 않은 장애,남자,1117
202604,경상남도,함양군,심하지 않은 장애,여자,1164
202604,경상남도,거창군,심한 장애,남자,985
202604,경상남도,거창군,심한 장애,여자,706
202604,경상남도,거창군,심하지 않은 장애,남자,1662
202604,경상남도,거창군,심하지 않은 장애,여자,1570
202604,경상남도,합천군,심한 장애,남자,818
202604,경상남도,합천군,심한 장애,여자,616
202604,경상남도,합천군,심하지 않은 장애,남자,1413
202604,경상남도,합천군,심하지 않은 장애,여자,1492
202604,제주특별자치도,제주시,심한 장애,남자,6075
202604,제주특별자치도,제주시,심한 장애,여자,4242
202604,제주특별자치도,제주시,심하지 않은 장애,남자,8381
202604,제주특별자치도,제주시,심하지 않은 장애,여자,6760
202604,제주특별자치도,서귀포시,심한 장애,남자,2470
202604,제주특별자치도,서귀포시,심한 장애,여자,1637
202604,제주특별자치도,서귀포시,심하지 않은 장애,남자,3691
202604,제주특별자치도,서귀포시,심하지 않은 장애,여자,3433
202604,강원특별자치도,춘천시,심한 장애,남자,3576
202604,강원특별자치도,춘천시,심한 장애,여자,2320
202604,강원특별자치도,춘천시,심하지 않은 장애,남자,5312
202604,강원특별자치도,춘천시,심하지 않은 장애,여자,3935
202604,강원특별자치도,원주시,심한 장애,남자,4596
202604,강원특별자치도,원주시,심한 장애,여자,3011
202604,강원특별자치도,원주시,심하지 않은 장애,남자,6817
202604,강원특별자치도,원주시,심하지 않은 장애,여자,5150
202604,강원특별자치도,강릉시,심한 장애,남자,3055
202604,강원특별자치도,강릉시,심한 장애,여자,2024
202604,강원특별자치도,강릉시,심하지 않은 장애,남자,4475
202604,강원특별자치도,강릉시,심하지 않은 장애,여자,3600
202604,강원특별자치도,동해시,심한 장애,남자,1404
202604,강원특별자치도,동해시,심한 장애,여자,880
202604,강원특별자치도,동해시,심하지 않은 장애,남자,2313
202604,강원특별자치도,동해시,심하지 않은 장애,여자,1846
202604,강원특별자치도,태백시,심한 장애,남자,859
202604,강원특별자치도,태백시,심한 장애,여자,501
202604,강원특별자치도,태백시,심하지 않은 장애,남자,1329
202604,강원특별자치도,태백시,심하지 않은 장애,여자,1159
202604,강원특별자치도,속초시,심한 장애,남자,995
202604,강원특별자치도,속초시,심한 장애,여자,651
202604,강원특별자치도,속초시,심하지 않은 장애,남자,1746
202604,강원특별자치도,속초시,심하지 않은 장애,여자,1262
202604,강원특별자치도,삼척시,심한 장애,남자,1099
202604,강원특별자치도,삼척시,심한 장애,여자,737
202604,강원특별자치도,삼척시,심하지 않은 장애,남자,1818
202604,강원특별자치도,삼척시,심하지 않은 장애,여자,1518
202604,강원특별자치도,홍천군,심한 장애,남자,1069
202604,강원특별자치도,홍천군,심한 장애,여자,708
202604,강원특별자치도,홍천군,심하지 않은 장애,남자,1908
202604,강원특별자치도,홍천군,심하지 않은 장애,여자,1273
202604,강원특별자치도,횡성군,심한 장애,남자,749
202604,강원특별자치도,횡성군,심한 장애,여자,514
202604,강원특별자치도,횡성군,심하지 않은 장애,남자,1482
202604,강원특별자치도,횡성군,심하지 않은 장애,여자,958
202604,강원특별자치도,영월군,심한 장애,남자,684
202604,강원특별자치도,영월군,심한 장애,여자,446
202604,강원특별자치도,영월군,심하지 않은 장애,남자,1204
202604,강원특별자치도,영월군,심하지 않은 장애,여자,917
202604,강원특별자치도,평창군,심한 장애,남자,592
202604,강원특별자치도,평창군,심한 장애,여자,409
202604,강원특별자치도,평창군,심하지 않은 장애,남자,1165
202604,강원특별자치도,평창군,심하지 않은 장애,여자,859
202604,강원특별자치도,정선군,심한 장애,남자,681
202604,강원특별자치도,정선군,심한 장애,여자,411
202604,강원특별자치도,정선군,심하지 않은 장애,남자,1152
202604,강원특별자치도,정선군,심하지 않은 장애,여자,950
202604,강원특별자치도,철원군,심한 장애,남자,630
202604,강원특별자치도,철원군,심한 장애,여자,430
202604,강원특별자치도,철원군,심하지 않은 장애,남자,1031
202604,강원특별자치도,철원군,심하지 않은 장애,여자,789
202604,강원특별자치도,화천군,심한 장애,남자,339
202604,강원특별자치도,화천군,심한 장애,여자,202
202604,강원특별자치도,화천군,심하지 않은 장애,남자,614
202604,강원특별자치도,화천군,심하지 않은 장애,여자,449
202604,강원특별자치도,양구군,심한 장애,남자,274
202604,강원특별자치도,양구군,심한 장애,여자,187
202604,강원특별자치도,양구군,심하지 않은 장애,남자,514
202604,강원특별자치도,양구군,심하지 않은 장애,여자,398
202604,강원특별자치도,인제군,심한 장애,남자,425
202604,강원특별자치도,인제군,심한 장애,여자,284
202604,강원특별자치도,인제군,심하지 않은 장애,남자,680
202604,강원특별자치도,인제군,심하지 않은 장애,여자,510
202604,강원특별자치도,고성군,심한 장애,남자,431
202604,강원특별자치도,고성군,심한 장애,여자,306
202604,강원특별자치도,고성군,심하지 않은 장애,남자,789
202604,강원특별자치도,고성군,심하지 않은 장애,여자,652
202604,강원특별자치도,양양군,심한 장애,남자,491
202604,강원특별자치도,양양군,심한 장애,여자,309
202604,강원특별자치도,양양군,심하지 않은 장애,남자,804
202604,강원특별자치도,양양군,심하지 않은 장애,여자,621
202604,전북특별자치도,전주시,심한 장애,남자,7185
202604,전북특별자치도,전주시,심한 장애,여자,5135
202604,전북특별자치도,전주시,심하지 않은 장애,남자,11642
202604,전북특별자치도,전주시,심하지 않은 장애,여자,9492
202604,전북특별자치도,군산시,심한 장애,남자,3688
202604,전북특별자치도,군산시,심한 장애,여자,2402
202604,전북특별자치도,군산시,심하지 않은 장애,남자,6321
202604,전북특별자치도,군산시,심하지 않은 장애,여자,4737
202604,전북특별자치도,익산시,심한 장애,남자,4482
202604,전북특별자치도,익산시,심한 장애,여자,3265
202604,전북특별자치도,익산시,심하지 않은 장애,남자,6935
202604,전북특별자치도,익산시,심하지 않은 장애,여자,5616
202604,전북특별자치도,정읍시,심한 장애,남자,1993
202604,전북특별자치도,정읍시,심한 장애,여자,1452
202604,전북특별자치도,정읍시,심하지 않은 장애,남자,3097
202604,전북특별자치도,정읍시,심하지 않은 장애,여자,2919
202604,전북특별자치도,남원시,심한 장애,남자,1531
202604,전북특별자치도,남원시,심한 장애,여자,1137
202604,전북특별자치도,남원시,심하지 않은 장애,남자,2358
202604,전북특별자치도,남원시,심하지 않은 장애,여자,2190
202604,전북특별자치도,김제시,심한 장애,남자,1739
202604,전북특별자치도,김제시,심한 장애,여자,1362
202604,전북특별자치도,김제시,심하지 않은 장애,남자,2910
202604,전북특별자치도,김제시,심하지 않은 장애,여자,2864
202604,전북특별자치도,완주군,심한 장애,남자,1767
202604,전북특별자치도,완주군,심한 장애,여자,1218
202604,전북특별자치도,완주군,심하지 않은 장애,남자,2793
202604,전북특별자치도,완주군,심하지 않은 장애,여자,2333
202604,전북특별자치도,진안군,심한 장애,남자,476
202604,전북특별자치도,진안군,심한 장애,여자,378
202604,전북특별자치도,진안군,심하지 않은 장애,남자,925
202604,전북특별자치도,진안군,심하지 않은 장애,여자,899
202604,전북특별자치도,무주군,심한 장애,남자,386
202604,전북특별자치도,무주군,심한 장애,여자,332
202604,전북특별자치도,무주군,심하지 않은 장애,남자,855
202604,전북특별자치도,무주군,심하지 않은 장애,여자,734
202604,전북특별자치도,장수군,심한 장애,남자,390
202604,전북특별자치도,장수군,심한 장애,여자,283
202604,전북특별자치도,장수군,심하지 않은 장애,남자,790
202604,전북특별자치도,장수군,심하지 않은 장애,여자,826
202604,전북특별자치도,임실군,심한 장애,남자,555
202604,전북특별자치도,임실군,심한 장애,여자,449
202604,전북특별자치도,임실군,심하지 않은 장애,남자,1026
202604,전북특별자치도,임실군,심하지 않은 장애,여자,947
202604,전북특별자치도,순창군,심한 장애,남자,537
202604,전북특별자치도,순창군,심한 장애,여자,376
202604,전북특별자치도,순창군,심하지 않은 장애,남자,877
202604,전북특별자치도,순창군,심하지 않은 장애,여자,977
202604,전북특별자치도,고창군,심한 장애,남자,988
202604,전북특별자치도,고창군,심한 장애,여자,740
202604,전북특별자치도,고창군,심하지 않은 장애,남자,1648
202604,전북특별자치도,고창군,심하지 않은 장애,여자,1675
202604,전북특별자치도,부안군,심한 장애,남자,933
202604,전북특별자치도,부안군,심한 장애,여자,715
202604,전북특별자치도,부안군,심하지 않은 장애,남자,1621
202604,전북특별자치도,부안군,심하지 않은 장애,여자,1525
